id,amount,created_at,notes,payment_method,payment_type,period_label,period_number,screenshot_path,status,transaction_amount,transaction_last_six_digits,updated_at,verified_by,application_id,customer_id
300000,7865.15,2021-09-03 10:32:06,Synthetic payment record,KBZ_PAY,PREMIUM,2021-09,1,,VERIFIED,7865.15,000000,2021-09-06 10:32:06,synthetic-generator,200000,100251
300001,4840.65,2021-10-07 12:46:32,Synthetic payment record,WAVE_PAY,PREMIUM,2021-10,2,,VERIFIED,4840.65,000001,2021-10-09 12:46:32,synthetic-generator,200001,100252
300002,14127.99,2021-11-16 05:13:05,Synthetic payment record,AYA_PAY,PREMIUM,2021-11,3,,VERIFIED,14127.99,000002,2021-11-19 05:13:05,synthetic-generator,200002,100253
300003,47604.82,2021-12-03 11:23:04,Synthetic payment record,BANK_TRANSFER,PREMIUM,2021-12,4,,VERIFIED,47604.82,000003,2021-12-06 11:23:04,synthetic-generator,200003,100254
300004,22741.14,2022-01-09 02:55:47,Synthetic payment record,KBZ_PAY,PREMIUM,2022-01,5,,VERIFIED,22741.14,000004,2022-01-10 02:55:47,synthetic-generator,200004,100255
300005,3364.47,2022-02-15 09:26:57,Synthetic payment record,WAVE_PAY,PREMIUM,2022-02,6,,VERIFIED,3364.47,000005,2022-02-17 09:26:57,synthetic-generator,200005,100256
300006,7231.05,2022-03-17 17:18:56,Synthetic payment record,AYA_PAY,PREMIUM,2022-03,7,,VERIFIED,7231.05,000006,2022-03-20 17:18:56,synthetic-generator,200006,100257
300007,10097.57,2022-04-13 09:40:37,Synthetic payment record,BANK_TRANSFER,PREMIUM,2022-04,8,,VERIFIED,10097.57,000007,2022-04-13 09:40:37,synthetic-generator,200007,100258
300008,5500.01,2022-05-28 04:31:35,Synthetic payment record,KBZ_PAY,PREMIUM,2022-05,9,,VERIFIED,5500.01,000008,2022-05-31 04:31:35,synthetic-generator,200008,100259
300009,26328.17,2022-06-07 11:57:38,Synthetic payment record,WAVE_PAY,PREMIUM,2022-06,10,,VERIFIED,26328.17,000009,2022-06-08 11:57:38,synthetic-generator,200009,100260
300010,33077.44,2022-07-24 01:25:13,Synthetic payment record,AYA_PAY,RENEWAL,2022-07,11,,VERIFIED,33077.44,000010,2022-07-27 01:25:13,synthetic-generator,200010,100261
300011,25262.52,2022-08-29 13:39:40,Synthetic payment record,BANK_TRANSFER,PREMIUM,2022-08,12,,VERIFIED,25262.52,000011,2022-09-01 13:39:40,synthetic-generator,200011,100262
300012,1000.00,2022-09-13 06:20:13,Synthetic payment record,KBZ_PAY,PREMIUM,2022-09,1,,VERIFIED,1000.00,000012,2022-09-16 06:20:13,synthetic-generator,200012,100263
300013,17217.18,2022-10-16 02:30:35,Synthetic payment record,WAVE_PAY,PREMIUM,2022-10,2,,VERIFIED,17217.18,000013,2022-10-17 02:30:35,synthetic-generator,200013,100264
300014,10184.72,2022-11-29 11:18:12,Synthetic payment record,AYA_PAY,PREMIUM,2022-11,3,,VERIFIED,10184.72,000014,2022-11-30 11:18:12,synthetic-generator,200014,100265
300015,41218.11,2022-12-27 16:05:16,Synthetic payment record,BANK_TRANSFER,PREMIUM,2022-12,4,,VERIFIED,41218.11,000015,2022-12-28 16:05:16,synthetic-generator,200015,100266
300016,13484.74,2023-01-27 10:39:47,Synthetic payment record,KBZ_PAY,PREMIUM,2023-01,5,,PENDING,13484.74,000016,2023-01-30 10:39:47,,200016,100267
300017,22692.84,2023-02-23 18:13:54,Synthetic payment record,WAVE_PAY,PREMIUM,2023-02,6,,VERIFIED,22692.84,000017,2023-02-24 18:13:54,synthetic-generator,200017,100268
300018,25574.18,2023-03-31 23:49:54,Synthetic payment record,AYA_PAY,PREMIUM,2023-03,7,,PENDING,25574.18,000018,2023-04-02 23:49:54,,200018,100269
300019,40067.85,2023-04-28 22:24:02,Synthetic payment record,BANK_TRANSFER,PREMIUM,2023-04,8,,VERIFIED,40067.85,000019,2023-04-30 22:24:02,synthetic-generator,200019,100270
300020,13831.61,2023-05-08 16:59:43,Synthetic payment record,KBZ_PAY,PREMIUM,2023-05,9,,VERIFIED,13831.61,000020,2023-05-10 16:59:43,synthetic-generator,200020,100271
300021,16656.53,2023-06-13 14:33:59,Synthetic payment record,WAVE_PAY,PREMIUM,2023-06,10,,PENDING,16656.53,000021,2023-06-14 14:33:59,,200021,100272
300022,28252.73,2023-07-03 18:24:19,Synthetic payment record,AYA_PAY,PREMIUM,2023-07,11,,VERIFIED,28252.73,000022,2023-07-04 18:24:19,synthetic-generator,200022,100273
300023,8634.95,2023-08-05 00:30:39,Synthetic payment record,BANK_TRANSFER,PREMIUM,2023-08,12,,VERIFIED,8634.95,000023,2023-08-06 00:30:39,synthetic-generator,200023,100274
300024,7471.84,2023-09-10 06:47:18,Synthetic payment record,KBZ_PAY,PREMIUM,2023-09,1,,VERIFIED,7471.84,000024,2023-09-11 06:47:18,synthetic-generator,200024,100275
300025,7266.42,2023-10-29 00:16:31,Synthetic payment record,WAVE_PAY,RENEWAL,2023-10,2,,VERIFIED,7266.42,000025,2023-10-31 00:16:31,synthetic-generator,200025,100276
300026,29392.34,2023-11-18 17:34:25,Synthetic payment record,AYA_PAY,PREMIUM,2023-11,3,,PENDING,29392.34,000026,2023-11-19 17:34:25,,200026,100277
300027,48044.77,2023-12-19 08:08:26,Synthetic payment record,BANK_TRANSFER,PREMIUM,2023-12,4,,VERIFIED,48044.77,000027,2023-12-19 08:08:26,synthetic-generator,200027,100278
300028,8823.77,2024-01-05 22:30:21,Synthetic payment record,KBZ_PAY,PREMIUM,2024-01,5,,VERIFIED,8823.77,000028,2024-01-05 22:30:21,synthetic-generator,200028,100279
300029,18400.17,2024-02-20 15:20:49,Synthetic payment record,WAVE_PAY,PREMIUM,2024-02,6,,VERIFIED,18400.17,000029,2024-02-23 15:20:49,synthetic-generator,200029,100280
300030,6555.68,2024-03-03 17:58:48,Synthetic payment record,AYA_PAY,PREMIUM,2024-03,7,,VERIFIED,6555.68,000030,2024-03-03 17:58:48,synthetic-generator,200030,100281
300031,28119.31,2024-04-23 16:25:08,Synthetic payment record,BANK_TRANSFER,PREMIUM,2024-04,8,,REJECTED,28119.31,000031,2024-04-24 16:25:08,,200031,100282
300032,22781.98,2024-05-20 23:57:15,Synthetic payment record,KBZ_PAY,RENEWAL,2024-05,9,,VERIFIED,22781.98,000032,2024-05-23 23:57:15,synthetic-generator,200032,100283
300033,26033.48,2024-06-30 00:44:12,Synthetic payment record,WAVE_PAY,PREMIUM,2024-06,10,,VERIFIED,26033.48,000033,2024-07-03 00:44:12,synthetic-generator,200033,100284
300034,8333.81,2024-07-25 03:52:09,Synthetic payment record,AYA_PAY,PREMIUM,2024-07,11,,VERIFIED,8333.81,000034,2024-07-27 03:52:09,synthetic-generator,200034,100285
300035,42420.39,2024-08-26 05:17:37,Synthetic payment record,BANK_TRANSFER,PREMIUM,2024-08,12,,PENDING,42420.39,000035,2024-08-28 05:17:37,,200035,100286
300036,10492.76,2024-09-03 17:57:27,Synthetic payment record,KBZ_PAY,RENEWAL,2024-09,1,,VERIFIED,10492.76,000036,2024-09-04 17:57:27,synthetic-generator,200036,100287
300037,5117.49,2024-10-10 07:11:03,Synthetic payment record,WAVE_PAY,PREMIUM,2024-10,2,,VERIFIED,5117.49,000037,2024-10-13 07:11:03,synthetic-generator,200037,100288
300038,44295.99,2024-11-11 02:09:00,Synthetic payment record,AYA_PAY,PREMIUM,2024-11,3,,VERIFIED,44295.99,000038,2024-11-14 02:09:00,synthetic-generator,200038,100289
300039,29645.39,2024-12-14 07:13:39,Synthetic payment record,BANK_TRANSFER,PREMIUM,2024-12,4,,VERIFIED,29645.39,000039,2024-12-15 07:13:39,synthetic-generator,200039,100290
300040,15856.82,2025-01-15 16:18:16,Synthetic payment record,KBZ_PAY,PREMIUM,2025-01,5,,VERIFIED,15856.82,000040,2025-01-18 16:18:16,synthetic-generator,200040,100291
300041,7568.01,2025-02-06 02:18:01,Synthetic payment record,WAVE_PAY,PREMIUM,2025-02,6,,PENDING,7568.01,000041,2025-02-08 02:18:01,,200041,100292
300042,21352.16,2025-03-29 18:33:18,Synthetic payment record,AYA_PAY,RENEWAL,2025-03,7,,VERIFIED,21352.16,000042,2025-04-01 18:33:18,synthetic-generator,200042,100293
300043,36243.65,2025-04-08 00:59:46,Synthetic payment record,BANK_TRANSFER,PREMIUM,2025-04,8,,VERIFIED,36243.65,000043,2025-04-08 00:59:46,synthetic-generator,200043,100294
300044,12104.26,2025-05-30 22:25:54,Synthetic payment record,KBZ_PAY,PREMIUM,2025-05,9,,VERIFIED,12104.26,000044,2025-05-31 22:25:54,synthetic-generator,200044,100295
300045,17661.26,2025-06-30 16:14:46,Synthetic payment record,WAVE_PAY,PREMIUM,2025-06,10,,VERIFIED,17661.26,000045,2025-06-30 16:14:46,synthetic-generator,200045,100296
300046,12554.68,2025-07-16 05:33:54,Synthetic payment record,AYA_PAY,PREMIUM,2025-07,11,,VERIFIED,12554.68,000046,2025-07-18 05:33:54,synthetic-generator,200046,100297
300047,42217.07,2025-08-20 00:54:39,Synthetic payment record,BANK_TRANSFER,PREMIUM,2025-08,12,,VERIFIED,42217.07,000047,2025-08-20 00:54:39,synthetic-generator,200047,100298
300048,3352.14,2025-09-09 17:38:37,Synthetic payment record,KBZ_PAY,CLAIM_PAYOUT,2025-09,1,,VERIFIED,3352.14,000048,2025-09-11 17:38:37,synthetic-generator,200048,100299
300049,11555.74,2025-10-04 02:18:33,Synthetic payment record,WAVE_PAY,RENEWAL,2025-10,2,,VERIFIED,11555.74,000049,2025-10-05 02:18:33,synthetic-generator,200049,100300
300050,32122.81,2025-11-25 22:29:09,Synthetic payment record,AYA_PAY,RENEWAL,2025-11,3,,VERIFIED,32122.81,000050,2025-11-28 22:29:09,synthetic-generator,200050,100301
300051,35179.86,2025-12-12 14:05:05,Synthetic payment record,BANK_TRANSFER,PREMIUM,2025-12,4,,VERIFIED,35179.86,000051,2025-12-13 14:05:05,synthetic-generator,200051,100302
300052,6404.30,2026-01-26 12:33:12,Synthetic payment record,KBZ_PAY,PREMIUM,2026-01,5,,VERIFIED,6404.30,000052,2026-01-28 12:33:12,synthetic-generator,200052,100303
300053,11739.60,2026-02-02 14:16:33,Synthetic payment record,WAVE_PAY,PREMIUM,2026-02,6,,VERIFIED,11739.60,000053,2026-02-02 14:16:33,synthetic-generator,200053,100304
300054,28506.75,2026-03-29 21:17:33,Synthetic payment record,AYA_PAY,PREMIUM,2026-03,7,,VERIFIED,28506.75,000054,2026-04-01 21:17:33,synthetic-generator,200054,100305
300055,32591.27,2026-04-16 14:34:00,Synthetic payment record,BANK_TRANSFER,PREMIUM,2026-04,8,,VERIFIED,32591.27,000055,2026-04-19 14:34:00,synthetic-generator,200055,100306
300056,4032.11,2026-05-22 12:44:55,Synthetic payment record,KBZ_PAY,PREMIUM,2026-05,9,,VERIFIED,4032.11,000056,2026-05-24 12:44:55,synthetic-generator,200056,100307
300057,12513.17,2026-06-15 08:09:22,Synthetic payment record,WAVE_PAY,PREMIUM,2026-06,10,,VERIFIED,12513.17,000057,2026-06-17 08:09:22,synthetic-generator,200057,100308
300058,41423.82,2026-07-23 01:44:35,Synthetic payment record,AYA_PAY,PREMIUM,2026-07,11,,VERIFIED,41423.82,000058,2026-07-25 01:44:35,synthetic-generator,200058,100309
300059,51022.61,2026-08-27 22:48:41,Synthetic payment record,BANK_TRANSFER,PREMIUM,2026-08,12,,VERIFIED,51022.61,000059,2026-08-28 22:48:41,synthetic-generator,200059,100310
300060,5309.75,2021-09-19 13:23:01,Synthetic payment record,KBZ_PAY,RENEWAL,2021-09,1,,VERIFIED,5309.75,000060,2021-09-22 13:23:01,synthetic-generator,200060,100311
300061,15858.44,2021-10-12 13:45:17,Synthetic payment record,WAVE_PAY,RENEWAL,2021-10,2,,VERIFIED,15858.44,000061,2021-10-14 13:45:17,synthetic-generator,200061,100312
300062,18605.06,2021-11-05 12:57:00,Synthetic payment record,AYA_PAY,PREMIUM,2021-11,3,,VERIFIED,18605.06,000062,2021-11-08 12:57:00,synthetic-generator,200062,100313
300063,10047.83,2021-12-13 07:45:03,Synthetic payment record,BANK_TRANSFER,PREMIUM,2021-12,4,,VERIFIED,10047.83,000063,2021-12-15 07:45:03,synthetic-generator,200063,100314
300064,14091.59,2022-01-28 09:59:31,Synthetic payment record,KBZ_PAY,PREMIUM,2022-01,5,,VERIFIED,14091.59,000064,2022-01-31 09:59:31,synthetic-generator,200064,100315
300065,33756.21,2022-02-26 12:17:18,Synthetic payment record,WAVE_PAY,PREMIUM,2022-02,6,,PENDING,33756.21,000065,2022-03-01 12:17:18,,200065,100316
300066,3119.68,2022-03-19 01:15:32,Synthetic payment record,AYA_PAY,RENEWAL,2022-03,7,,VERIFIED,3119.68,000066,2022-03-22 01:15:32,synthetic-generator,200066,100317
300067,35530.99,2022-04-09 23:14:37,Synthetic payment record,BANK_TRANSFER,PREMIUM,2022-04,8,,PENDING,35530.99,000067,2022-04-10 23:14:37,,200067,100318
300068,4832.56,2022-05-28 11:10:25,Synthetic payment record,KBZ_PAY,PREMIUM,2022-05,9,,VERIFIED,4832.56,000068,2022-05-28 11:10:25,synthetic-generator,200068,100319
300069,6179.42,2022-06-13 20:23:39,Synthetic payment record,WAVE_PAY,RENEWAL,2022-06,10,,VERIFIED,6179.42,000069,2022-06-13 20:23:39,synthetic-generator,200069,100320
300070,24040.46,2022-07-20 04:00:36,Synthetic payment record,AYA_PAY,RENEWAL,2022-07,11,,VERIFIED,24040.46,000070,2022-07-23 04:00:36,synthetic-generator,200070,100321
300071,64380.82,2022-08-13 01:34:36,Synthetic payment record,BANK_TRANSFER,PREMIUM,2022-08,12,,VERIFIED,64380.82,000071,2022-08-13 01:34:36,synthetic-generator,200071,100322
300072,1797.75,2022-09-03 22:14:15,Synthetic payment record,KBZ_PAY,PREMIUM,2022-09,1,,VERIFIED,1797.75,000072,2022-09-04 22:14:15,synthetic-generator,200072,100323
300073,15649.35,2022-10-20 17:13:23,Synthetic payment record,WAVE_PAY,PREMIUM,2022-10,2,,VERIFIED,15649.35,000073,2022-10-20 17:13:23,synthetic-generator,200073,100324
300074,5562.18,2022-11-02 19:00:52,Synthetic payment record,AYA_PAY,PREMIUM,2022-11,3,,VERIFIED,5562.18,000074,2022-11-02 19:00:52,synthetic-generator,200074,100325
300075,40466.71,2022-12-16 10:44:37,Synthetic payment record,BANK_TRANSFER,PREMIUM,2022-12,4,,VERIFIED,40466.71,000075,2022-12-19 10:44:37,synthetic-generator,200075,100326
300076,7399.92,2023-01-26 08:10:02,Synthetic payment record,KBZ_PAY,RENEWAL,2023-01,5,,PENDING,7399.92,000076,2023-01-29 08:10:02,,200076,100327
300077,12961.82,2023-02-19 01:18:01,Synthetic payment record,WAVE_PAY,PREMIUM,2023-02,6,,VERIFIED,12961.82,000077,2023-02-21 01:18:01,synthetic-generator,200077,100328
300078,21476.17,2023-03-15 18:59:54,Synthetic payment record,AYA_PAY,PREMIUM,2023-03,7,,VERIFIED,21476.17,000078,2023-03-16 18:59:54,synthetic-generator,200078,100329
300079,41002.87,2023-04-27 14:45:56,Synthetic payment record,BANK_TRANSFER,PREMIUM,2023-04,8,,VERIFIED,41002.87,000079,2023-04-27 14:45:56,synthetic-generator,200079,100330
300080,21187.58,2023-05-23 19:28:27,Synthetic payment record,KBZ_PAY,PREMIUM,2023-05,9,,VERIFIED,21187.58,000080,2023-05-23 19:28:27,synthetic-generator,200080,100331
300081,35871.99,2023-06-29 21:44:01,Synthetic payment record,WAVE_PAY,RENEWAL,2023-06,10,,VERIFIED,35871.99,000081,2023-06-30 21:44:01,synthetic-generator,200081,100332
300082,10711.23,2023-07-08 16:02:03,Synthetic payment record,AYA_PAY,RENEWAL,2023-07,11,,VERIFIED,10711.23,000082,2023-07-10 16:02:03,synthetic-generator,200082,100333
300083,50288.76,2023-08-30 12:45:53,Synthetic payment record,BANK_TRANSFER,PREMIUM,2023-08,12,,PENDING,50288.76,000083,2023-09-01 12:45:53,,200083,100334
300084,4015.92,2023-09-05 20:14:30,Synthetic payment record,KBZ_PAY,PREMIUM,2023-09,1,,VERIFIED,4015.92,000084,2023-09-06 20:14:30,synthetic-generator,200084,100335
300085,14676.07,2023-10-11 13:09:34,Synthetic payment record,WAVE_PAY,PREMIUM,2023-10,2,,VERIFIED,14676.07,000085,2023-10-11 13:09:34,synthetic-generator,200085,100336
300086,8418.72,2023-11-06 23:20:55,Synthetic payment record,AYA_PAY,PREMIUM,2023-11,3,,VERIFIED,8418.72,000086,2023-11-08 23:20:55,synthetic-generator,200086,100337
300087,27148.11,2023-12-02 22:46:08,Synthetic payment record,BANK_TRANSFER,CLAIM_PAYOUT,2023-12,4,,VERIFIED,27148.11,000087,2023-12-03 22:46:08,synthetic-generator,200087,100338
300088,5155.94,2024-01-13 23:57:48,Synthetic payment record,KBZ_PAY,RENEWAL,2024-01,5,,VERIFIED,5155.94,000088,2024-01-14 23:57:48,synthetic-generator,200088,100339
300089,28268.47,2024-02-27 14:26:18,Synthetic payment record,WAVE_PAY,PREMIUM,2024-02,6,,VERIFIED,28268.47,000089,2024-02-28 14:26:18,synthetic-generator,200089,100340
300090,4836.57,2024-03-29 09:31:58,Synthetic payment record,AYA_PAY,PREMIUM,2024-03,7,,VERIFIED,4836.57,000090,2024-04-01 09:31:58,synthetic-generator,200090,100341
300091,35002.34,2024-04-07 08:19:24,Synthetic payment record,BANK_TRANSFER,PREMIUM,2024-04,8,,VERIFIED,35002.34,000091,2024-04-10 08:19:24,synthetic-generator,200091,100342
300092,6976.52,2024-05-17 12:26:09,Synthetic payment record,KBZ_PAY,PREMIUM,2024-05,9,,VERIFIED,6976.52,000092,2024-05-19 12:26:09,synthetic-generator,200092,100343
300093,33389.37,2024-06-03 00:54:35,Synthetic payment record,WAVE_PAY,PREMIUM,2024-06,10,,VERIFIED,33389.37,000093,2024-06-06 00:54:35,synthetic-generator,200093,100344
300094,46477.12,2024-07-25 01:54:36,Synthetic payment record,AYA_PAY,CLAIM_PAYOUT,2024-07,11,,VERIFIED,46477.12,000094,2024-07-27 01:54:36,synthetic-generator,200094,100345
300095,7730.80,2024-08-26 09:36:56,Synthetic payment record,BANK_TRANSFER,PREMIUM,2024-08,12,,VERIFIED,7730.80,000095,2024-08-28 09:36:56,synthetic-generator,200095,100346
300096,3349.82,2024-09-24 09:30:31,Synthetic payment record,KBZ_PAY,PREMIUM,2024-09,1,,VERIFIED,3349.82,000096,2024-09-25 09:30:31,synthetic-generator,200096,100347
300097,13570.03,2024-10-25 11:28:51,Synthetic payment record,WAVE_PAY,PREMIUM,2024-10,2,,VERIFIED,13570.03,000097,2024-10-25 11:28:51,synthetic-generator,200097,100348
300098,28812.57,2024-11-04 07:03:28,Synthetic payment record,AYA_PAY,PREMIUM,2024-11,3,,PENDING,28812.57,000098,2024-11-04 07:03:28,,200098,100349
300099,5834.85,2024-12-30 07:27:14,Synthetic payment record,BANK_TRANSFER,PREMIUM,2024-12,4,,VERIFIED,5834.85,000099,2024-12-30 07:27:14,synthetic-generator,200099,100350
300100,8667.39,2025-01-19 07:01:22,Synthetic payment record,KBZ_PAY,RENEWAL,2025-01,5,,VERIFIED,8667.39,000100,2025-01-21 07:01:22,synthetic-generator,200100,100351
300101,18371.81,2025-02-28 17:38:25,Synthetic payment record,WAVE_PAY,PREMIUM,2025-02,6,,VERIFIED,18371.81,000101,2025-03-01 17:38:25,synthetic-generator,200101,100352
300102,9979.46,2025-03-06 06:05:47,Synthetic payment record,AYA_PAY,PREMIUM,2025-03,7,,VERIFIED,9979.46,000102,2025-03-09 06:05:47,synthetic-generator,200102,100353
300103,46256.41,2025-04-09 22:32:37,Synthetic payment record,BANK_TRANSFER,PREMIUM,2025-04,8,,VERIFIED,46256.41,000103,2025-04-09 22:32:37,synthetic-generator,200103,100354
300104,13450.30,2025-05-21 10:16:13,Synthetic payment record,KBZ_PAY,PREMIUM,2025-05,9,,VERIFIED,13450.30,000104,2025-05-21 10:16:13,synthetic-generator,200104,100355
300105,35129.19,2025-06-09 08:31:51,Synthetic payment record,WAVE_PAY,PREMIUM,2025-06,10,,REJECTED,35129.19,000105,2025-06-10 08:31:51,,200105,100356
300106,36406.79,2025-07-19 22:18:45,Synthetic payment record,AYA_PAY,PREMIUM,2025-07,11,,VERIFIED,36406.79,000106,2025-07-19 22:18:45,synthetic-generator,200106,100357
300107,64635.66,2025-08-31 13:35:40,Synthetic payment record,BANK_TRANSFER,PREMIUM,2025-08,12,,VERIFIED,64635.66,000107,2025-08-31 13:35:40,synthetic-generator,200107,100358
300108,1382.95,2025-09-04 06:23:26,Synthetic payment record,KBZ_PAY,PREMIUM,2025-09,1,,VERIFIED,1382.95,000108,2025-09-04 06:23:26,synthetic-generator,200108,100359
300109,19812.45,2025-10-30 23:59:47,Synthetic payment record,WAVE_PAY,PREMIUM,2025-10,2,,PENDING,19812.45,000109,2025-11-01 23:59:47,,200109,100360
300110,20923.82,2025-11-26 08:42:48,Synthetic payment record,AYA_PAY,CLAIM_PAYOUT,2025-11,3,,VERIFIED,20923.82,000110,2025-11-28 08:42:48,synthetic-generator,200110,100361
300111,32029.57,2025-12-06 07:55:17,Synthetic payment record,BANK_TRANSFER,RENEWAL,2025-12,4,,VERIFIED,32029.57,000111,2025-12-09 07:55:17,synthetic-generator,200111,100362
300112,19436.07,2026-01-20 08:01:52,Synthetic payment record,KBZ_PAY,PREMIUM,2026-01,5,,VERIFIED,19436.07,000112,2026-01-23 08:01:52,synthetic-generator,200112,100363
300113,6514.84,2026-02-14 03:15:49,Synthetic payment record,WAVE_PAY,CLAIM_PAYOUT,2026-02,6,,VERIFIED,6514.84,000113,2026-02-17 03:15:49,synthetic-generator,200113,100364
300114,20718.27,2026-03-22 03:58:08,Synthetic payment record,AYA_PAY,PREMIUM,2026-03,7,,VERIFIED,20718.27,000114,2026-03-22 03:58:08,synthetic-generator,200114,100365
300115,38198.67,2026-04-05 15:28:15,Synthetic payment record,BANK_TRANSFER,PREMIUM,2026-04,8,,VERIFIED,38198.67,000115,2026-04-06 15:28:15,synthetic-generator,200115,100366
300116,15616.14,2026-05-09 15:47:21,Synthetic payment record,KBZ_PAY,RENEWAL,2026-05,9,,VERIFIED,15616.14,000116,2026-05-10 15:47:21,synthetic-generator,200116,100367
300117,8774.23,2026-06-16 22:30:37,Synthetic payment record,WAVE_PAY,PREMIUM,2026-06,10,,VERIFIED,8774.23,000117,2026-06-19 22:30:37,synthetic-generator,200117,100368
300118,15892.08,2026-07-02 13:30:27,Synthetic payment record,AYA_PAY,PREMIUM,2026-07,11,,PENDING,15892.08,000118,2026-07-03 13:30:27,,200118,100369
300119,71491.68,2026-08-15 05:29:11,Synthetic payment record,BANK_TRANSFER,PREMIUM,2026-08,12,,VERIFIED,71491.68,000119,2026-08-15 05:29:11,synthetic-generator,200119,100370
300120,1172.83,2021-09-14 05:06:47,Synthetic payment record,KBZ_PAY,RENEWAL,2021-09,1,,VERIFIED,1172.83,000120,2021-09-17 05:06:47,synthetic-generator,200120,100371
300121,14207.52,2021-10-08 12:43:37,Synthetic payment record,WAVE_PAY,PREMIUM,2021-10,2,,VERIFIED,14207.52,000121,2021-10-08 12:43:37,synthetic-generator,200121,100372
300122,15777.78,2021-11-27 13:21:31,Synthetic payment record,AYA_PAY,PREMIUM,2021-11,3,,VERIFIED,15777.78,000122,2021-11-30 13:21:31,synthetic-generator,200122,100373
300123,27842.16,2021-12-12 07:55:37,Synthetic payment record,BANK_TRANSFER,PREMIUM,2021-12,4,,REJECTED,27842.16,000123,2021-12-15 07:55:37,,200123,100374
300124,19857.15,2022-01-31 14:34:18,Synthetic payment record,KBZ_PAY,PREMIUM,2022-01,5,,VERIFIED,19857.15,000124,2022-02-02 14:34:18,synthetic-generator,200124,100375
300125,15672.78,2022-02-05 19:58:33,Synthetic payment record,WAVE_PAY,PREMIUM,2022-02,6,,VERIFIED,15672.78,000125,2022-02-05 19:58:33,synthetic-generator,200125,100376
300126,18278.40,2022-03-28 17:47:25,Synthetic payment record,AYA_PAY,PREMIUM,2022-03,7,,VERIFIED,18278.40,000126,2022-03-29 17:47:25,synthetic-generator,200126,100377
300127,14052.33,2022-04-28 07:38:34,Synthetic payment record,BANK_TRANSFER,PREMIUM,2022-04,8,,VERIFIED,14052.33,000127,2022-04-30 07:38:34,synthetic-generator,200127,100378
300128,16610.00,2022-05-22 15:10:56,Synthetic payment record,KBZ_PAY,PREMIUM,2022-05,9,,VERIFIED,16610.00,000128,2022-05-22 15:10:56,synthetic-generator,200128,100379
300129,26735.14,2022-06-19 14:26:50,Synthetic payment record,WAVE_PAY,PREMIUM,2022-06,10,,REJECTED,26735.14,000129,2022-06-19 14:26:50,,200129,100380
300130,14342.43,2022-07-13 10:42:04,Synthetic payment record,AYA_PAY,RENEWAL,2022-07,11,,PENDING,14342.43,000130,2022-07-13 10:42:04,,200130,100381
300131,10000.18,2022-08-20 11:09:14,Synthetic payment record,BANK_TRANSFER,RENEWAL,2022-08,12,,VERIFIED,10000.18,000131,2022-08-20 11:09:14,synthetic-generator,200131,100382
300132,4811.16,2022-09-25 06:32:28,Synthetic payment record,KBZ_PAY,PREMIUM,2022-09,1,,VERIFIED,4811.16,000132,2022-09-27 06:32:28,synthetic-generator,200132,100383
300133,14743.43,2022-10-27 12:05:48,Synthetic payment record,WAVE_PAY,PREMIUM,2022-10,2,,PENDING,14743.43,000133,2022-10-29 12:05:48,,200133,100384
300134,26478.61,2022-11-08 08:42:11,Synthetic payment record,AYA_PAY,PREMIUM,2022-11,3,,VERIFIED,26478.61,000134,2022-11-10 08:42:11,synthetic-generator,200134,100385
300135,25011.39,2022-12-24 01:04:58,Synthetic payment record,BANK_TRANSFER,PREMIUM,2022-12,4,,VERIFIED,25011.39,000135,2022-12-26 01:04:58,synthetic-generator,200135,100386
300136,14841.17,2023-01-29 09:31:23,Synthetic payment record,KBZ_PAY,PREMIUM,2023-01,5,,VERIFIED,14841.17,000136,2023-02-01 09:31:23,synthetic-generator,200136,100387
300137,32851.58,2023-02-22 00:45:25,Synthetic payment record,WAVE_PAY,RENEWAL,2023-02,6,,PENDING,32851.58,000137,2023-02-23 00:45:25,,200137,100388
300138,8277.07,2023-03-10 01:31:01,Synthetic payment record,AYA_PAY,PREMIUM,2023-03,7,,VERIFIED,8277.07,000138,2023-03-10 01:31:01,synthetic-generator,200138,100389
300139,39240.73,2023-04-15 18:21:44,Synthetic payment record,BANK_TRANSFER,PREMIUM,2023-04,8,,VERIFIED,39240.73,000139,2023-04-16 18:21:44,synthetic-generator,200139,100390
300140,14025.93,2023-05-23 08:31:53,Synthetic payment record,KBZ_PAY,PREMIUM,2023-05,9,,PENDING,14025.93,000140,2023-05-25 08:31:53,,200140,100391
300141,28081.12,2023-06-11 02:32:42,Synthetic payment record,WAVE_PAY,PREMIUM,2023-06,10,,VERIFIED,28081.12,000141,2023-06-14 02:32:42,synthetic-generator,200141,100392
300142,20807.39,2023-07-04 16:08:26,Synthetic payment record,AYA_PAY,PREMIUM,2023-07,11,,VERIFIED,20807.39,000142,2023-07-06 16:08:26,synthetic-generator,200142,100393
300143,47719.99,2023-08-05 19:38:44,Synthetic payment record,BANK_TRANSFER,PREMIUM,2023-08,12,,REJECTED,47719.99,000143,2023-08-06 19:38:44,,200143,100394
300144,8214.49,2023-09-21 21:35:35,Synthetic payment record,KBZ_PAY,RENEWAL,2023-09,1,,VERIFIED,8214.49,000144,2023-09-24 21:35:35,synthetic-generator,200144,100395
300145,16587.95,2023-10-10 03:01:56,Synthetic payment record,WAVE_PAY,PREMIUM,2023-10,2,,VERIFIED,16587.95,000145,2023-10-10 03:01:56,synthetic-generator,200145,100396
300146,25341.34,2023-11-19 09:33:55,Synthetic payment record,AYA_PAY,PREMIUM,2023-11,3,,VERIFIED,25341.34,000146,2023-11-21 09:33:55,synthetic-generator,200146,100397
300147,35254.76,2023-12-19 18:30:57,Synthetic payment record,BANK_TRANSFER,RENEWAL,2023-12,4,,VERIFIED,35254.76,000147,2023-12-21 18:30:57,synthetic-generator,200147,100398
300148,15977.31,2024-01-04 14:32:03,Synthetic payment record,KBZ_PAY,RENEWAL,2024-01,5,,REJECTED,15977.31,000148,2024-01-06 14:32:03,,200148,100399
300149,34254.54,2024-02-25 10:15:30,Synthetic payment record,WAVE_PAY,PREMIUM,2024-02,6,,VERIFIED,34254.54,000149,2024-02-25 10:15:30,synthetic-generator,200149,100400
300150,18235.52,2024-03-04 16:17:23,Synthetic payment record,AYA_PAY,RENEWAL,2024-03,7,,VERIFIED,18235.52,000150,2024-03-05 16:17:23,synthetic-generator,200150,100401
300151,6049.54,2024-04-27 16:25:17,Synthetic payment record,BANK_TRANSFER,PREMIUM,2024-04,8,,PENDING,6049.54,000151,2024-04-27 16:25:17,,200151,100402
300152,7822.37,2024-05-26 17:18:49,Synthetic payment record,KBZ_PAY,PREMIUM,2024-05,9,,REJECTED,7822.37,000152,2024-05-29 17:18:49,,200152,100403
300153,21457.76,2024-06-15 00:06:22,Synthetic payment record,WAVE_PAY,PREMIUM,2024-06,10,,VERIFIED,21457.76,000153,2024-06-18 00:06:22,synthetic-generator,200153,100404
300154,14856.48,2024-07-24 18:50:47,Synthetic payment record,AYA_PAY,PREMIUM,2024-07,11,,VERIFIED,14856.48,000154,2024-07-24 18:50:47,synthetic-generator,200154,100405
300155,61414.66,2024-08-21 12:53:51,Synthetic payment record,BANK_TRANSFER,PREMIUM,2024-08,12,,VERIFIED,61414.66,000155,2024-08-23 12:53:51,synthetic-generator,200155,100406
300156,3411.14,2024-09-30 02:55:14,Synthetic payment record,KBZ_PAY,PREMIUM,2024-09,1,,REJECTED,3411.14,000156,2024-10-02 02:55:14,,200156,100407
300157,26548.72,2024-10-18 12:29:04,Synthetic payment record,WAVE_PAY,PREMIUM,2024-10,2,,VERIFIED,26548.72,000157,2024-10-19 12:29:04,synthetic-generator,200157,100408
300158,26005.44,2024-11-10 19:59:14,Synthetic payment record,AYA_PAY,PREMIUM,2024-11,3,,PENDING,26005.44,000158,2024-11-12 19:59:14,,200158,100409
300159,40473.33,2024-12-30 08:15:41,Synthetic payment record,BANK_TRANSFER,RENEWAL,2024-12,4,,VERIFIED,40473.33,000159,2025-01-01 08:15:41,synthetic-generator,200159,100410
300160,7823.63,2025-01-21 12:27:41,Synthetic payment record,KBZ_PAY,PREMIUM,2025-01,5,,VERIFIED,7823.63,000160,2025-01-24 12:27:41,synthetic-generator,200160,100411
300161,11158.73,2025-02-01 22:46:06,Synthetic payment record,WAVE_PAY,PREMIUM,2025-02,6,,REJECTED,11158.73,000161,2025-02-04 22:46:06,,200161,100412
300162,18734.23,2025-03-28 07:58:05,Synthetic payment record,AYA_PAY,PREMIUM,2025-03,7,,VERIFIED,18734.23,000162,2025-03-31 07:58:05,synthetic-generator,200162,100413
300163,6633.28,2025-04-19 02:46:41,Synthetic payment record,BANK_TRANSFER,PREMIUM,2025-04,8,,VERIFIED,6633.28,000163,2025-04-19 02:46:41,synthetic-generator,200163,100414
300164,15115.92,2025-05-20 10:51:47,Synthetic payment record,KBZ_PAY,PREMIUM,2025-05,9,,VERIFIED,15115.92,000164,2025-05-20 10:51:47,synthetic-generator,200164,100415
300165,11754.89,2025-06-22 09:48:30,Synthetic payment record,WAVE_PAY,PREMIUM,2025-06,10,,VERIFIED,11754.89,000165,2025-06-24 09:48:30,synthetic-generator,200165,100416
300166,14231.17,2025-07-31 09:56:27,Synthetic payment record,AYA_PAY,PREMIUM,2025-07,11,,PENDING,14231.17,000166,2025-08-03 09:56:27,,200166,100417
300167,42029.62,2025-08-07 23:07:45,Synthetic payment record,BANK_TRANSFER,RENEWAL,2025-08,12,,VERIFIED,42029.62,000167,2025-08-09 23:07:45,synthetic-generator,200167,100418
300168,1182.82,2025-09-20 15:43:41,Synthetic payment record,KBZ_PAY,PREMIUM,2025-09,1,,PENDING,1182.82,000168,2025-09-23 15:43:41,,200168,100419
300169,4753.71,2025-10-16 23:30:34,Synthetic payment record,WAVE_PAY,PREMIUM,2025-10,2,,VERIFIED,4753.71,000169,2025-10-17 23:30:34,synthetic-generator,200169,100420
300170,23501.28,2025-11-23 15:48:52,Synthetic payment record,AYA_PAY,PREMIUM,2025-11,3,,VERIFIED,23501.28,000170,2025-11-24 15:48:52,synthetic-generator,200170,100421
300171,42310.91,2025-12-03 16:41:25,Synthetic payment record,BANK_TRANSFER,PREMIUM,2025-12,4,,VERIFIED,42310.91,000171,2025-12-03 16:41:25,synthetic-generator,200171,100422
300172,10481.17,2026-01-29 23:03:27,Synthetic payment record,KBZ_PAY,RENEWAL,2026-01,5,,VERIFIED,10481.17,000172,2026-01-29 23:03:27,synthetic-generator,200172,100423
300173,11809.33,2026-02-25 18:41:18,Synthetic payment record,WAVE_PAY,PREMIUM,2026-02,6,,REJECTED,11809.33,000173,2026-02-28 18:41:18,,200173,100424
300174,24555.97,2026-03-10 08:36:04,Synthetic payment record,AYA_PAY,PREMIUM,2026-03,7,,PENDING,24555.97,000174,2026-03-13 08:36:04,,200174,100425
300175,19589.47,2026-04-29 04:21:36,Synthetic payment record,BANK_TRANSFER,PREMIUM,2026-04,8,,VERIFIED,19589.47,000175,2026-05-01 04:21:36,synthetic-generator,200175,100426
300176,11934.64,2026-05-11 00:07:39,Synthetic payment record,KBZ_PAY,PREMIUM,2026-05,9,,VERIFIED,11934.64,000176,2026-05-13 00:07:39,synthetic-generator,200176,100427
300177,29655.02,2026-06-12 16:15:28,Synthetic payment record,WAVE_PAY,PREMIUM,2026-06,10,,REJECTED,29655.02,000177,2026-06-13 16:15:28,,200177,100428
300178,40969.49,2026-07-18 17:51:10,Synthetic payment record,AYA_PAY,PREMIUM,2026-07,11,,VERIFIED,40969.49,000178,2026-07-19 17:51:10,synthetic-generator,200178,100429
300179,27787.20,2026-08-31 16:26:49,Synthetic payment record,BANK_TRANSFER,PREMIUM,2026-08,12,,VERIFIED,27787.20,000179,2026-09-03 16:26:49,synthetic-generator,200179,100430
300180,7198.89,2021-09-17 05:47:30,Synthetic payment record,KBZ_PAY,RENEWAL,2021-09,1,,VERIFIED,7198.89,000180,2021-09-20 05:47:30,synthetic-generator,200180,100431
300181,11331.35,2021-10-09 17:39:55,Synthetic payment record,WAVE_PAY,RENEWAL,2021-10,2,,VERIFIED,11331.35,000181,2021-10-11 17:39:55,synthetic-generator,200181,100432
300182,36489.91,2021-11-14 17:53:33,Synthetic payment record,AYA_PAY,PREMIUM,2021-11,3,,VERIFIED,36489.91,000182,2021-11-14 17:53:33,synthetic-generator,200182,100433
300183,30776.36,2021-12-16 18:33:00,Synthetic payment record,BANK_TRANSFER,RENEWAL,2021-12,4,,VERIFIED,30776.36,000183,2021-12-17 18:33:00,synthetic-generator,200183,100434
300184,4494.26,2022-01-17 22:01:50,Synthetic payment record,KBZ_PAY,RENEWAL,2022-01,5,,VERIFIED,4494.26,000184,2022-01-20 22:01:50,synthetic-generator,200184,100435
300185,4521.46,2022-02-24 22:17:16,Synthetic payment record,WAVE_PAY,RENEWAL,2022-02,6,,PENDING,4521.46,000185,2022-02-26 22:17:16,,200185,100436
300186,9066.60,2022-03-12 04:10:05,Synthetic payment record,AYA_PAY,PREMIUM,2022-03,7,,PENDING,9066.60,000186,2022-03-13 04:10:05,,200186,100437
300187,13707.42,2022-04-16 20:41:16,Synthetic payment record,BANK_TRANSFER,PREMIUM,2022-04,8,,VERIFIED,13707.42,000187,2022-04-18 20:41:16,synthetic-generator,200187,100438
300188,17024.73,2022-05-30 16:48:39,Synthetic payment record,KBZ_PAY,PREMIUM,2022-05,9,,VERIFIED,17024.73,000188,2022-06-02 16:48:39,synthetic-generator,200188,100439
300189,15395.18,2022-06-24 20:44:56,Synthetic payment record,WAVE_PAY,PREMIUM,2022-06,10,,VERIFIED,15395.18,000189,2022-06-24 20:44:56,synthetic-generator,200189,100440
300190,24572.99,2022-07-27 14:54:42,Synthetic payment record,AYA_PAY,PREMIUM,2022-07,11,,VERIFIED,24572.99,000190,2022-07-29 14:54:42,synthetic-generator,200190,100441
300191,16903.33,2022-08-24 18:37:20,Synthetic payment record,BANK_TRANSFER,PREMIUM,2022-08,12,,PENDING,16903.33,000191,2022-08-24 18:37:20,,200191,100442
300192,4779.84,2022-09-27 18:55:30,Synthetic payment record,KBZ_PAY,PREMIUM,2022-09,1,,VERIFIED,4779.84,000192,2022-09-30 18:55:30,synthetic-generator,200192,100443
300193,12016.82,2022-10-08 23:31:14,Synthetic payment record,WAVE_PAY,PREMIUM,2022-10,2,,VERIFIED,12016.82,000193,2022-10-09 23:31:14,synthetic-generator,200193,100444
300194,22968.88,2022-11-29 14:30:37,Synthetic payment record,AYA_PAY,RENEWAL,2022-11,3,,VERIFIED,22968.88,000194,2022-12-02 14:30:37,synthetic-generator,200194,100445
300195,27755.87,2022-12-19 06:54:29,Synthetic payment record,BANK_TRANSFER,PREMIUM,2022-12,4,,VERIFIED,27755.87,000195,2022-12-21 06:54:29,synthetic-generator,200195,100446
300196,7554.23,2023-01-08 02:10:33,Synthetic payment record,KBZ_PAY,PREMIUM,2023-01,5,,VERIFIED,7554.23,000196,2023-01-08 02:10:33,synthetic-generator,200196,100447
300197,13005.56,2023-02-18 10:06:40,Synthetic payment record,WAVE_PAY,PREMIUM,2023-02,6,,VERIFIED,13005.56,000197,2023-02-20 10:06:40,synthetic-generator,200197,100448
300198,18736.85,2023-03-30 19:14:33,Synthetic payment record,AYA_PAY,PREMIUM,2023-03,7,,VERIFIED,18736.85,000198,2023-04-01 19:14:33,synthetic-generator,200198,100449
300199,42287.77,2023-04-17 14:50:10,Synthetic payment record,BANK_TRANSFER,PREMIUM,2023-04,8,,VERIFIED,42287.77,000199,2023-04-17 14:50:10,synthetic-generator,200199,100450
300200,5119.71,2023-05-09 11:09:53,Synthetic payment record,KBZ_PAY,PREMIUM,2023-05,9,,VERIFIED,5119.71,000200,2023-05-09 11:09:53,synthetic-generator,200200,100451
300201,21217.87,2023-06-27 09:05:43,Synthetic payment record,WAVE_PAY,PREMIUM,2023-06,10,,VERIFIED,21217.87,000201,2023-06-30 09:05:43,synthetic-generator,200201,100452
300202,26312.36,2023-07-07 12:20:43,Synthetic payment record,AYA_PAY,RENEWAL,2023-07,11,,VERIFIED,26312.36,000202,2023-07-07 12:20:43,synthetic-generator,200202,100453
300203,25837.28,2023-08-27 09:10:33,Synthetic payment record,BANK_TRANSFER,PREMIUM,2023-08,12,,REJECTED,25837.28,000203,2023-08-29 09:10:33,,200203,100454
300204,11608.22,2023-09-01 11:19:23,Synthetic payment record,KBZ_PAY,PREMIUM,2023-09,1,,VERIFIED,11608.22,000204,2023-09-03 11:19:23,synthetic-generator,200204,100455
300205,21321.89,2023-10-28 01:21:01,Synthetic payment record,WAVE_PAY,PREMIUM,2023-10,2,,VERIFIED,21321.89,000205,2023-10-31 01:21:01,synthetic-generator,200205,100456
300206,25654.47,2023-11-04 09:30:57,Synthetic payment record,AYA_PAY,PREMIUM,2023-11,3,,VERIFIED,25654.47,000206,2023-11-05 09:30:57,synthetic-generator,200206,100457
300207,9075.94,2023-12-14 18:37:52,Synthetic payment record,BANK_TRANSFER,PREMIUM,2023-12,4,,VERIFIED,9075.94,000207,2023-12-14 18:37:52,synthetic-generator,200207,100458
300208,12230.19,2024-01-26 23:25:08,Synthetic payment record,KBZ_PAY,PREMIUM,2024-01,5,,VERIFIED,12230.19,000208,2024-01-26 23:25:08,synthetic-generator,200208,100459
300209,41888.71,2024-02-17 17:54:08,Synthetic payment record,WAVE_PAY,PREMIUM,2024-02,6,,VERIFIED,41888.71,000209,2024-02-17 17:54:08,synthetic-generator,200209,100460
300210,8341.49,2024-03-04 11:48:28,Synthetic payment record,AYA_PAY,PREMIUM,2024-03,7,,VERIFIED,8341.49,000210,2024-03-05 11:48:28,synthetic-generator,200210,100461
300211,43131.77,2024-04-27 22:43:52,Synthetic payment record,BANK_TRANSFER,RENEWAL,2024-04,8,,VERIFIED,43131.77,000211,2024-04-28 22:43:52,synthetic-generator,200211,100462
300212,13915.64,2024-05-30 10:09:15,Synthetic payment record,KBZ_PAY,CLAIM_PAYOUT,2024-05,9,,VERIFIED,13915.64,000212,2024-05-30 10:09:15,synthetic-generator,200212,100463
300213,30989.57,2024-06-22 14:44:29,Synthetic payment record,WAVE_PAY,PREMIUM,2024-06,10,,VERIFIED,30989.57,000213,2024-06-23 14:44:29,synthetic-generator,200213,100464
300214,13838.73,2024-07-16 18:50:08,Synthetic payment record,AYA_PAY,PREMIUM,2024-07,11,,VERIFIED,13838.73,000214,2024-07-16 18:50:08,synthetic-generator,200214,100465
300215,11808.32,2024-08-08 02:06:29,Synthetic payment record,BANK_TRANSFER,PREMIUM,2024-08,12,,VERIFIED,11808.32,000215,2024-08-11 02:06:29,synthetic-generator,200215,100466
300216,7011.21,2024-09-24 21:50:45,Synthetic payment record,KBZ_PAY,PREMIUM,2024-09,1,,VERIFIED,7011.21,000216,2024-09-24 21:50:45,synthetic-generator,200216,100467
300217,17785.35,2024-10-23 10:52:02,Synthetic payment record,WAVE_PAY,CLAIM_PAYOUT,2024-10,2,,PENDING,17785.35,000217,2024-10-25 10:52:02,,200217,100468
300218,13139.15,2024-11-28 23:04:03,Synthetic payment record,AYA_PAY,RENEWAL,2024-11,3,,VERIFIED,13139.15,000218,2024-11-28 23:04:03,synthetic-generator,200218,100469
300219,54415.22,2024-12-25 13:20:34,Synthetic payment record,BANK_TRANSFER,PREMIUM,2024-12,4,,REJECTED,54415.22,000219,2024-12-25 13:20:34,,200219,100470
300220,19258.90,2025-01-30 10:13:49,Synthetic payment record,KBZ_PAY,PREMIUM,2025-01,5,,VERIFIED,19258.90,000220,2025-02-02 10:13:49,synthetic-generator,200220,100471
300221,24921.25,2025-02-28 23:53:32,Synthetic payment record,WAVE_PAY,PREMIUM,2025-02,6,,PENDING,24921.25,000221,2025-03-02 23:53:32,,200221,100472
300222,20495.25,2025-03-05 23:49:48,Synthetic payment record,AYA_PAY,PREMIUM,2025-03,7,,VERIFIED,20495.25,000222,2025-03-07 23:49:48,synthetic-generator,200222,100473
300223,38929.77,2025-04-09 09:02:50,Synthetic payment record,BANK_TRANSFER,PREMIUM,2025-04,8,,VERIFIED,38929.77,000223,2025-04-09 09:02:50,synthetic-generator,200223,100474
300224,17547.04,2025-05-09 02:40:19,Synthetic payment record,KBZ_PAY,PREMIUM,2025-05,9,,VERIFIED,17547.04,000224,2025-05-12 02:40:19,synthetic-generator,200224,100475
300225,38803.21,2025-06-16 02:05:16,Synthetic payment record,WAVE_PAY,PREMIUM,2025-06,10,,PENDING,38803.21,000225,2025-06-16 02:05:16,,200225,100476
300226,17014.55,2025-07-20 02:34:47,Synthetic payment record,AYA_PAY,RENEWAL,2025-07,11,,VERIFIED,17014.55,000226,2025-07-23 02:34:47,synthetic-generator,200226,100477
300227,20984.74,2025-08-19 20:56:14,Synthetic payment record,BANK_TRANSFER,RENEWAL,2025-08,12,,VERIFIED,20984.74,000227,2025-08-19 20:56:14,synthetic-generator,200227,100478
300228,7146.61,2025-09-03 01:05:02,Synthetic payment record,KBZ_PAY,PREMIUM,2025-09,1,,VERIFIED,7146.61,000228,2025-09-06 01:05:02,synthetic-generator,200228,100479
300229,9097.19,2025-10-17 05:46:51,Synthetic payment record,WAVE_PAY,PREMIUM,2025-10,2,,VERIFIED,9097.19,000229,2025-10-17 05:46:51,synthetic-generator,200229,100480
300230,11601.32,2025-11-02 00:11:36,Synthetic payment record,AYA_PAY,RENEWAL,2025-11,3,,PENDING,11601.32,000230,2025-11-03 00:11:36,,200230,100481
300231,20845.53,2025-12-08 04:00:23,Synthetic payment record,BANK_TRANSFER,PREMIUM,2025-12,4,,VERIFIED,20845.53,000231,2025-12-09 04:00:23,synthetic-generator,200231,100482
300232,22294.73,2026-01-07 14:27:07,Synthetic payment record,KBZ_PAY,PREMIUM,2026-01,5,,VERIFIED,22294.73,000232,2026-01-09 14:27:07,synthetic-generator,200232,100483
300233,23322.41,2026-02-04 05:03:26,Synthetic payment record,WAVE_PAY,PREMIUM,2026-02,6,,VERIFIED,23322.41,000233,2026-02-04 05:03:26,synthetic-generator,200233,100484
300234,15933.39,2026-03-14 03:17:36,Synthetic payment record,AYA_PAY,PREMIUM,2026-03,7,,VERIFIED,15933.39,000234,2026-03-16 03:17:36,synthetic-generator,200234,100485
300235,23871.71,2026-04-27 03:34:43,Synthetic payment record,BANK_TRANSFER,PREMIUM,2026-04,8,,VERIFIED,23871.71,000235,2026-04-28 03:34:43,synthetic-generator,200235,100486
300236,18857.41,2026-05-11 10:27:41,Synthetic payment record,KBZ_PAY,PREMIUM,2026-05,9,,VERIFIED,18857.41,000236,2026-05-13 10:27:41,synthetic-generator,200236,100487
300237,17156.18,2026-06-02 19:52:06,Synthetic payment record,WAVE_PAY,PREMIUM,2026-06,10,,VERIFIED,17156.18,000237,2026-06-02 19:52:06,synthetic-generator,200237,100488
300238,41293.26,2026-07-20 18:16:49,Synthetic payment record,AYA_PAY,PREMIUM,2026-07,11,,VERIFIED,41293.26,000238,2026-07-22 18:16:49,synthetic-generator,200238,100489
300239,74656.31,2026-08-09 00:47:41,Synthetic payment record,BANK_TRANSFER,CLAIM_PAYOUT,2026-08,12,,VERIFIED,74656.31,000239,2026-08-11 00:47:41,synthetic-generator,200239,100490
300240,8893.81,2021-09-13 08:46:55,Synthetic payment record,KBZ_PAY,PREMIUM,2021-09,1,,VERIFIED,8893.81,000240,2021-09-16 08:46:55,synthetic-generator,200240,100491
300241,8995.44,2021-10-10 02:24:02,Synthetic payment record,WAVE_PAY,PREMIUM,2021-10,2,,PENDING,8995.44,000241,2021-10-10 02:24:02,,200241,100492
300242,18674.12,2021-11-04 21:18:22,Synthetic payment record,AYA_PAY,RENEWAL,2021-11,3,,VERIFIED,18674.12,000242,2021-11-06 21:18:22,synthetic-generator,200242,100493
300243,49262.58,2021-12-12 23:12:52,Synthetic payment record,BANK_TRANSFER,PREMIUM,2021-12,4,,VERIFIED,49262.58,000243,2021-12-13 23:12:52,synthetic-generator,200243,100494
300244,5497.44,2022-01-04 19:57:12,Synthetic payment record,KBZ_PAY,RENEWAL,2022-01,5,,VERIFIED,5497.44,000244,2022-01-07 19:57:12,synthetic-generator,200244,100495
300245,4610.68,2022-02-04 16:43:46,Synthetic payment record,WAVE_PAY,PREMIUM,2022-02,6,,VERIFIED,4610.68,000245,2022-02-05 16:43:46,synthetic-generator,200245,100496
300246,23636.77,2022-03-13 07:59:00,Synthetic payment record,AYA_PAY,PREMIUM,2022-03,7,,VERIFIED,23636.77,000246,2022-03-16 07:59:00,synthetic-generator,200246,100497
300247,33196.87,2022-04-22 09:19:07,Synthetic payment record,BANK_TRANSFER,RENEWAL,2022-04,8,,VERIFIED,33196.87,000247,2022-04-23 09:19:07,synthetic-generator,200247,100498
300248,5568.33,2022-05-06 18:41:03,Synthetic payment record,KBZ_PAY,CLAIM_PAYOUT,2022-05,9,,VERIFIED,5568.33,000248,2022-05-08 18:41:03,synthetic-generator,200248,100499
300249,27890.46,2022-06-05 01:31:51,Synthetic payment record,WAVE_PAY,PREMIUM,2022-06,10,,PENDING,27890.46,000249,2022-06-05 01:31:51,,200249,100500
300250,15178.86,2022-07-29 02:34:12,Synthetic payment record,AYA_PAY,PREMIUM,2022-07,11,,VERIFIED,15178.86,000250,2022-07-31 02:34:12,synthetic-generator,200250,100501
300251,8461.68,2022-08-24 03:14:22,Synthetic payment record,BANK_TRANSFER,PREMIUM,2022-08,12,,VERIFIED,8461.68,000251,2022-08-27 03:14:22,synthetic-generator,200251,100502
300252,7725.65,2022-09-10 19:51:50,Synthetic payment record,KBZ_PAY,PREMIUM,2022-09,1,,VERIFIED,7725.65,000252,2022-09-12 19:51:50,synthetic-generator,200252,100503
300253,4097.72,2022-10-31 18:23:20,Synthetic payment record,WAVE_PAY,PREMIUM,2022-10,2,,PENDING,4097.72,000253,2022-10-31 18:23:20,,200253,100504
300254,5992.95,2022-11-16 09:41:54,Synthetic payment record,AYA_PAY,PREMIUM,2022-11,3,,VERIFIED,5992.95,000254,2022-11-17 09:41:54,synthetic-generator,200254,100505
300255,41239.85,2022-12-03 21:29:16,Synthetic payment record,BANK_TRANSFER,PREMIUM,2022-12,4,,REJECTED,41239.85,000255,2022-12-04 21:29:16,,200255,100506
300256,16239.62,2023-01-16 19:20:29,Synthetic payment record,KBZ_PAY,PREMIUM,2023-01,5,,PENDING,16239.62,000256,2023-01-19 19:20:29,,200256,100507
300257,29960.17,2023-02-25 14:20:30,Synthetic payment record,WAVE_PAY,RENEWAL,2023-02,6,,VERIFIED,29960.17,000257,2023-02-28 14:20:30,synthetic-generator,200257,100508
300258,6026.57,2023-03-15 04:36:11,Synthetic payment record,AYA_PAY,PREMIUM,2023-03,7,,VERIFIED,6026.57,000258,2023-03-18 04:36:11,synthetic-generator,200258,100509
300259,33066.59,2023-04-26 13:15:54,Synthetic payment record,BANK_TRANSFER,PREMIUM,2023-04,8,,VERIFIED,33066.59,000259,2023-04-29 13:15:54,synthetic-generator,200259,100510
300260,2228.86,2023-05-01 09:56:50,Synthetic payment record,KBZ_PAY,CLAIM_PAYOUT,2023-05,9,,VERIFIED,2228.86,000260,2023-05-01 09:56:50,synthetic-generator,200260,100511
300261,5749.43,2023-06-05 07:37:01,Synthetic payment record,WAVE_PAY,PREMIUM,2023-06,10,,VERIFIED,5749.43,000261,2023-06-06 07:37:01,synthetic-generator,200261,100512
300262,14964.09,2023-07-18 02:29:29,Synthetic payment record,AYA_PAY,PREMIUM,2023-07,11,,VERIFIED,14964.09,000262,2023-07-21 02:29:29,synthetic-generator,200262,100513
300263,6321.62,2023-08-10 08:51:29,Synthetic payment record,BANK_TRANSFER,PREMIUM,2023-08,12,,VERIFIED,6321.62,000263,2023-08-10 08:51:29,synthetic-generator,200263,100514
300264,8307.14,2023-09-09 09:18:07,Synthetic payment record,KBZ_PAY,PREMIUM,2023-09,1,,PENDING,8307.14,000264,2023-09-10 09:18:07,,200264,100515
300265,12528.58,2023-10-07 05:59:04,Synthetic payment record,WAVE_PAY,RENEWAL,2023-10,2,,VERIFIED,12528.58,000265,2023-10-10 05:59:04,synthetic-generator,200265,100516
300266,30287.26,2023-11-28 16:38:30,Synthetic payment record,AYA_PAY,PREMIUM,2023-11,3,,VERIFIED,30287.26,000266,2023-12-01 16:38:30,synthetic-generator,200266,100517
300267,13441.41,2023-12-17 13:59:51,Synthetic payment record,BANK_TRANSFER,PREMIUM,2023-12,4,,VERIFIED,13441.41,000267,2023-12-19 13:59:51,synthetic-generator,200267,100518
300268,30300.79,2024-01-26 10:47:38,Synthetic payment record,KBZ_PAY,CLAIM_PAYOUT,2024-01,5,,VERIFIED,30300.79,000268,2024-01-29 10:47:38,synthetic-generator,200268,100519
300269,20850.58,2024-02-14 04:13:52,Synthetic payment record,WAVE_PAY,PREMIUM,2024-02,6,,VERIFIED,20850.58,000269,2024-02-14 04:13:52,synthetic-generator,200269,100520
300270,4884.96,2024-03-25 11:54:04,Synthetic payment record,AYA_PAY,PREMIUM,2024-03,7,,VERIFIED,4884.96,000270,2024-03-26 11:54:04,synthetic-generator,200270,100521
300271,30118.04,2024-04-19 18:48:55,Synthetic payment record,BANK_TRANSFER,PREMIUM,2024-04,8,,VERIFIED,30118.04,000271,2024-04-22 18:48:55,synthetic-generator,200271,100522
300272,6056.65,2024-05-19 19:47:46,Synthetic payment record,KBZ_PAY,PREMIUM,2024-05,9,,VERIFIED,6056.65,000272,2024-05-21 19:47:46,synthetic-generator,200272,100523
300273,33308.21,2024-06-03 11:09:19,Synthetic payment record,WAVE_PAY,PREMIUM,2024-06,10,,VERIFIED,33308.21,000273,2024-06-03 11:09:19,synthetic-generator,200273,100524
300274,22709.29,2024-07-11 10:51:29,Synthetic payment record,AYA_PAY,PREMIUM,2024-07,11,,VERIFIED,22709.29,000274,2024-07-13 10:51:29,synthetic-generator,200274,100525
300275,63112.35,2024-08-28 22:32:48,Synthetic payment record,BANK_TRANSFER,CLAIM_PAYOUT,2024-08,12,,VERIFIED,63112.35,000275,2024-08-29 22:32:48,synthetic-generator,200275,100526
300276,1496.31,2024-09-25 02:50:26,Synthetic payment record,KBZ_PAY,RENEWAL,2024-09,1,,VERIFIED,1496.31,000276,2024-09-27 02:50:26,synthetic-generator,200276,100527
300277,6696.73,2024-10-24 10:33:48,Synthetic payment record,WAVE_PAY,PREMIUM,2024-10,2,,VERIFIED,6696.73,000277,2024-10-25 10:33:48,synthetic-generator,200277,100528
300278,22898.35,2024-11-01 22:45:32,Synthetic payment record,AYA_PAY,PREMIUM,2024-11,3,,VERIFIED,22898.35,000278,2024-11-01 22:45:32,synthetic-generator,200278,100529
300279,42152.39,2024-12-11 10:23:57,Synthetic payment record,BANK_TRANSFER,RENEWAL,2024-12,4,,PENDING,42152.39,000279,2024-12-14 10:23:57,,200279,100530
300280,11053.09,2025-01-15 00:03:54,Synthetic payment record,KBZ_PAY,PREMIUM,2025-01,5,,VERIFIED,11053.09,000280,2025-01-15 00:03:54,synthetic-generator,200280,100531
300281,23910.22,2025-02-01 02:52:16,Synthetic payment record,WAVE_PAY,PREMIUM,2025-02,6,,VERIFIED,23910.22,000281,2025-02-02 02:52:16,synthetic-generator,200281,100532
300282,27420.38,2025-03-17 12:02:43,Synthetic payment record,AYA_PAY,PREMIUM,2025-03,7,,VERIFIED,27420.38,000282,2025-03-19 12:02:43,synthetic-generator,200282,100533
300283,22690.86,2025-04-06 21:28:07,Synthetic payment record,BANK_TRANSFER,RENEWAL,2025-04,8,,VERIFIED,22690.86,000283,2025-04-07 21:28:07,synthetic-generator,200283,100534
300284,5248.11,2025-05-01 02:21:23,Synthetic payment record,KBZ_PAY,RENEWAL,2025-05,9,,PENDING,5248.11,000284,2025-05-03 02:21:23,,200284,100535
300285,31641.11,2025-06-13 22:06:02,Synthetic payment record,WAVE_PAY,PREMIUM,2025-06,10,,VERIFIED,31641.11,000285,2025-06-15 22:06:02,synthetic-generator,200285,100536
300286,20597.98,2025-07-19 22:11:14,Synthetic payment record,AYA_PAY,CLAIM_PAYOUT,2025-07,11,,VERIFIED,20597.98,000286,2025-07-21 22:11:14,synthetic-generator,200286,100537
300287,57084.29,2025-08-31 09:28:29,Synthetic payment record,BANK_TRANSFER,PREMIUM,2025-08,12,,VERIFIED,57084.29,000287,2025-09-02 09:28:29,synthetic-generator,200287,100538
300288,2913.75,2025-09-02 06:17:02,Synthetic payment record,KBZ_PAY,PREMIUM,2025-09,1,,VERIFIED,2913.75,000288,2025-09-03 06:17:02,synthetic-generator,200288,100539
300289,9142.62,2025-10-09 12:21:37,Synthetic payment record,WAVE_PAY,PREMIUM,2025-10,2,,VERIFIED,9142.62,000289,2025-10-11 12:21:37,synthetic-generator,200289,100540
300290,34838.22,2025-11-02 05:58:02,Synthetic payment record,AYA_PAY,CLAIM_PAYOUT,2025-11,3,,PENDING,34838.22,000290,2025-11-02 05:58:02,,200290,100541
300291,38328.88,2025-12-30 00:31:31,Synthetic payment record,BANK_TRANSFER,PREMIUM,2025-12,4,,VERIFIED,38328.88,000291,2025-12-30 00:31:31,synthetic-generator,200291,100542
300292,3773.95,2026-01-16 12:36:22,Synthetic payment record,KBZ_PAY,PREMIUM,2026-01,5,,VERIFIED,3773.95,000292,2026-01-17 12:36:22,synthetic-generator,200292,100543
300293,15641.15,2026-02-21 07:39:40,Synthetic payment record,WAVE_PAY,PREMIUM,2026-02,6,,VERIFIED,15641.15,000293,2026-02-22 07:39:40,synthetic-generator,200293,100544
300294,26946.68,2026-03-01 18:51:51,Synthetic payment record,AYA_PAY,PREMIUM,2026-03,7,,VERIFIED,26946.68,000294,2026-03-02 18:51:51,synthetic-generator,200294,100545
300295,14740.68,2026-04-28 00:09:20,Synthetic payment record,BANK_TRANSFER,PREMIUM,2026-04,8,,VERIFIED,14740.68,000295,2026-04-29 00:09:20,synthetic-generator,200295,100546
300296,6001.41,2026-05-04 09:55:14,Synthetic payment record,KBZ_PAY,PREMIUM,2026-05,9,,VERIFIED,6001.41,000296,2026-05-07 09:55:14,synthetic-generator,200296,100547
300297,48736.55,2026-06-16 21:48:10,Synthetic payment record,WAVE_PAY,PREMIUM,2026-06,10,,VERIFIED,48736.55,000297,2026-06-18 21:48:10,synthetic-generator,200297,100548
300298,16688.55,2026-07-23 21:03:25,Synthetic payment record,AYA_PAY,PREMIUM,2026-07,11,,VERIFIED,16688.55,000298,2026-07-23 21:03:25,synthetic-generator,200298,100549
300299,10225.40,2026-08-16 02:14:19,Synthetic payment record,BANK_TRANSFER,PREMIUM,2026-08,12,,VERIFIED,10225.40,000299,2026-08-19 02:14:19,synthetic-generator,200299,100550
300300,5676.53,2021-09-18 02:21:28,Synthetic payment record,KBZ_PAY,PREMIUM,2021-09,1,,VERIFIED,5676.53,000300,2021-09-18 02:21:28,synthetic-generator,200300,100551
300301,12401.74,2021-10-22 08:12:50,Synthetic payment record,WAVE_PAY,PREMIUM,2021-10,2,,VERIFIED,12401.74,000301,2021-10-22 08:12:50,synthetic-generator,200301,100552
300302,27227.91,2021-11-23 18:33:22,Synthetic payment record,AYA_PAY,PREMIUM,2021-11,3,,VERIFIED,27227.91,000302,2021-11-24 18:33:22,synthetic-generator,200302,100553
300303,34764.80,2021-12-29 15:11:16,Synthetic payment record,BANK_TRANSFER,PREMIUM,2021-12,4,,VERIFIED,34764.80,000303,2022-01-01 15:11:16,synthetic-generator,200303,100554
300304,6609.63,2022-01-12 10:06:00,Synthetic payment record,KBZ_PAY,PREMIUM,2022-01,5,,VERIFIED,6609.63,000304,2022-01-12 10:06:00,synthetic-generator,200304,100555
300305,3613.90,2022-02-25 06:47:08,Synthetic payment record,WAVE_PAY,PREMIUM,2022-02,6,,VERIFIED,3613.90,000305,2022-02-26 06:47:08,synthetic-generator,200305,100556
300306,19105.53,2022-03-09 21:28:37,Synthetic payment record,AYA_PAY,PREMIUM,2022-03,7,,VERIFIED,19105.53,000306,2022-03-11 21:28:37,synthetic-generator,200306,100557
300307,34939.30,2022-04-28 06:31:30,Synthetic payment record,BANK_TRANSFER,RENEWAL,2022-04,8,,VERIFIED,34939.30,000307,2022-04-29 06:31:30,synthetic-generator,200307,100558
300308,3616.35,2022-05-29 06:58:39,Synthetic payment record,KBZ_PAY,PREMIUM,2022-05,9,,VERIFIED,3616.35,000308,2022-06-01 06:58:39,synthetic-generator,200308,100559
300309,24111.99,2022-06-05 17:47:29,Synthetic payment record,WAVE_PAY,PREMIUM,2022-06,10,,PENDING,24111.99,000309,2022-06-05 17:47:29,,200309,100560
300310,11577.41,2022-07-05 18:25:21,Synthetic payment record,AYA_PAY,RENEWAL,2022-07,11,,VERIFIED,11577.41,000310,2022-07-08 18:25:21,synthetic-generator,200310,100561
300311,47681.44,2022-08-30 04:25:34,Synthetic payment record,BANK_TRANSFER,PREMIUM,2022-08,12,,VERIFIED,47681.44,000311,2022-09-02 04:25:34,synthetic-generator,200311,100562
300312,5670.41,2022-09-20 23:09:04,Synthetic payment record,KBZ_PAY,PREMIUM,2022-09,1,,PENDING,5670.41,000312,2022-09-21 23:09:04,,200312,100563
300313,3681.16,2022-10-24 22:47:45,Synthetic payment record,WAVE_PAY,PREMIUM,2022-10,2,,VERIFIED,3681.16,000313,2022-10-27 22:47:45,synthetic-generator,200313,100564
300314,13659.01,2022-11-30 19:50:27,Synthetic payment record,AYA_PAY,RENEWAL,2022-11,3,,VERIFIED,13659.01,000314,2022-12-03 19:50:27,synthetic-generator,200314,100565
300315,42110.86,2022-12-13 22:09:12,Synthetic payment record,BANK_TRANSFER,PREMIUM,2022-12,4,,VERIFIED,42110.86,000315,2022-12-16 22:09:12,synthetic-generator,200315,100566
300316,12129.24,2023-01-18 15:40:39,Synthetic payment record,KBZ_PAY,PREMIUM,2023-01,5,,VERIFIED,12129.24,000316,2023-01-19 15:40:39,synthetic-generator,200316,100567
300317,18753.63,2023-02-17 18:46:15,Synthetic payment record,WAVE_PAY,RENEWAL,2023-02,6,,VERIFIED,18753.63,000317,2023-02-18 18:46:15,synthetic-generator,200317,100568
300318,9313.42,2023-03-13 03:49:24,Synthetic payment record,AYA_PAY,PREMIUM,2023-03,7,,VERIFIED,9313.42,000318,2023-03-16 03:49:24,synthetic-generator,200318,100569
300319,42162.88,2023-04-24 14:56:22,Synthetic payment record,BANK_TRANSFER,PREMIUM,2023-04,8,,VERIFIED,42162.88,000319,2023-04-26 14:56:22,synthetic-generator,200319,100570
300320,5232.00,2023-05-05 20:09:17,Synthetic payment record,KBZ_PAY,PREMIUM,2023-05,9,,REJECTED,5232.00,000320,2023-05-07 20:09:17,,200320,100571
300321,18372.19,2023-06-04 23:55:33,Synthetic payment record,WAVE_PAY,RENEWAL,2023-06,10,,VERIFIED,18372.19,000321,2023-06-06 23:55:33,synthetic-generator,200321,100572
300322,24620.74,2023-07-25 08:25:19,Synthetic payment record,AYA_PAY,PREMIUM,2023-07,11,,VERIFIED,24620.74,000322,2023-07-26 08:25:19,synthetic-generator,200322,100573
300323,26073.82,2023-08-03 17:32:35,Synthetic payment record,BANK_TRANSFER,PREMIUM,2023-08,12,,VERIFIED,26073.82,000323,2023-08-05 17:32:35,synthetic-generator,200323,100574
300324,5283.95,2023-09-05 02:03:39,Synthetic payment record,KBZ_PAY,RENEWAL,2023-09,1,,PENDING,5283.95,000324,2023-09-07 02:03:39,,200324,100575
300325,7635.88,2023-10-05 00:05:07,Synthetic payment record,WAVE_PAY,CLAIM_PAYOUT,2023-10,2,,VERIFIED,7635.88,000325,2023-10-06 00:05:07,synthetic-generator,200325,100576
300326,31694.14,2023-11-12 07:06:55,Synthetic payment record,AYA_PAY,PREMIUM,2023-11,3,,VERIFIED,31694.14,000326,2023-11-12 07:06:55,synthetic-generator,200326,100577
300327,38763.96,2023-12-29 08:10:36,Synthetic payment record,BANK_TRANSFER,RENEWAL,2023-12,4,,VERIFIED,38763.96,000327,2023-12-30 08:10:36,synthetic-generator,200327,100578
300328,14029.35,2024-01-24 21:47:53,Synthetic payment record,KBZ_PAY,PREMIUM,2024-01,5,,VERIFIED,14029.35,000328,2024-01-27 21:47:53,synthetic-generator,200328,100579
300329,18146.70,2024-02-25 18:57:26,Synthetic payment record,WAVE_PAY,PREMIUM,2024-02,6,,VERIFIED,18146.70,000329,2024-02-26 18:57:26,synthetic-generator,200329,100580
300330,6952.52,2024-03-31 06:33:06,Synthetic payment record,AYA_PAY,RENEWAL,2024-03,7,,VERIFIED,6952.52,000330,2024-03-31 06:33:06,synthetic-generator,200330,100581
300331,50073.02,2024-04-27 13:08:05,Synthetic payment record,BANK_TRANSFER,PREMIUM,2024-04,8,,VERIFIED,50073.02,000331,2024-04-30 13:08:05,synthetic-generator,200331,100582
300332,14850.66,2024-05-18 01:18:59,Synthetic payment record,KBZ_PAY,PREMIUM,2024-05,9,,VERIFIED,14850.66,000332,2024-05-20 01:18:59,synthetic-generator,200332,100583
300333,20639.07,2024-06-29 10:57:07,Synthetic payment record,WAVE_PAY,PREMIUM,2024-06,10,,VERIFIED,20639.07,000333,2024-07-01 10:57:07,synthetic-generator,200333,100584
300334,20846.50,2024-07-14 20:48:27,Synthetic payment record,AYA_PAY,PREMIUM,2024-07,11,,PENDING,20846.50,000334,2024-07-16 20:48:27,,200334,100585
300335,80072.19,2024-08-23 11:30:53,Synthetic payment record,BANK_TRANSFER,PREMIUM,2024-08,12,,VERIFIED,80072.19,000335,2024-08-25 11:30:53,synthetic-generator,200335,100586
300336,7936.70,2024-09-18 12:00:26,Synthetic payment record,KBZ_PAY,PREMIUM,2024-09,1,,VERIFIED,7936.70,000336,2024-09-21 12:00:26,synthetic-generator,200336,100587
300337,12570.23,2024-10-23 13:03:08,Synthetic payment record,WAVE_PAY,PREMIUM,2024-10,2,,PENDING,12570.23,000337,2024-10-26 13:03:08,,200337,100588
300338,12354.63,2024-11-04 10:49:12,Synthetic payment record,AYA_PAY,PREMIUM,2024-11,3,,PENDING,12354.63,000338,2024-11-06 10:49:12,,200338,100589
300339,44023.49,2024-12-20 00:41:18,Synthetic payment record,BANK_TRANSFER,RENEWAL,2024-12,4,,PENDING,44023.49,000339,2024-12-20 00:41:18,,200339,100590
300340,24032.55,2025-01-27 08:12:34,Synthetic payment record,KBZ_PAY,PREMIUM,2025-01,5,,VERIFIED,24032.55,000340,2025-01-27 08:12:34,synthetic-generator,200340,100591
300341,12981.74,2025-02-07 13:07:30,Synthetic payment record,WAVE_PAY,PREMIUM,2025-02,6,,VERIFIED,12981.74,000341,2025-02-09 13:07:30,synthetic-generator,200341,100592
300342,10860.55,2025-03-27 17:34:49,Synthetic payment record,AYA_PAY,PREMIUM,2025-03,7,,VERIFIED,10860.55,000342,2025-03-28 17:34:49,synthetic-generator,200342,100593
300343,42772.93,2025-04-28 09:31:03,Synthetic payment record,BANK_TRANSFER,PREMIUM,2025-04,8,,VERIFIED,42772.93,000343,2025-04-29 09:31:03,synthetic-generator,200343,100594
300344,2271.47,2025-05-16 13:22:16,Synthetic payment record,KBZ_PAY,RENEWAL,2025-05,9,,VERIFIED,2271.47,000344,2025-05-19 13:22:16,synthetic-generator,200344,100595
300345,7836.98,2025-06-08 06:14:03,Synthetic payment record,WAVE_PAY,RENEWAL,2025-06,10,,PENDING,7836.98,000345,2025-06-09 06:14:03,,200345,100596
300346,33507.86,2025-07-11 16:44:10,Synthetic payment record,AYA_PAY,PREMIUM,2025-07,11,,VERIFIED,33507.86,000346,2025-07-13 16:44:10,synthetic-generator,200346,100597
300347,38013.02,2025-08-18 22:19:00,Synthetic payment record,BANK_TRANSFER,PREMIUM,2025-08,12,,VERIFIED,38013.02,000347,2025-08-18 22:19:00,synthetic-generator,200347,100598
300348,10705.81,2025-09-03 10:29:58,Synthetic payment record,KBZ_PAY,PREMIUM,2025-09,1,,VERIFIED,10705.81,000348,2025-09-03 10:29:58,synthetic-generator,200348,100599
300349,29090.13,2025-10-15 18:55:15,Synthetic payment record,WAVE_PAY,PREMIUM,2025-10,2,,VERIFIED,29090.13,000349,2025-10-16 18:55:15,synthetic-generator,200349,100600
300350,20391.66,2025-11-16 09:23:12,Synthetic payment record,AYA_PAY,PREMIUM,2025-11,3,,VERIFIED,20391.66,000350,2025-11-16 09:23:12,synthetic-generator,200350,100601
300351,13453.51,2025-12-24 16:14:58,Synthetic payment record,BANK_TRANSFER,PREMIUM,2025-12,4,,VERIFIED,13453.51,000351,2025-12-24 16:14:58,synthetic-generator,200351,100602
300352,19369.71,2026-01-27 19:57:21,Synthetic payment record,KBZ_PAY,PREMIUM,2026-01,5,,VERIFIED,19369.71,000352,2026-01-28 19:57:21,synthetic-generator,200352,100603
300353,24976.60,2026-02-20 21:53:46,Synthetic payment record,WAVE_PAY,PREMIUM,2026-02,6,,VERIFIED,24976.60,000353,2026-02-21 21:53:46,synthetic-generator,200353,100604
300354,26516.20,2026-03-06 17:48:45,Synthetic payment record,AYA_PAY,RENEWAL,2026-03,7,,VERIFIED,26516.20,000354,2026-03-07 17:48:45,synthetic-generator,200354,100605
300355,7184.16,2026-04-05 21:34:11,Synthetic payment record,BANK_TRANSFER,RENEWAL,2026-04,8,,VERIFIED,7184.16,000355,2026-04-05 21:34:11,synthetic-generator,200355,100606
300356,3770.95,2026-05-21 06:27:24,Synthetic payment record,KBZ_PAY,PREMIUM,2026-05,9,,VERIFIED,3770.95,000356,2026-05-24 06:27:24,synthetic-generator,200356,100607
300357,26278.85,2026-06-23 01:50:46,Synthetic payment record,WAVE_PAY,PREMIUM,2026-06,10,,VERIFIED,26278.85,000357,2026-06-24 01:50:46,synthetic-generator,200357,100608
300358,55535.08,2026-07-07 10:05:06,Synthetic payment record,AYA_PAY,PREMIUM,2026-07,11,,VERIFIED,55535.08,000358,2026-07-08 10:05:06,synthetic-generator,200358,100609
300359,81239.25,2026-08-16 12:34:25,Synthetic payment record,BANK_TRANSFER,PREMIUM,2026-08,12,,VERIFIED,81239.25,000359,2026-08-18 12:34:25,synthetic-generator,200359,100610
300360,3140.49,2021-09-11 03:46:32,Synthetic payment record,KBZ_PAY,PREMIUM,2021-09,1,,REJECTED,3140.49,000360,2021-09-11 03:46:32,,200360,100611
300361,14385.48,2021-10-17 22:02:08,Synthetic payment record,WAVE_PAY,PREMIUM,2021-10,2,,VERIFIED,14385.48,000361,2021-10-19 22:02:08,synthetic-generator,200361,100612
300362,3539.24,2021-11-06 04:23:51,Synthetic payment record,AYA_PAY,RENEWAL,2021-11,3,,VERIFIED,3539.24,000362,2021-11-07 04:23:51,synthetic-generator,200362,100613
300363,15748.70,2021-12-04 08:31:53,Synthetic payment record,BANK_TRANSFER,PREMIUM,2021-12,4,,VERIFIED,15748.70,000363,2021-12-06 08:31:53,synthetic-generator,200363,100614
300364,13597.73,2022-01-18 15:46:10,Synthetic payment record,KBZ_PAY,PREMIUM,2022-01,5,,VERIFIED,13597.73,000364,2022-01-20 15:46:10,synthetic-generator,200364,100615
300365,19760.05,2022-02-03 22:59:40,Synthetic payment record,WAVE_PAY,RENEWAL,2022-02,6,,VERIFIED,19760.05,000365,2022-02-05 22:59:40,synthetic-generator,200365,100616
300366,20910.05,2022-03-05 17:57:22,Synthetic payment record,AYA_PAY,PREMIUM,2022-03,7,,VERIFIED,20910.05,000366,2022-03-05 17:57:22,synthetic-generator,200366,100617
300367,4451.22,2022-04-27 01:46:26,Synthetic payment record,BANK_TRANSFER,PREMIUM,2022-04,8,,VERIFIED,4451.22,000367,2022-04-28 01:46:26,synthetic-generator,200367,100618
300368,15637.94,2022-05-20 08:17:46,Synthetic payment record,KBZ_PAY,PREMIUM,2022-05,9,,VERIFIED,15637.94,000368,2022-05-20 08:17:46,synthetic-generator,200368,100619
300369,31154.47,2022-06-01 23:18:31,Synthetic payment record,WAVE_PAY,PREMIUM,2022-06,10,,VERIFIED,31154.47,000369,2022-06-01 23:18:31,synthetic-generator,200369,100620
300370,10182.12,2022-07-26 12:58:37,Synthetic payment record,AYA_PAY,PREMIUM,2022-07,11,,VERIFIED,10182.12,000370,2022-07-26 12:58:37,synthetic-generator,200370,100621
300371,24080.49,2022-08-20 05:05:48,Synthetic payment record,BANK_TRANSFER,PREMIUM,2022-08,12,,VERIFIED,24080.49,000371,2022-08-20 05:05:48,synthetic-generator,200371,100622
300372,2507.64,2022-09-23 18:20:34,Synthetic payment record,KBZ_PAY,PREMIUM,2022-09,1,,PENDING,2507.64,000372,2022-09-24 18:20:34,,200372,100623
300373,7615.14,2022-10-12 19:45:07,Synthetic payment record,WAVE_PAY,PREMIUM,2022-10,2,,VERIFIED,7615.14,000373,2022-10-15 19:45:07,synthetic-generator,200373,100624
300374,25293.99,2022-11-28 06:56:01,Synthetic payment record,AYA_PAY,PREMIUM,2022-11,3,,VERIFIED,25293.99,000374,2022-11-30 06:56:01,synthetic-generator,200374,100625
300375,19795.71,2022-12-10 07:32:58,Synthetic payment record,BANK_TRANSFER,PREMIUM,2022-12,4,,VERIFIED,19795.71,000375,2022-12-10 07:32:58,synthetic-generator,200375,100626
300376,18846.57,2023-01-28 18:26:31,Synthetic payment record,KBZ_PAY,PREMIUM,2023-01,5,,VERIFIED,18846.57,000376,2023-01-31 18:26:31,synthetic-generator,200376,100627
300377,36068.03,2023-02-04 23:33:35,Synthetic payment record,WAVE_PAY,PREMIUM,2023-02,6,,VERIFIED,36068.03,000377,2023-02-06 23:33:35,synthetic-generator,200377,100628
300378,20108.71,2023-03-07 19:59:09,Synthetic payment record,AYA_PAY,PREMIUM,2023-03,7,,VERIFIED,20108.71,000378,2023-03-08 19:59:09,synthetic-generator,200378,100629
300379,40992.69,2023-04-15 21:47:37,Synthetic payment record,BANK_TRANSFER,PREMIUM,2023-04,8,,VERIFIED,40992.69,000379,2023-04-15 21:47:37,synthetic-generator,200379,100630
300380,14365.94,2023-05-27 02:35:32,Synthetic payment record,KBZ_PAY,PREMIUM,2023-05,9,,VERIFIED,14365.94,000380,2023-05-27 02:35:32,synthetic-generator,200380,100631
300381,23345.97,2023-06-05 06:53:53,Synthetic payment record,WAVE_PAY,PREMIUM,2023-06,10,,VERIFIED,23345.97,000381,2023-06-06 06:53:53,synthetic-generator,200381,100632
300382,21100.45,2023-07-29 10:14:32,Synthetic payment record,AYA_PAY,PREMIUM,2023-07,11,,PENDING,21100.45,000382,2023-08-01 10:14:32,,200382,100633
300383,33178.06,2023-08-26 08:48:44,Synthetic payment record,BANK_TRANSFER,PREMIUM,2023-08,12,,PENDING,33178.06,000383,2023-08-26 08:48:44,,200383,100634
300384,8791.69,2023-09-06 01:05:58,Synthetic payment record,KBZ_PAY,PREMIUM,2023-09,1,,VERIFIED,8791.69,000384,2023-09-08 01:05:58,synthetic-generator,200384,100635
300385,6904.78,2023-10-25 00:55:59,Synthetic payment record,WAVE_PAY,PREMIUM,2023-10,2,,PENDING,6904.78,000385,2023-10-28 00:55:59,,200385,100636
300386,38259.50,2023-11-12 07:45:40,Synthetic payment record,AYA_PAY,PREMIUM,2023-11,3,,VERIFIED,38259.50,000386,2023-11-12 07:45:40,synthetic-generator,200386,100637
300387,42962.14,2023-12-16 01:53:25,Synthetic payment record,BANK_TRANSFER,CLAIM_PAYOUT,2023-12,4,,VERIFIED,42962.14,000387,2023-12-16 01:53:25,synthetic-generator,200387,100638
300388,19114.04,2024-01-25 02:10:31,Synthetic payment record,KBZ_PAY,PREMIUM,2024-01,5,,VERIFIED,19114.04,000388,2024-01-28 02:10:31,synthetic-generator,200388,100639
300389,33406.67,2024-02-10 15:54:51,Synthetic payment record,WAVE_PAY,RENEWAL,2024-02,6,,VERIFIED,33406.67,000389,2024-02-10 15:54:51,synthetic-generator,200389,100640
300390,11274.60,2024-03-12 00:13:36,Synthetic payment record,AYA_PAY,PREMIUM,2024-03,7,,REJECTED,11274.60,000390,2024-03-13 00:13:36,,200390,100641
300391,40076.73,2024-04-18 04:52:37,Synthetic payment record,BANK_TRANSFER,PREMIUM,2024-04,8,,VERIFIED,40076.73,000391,2024-04-19 04:52:37,synthetic-generator,200391,100642
300392,21695.06,2024-05-07 23:15:23,Synthetic payment record,KBZ_PAY,PREMIUM,2024-05,9,,VERIFIED,21695.06,000392,2024-05-09 23:15:23,synthetic-generator,200392,100643
300393,14940.91,2024-06-25 15:46:14,Synthetic payment record,WAVE_PAY,PREMIUM,2024-06,10,,VERIFIED,14940.91,000393,2024-06-27 15:46:14,synthetic-generator,200393,100644
300394,34203.99,2024-07-21 09:55:46,Synthetic payment record,AYA_PAY,PREMIUM,2024-07,11,,VERIFIED,34203.99,000394,2024-07-22 09:55:46,synthetic-generator,200394,100645
300395,24872.62,2024-08-12 01:45:02,Synthetic payment record,BANK_TRANSFER,PREMIUM,2024-08,12,,VERIFIED,24872.62,000395,2024-08-13 01:45:02,synthetic-generator,200395,100646
300396,4018.81,2024-09-26 23:12:02,Synthetic payment record,KBZ_PAY,PREMIUM,2024-09,1,,VERIFIED,4018.81,000396,2024-09-27 23:12:02,synthetic-generator,200396,100647
300397,5242.79,2024-10-23 00:31:45,Synthetic payment record,WAVE_PAY,RENEWAL,2024-10,2,,VERIFIED,5242.79,000397,2024-10-25 00:31:45,synthetic-generator,200397,100648
300398,33057.96,2024-11-13 17:05:49,Synthetic payment record,AYA_PAY,PREMIUM,2024-11,3,,VERIFIED,33057.96,000398,2024-11-15 17:05:49,synthetic-generator,200398,100649
300399,19685.93,2024-12-26 21:14:52,Synthetic payment record,BANK_TRANSFER,PREMIUM,2024-12,4,,VERIFIED,19685.93,000399,2024-12-26 21:14:52,synthetic-generator,200399,100650
300400,12649.39,2025-01-14 16:50:35,Synthetic payment record,KBZ_PAY,PREMIUM,2025-01,5,,VERIFIED,12649.39,000400,2025-01-16 16:50:35,synthetic-generator,200400,100651
300401,22003.33,2025-02-18 23:45:04,Synthetic payment record,WAVE_PAY,RENEWAL,2025-02,6,,VERIFIED,22003.33,000401,2025-02-21 23:45:04,synthetic-generator,200401,100652
300402,19455.85,2025-03-09 15:07:23,Synthetic payment record,AYA_PAY,PREMIUM,2025-03,7,,VERIFIED,19455.85,000402,2025-03-12 15:07:23,synthetic-generator,200402,100653
300403,23387.36,2025-04-09 00:23:02,Synthetic payment record,BANK_TRANSFER,RENEWAL,2025-04,8,,PENDING,23387.36,000403,2025-04-10 00:23:02,,200403,100654
300404,13533.43,2025-05-15 20:12:11,Synthetic payment record,KBZ_PAY,PREMIUM,2025-05,9,,VERIFIED,13533.43,000404,2025-05-18 20:12:11,synthetic-generator,200404,100655
300405,6557.32,2025-06-17 04:21:53,Synthetic payment record,WAVE_PAY,PREMIUM,2025-06,10,,VERIFIED,6557.32,000405,2025-06-18 04:21:53,synthetic-generator,200405,100656
300406,27534.07,2025-07-23 19:34:33,Synthetic payment record,AYA_PAY,CLAIM_PAYOUT,2025-07,11,,VERIFIED,27534.07,000406,2025-07-24 19:34:33,synthetic-generator,200406,100657
300407,62558.81,2025-08-10 11:56:27,Synthetic payment record,BANK_TRANSFER,RENEWAL,2025-08,12,,VERIFIED,62558.81,000407,2025-08-10 11:56:27,synthetic-generator,200407,100658
300408,5841.68,2025-09-12 16:11:21,Synthetic payment record,KBZ_PAY,CLAIM_PAYOUT,2025-09,1,,VERIFIED,5841.68,000408,2025-09-14 16:11:21,synthetic-generator,200408,100659
300409,19847.60,2025-10-04 17:45:45,Synthetic payment record,WAVE_PAY,PREMIUM,2025-10,2,,VERIFIED,19847.60,000409,2025-10-04 17:45:45,synthetic-generator,200409,100660
300410,28005.40,2025-11-17 20:56:47,Synthetic payment record,AYA_PAY,CLAIM_PAYOUT,2025-11,3,,VERIFIED,28005.40,000410,2025-11-19 20:56:47,synthetic-generator,200410,100661
300411,35794.19,2025-12-12 07:54:44,Synthetic payment record,BANK_TRANSFER,PREMIUM,2025-12,4,,VERIFIED,35794.19,000411,2025-12-13 07:54:44,synthetic-generator,200411,100662
300412,15085.49,2026-01-30 22:53:43,Synthetic payment record,KBZ_PAY,PREMIUM,2026-01,5,,VERIFIED,15085.49,000412,2026-02-02 22:53:43,synthetic-generator,200412,100663
300413,37145.95,2026-02-13 19:39:40,Synthetic payment record,WAVE_PAY,PREMIUM,2026-02,6,,VERIFIED,37145.95,000413,2026-02-13 19:39:40,synthetic-generator,200413,100664
300414,15786.42,2026-03-13 09:33:58,Synthetic payment record,AYA_PAY,PREMIUM,2026-03,7,,VERIFIED,15786.42,000414,2026-03-15 09:33:58,synthetic-generator,200414,100665
300415,32993.60,2026-04-27 06:50:06,Synthetic payment record,BANK_TRANSFER,PREMIUM,2026-04,8,,VERIFIED,32993.60,000415,2026-04-30 06:50:06,synthetic-generator,200415,100666
300416,6817.14,2026-05-25 18:06:07,Synthetic payment record,KBZ_PAY,PREMIUM,2026-05,9,,PENDING,6817.14,000416,2026-05-26 18:06:07,,200416,100667
300417,24622.33,2026-06-11 16:02:32,Synthetic payment record,WAVE_PAY,PREMIUM,2026-06,10,,PENDING,24622.33,000417,2026-06-11 16:02:32,,200417,100668
300418,26639.89,2026-07-05 18:58:42,Synthetic payment record,AYA_PAY,RENEWAL,2026-07,11,,REJECTED,26639.89,000418,2026-07-06 18:58:42,,200418,100669
300419,39457.74,2026-08-17 12:55:05,Synthetic payment record,BANK_TRANSFER,PREMIUM,2026-08,12,,VERIFIED,39457.74,000419,2026-08-18 12:55:05,synthetic-generator,200419,100670
300420,2548.32,2021-09-26 20:40:02,Synthetic payment record,KBZ_PAY,PREMIUM,2021-09,1,,VERIFIED,2548.32,000420,2021-09-28 20:40:02,synthetic-generator,200420,100671
300421,18609.83,2021-10-06 20:04:59,Synthetic payment record,WAVE_PAY,CLAIM_PAYOUT,2021-10,2,,PENDING,18609.83,000421,2021-10-07 20:04:59,,200421,100672
300422,40361.21,2021-11-21 09:51:06,Synthetic payment record,AYA_PAY,PREMIUM,2021-11,3,,PENDING,40361.21,000422,2021-11-21 09:51:06,,200422,100673
300423,21844.52,2021-12-29 08:02:07,Synthetic payment record,BANK_TRANSFER,RENEWAL,2021-12,4,,VERIFIED,21844.52,000423,2022-01-01 08:02:07,synthetic-generator,200423,100674
300424,7709.81,2022-01-13 21:50:42,Synthetic payment record,KBZ_PAY,PREMIUM,2022-01,5,,VERIFIED,7709.81,000424,2022-01-13 21:50:42,synthetic-generator,200424,100675
300425,34956.17,2022-02-23 09:45:20,Synthetic payment record,WAVE_PAY,PREMIUM,2022-02,6,,VERIFIED,34956.17,000425,2022-02-26 09:45:20,synthetic-generator,200425,100676
300426,17627.55,2022-03-22 18:43:34,Synthetic payment record,AYA_PAY,PREMIUM,2022-03,7,,VERIFIED,17627.55,000426,2022-03-23 18:43:34,synthetic-generator,200426,100677
300427,45157.75,2022-04-07 06:21:11,Synthetic payment record,BANK_TRANSFER,PREMIUM,2022-04,8,,VERIFIED,45157.75,000427,2022-04-10 06:21:11,synthetic-generator,200427,100678
300428,3662.49,2022-05-24 06:24:08,Synthetic payment record,KBZ_PAY,PREMIUM,2022-05,9,,VERIFIED,3662.49,000428,2022-05-24 06:24:08,synthetic-generator,200428,100679
300429,17468.09,2022-06-14 17:58:51,Synthetic payment record,WAVE_PAY,PREMIUM,2022-06,10,,REJECTED,17468.09,000429,2022-06-16 17:58:51,,200429,100680
300430,41241.69,2022-07-18 13:15:19,Synthetic payment record,AYA_PAY,PREMIUM,2022-07,11,,PENDING,41241.69,000430,2022-07-19 13:15:19,,200430,100681
300431,35746.03,2022-08-12 16:44:44,Synthetic payment record,BANK_TRANSFER,PREMIUM,2022-08,12,,VERIFIED,35746.03,000431,2022-08-12 16:44:44,synthetic-generator,200431,100682
300432,9900.12,2022-09-29 00:39:08,Synthetic payment record,KBZ_PAY,PREMIUM,2022-09,1,,REJECTED,9900.12,000432,2022-10-01 00:39:08,,200432,100683
300433,9272.87,2022-10-03 08:36:59,Synthetic payment record,WAVE_PAY,PREMIUM,2022-10,2,,VERIFIED,9272.87,000433,2022-10-05 08:36:59,synthetic-generator,200433,100684
300434,28590.87,2022-11-07 02:48:32,Synthetic payment record,AYA_PAY,PREMIUM,2022-11,3,,VERIFIED,28590.87,000434,2022-11-07 02:48:32,synthetic-generator,200434,100685
300435,13087.73,2022-12-26 19:01:57,Synthetic payment record,BANK_TRANSFER,PREMIUM,2022-12,4,,VERIFIED,13087.73,000435,2022-12-29 19:01:57,synthetic-generator,200435,100686
300436,9727.92,2023-01-15 10:07:13,Synthetic payment record,KBZ_PAY,PREMIUM,2023-01,5,,VERIFIED,9727.92,000436,2023-01-16 10:07:13,synthetic-generator,200436,100687
300437,12055.38,2023-02-07 23:52:46,Synthetic payment record,WAVE_PAY,PREMIUM,2023-02,6,,VERIFIED,12055.38,000437,2023-02-10 23:52:46,synthetic-generator,200437,100688
300438,9804.06,2023-03-28 07:09:56,Synthetic payment record,AYA_PAY,PREMIUM,2023-03,7,,VERIFIED,9804.06,000438,2023-03-31 07:09:56,synthetic-generator,200438,100689
300439,32927.91,2023-04-02 09:08:58,Synthetic payment record,BANK_TRANSFER,PREMIUM,2023-04,8,,REJECTED,32927.91,000439,2023-04-05 09:08:58,,200439,100690
300440,14118.04,2023-05-08 23:28:15,Synthetic payment record,KBZ_PAY,CLAIM_PAYOUT,2023-05,9,,VERIFIED,14118.04,000440,2023-05-08 23:28:15,synthetic-generator,200440,100691
300441,25952.76,2023-06-11 13:14:19,Synthetic payment record,WAVE_PAY,PREMIUM,2023-06,10,,PENDING,25952.76,000441,2023-06-12 13:14:19,,200441,100692
300442,20478.82,2023-07-04 17:42:54,Synthetic payment record,AYA_PAY,RENEWAL,2023-07,11,,VERIFIED,20478.82,000442,2023-07-06 17:42:54,synthetic-generator,200442,100693
300443,35956.81,2023-08-01 12:22:20,Synthetic payment record,BANK_TRANSFER,PREMIUM,2023-08,12,,VERIFIED,35956.81,000443,2023-08-04 12:22:20,synthetic-generator,200443,100694
300444,4383.05,2023-09-03 20:06:19,Synthetic payment record,KBZ_PAY,PREMIUM,2023-09,1,,VERIFIED,4383.05,000444,2023-09-03 20:06:19,synthetic-generator,200444,100695
300445,3180.48,2023-10-15 09:06:05,Synthetic payment record,WAVE_PAY,PREMIUM,2023-10,2,,VERIFIED,3180.48,000445,2023-10-16 09:06:05,synthetic-generator,200445,100696
300446,26874.15,2023-11-17 07:33:03,Synthetic payment record,AYA_PAY,PREMIUM,2023-11,3,,VERIFIED,26874.15,000446,2023-11-19 07:33:03,synthetic-generator,200446,100697
300447,28334.47,2023-12-03 06:08:01,Synthetic payment record,BANK_TRANSFER,PREMIUM,2023-12,4,,PENDING,28334.47,000447,2023-12-06 06:08:01,,200447,100698
300448,20204.86,2024-01-19 11:58:05,Synthetic payment record,KBZ_PAY,RENEWAL,2024-01,5,,VERIFIED,20204.86,000448,2024-01-22 11:58:05,synthetic-generator,200448,100699
300449,8960.41,2024-02-15 05:06:39,Synthetic payment record,WAVE_PAY,PREMIUM,2024-02,6,,VERIFIED,8960.41,000449,2024-02-16 05:06:39,synthetic-generator,200449,100700
300450,28810.75,2024-03-21 21:18:14,Synthetic payment record,AYA_PAY,PREMIUM,2024-03,7,,REJECTED,28810.75,000450,2024-03-22 21:18:14,,200450,100701
300451,9168.72,2024-04-17 16:31:36,Synthetic payment record,BANK_TRANSFER,PREMIUM,2024-04,8,,VERIFIED,9168.72,000451,2024-04-17 16:31:36,synthetic-generator,200451,100702
300452,16096.47,2024-05-10 18:29:29,Synthetic payment record,KBZ_PAY,PREMIUM,2024-05,9,,VERIFIED,16096.47,000452,2024-05-11 18:29:29,synthetic-generator,200452,100703
300453,21478.82,2024-06-12 06:28:35,Synthetic payment record,WAVE_PAY,PREMIUM,2024-06,10,,VERIFIED,21478.82,000453,2024-06-15 06:28:35,synthetic-generator,200453,100704
300454,9998.32,2024-07-08 16:26:52,Synthetic payment record,AYA_PAY,RENEWAL,2024-07,11,,VERIFIED,9998.32,000454,2024-07-11 16:26:52,synthetic-generator,200454,100705
300455,18922.64,2024-08-06 12:28:52,Synthetic payment record,BANK_TRANSFER,RENEWAL,2024-08,12,,PENDING,18922.64,000455,2024-08-07 12:28:52,,200455,100706
300456,1159.56,2024-09-18 06:17:49,Synthetic payment record,KBZ_PAY,PREMIUM,2024-09,1,,PENDING,1159.56,000456,2024-09-18 06:17:49,,200456,100707
300457,22444.83,2024-10-28 21:35:14,Synthetic payment record,WAVE_PAY,RENEWAL,2024-10,2,,VERIFIED,22444.83,000457,2024-10-31 21:35:14,synthetic-generator,200457,100708
300458,36386.48,2024-11-18 21:10:08,Synthetic payment record,AYA_PAY,PREMIUM,2024-11,3,,VERIFIED,36386.48,000458,2024-11-19 21:10:08,synthetic-generator,200458,100709
300459,38521.03,2024-12-11 05:32:57,Synthetic payment record,BANK_TRANSFER,PREMIUM,2024-12,4,,VERIFIED,38521.03,000459,2024-12-11 05:32:57,synthetic-generator,200459,100710
300460,16191.49,2025-01-21 15:49:03,Synthetic payment record,KBZ_PAY,PREMIUM,2025-01,5,,PENDING,16191.49,000460,2025-01-23 15:49:03,,200460,100711
300461,20717.22,2025-02-20 02:19:23,Synthetic payment record,WAVE_PAY,PREMIUM,2025-02,6,,PENDING,20717.22,000461,2025-02-20 02:19:23,,200461,100712
300462,21918.66,2025-03-26 18:27:04,Synthetic payment record,AYA_PAY,CLAIM_PAYOUT,2025-03,7,,VERIFIED,21918.66,000462,2025-03-28 18:27:04,synthetic-generator,200462,100713
300463,16231.20,2025-04-28 09:38:09,Synthetic payment record,BANK_TRANSFER,PREMIUM,2025-04,8,,VERIFIED,16231.20,000463,2025-04-29 09:38:09,synthetic-generator,200463,100714
300464,13672.76,2025-05-26 07:27:33,Synthetic payment record,KBZ_PAY,PREMIUM,2025-05,9,,VERIFIED,13672.76,000464,2025-05-29 07:27:33,synthetic-generator,200464,100715
300465,8202.92,2025-06-20 03:13:51,Synthetic payment record,WAVE_PAY,PREMIUM,2025-06,10,,PENDING,8202.92,000465,2025-06-22 03:13:51,,200465,100716
300466,21378.83,2025-07-16 11:39:19,Synthetic payment record,AYA_PAY,PREMIUM,2025-07,11,,VERIFIED,21378.83,000466,2025-07-18 11:39:19,synthetic-generator,200466,100717
300467,6991.22,2025-08-11 06:31:20,Synthetic payment record,BANK_TRANSFER,RENEWAL,2025-08,12,,VERIFIED,6991.22,000467,2025-08-12 06:31:20,synthetic-generator,200467,100718
300468,14315.38,2025-09-06 03:04:51,Synthetic payment record,KBZ_PAY,PREMIUM,2025-09,1,,VERIFIED,14315.38,000468,2025-09-09 03:04:51,synthetic-generator,200468,100719
300469,21999.48,2025-10-22 08:05:38,Synthetic payment record,WAVE_PAY,PREMIUM,2025-10,2,,VERIFIED,21999.48,000469,2025-10-25 08:05:38,synthetic-generator,200469,100720
300470,25268.75,2025-11-10 23:32:19,Synthetic payment record,AYA_PAY,PREMIUM,2025-11,3,,VERIFIED,25268.75,000470,2025-11-12 23:32:19,synthetic-generator,200470,100721
300471,31051.69,2025-12-15 06:17:27,Synthetic payment record,BANK_TRANSFER,RENEWAL,2025-12,4,,VERIFIED,31051.69,000471,2025-12-18 06:17:27,synthetic-generator,200471,100722
300472,18384.18,2026-01-28 00:30:54,Synthetic payment record,KBZ_PAY,PREMIUM,2026-01,5,,VERIFIED,18384.18,000472,2026-01-31 00:30:54,synthetic-generator,200472,100723
300473,10142.30,2026-02-17 22:06:47,Synthetic payment record,WAVE_PAY,PREMIUM,2026-02,6,,PENDING,10142.30,000473,2026-02-17 22:06:47,,200473,100724
300474,15002.43,2026-03-01 14:52:43,Synthetic payment record,AYA_PAY,RENEWAL,2026-03,7,,VERIFIED,15002.43,000474,2026-03-01 14:52:43,synthetic-generator,200474,100725
300475,49350.76,2026-04-18 17:44:03,Synthetic payment record,BANK_TRANSFER,PREMIUM,2026-04,8,,PENDING,49350.76,000475,2026-04-19 17:44:03,,200475,100726
300476,4119.67,2026-05-21 12:07:44,Synthetic payment record,KBZ_PAY,RENEWAL,2026-05,9,,VERIFIED,4119.67,000476,2026-05-22 12:07:44,synthetic-generator,200476,100727
300477,17280.49,2026-06-04 21:36:27,Synthetic payment record,WAVE_PAY,PREMIUM,2026-06,10,,VERIFIED,17280.49,000477,2026-06-05 21:36:27,synthetic-generator,200477,100728
300478,36256.92,2026-07-10 06:38:54,Synthetic payment record,AYA_PAY,PREMIUM,2026-07,11,,VERIFIED,36256.92,000478,2026-07-12 06:38:54,synthetic-generator,200478,100729
300479,42507.37,2026-08-07 18:27:28,Synthetic payment record,BANK_TRANSFER,RENEWAL,2026-08,12,,VERIFIED,42507.37,000479,2026-08-08 18:27:28,synthetic-generator,200479,100730
300480,8800.78,2021-09-12 00:21:40,Synthetic payment record,KBZ_PAY,CLAIM_PAYOUT,2021-09,1,,VERIFIED,8800.78,000480,2021-09-12 00:21:40,synthetic-generator,200480,100731
300481,9303.43,2021-10-25 00:35:37,Synthetic payment record,WAVE_PAY,PREMIUM,2021-10,2,,PENDING,9303.43,000481,2021-10-25 00:35:37,,200481,100732
300482,5321.74,2021-11-26 09:45:57,Synthetic payment record,AYA_PAY,PREMIUM,2021-11,3,,VERIFIED,5321.74,000482,2021-11-27 09:45:57,synthetic-generator,200482,100733
300483,50356.65,2021-12-18 02:34:17,Synthetic payment record,BANK_TRANSFER,PREMIUM,2021-12,4,,VERIFIED,50356.65,000483,2021-12-20 02:34:17,synthetic-generator,200483,100734
300484,23385.50,2022-01-04 19:21:09,Synthetic payment record,KBZ_PAY,PREMIUM,2022-01,5,,PENDING,23385.50,000484,2022-01-07 19:21:09,,200484,100735
300485,6654.63,2022-02-23 04:32:28,Synthetic payment record,WAVE_PAY,PREMIUM,2022-02,6,,VERIFIED,6654.63,000485,2022-02-25 04:32:28,synthetic-generator,200485,100736
300486,17674.55,2022-03-13 20:16:30,Synthetic payment record,AYA_PAY,PREMIUM,2022-03,7,,VERIFIED,17674.55,000486,2022-03-13 20:16:30,synthetic-generator,200486,100737
300487,38840.96,2022-04-05 06:21:01,Synthetic payment record,BANK_TRANSFER,CLAIM_PAYOUT,2022-04,8,,VERIFIED,38840.96,000487,2022-04-05 06:21:01,synthetic-generator,200487,100738
300488,5531.97,2022-05-05 21:28:48,Synthetic payment record,KBZ_PAY,PREMIUM,2022-05,9,,REJECTED,5531.97,000488,2022-05-06 21:28:48,,200488,100739
300489,24990.98,2022-06-16 22:55:40,Synthetic payment record,WAVE_PAY,PREMIUM,2022-06,10,,VERIFIED,24990.98,000489,2022-06-17 22:55:40,synthetic-generator,200489,100740
300490,12699.50,2022-07-16 12:57:54,Synthetic payment record,AYA_PAY,PREMIUM,2022-07,11,,VERIFIED,12699.50,000490,2022-07-18 12:57:54,synthetic-generator,200490,100741
300491,32066.50,2022-08-27 10:19:41,Synthetic payment record,BANK_TRANSFER,PREMIUM,2022-08,12,,VERIFIED,32066.50,000491,2022-08-27 10:19:41,synthetic-generator,200491,100742
300492,4218.76,2022-09-29 05:45:59,Synthetic payment record,KBZ_PAY,PREMIUM,2022-09,1,,VERIFIED,4218.76,000492,2022-10-01 05:45:59,synthetic-generator,200492,100743
300493,21844.47,2022-10-31 16:15:20,Synthetic payment record,WAVE_PAY,RENEWAL,2022-10,2,,REJECTED,21844.47,000493,2022-11-02 16:15:20,,200493,100744
300494,37874.76,2022-11-05 06:44:25,Synthetic payment record,AYA_PAY,PREMIUM,2022-11,3,,VERIFIED,37874.76,000494,2022-11-05 06:44:25,synthetic-generator,200494,100745
300495,6495.23,2022-12-27 19:45:43,Synthetic payment record,BANK_TRANSFER,PREMIUM,2022-12,4,,VERIFIED,6495.23,000495,2022-12-29 19:45:43,synthetic-generator,200495,100746
300496,13946.74,2023-01-02 20:01:19,Synthetic payment record,KBZ_PAY,PREMIUM,2023-01,5,,VERIFIED,13946.74,000496,2023-01-02 20:01:19,synthetic-generator,200496,100747
300497,9437.33,2023-02-13 10:52:03,Synthetic payment record,WAVE_PAY,PREMIUM,2023-02,6,,VERIFIED,9437.33,000497,2023-02-15 10:52:03,synthetic-generator,200497,100748
300498,10721.58,2023-03-15 20:40:58,Synthetic payment record,AYA_PAY,PREMIUM,2023-03,7,,REJECTED,10721.58,000498,2023-03-15 20:40:58,,200498,100749
300499,42770.00,2023-04-09 14:20:03,Synthetic payment record,BANK_TRANSFER,PREMIUM,2023-04,8,,VERIFIED,42770.00,000499,2023-04-09 14:20:03,synthetic-generator,200499,100750
300500,13413.03,2023-05-23 21:15:01,Synthetic payment record,KBZ_PAY,PREMIUM,2023-05,9,,VERIFIED,13413.03,000500,2023-05-26 21:15:01,synthetic-generator,200500,100751
300501,7513.86,2023-06-22 07:25:14,Synthetic payment record,WAVE_PAY,PREMIUM,2023-06,10,,VERIFIED,7513.86,000501,2023-06-23 07:25:14,synthetic-generator,200501,100752
300502,44507.76,2023-07-26 07:01:23,Synthetic payment record,AYA_PAY,PREMIUM,2023-07,11,,REJECTED,44507.76,000502,2023-07-26 07:01:23,,200502,100753
300503,13714.03,2023-08-22 11:15:47,Synthetic payment record,BANK_TRANSFER,PREMIUM,2023-08,12,,VERIFIED,13714.03,000503,2023-08-23 11:15:47,synthetic-generator,200503,100754
300504,7046.73,2023-09-25 15:07:50,Synthetic payment record,KBZ_PAY,CLAIM_PAYOUT,2023-09,1,,VERIFIED,7046.73,000504,2023-09-27 15:07:50,synthetic-generator,200504,100755
300505,3496.29,2023-10-17 13:41:30,Synthetic payment record,WAVE_PAY,PREMIUM,2023-10,2,,VERIFIED,3496.29,000505,2023-10-18 13:41:30,synthetic-generator,200505,100756
300506,8815.62,2023-11-19 13:11:16,Synthetic payment record,AYA_PAY,PREMIUM,2023-11,3,,VERIFIED,8815.62,000506,2023-11-20 13:11:16,synthetic-generator,200506,100757
300507,14952.81,2023-12-18 18:35:23,Synthetic payment record,BANK_TRANSFER,PREMIUM,2023-12,4,,PENDING,14952.81,000507,2023-12-21 18:35:23,,200507,100758
300508,5486.96,2024-01-27 08:27:35,Synthetic payment record,KBZ_PAY,PREMIUM,2024-01,5,,VERIFIED,5486.96,000508,2024-01-28 08:27:35,synthetic-generator,200508,100759
300509,12500.69,2024-02-18 20:11:56,Synthetic payment record,WAVE_PAY,PREMIUM,2024-02,6,,VERIFIED,12500.69,000509,2024-02-20 20:11:56,synthetic-generator,200509,100760
300510,5417.93,2024-03-21 05:19:05,Synthetic payment record,AYA_PAY,CLAIM_PAYOUT,2024-03,7,,PENDING,5417.93,000510,2024-03-23 05:19:05,,200510,100761
300511,47322.02,2024-04-20 10:16:38,Synthetic payment record,BANK_TRANSFER,RENEWAL,2024-04,8,,VERIFIED,47322.02,000511,2024-04-21 10:16:38,synthetic-generator,200511,100762
300512,18837.41,2024-05-21 12:22:02,Synthetic payment record,KBZ_PAY,PREMIUM,2024-05,9,,REJECTED,18837.41,000512,2024-05-22 12:22:02,,200512,100763
300513,31659.71,2024-06-12 09:27:43,Synthetic payment record,WAVE_PAY,RENEWAL,2024-06,10,,VERIFIED,31659.71,000513,2024-06-14 09:27:43,synthetic-generator,200513,100764
300514,11009.35,2024-07-25 14:00:31,Synthetic payment record,AYA_PAY,CLAIM_PAYOUT,2024-07,11,,VERIFIED,11009.35,000514,2024-07-27 14:00:31,synthetic-generator,200514,100765
300515,44416.66,2024-08-26 23:07:36,Synthetic payment record,BANK_TRANSFER,PREMIUM,2024-08,12,,REJECTED,44416.66,000515,2024-08-26 23:07:36,,200515,100766
300516,8685.49,2024-09-02 09:01:14,Synthetic payment record,KBZ_PAY,PREMIUM,2024-09,1,,PENDING,8685.49,000516,2024-09-02 09:01:14,,200516,100767
300517,4872.76,2024-10-14 14:35:28,Synthetic payment record,WAVE_PAY,PREMIUM,2024-10,2,,VERIFIED,4872.76,000517,2024-10-17 14:35:28,synthetic-generator,200517,100768
300518,12662.91,2024-11-16 07:19:11,Synthetic payment record,AYA_PAY,PREMIUM,2024-11,3,,VERIFIED,12662.91,000518,2024-11-17 07:19:11,synthetic-generator,200518,100769
300519,17541.79,2024-12-11 10:51:43,Synthetic payment record,BANK_TRANSFER,PREMIUM,2024-12,4,,VERIFIED,17541.79,000519,2024-12-11 10:51:43,synthetic-generator,200519,100770
300520,7745.43,2025-01-12 14:06:17,Synthetic payment record,KBZ_PAY,PREMIUM,2025-01,5,,VERIFIED,7745.43,000520,2025-01-14 14:06:17,synthetic-generator,200520,100771
300521,39550.61,2025-02-15 06:17:20,Synthetic payment record,WAVE_PAY,PREMIUM,2025-02,6,,REJECTED,39550.61,000521,2025-02-17 06:17:20,,200521,100772
300522,29572.02,2025-03-14 22:34:27,Synthetic payment record,AYA_PAY,PREMIUM,2025-03,7,,PENDING,29572.02,000522,2025-03-16 22:34:27,,200522,100773
300523,46318.43,2025-04-06 08:51:51,Synthetic payment record,BANK_TRANSFER,RENEWAL,2025-04,8,,PENDING,46318.43,000523,2025-04-06 08:51:51,,200523,100774
300524,12569.06,2025-05-28 03:55:58,Synthetic payment record,KBZ_PAY,PREMIUM,2025-05,9,,VERIFIED,12569.06,000524,2025-05-30 03:55:58,synthetic-generator,200524,100775
300525,21310.24,2025-06-27 06:13:56,Synthetic payment record,WAVE_PAY,PREMIUM,2025-06,10,,VERIFIED,21310.24,000525,2025-06-29 06:13:56,synthetic-generator,200525,100776
300526,38474.67,2025-07-16 00:55:12,Synthetic payment record,AYA_PAY,RENEWAL,2025-07,11,,VERIFIED,38474.67,000526,2025-07-18 00:55:12,synthetic-generator,200526,100777
300527,44601.55,2025-08-18 23:05:48,Synthetic payment record,BANK_TRANSFER,PREMIUM,2025-08,12,,VERIFIED,44601.55,000527,2025-08-19 23:05:48,synthetic-generator,200527,100778
300528,7977.73,2025-09-13 15:11:05,Synthetic payment record,KBZ_PAY,RENEWAL,2025-09,1,,PENDING,7977.73,000528,2025-09-14 15:11:05,,200528,100779
300529,11370.03,2025-10-04 12:49:23,Synthetic payment record,WAVE_PAY,PREMIUM,2025-10,2,,VERIFIED,11370.03,000529,2025-10-05 12:49:23,synthetic-generator,200529,100780
300530,39066.15,2025-11-27 15:34:02,Synthetic payment record,AYA_PAY,PREMIUM,2025-11,3,,REJECTED,39066.15,000530,2025-11-30 15:34:02,,200530,100781
300531,11569.91,2025-12-23 15:22:41,Synthetic payment record,BANK_TRANSFER,PREMIUM,2025-12,4,,REJECTED,11569.91,000531,2025-12-25 15:22:41,,200531,100782
300532,21438.09,2026-01-05 17:28:42,Synthetic payment record,KBZ_PAY,PREMIUM,2026-01,5,,PENDING,21438.09,000532,2026-01-07 17:28:42,,200532,100783
300533,17590.69,2026-02-07 06:48:52,Synthetic payment record,WAVE_PAY,PREMIUM,2026-02,6,,VERIFIED,17590.69,000533,2026-02-09 06:48:52,synthetic-generator,200533,100784
300534,17110.50,2026-03-14 18:16:07,Synthetic payment record,AYA_PAY,PREMIUM,2026-03,7,,VERIFIED,17110.50,000534,2026-03-15 18:16:07,synthetic-generator,200534,100785
300535,27071.27,2026-04-24 11:11:25,Synthetic payment record,BANK_TRANSFER,RENEWAL,2026-04,8,,PENDING,27071.27,000535,2026-04-25 11:11:25,,200535,100786
300536,10572.30,2026-05-24 14:15:28,Synthetic payment record,KBZ_PAY,PREMIUM,2026-05,9,,PENDING,10572.30,000536,2026-05-26 14:15:28,,200536,100787
300537,4773.62,2026-06-04 19:28:52,Synthetic payment record,WAVE_PAY,PREMIUM,2026-06,10,,PENDING,4773.62,000537,2026-06-06 19:28:52,,200537,100788
300538,34901.74,2026-07-10 23:52:19,Synthetic payment record,AYA_PAY,PREMIUM,2026-07,11,,REJECTED,34901.74,000538,2026-07-12 23:52:19,,200538,100789
300539,33263.45,2026-08-11 10:52:17,Synthetic payment record,BANK_TRANSFER,PREMIUM,2026-08,12,,VERIFIED,33263.45,000539,2026-08-12 10:52:17,synthetic-generator,200539,100790
300540,1988.27,2021-09-08 20:13:41,Synthetic payment record,KBZ_PAY,PREMIUM,2021-09,1,,VERIFIED,1988.27,000540,2021-09-09 20:13:41,synthetic-generator,200540,100791
300541,2049.10,2021-10-23 23:05:31,Synthetic payment record,WAVE_PAY,PREMIUM,2021-10,2,,PENDING,2049.10,000541,2021-10-23 23:05:31,,200541,100792
300542,34103.13,2021-11-13 17:54:24,Synthetic payment record,AYA_PAY,RENEWAL,2021-11,3,,VERIFIED,34103.13,000542,2021-11-14 17:54:24,synthetic-generator,200542,100793
300543,19708.17,2021-12-06 22:54:38,Synthetic payment record,BANK_TRANSFER,RENEWAL,2021-12,4,,VERIFIED,19708.17,000543,2021-12-09 22:54:38,synthetic-generator,200543,100794
300544,12957.81,2022-01-31 23:03:00,Synthetic payment record,KBZ_PAY,RENEWAL,2022-01,5,,VERIFIED,12957.81,000544,2022-01-31 23:03:00,synthetic-generator,200544,100795
300545,36015.87,2022-02-11 09:48:15,Synthetic payment record,WAVE_PAY,PREMIUM,2022-02,6,,PENDING,36015.87,000545,2022-02-12 09:48:15,,200545,100796
300546,12162.84,2022-03-18 03:13:41,Synthetic payment record,AYA_PAY,PREMIUM,2022-03,7,,VERIFIED,12162.84,000546,2022-03-19 03:13:41,synthetic-generator,200546,100797
300547,31870.58,2022-04-26 17:03:28,Synthetic payment record,BANK_TRANSFER,CLAIM_PAYOUT,2022-04,8,,VERIFIED,31870.58,000547,2022-04-26 17:03:28,synthetic-generator,200547,100798
300548,5891.76,2022-05-04 08:50:46,Synthetic payment record,KBZ_PAY,PREMIUM,2022-05,9,,REJECTED,5891.76,000548,2022-05-06 08:50:46,,200548,100799
300549,21861.27,2022-06-05 13:35:38,Synthetic payment record,WAVE_PAY,RENEWAL,2022-06,10,,VERIFIED,21861.27,000549,2022-06-05 13:35:38,synthetic-generator,200549,100800
300550,21415.63,2022-07-25 08:43:16,Synthetic payment record,AYA_PAY,PREMIUM,2022-07,11,,VERIFIED,21415.63,000550,2022-07-27 08:43:16,synthetic-generator,200550,100801
300551,61943.64,2022-08-28 20:47:00,Synthetic payment record,BANK_TRANSFER,PREMIUM,2022-08,12,,VERIFIED,61943.64,000551,2022-08-30 20:47:00,synthetic-generator,200551,100802
300552,6998.76,2022-09-07 01:51:38,Synthetic payment record,KBZ_PAY,RENEWAL,2022-09,1,,VERIFIED,6998.76,000552,2022-09-07 01:51:38,synthetic-generator,200552,100803
300553,3165.99,2022-10-07 14:36:55,Synthetic payment record,WAVE_PAY,PREMIUM,2022-10,2,,VERIFIED,3165.99,000553,2022-10-10 14:36:55,synthetic-generator,200553,100804
300554,4027.37,2022-11-27 16:39:41,Synthetic payment record,AYA_PAY,RENEWAL,2022-11,3,,PENDING,4027.37,000554,2022-11-28 16:39:41,,200554,100805
300555,32719.29,2022-12-27 11:30:56,Synthetic payment record,BANK_TRANSFER,PREMIUM,2022-12,4,,VERIFIED,32719.29,000555,2022-12-30 11:30:56,synthetic-generator,200555,100806
300556,11043.83,2023-01-01 03:39:33,Synthetic payment record,KBZ_PAY,PREMIUM,2023-01,5,,PENDING,11043.83,000556,2023-01-01 03:39:33,,200556,100807
300557,20805.64,2023-02-17 23:25:58,Synthetic payment record,WAVE_PAY,RENEWAL,2023-02,6,,VERIFIED,20805.64,000557,2023-02-19 23:25:58,synthetic-generator,200557,100808
300558,13663.68,2023-03-18 04:51:19,Synthetic payment record,AYA_PAY,PREMIUM,2023-03,7,,VERIFIED,13663.68,000558,2023-03-19 04:51:19,synthetic-generator,200558,100809
300559,40056.74,2023-04-30 23:16:09,Synthetic payment record,BANK_TRANSFER,RENEWAL,2023-04,8,,VERIFIED,40056.74,000559,2023-05-03 23:16:09,synthetic-generator,200559,100810
300560,20122.17,2023-05-13 15:57:14,Synthetic payment record,KBZ_PAY,PREMIUM,2023-05,9,,PENDING,20122.17,000560,2023-05-16 15:57:14,,200560,100811
300561,38816.96,2023-06-02 20:12:09,Synthetic payment record,WAVE_PAY,PREMIUM,2023-06,10,,VERIFIED,38816.96,000561,2023-06-04 20:12:09,synthetic-generator,200561,100812
300562,18744.31,2023-07-04 08:50:43,Synthetic payment record,AYA_PAY,PREMIUM,2023-07,11,,VERIFIED,18744.31,000562,2023-07-06 08:50:43,synthetic-generator,200562,100813
300563,44226.14,2023-08-13 14:45:58,Synthetic payment record,BANK_TRANSFER,PREMIUM,2023-08,12,,VERIFIED,44226.14,000563,2023-08-14 14:45:58,synthetic-generator,200563,100814
300564,10191.87,2023-09-16 19:53:51,Synthetic payment record,KBZ_PAY,PREMIUM,2023-09,1,,VERIFIED,10191.87,000564,2023-09-19 19:53:51,synthetic-generator,200564,100815
300565,5158.19,2023-10-11 07:28:47,Synthetic payment record,WAVE_PAY,PREMIUM,2023-10,2,,VERIFIED,5158.19,000565,2023-10-13 07:28:47,synthetic-generator,200565,100816
300566,35780.71,2023-11-23 05:42:12,Synthetic payment record,AYA_PAY,PREMIUM,2023-11,3,,VERIFIED,35780.71,000566,2023-11-26 05:42:12,synthetic-generator,200566,100817
300567,7255.36,2023-12-28 07:58:03,Synthetic payment record,BANK_TRANSFER,PREMIUM,2023-12,4,,VERIFIED,7255.36,000567,2023-12-29 07:58:03,synthetic-generator,200567,100818
300568,14678.58,2024-01-10 10:38:49,Synthetic payment record,KBZ_PAY,PREMIUM,2024-01,5,,VERIFIED,14678.58,000568,2024-01-12 10:38:49,synthetic-generator,200568,100819
300569,18760.32,2024-02-04 13:05:01,Synthetic payment record,WAVE_PAY,CLAIM_PAYOUT,2024-02,6,,VERIFIED,18760.32,000569,2024-02-06 13:05:01,synthetic-generator,200569,100820
300570,21095.14,2024-03-16 20:13:32,Synthetic payment record,AYA_PAY,PREMIUM,2024-03,7,,VERIFIED,21095.14,000570,2024-03-16 20:13:32,synthetic-generator,200570,100821
300571,6541.55,2024-04-18 15:27:33,Synthetic payment record,BANK_TRANSFER,PREMIUM,2024-04,8,,REJECTED,6541.55,000571,2024-04-19 15:27:33,,200571,100822
300572,10325.90,2024-05-29 18:11:04,Synthetic payment record,KBZ_PAY,PREMIUM,2024-05,9,,VERIFIED,10325.90,000572,2024-05-30 18:11:04,synthetic-generator,200572,100823
300573,29608.72,2024-06-11 00:35:03,Synthetic payment record,WAVE_PAY,PREMIUM,2024-06,10,,VERIFIED,29608.72,000573,2024-06-11 00:35:03,synthetic-generator,200573,100824
300574,7637.79,2024-07-22 19:17:35,Synthetic payment record,AYA_PAY,PREMIUM,2024-07,11,,VERIFIED,7637.79,000574,2024-07-22 19:17:35,synthetic-generator,200574,100825
300575,66541.00,2024-08-08 09:37:55,Synthetic payment record,BANK_TRANSFER,PREMIUM,2024-08,12,,PENDING,66541.00,000575,2024-08-09 09:37:55,,200575,100826
300576,7914.48,2024-09-14 09:03:15,Synthetic payment record,KBZ_PAY,PREMIUM,2024-09,1,,VERIFIED,7914.48,000576,2024-09-16 09:03:15,synthetic-generator,200576,100827
300577,3178.48,2024-10-06 19:57:30,Synthetic payment record,WAVE_PAY,PREMIUM,2024-10,2,,VERIFIED,3178.48,000577,2024-10-07 19:57:30,synthetic-generator,200577,100828
300578,17304.87,2024-11-14 14:48:59,Synthetic payment record,AYA_PAY,PREMIUM,2024-11,3,,VERIFIED,17304.87,000578,2024-11-16 14:48:59,synthetic-generator,200578,100829
300579,53632.41,2024-12-10 07:36:01,Synthetic payment record,BANK_TRANSFER,RENEWAL,2024-12,4,,VERIFIED,53632.41,000579,2024-12-11 07:36:01,synthetic-generator,200579,100830
300580,7377.22,2025-01-22 14:09:52,Synthetic payment record,KBZ_PAY,PREMIUM,2025-01,5,,VERIFIED,7377.22,000580,2025-01-23 14:09:52,synthetic-generator,200580,100831
300581,32641.43,2025-02-15 15:30:40,Synthetic payment record,WAVE_PAY,PREMIUM,2025-02,6,,VERIFIED,32641.43,000581,2025-02-15 15:30:40,synthetic-generator,200581,100832
300582,31025.03,2025-03-02 15:58:36,Synthetic payment record,AYA_PAY,PREMIUM,2025-03,7,,VERIFIED,31025.03,000582,2025-03-03 15:58:36,synthetic-generator,200582,100833
300583,6909.19,2025-04-19 14:39:37,Synthetic payment record,BANK_TRANSFER,PREMIUM,2025-04,8,,VERIFIED,6909.19,000583,2025-04-20 14:39:37,synthetic-generator,200583,100834
300584,19645.31,2025-05-16 14:37:59,Synthetic payment record,KBZ_PAY,PREMIUM,2025-05,9,,VERIFIED,19645.31,000584,2025-05-18 14:37:59,synthetic-generator,200584,100835
300585,37519.92,2025-06-09 10:09:50,Synthetic payment record,WAVE_PAY,PREMIUM,2025-06,10,,PENDING,37519.92,000585,2025-06-10 10:09:50,,200585,100836
300586,43562.43,2025-07-26 15:34:28,Synthetic payment record,AYA_PAY,PREMIUM,2025-07,11,,VERIFIED,43562.43,000586,2025-07-27 15:34:28,synthetic-generator,200586,100837
300587,25304.12,2025-08-06 06:12:57,Synthetic payment record,BANK_TRANSFER,PREMIUM,2025-08,12,,PENDING,25304.12,000587,2025-08-09 06:12:57,,200587,100838
300588,14239.98,2025-09-10 17:20:51,Synthetic payment record,KBZ_PAY,PREMIUM,2025-09,1,,VERIFIED,14239.98,000588,2025-09-10 17:20:51,synthetic-generator,200588,100839
300589,16624.97,2025-10-28 22:33:06,Synthetic payment record,WAVE_PAY,RENEWAL,2025-10,2,,PENDING,16624.97,000589,2025-10-28 22:33:06,,200589,100840
300590,10514.79,2025-11-17 10:25:31,Synthetic payment record,AYA_PAY,PREMIUM,2025-11,3,,PENDING,10514.79,000590,2025-11-17 10:25:31,,200590,100841
300591,30952.60,2025-12-06 22:53:10,Synthetic payment record,BANK_TRANSFER,RENEWAL,2025-12,4,,VERIFIED,30952.60,000591,2025-12-08 22:53:10,synthetic-generator,200591,100842
300592,9030.41,2026-01-05 00:39:14,Synthetic payment record,KBZ_PAY,PREMIUM,2026-01,5,,VERIFIED,9030.41,000592,2026-01-05 00:39:14,synthetic-generator,200592,100843
300593,31994.50,2026-02-12 00:22:37,Synthetic payment record,WAVE_PAY,CLAIM_PAYOUT,2026-02,6,,VERIFIED,31994.50,000593,2026-02-14 00:22:37,synthetic-generator,200593,100844
300594,29861.95,2026-03-13 01:58:31,Synthetic payment record,AYA_PAY,PREMIUM,2026-03,7,,REJECTED,29861.95,000594,2026-03-14 01:58:31,,200594,100845
300595,50652.05,2026-04-29 13:51:18,Synthetic payment record,BANK_TRANSFER,PREMIUM,2026-04,8,,VERIFIED,50652.05,000595,2026-05-02 13:51:18,synthetic-generator,200595,100846
300596,18014.55,2026-05-22 15:16:59,Synthetic payment record,KBZ_PAY,PREMIUM,2026-05,9,,VERIFIED,18014.55,000596,2026-05-25 15:16:59,synthetic-generator,200596,100847
300597,11861.08,2026-06-27 04:05:48,Synthetic payment record,WAVE_PAY,PREMIUM,2026-06,10,,VERIFIED,11861.08,000597,2026-06-27 04:05:48,synthetic-generator,200597,100848
300598,40723.84,2026-07-16 10:45:29,Synthetic payment record,AYA_PAY,PREMIUM,2026-07,11,,VERIFIED,40723.84,000598,2026-07-19 10:45:29,synthetic-generator,200598,100849
300599,55475.95,2026-08-01 16:32:41,Synthetic payment record,BANK_TRANSFER,PREMIUM,2026-08,12,,VERIFIED,55475.95,000599,2026-08-03 16:32:41,synthetic-generator,200599,100850
300600,6519.46,2021-09-20 12:23:15,Synthetic payment record,KBZ_PAY,PREMIUM,2021-09,1,,VERIFIED,6519.46,000600,2021-09-23 12:23:15,synthetic-generator,200600,100851
300601,11264.01,2021-10-06 20:05:07,Synthetic payment record,WAVE_PAY,RENEWAL,2021-10,2,,VERIFIED,11264.01,000601,2021-10-07 20:05:07,synthetic-generator,200601,100852
300602,16813.06,2021-11-02 05:24:21,Synthetic payment record,AYA_PAY,PREMIUM,2021-11,3,,VERIFIED,16813.06,000602,2021-11-04 05:24:21,synthetic-generator,200602,100853
300603,45960.35,2021-12-31 15:49:51,Synthetic payment record,BANK_TRANSFER,PREMIUM,2021-12,4,,VERIFIED,45960.35,000603,2021-12-31 15:49:51,synthetic-generator,200603,100854
300604,4779.54,2022-01-13 17:01:25,Synthetic payment record,KBZ_PAY,CLAIM_PAYOUT,2022-01,5,,VERIFIED,4779.54,000604,2022-01-16 17:01:25,synthetic-generator,200604,100855
300605,30020.51,2022-02-21 20:45:54,Synthetic payment record,WAVE_PAY,RENEWAL,2022-02,6,,VERIFIED,30020.51,000605,2022-02-24 20:45:54,synthetic-generator,200605,100856
300606,14058.78,2022-03-20 22:55:33,Synthetic payment record,AYA_PAY,PREMIUM,2022-03,7,,VERIFIED,14058.78,000606,2022-03-21 22:55:33,synthetic-generator,200606,100857
300607,28373.90,2022-04-10 02:37:48,Synthetic payment record,BANK_TRANSFER,PREMIUM,2022-04,8,,VERIFIED,28373.90,000607,2022-04-12 02:37:48,synthetic-generator,200607,100858
300608,19112.00,2022-05-20 10:26:27,Synthetic payment record,KBZ_PAY,PREMIUM,2022-05,9,,VERIFIED,19112.00,000608,2022-05-22 10:26:27,synthetic-generator,200608,100859
300609,18709.24,2022-06-27 05:36:20,Synthetic payment record,WAVE_PAY,PREMIUM,2022-06,10,,VERIFIED,18709.24,000609,2022-06-30 05:36:20,synthetic-generator,200609,100860
300610,33747.06,2022-07-25 16:03:04,Synthetic payment record,AYA_PAY,PREMIUM,2022-07,11,,VERIFIED,33747.06,000610,2022-07-26 16:03:04,synthetic-generator,200610,100861
300611,42113.24,2022-08-16 21:43:47,Synthetic payment record,BANK_TRANSFER,PREMIUM,2022-08,12,,PENDING,42113.24,000611,2022-08-19 21:43:47,,200611,100862
300612,6838.33,2022-09-20 05:53:33,Synthetic payment record,KBZ_PAY,PREMIUM,2022-09,1,,VERIFIED,6838.33,000612,2022-09-22 05:53:33,synthetic-generator,200612,100863
300613,4649.79,2022-10-15 11:55:20,Synthetic payment record,WAVE_PAY,PREMIUM,2022-10,2,,VERIFIED,4649.79,000613,2022-10-16 11:55:20,synthetic-generator,200613,100864
300614,34082.21,2022-11-11 04:36:32,Synthetic payment record,AYA_PAY,PREMIUM,2022-11,3,,VERIFIED,34082.21,000614,2022-11-11 04:36:32,synthetic-generator,200614,100865
300615,20437.80,2022-12-19 01:03:24,Synthetic payment record,BANK_TRANSFER,PREMIUM,2022-12,4,,VERIFIED,20437.80,000615,2022-12-21 01:03:24,synthetic-generator,200615,100866
300616,12152.67,2023-01-05 03:36:45,Synthetic payment record,KBZ_PAY,RENEWAL,2023-01,5,,VERIFIED,12152.67,000616,2023-01-08 03:36:45,synthetic-generator,200616,100867
300617,41943.14,2023-02-03 00:29:48,Synthetic payment record,WAVE_PAY,PREMIUM,2023-02,6,,VERIFIED,41943.14,000617,2023-02-04 00:29:48,synthetic-generator,200617,100868
300618,19598.90,2023-03-14 03:19:22,Synthetic payment record,AYA_PAY,PREMIUM,2023-03,7,,VERIFIED,19598.90,000618,2023-03-17 03:19:22,synthetic-generator,200618,100869
300619,15271.50,2023-04-02 21:00:14,Synthetic payment record,BANK_TRANSFER,CLAIM_PAYOUT,2023-04,8,,VERIFIED,15271.50,000619,2023-04-05 21:00:14,synthetic-generator,200619,100870
300620,11193.90,2023-05-16 03:27:27,Synthetic payment record,KBZ_PAY,PREMIUM,2023-05,9,,PENDING,11193.90,000620,2023-05-19 03:27:27,,200620,100871
300621,20353.77,2023-06-23 21:16:58,Synthetic payment record,WAVE_PAY,PREMIUM,2023-06,10,,VERIFIED,20353.77,000621,2023-06-23 21:16:58,synthetic-generator,200621,100872
300622,28271.29,2023-07-16 19:41:16,Synthetic payment record,AYA_PAY,PREMIUM,2023-07,11,,VERIFIED,28271.29,000622,2023-07-17 19:41:16,synthetic-generator,200622,100873
300623,21509.10,2023-08-10 11:10:22,Synthetic payment record,BANK_TRANSFER,PREMIUM,2023-08,12,,REJECTED,21509.10,000623,2023-08-11 11:10:22,,200623,100874
300624,6922.84,2023-09-16 21:32:59,Synthetic payment record,KBZ_PAY,PREMIUM,2023-09,1,,PENDING,6922.84,000624,2023-09-19 21:32:59,,200624,100875
300625,18378.09,2023-10-09 02:08:03,Synthetic payment record,WAVE_PAY,PREMIUM,2023-10,2,,PENDING,18378.09,000625,2023-10-11 02:08:03,,200625,100876
300626,24353.38,2023-11-22 10:01:33,Synthetic payment record,AYA_PAY,RENEWAL,2023-11,3,,VERIFIED,24353.38,000626,2023-11-23 10:01:33,synthetic-generator,200626,100877
300627,29379.64,2023-12-11 18:53:41,Synthetic payment record,BANK_TRANSFER,PREMIUM,2023-12,4,,VERIFIED,29379.64,000627,2023-12-12 18:53:41,synthetic-generator,200627,100878
300628,5051.86,2024-01-03 08:50:53,Synthetic payment record,KBZ_PAY,PREMIUM,2024-01,5,,VERIFIED,5051.86,000628,2024-01-03 08:50:53,synthetic-generator,200628,100879
300629,39471.76,2024-02-12 09:36:30,Synthetic payment record,WAVE_PAY,PREMIUM,2024-02,6,,VERIFIED,39471.76,000629,2024-02-15 09:36:30,synthetic-generator,200629,100880
300630,16237.81,2024-03-13 00:29:37,Synthetic payment record,AYA_PAY,RENEWAL,2024-03,7,,VERIFIED,16237.81,000630,2024-03-13 00:29:37,synthetic-generator,200630,100881
300631,31021.20,2024-04-02 01:13:40,Synthetic payment record,BANK_TRANSFER,PREMIUM,2024-04,8,,VERIFIED,31021.20,000631,2024-04-05 01:13:40,synthetic-generator,200631,100882
300632,15313.29,2024-05-23 14:47:22,Synthetic payment record,KBZ_PAY,PREMIUM,2024-05,9,,VERIFIED,15313.29,000632,2024-05-26 14:47:22,synthetic-generator,200632,100883
300633,40794.76,2024-06-28 06:34:25,Synthetic payment record,WAVE_PAY,PREMIUM,2024-06,10,,VERIFIED,40794.76,000633,2024-06-28 06:34:25,synthetic-generator,200633,100884
300634,12629.84,2024-07-12 19:18:27,Synthetic payment record,AYA_PAY,PREMIUM,2024-07,11,,VERIFIED,12629.84,000634,2024-07-13 19:18:27,synthetic-generator,200634,100885
300635,8080.29,2024-08-19 03:48:50,Synthetic payment record,BANK_TRANSFER,PREMIUM,2024-08,12,,VERIFIED,8080.29,000635,2024-08-19 03:48:50,synthetic-generator,200635,100886
300636,10472.56,2024-09-03 00:46:11,Synthetic payment record,KBZ_PAY,PREMIUM,2024-09,1,,VERIFIED,10472.56,000636,2024-09-04 00:46:11,synthetic-generator,200636,100887
300637,7837.31,2024-10-29 14:03:19,Synthetic payment record,WAVE_PAY,PREMIUM,2024-10,2,,PENDING,7837.31,000637,2024-10-30 14:03:19,,200637,100888
300638,22714.60,2024-11-22 11:57:28,Synthetic payment record,AYA_PAY,CLAIM_PAYOUT,2024-11,3,,VERIFIED,22714.60,000638,2024-11-22 11:57:28,synthetic-generator,200638,100889
300639,17989.30,2024-12-02 15:49:59,Synthetic payment record,BANK_TRANSFER,PREMIUM,2024-12,4,,VERIFIED,17989.30,000639,2024-12-03 15:49:59,synthetic-generator,200639,100890
300640,10872.75,2025-01-14 17:09:45,Synthetic payment record,KBZ_PAY,PREMIUM,2025-01,5,,VERIFIED,10872.75,000640,2025-01-17 17:09:45,synthetic-generator,200640,100891
300641,42665.37,2025-02-27 04:58:12,Synthetic payment record,WAVE_PAY,PREMIUM,2025-02,6,,VERIFIED,42665.37,000641,2025-03-02 04:58:12,synthetic-generator,200641,100892
300642,20612.88,2025-03-15 17:13:48,Synthetic payment record,AYA_PAY,PREMIUM,2025-03,7,,VERIFIED,20612.88,000642,2025-03-18 17:13:48,synthetic-generator,200642,100893
300643,32628.74,2025-04-03 22:01:56,Synthetic payment record,BANK_TRANSFER,PREMIUM,2025-04,8,,VERIFIED,32628.74,000643,2025-04-03 22:01:56,synthetic-generator,200643,100894
300644,2921.09,2025-05-10 12:49:20,Synthetic payment record,KBZ_PAY,PREMIUM,2025-05,9,,PENDING,2921.09,000644,2025-05-11 12:49:20,,200644,100895
300645,7829.98,2025-06-18 00:08:32,Synthetic payment record,WAVE_PAY,RENEWAL,2025-06,10,,VERIFIED,7829.98,000645,2025-06-21 00:08:32,synthetic-generator,200645,100896
300646,27356.43,2025-07-13 11:45:27,Synthetic payment record,AYA_PAY,PREMIUM,2025-07,11,,VERIFIED,27356.43,000646,2025-07-14 11:45:27,synthetic-generator,200646,100897
300647,64560.92,2025-08-03 06:45:43,Synthetic payment record,BANK_TRANSFER,PREMIUM,2025-08,12,,VERIFIED,64560.92,000647,2025-08-05 06:45:43,synthetic-generator,200647,100898
300648,5095.61,2025-09-02 09:36:43,Synthetic payment record,KBZ_PAY,PREMIUM,2025-09,1,,VERIFIED,5095.61,000648,2025-09-05 09:36:43,synthetic-generator,200648,100899
300649,21726.75,2025-10-03 10:27:08,Synthetic payment record,WAVE_PAY,PREMIUM,2025-10,2,,VERIFIED,21726.75,000649,2025-10-05 10:27:08,synthetic-generator,200649,100900
300650,17215.98,2025-11-06 03:14:12,Synthetic payment record,AYA_PAY,RENEWAL,2025-11,3,,VERIFIED,17215.98,000650,2025-11-08 03:14:12,synthetic-generator,200650,100901
300651,6418.81,2025-12-21 22:52:24,Synthetic payment record,BANK_TRANSFER,RENEWAL,2025-12,4,,VERIFIED,6418.81,000651,2025-12-22 22:52:24,synthetic-generator,200651,100902
300652,5366.74,2026-01-19 06:04:50,Synthetic payment record,KBZ_PAY,PREMIUM,2026-01,5,,VERIFIED,5366.74,000652,2026-01-22 06:04:50,synthetic-generator,200652,100903
300653,4940.21,2026-02-18 00:56:18,Synthetic payment record,WAVE_PAY,PREMIUM,2026-02,6,,VERIFIED,4940.21,000653,2026-02-21 00:56:18,synthetic-generator,200653,100904
300654,21329.11,2026-03-20 19:56:50,Synthetic payment record,AYA_PAY,RENEWAL,2026-03,7,,VERIFIED,21329.11,000654,2026-03-21 19:56:50,synthetic-generator,200654,100905
300655,27655.77,2026-04-17 09:17:30,Synthetic payment record,BANK_TRANSFER,PREMIUM,2026-04,8,,PENDING,27655.77,000655,2026-04-18 09:17:30,,200655,100906
300656,23164.28,2026-05-07 14:30:28,Synthetic payment record,KBZ_PAY,PREMIUM,2026-05,9,,VERIFIED,23164.28,000656,2026-05-07 14:30:28,synthetic-generator,200656,100907
300657,9737.08,2026-06-09 03:11:49,Synthetic payment record,WAVE_PAY,RENEWAL,2026-06,10,,VERIFIED,9737.08,000657,2026-06-11 03:11:49,synthetic-generator,200657,100908
300658,18532.96,2026-07-26 03:04:18,Synthetic payment record,AYA_PAY,PREMIUM,2026-07,11,,VERIFIED,18532.96,000658,2026-07-28 03:04:18,synthetic-generator,200658,100909
300659,52006.43,2026-08-08 16:33:09,Synthetic payment record,BANK_TRANSFER,PREMIUM,2026-08,12,,VERIFIED,52006.43,000659,2026-08-08 16:33:09,synthetic-generator,200659,100910
300660,8023.68,2021-09-27 22:30:06,Synthetic payment record,KBZ_PAY,PREMIUM,2021-09,1,,VERIFIED,8023.68,000660,2021-09-29 22:30:06,synthetic-generator,200660,100911
300661,1901.59,2021-10-11 11:12:57,Synthetic payment record,WAVE_PAY,PREMIUM,2021-10,2,,VERIFIED,1901.59,000661,2021-10-11 11:12:57,synthetic-generator,200661,100912
300662,26214.25,2021-11-10 10:36:38,Synthetic payment record,AYA_PAY,RENEWAL,2021-11,3,,REJECTED,26214.25,000662,2021-11-10 10:36:38,,200662,100913
300663,23675.43,2021-12-10 11:32:35,Synthetic payment record,BANK_TRANSFER,PREMIUM,2021-12,4,,VERIFIED,23675.43,000663,2021-12-11 11:32:35,synthetic-generator,200663,100914
300664,14605.71,2022-01-20 00:51:39,Synthetic payment record,KBZ_PAY,PREMIUM,2022-01,5,,REJECTED,14605.71,000664,2022-01-20 00:51:39,,200664,100915
300665,35375.13,2022-02-26 04:06:16,Synthetic payment record,WAVE_PAY,PREMIUM,2022-02,6,,VERIFIED,35375.13,000665,2022-02-27 04:06:16,synthetic-generator,200665,100916
300666,24882.09,2022-03-03 20:01:38,Synthetic payment record,AYA_PAY,RENEWAL,2022-03,7,,VERIFIED,24882.09,000666,2022-03-06 20:01:38,synthetic-generator,200666,100917
300667,35891.89,2022-04-01 00:16:28,Synthetic payment record,BANK_TRANSFER,PREMIUM,2022-04,8,,VERIFIED,35891.89,000667,2022-04-02 00:16:28,synthetic-generator,200667,100918
300668,8695.60,2022-05-06 22:43:14,Synthetic payment record,KBZ_PAY,RENEWAL,2022-05,9,,VERIFIED,8695.60,000668,2022-05-06 22:43:14,synthetic-generator,200668,100919
300669,25971.22,2022-06-22 00:32:46,Synthetic payment record,WAVE_PAY,PREMIUM,2022-06,10,,VERIFIED,25971.22,000669,2022-06-24 00:32:46,synthetic-generator,200669,100920
300670,8445.02,2022-07-24 10:20:31,Synthetic payment record,AYA_PAY,PREMIUM,2022-07,11,,PENDING,8445.02,000670,2022-07-26 10:20:31,,200670,100921
300671,13993.18,2022-08-27 08:12:37,Synthetic payment record,BANK_TRANSFER,PREMIUM,2022-08,12,,VERIFIED,13993.18,000671,2022-08-27 08:12:37,synthetic-generator,200671,100922
300672,9098.51,2022-09-14 11:16:31,Synthetic payment record,KBZ_PAY,PREMIUM,2022-09,1,,VERIFIED,9098.51,000672,2022-09-14 11:16:31,synthetic-generator,200672,100923
300673,15951.34,2022-10-14 10:34:54,Synthetic payment record,WAVE_PAY,PREMIUM,2022-10,2,,VERIFIED,15951.34,000673,2022-10-17 10:34:54,synthetic-generator,200673,100924
300674,2862.31,2022-11-01 05:53:15,Synthetic payment record,AYA_PAY,PREMIUM,2022-11,3,,PENDING,2862.31,000674,2022-11-02 05:53:15,,200674,100925
300675,34897.75,2022-12-07 01:29:07,Synthetic payment record,BANK_TRANSFER,PREMIUM,2022-12,4,,VERIFIED,34897.75,000675,2022-12-10 01:29:07,synthetic-generator,200675,100926
300676,11194.80,2023-01-25 01:39:13,Synthetic payment record,KBZ_PAY,PREMIUM,2023-01,5,,VERIFIED,11194.80,000676,2023-01-27 01:39:13,synthetic-generator,200676,100927
300677,10958.44,2023-02-13 04:23:41,Synthetic payment record,WAVE_PAY,PREMIUM,2023-02,6,,PENDING,10958.44,000677,2023-02-15 04:23:41,,200677,100928
300678,3321.41,2023-03-15 23:01:26,Synthetic payment record,AYA_PAY,PREMIUM,2023-03,7,,VERIFIED,3321.41,000678,2023-03-18 23:01:26,synthetic-generator,200678,100929
300679,23912.01,2023-04-22 14:11:08,Synthetic payment record,BANK_TRANSFER,RENEWAL,2023-04,8,,VERIFIED,23912.01,000679,2023-04-22 14:11:08,synthetic-generator,200679,100930
300680,17881.46,2023-05-18 08:09:00,Synthetic payment record,KBZ_PAY,PREMIUM,2023-05,9,,VERIFIED,17881.46,000680,2023-05-19 08:09:00,synthetic-generator,200680,100931
300681,18318.32,2023-06-06 12:54:10,Synthetic payment record,WAVE_PAY,PREMIUM,2023-06,10,,VERIFIED,18318.32,000681,2023-06-07 12:54:10,synthetic-generator,200681,100932
300682,38228.86,2023-07-07 17:45:58,Synthetic payment record,AYA_PAY,PREMIUM,2023-07,11,,VERIFIED,38228.86,000682,2023-07-07 17:45:58,synthetic-generator,200682,100933
300683,21948.42,2023-08-21 02:26:39,Synthetic payment record,BANK_TRANSFER,PREMIUM,2023-08,12,,VERIFIED,21948.42,000683,2023-08-22 02:26:39,synthetic-generator,200683,100934
300684,6229.71,2023-09-24 16:51:57,Synthetic payment record,KBZ_PAY,PREMIUM,2023-09,1,,VERIFIED,6229.71,000684,2023-09-27 16:51:57,synthetic-generator,200684,100935
300685,3918.31,2023-10-04 13:56:17,Synthetic payment record,WAVE_PAY,PREMIUM,2023-10,2,,VERIFIED,3918.31,000685,2023-10-04 13:56:17,synthetic-generator,200685,100936
300686,4063.61,2023-11-05 03:23:09,Synthetic payment record,AYA_PAY,RENEWAL,2023-11,3,,VERIFIED,4063.61,000686,2023-11-05 03:23:09,synthetic-generator,200686,100937
300687,29352.36,2023-12-29 14:29:17,Synthetic payment record,BANK_TRANSFER,PREMIUM,2023-12,4,,VERIFIED,29352.36,000687,2023-12-29 14:29:17,synthetic-generator,200687,100938
300688,22675.63,2024-01-29 23:28:02,Synthetic payment record,KBZ_PAY,PREMIUM,2024-01,5,,VERIFIED,22675.63,000688,2024-01-29 23:28:02,synthetic-generator,200688,100939
300689,30195.73,2024-02-17 11:59:50,Synthetic payment record,WAVE_PAY,PREMIUM,2024-02,6,,VERIFIED,30195.73,000689,2024-02-19 11:59:50,synthetic-generator,200689,100940
300690,33692.78,2024-03-27 23:46:30,Synthetic payment record,AYA_PAY,PREMIUM,2024-03,7,,PENDING,33692.78,000690,2024-03-30 23:46:30,,200690,100941
300691,16341.39,2024-04-13 22:38:19,Synthetic payment record,BANK_TRANSFER,PREMIUM,2024-04,8,,VERIFIED,16341.39,000691,2024-04-16 22:38:19,synthetic-generator,200691,100942
300692,12047.76,2024-05-31 23:25:23,Synthetic payment record,KBZ_PAY,PREMIUM,2024-05,9,,VERIFIED,12047.76,000692,2024-06-02 23:25:23,synthetic-generator,200692,100943
300693,19356.07,2024-06-25 06:13:04,Synthetic payment record,WAVE_PAY,PREMIUM,2024-06,10,,VERIFIED,19356.07,000693,2024-06-25 06:13:04,synthetic-generator,200693,100944
300694,18423.21,2024-07-06 21:23:05,Synthetic payment record,AYA_PAY,RENEWAL,2024-07,11,,PENDING,18423.21,000694,2024-07-09 21:23:05,,200694,100945
300695,61954.74,2024-08-14 12:56:28,Synthetic payment record,BANK_TRANSFER,PREMIUM,2024-08,12,,PENDING,61954.74,000695,2024-08-17 12:56:28,,200695,100946
300696,5845.41,2024-09-05 04:59:46,Synthetic payment record,KBZ_PAY,PREMIUM,2024-09,1,,VERIFIED,5845.41,000696,2024-09-07 04:59:46,synthetic-generator,200696,100947
300697,21546.13,2024-10-28 18:03:46,Synthetic payment record,WAVE_PAY,PREMIUM,2024-10,2,,VERIFIED,21546.13,000697,2024-10-31 18:03:46,synthetic-generator,200697,100948
300698,15199.29,2024-11-04 05:38:56,Synthetic payment record,AYA_PAY,PREMIUM,2024-11,3,,VERIFIED,15199.29,000698,2024-11-07 05:38:56,synthetic-generator,200698,100949
300699,40314.80,2024-12-27 19:01:16,Synthetic payment record,BANK_TRANSFER,PREMIUM,2024-12,4,,VERIFIED,40314.80,000699,2024-12-27 19:01:16,synthetic-generator,200699,100950
300700,27145.14,2025-01-17 04:16:27,Synthetic payment record,KBZ_PAY,PREMIUM,2025-01,5,,VERIFIED,27145.14,000700,2025-01-18 04:16:27,synthetic-generator,200700,100951
300701,14435.87,2025-02-05 10:56:05,Synthetic payment record,WAVE_PAY,PREMIUM,2025-02,6,,VERIFIED,14435.87,000701,2025-02-07 10:56:05,synthetic-generator,200701,100952
300702,8702.61,2025-03-27 08:36:32,Synthetic payment record,AYA_PAY,PREMIUM,2025-03,7,,PENDING,8702.61,000702,2025-03-27 08:36:32,,200702,100953
300703,13012.04,2025-04-08 00:47:50,Synthetic payment record,BANK_TRANSFER,PREMIUM,2025-04,8,,VERIFIED,13012.04,000703,2025-04-09 00:47:50,synthetic-generator,200703,100954
300704,10530.16,2025-05-04 07:12:57,Synthetic payment record,KBZ_PAY,RENEWAL,2025-05,9,,VERIFIED,10530.16,000704,2025-05-07 07:12:57,synthetic-generator,200704,100955
300705,33716.16,2025-06-04 16:50:51,Synthetic payment record,WAVE_PAY,PREMIUM,2025-06,10,,VERIFIED,33716.16,000705,2025-06-05 16:50:51,synthetic-generator,200705,100956
300706,33973.88,2025-07-02 21:11:05,Synthetic payment record,AYA_PAY,CLAIM_PAYOUT,2025-07,11,,VERIFIED,33973.88,000706,2025-07-02 21:11:05,synthetic-generator,200706,100957
300707,7178.42,2025-08-23 18:33:00,Synthetic payment record,BANK_TRANSFER,PREMIUM,2025-08,12,,VERIFIED,7178.42,000707,2025-08-25 18:33:00,synthetic-generator,200707,100958
300708,11494.33,2025-09-16 05:58:59,Synthetic payment record,KBZ_PAY,PREMIUM,2025-09,1,,VERIFIED,11494.33,000708,2025-09-16 05:58:59,synthetic-generator,200708,100959
300709,7610.72,2025-10-24 18:43:35,Synthetic payment record,WAVE_PAY,PREMIUM,2025-10,2,,PENDING,7610.72,000709,2025-10-26 18:43:35,,200709,100960
300710,31026.24,2025-11-09 16:38:22,Synthetic payment record,AYA_PAY,PREMIUM,2025-11,3,,VERIFIED,31026.24,000710,2025-11-11 16:38:22,synthetic-generator,200710,100961
300711,10933.71,2025-12-07 01:34:35,Synthetic payment record,BANK_TRANSFER,PREMIUM,2025-12,4,,PENDING,10933.71,000711,2025-12-07 01:34:35,,200711,100962
300712,11881.02,2026-01-15 19:33:58,Synthetic payment record,KBZ_PAY,PREMIUM,2026-01,5,,PENDING,11881.02,000712,2026-01-15 19:33:58,,200712,100963
300713,41029.08,2026-02-04 13:06:01,Synthetic payment record,WAVE_PAY,PREMIUM,2026-02,6,,VERIFIED,41029.08,000713,2026-02-05 13:06:01,synthetic-generator,200713,100964
300714,17254.47,2026-03-08 07:46:05,Synthetic payment record,AYA_PAY,RENEWAL,2026-03,7,,VERIFIED,17254.47,000714,2026-03-10 07:46:05,synthetic-generator,200714,100965
300715,14568.00,2026-04-15 15:33:09,Synthetic payment record,BANK_TRANSFER,RENEWAL,2026-04,8,,REJECTED,14568.00,000715,2026-04-15 15:33:09,,200715,100966
300716,15386.98,2026-05-18 03:20:47,Synthetic payment record,KBZ_PAY,RENEWAL,2026-05,9,,VERIFIED,15386.98,000716,2026-05-19 03:20:47,synthetic-generator,200716,100967
300717,12878.28,2026-06-25 02:37:07,Synthetic payment record,WAVE_PAY,PREMIUM,2026-06,10,,VERIFIED,12878.28,000717,2026-06-27 02:37:07,synthetic-generator,200717,100968
300718,21131.88,2026-07-26 17:47:51,Synthetic payment record,AYA_PAY,PREMIUM,2026-07,11,,VERIFIED,21131.88,000718,2026-07-27 17:47:51,synthetic-generator,200718,100969
300719,64196.10,2026-08-08 03:16:43,Synthetic payment record,BANK_TRANSFER,PREMIUM,2026-08,12,,REJECTED,64196.10,000719,2026-08-08 03:16:43,,200719,100970
300720,3868.38,2021-09-19 14:32:24,Synthetic payment record,KBZ_PAY,PREMIUM,2021-09,1,,VERIFIED,3868.38,000720,2021-09-20 14:32:24,synthetic-generator,200720,100971
300721,5909.44,2021-10-31 22:24:51,Synthetic payment record,WAVE_PAY,PREMIUM,2021-10,2,,VERIFIED,5909.44,000721,2021-11-02 22:24:51,synthetic-generator,200721,100972
300722,15386.12,2021-11-09 14:51:27,Synthetic payment record,AYA_PAY,PREMIUM,2021-11,3,,VERIFIED,15386.12,000722,2021-11-12 14:51:27,synthetic-generator,200722,100973
300723,6400.06,2021-12-21 00:38:57,Synthetic payment record,BANK_TRANSFER,PREMIUM,2021-12,4,,VERIFIED,6400.06,000723,2021-12-22 00:38:57,synthetic-generator,200723,100974
300724,12048.43,2022-01-09 12:01:56,Synthetic payment record,KBZ_PAY,PREMIUM,2022-01,5,,REJECTED,12048.43,000724,2022-01-09 12:01:56,,200724,100975
300725,25737.96,2022-02-24 08:10:57,Synthetic payment record,WAVE_PAY,PREMIUM,2022-02,6,,VERIFIED,25737.96,000725,2022-02-26 08:10:57,synthetic-generator,200725,100976
300726,17887.23,2022-03-26 09:27:45,Synthetic payment record,AYA_PAY,PREMIUM,2022-03,7,,PENDING,17887.23,000726,2022-03-26 09:27:45,,200726,100977
300727,20435.30,2022-04-25 22:39:54,Synthetic payment record,BANK_TRANSFER,PREMIUM,2022-04,8,,PENDING,20435.30,000727,2022-04-25 22:39:54,,200727,100978
300728,7501.77,2022-05-06 20:31:35,Synthetic payment record,KBZ_PAY,PREMIUM,2022-05,9,,REJECTED,7501.77,000728,2022-05-07 20:31:35,,200728,100979
300729,34375.66,2022-06-27 23:33:27,Synthetic payment record,WAVE_PAY,PREMIUM,2022-06,10,,VERIFIED,34375.66,000729,2022-06-29 23:33:27,synthetic-generator,200729,100980
300730,22612.92,2022-07-26 05:24:41,Synthetic payment record,AYA_PAY,PREMIUM,2022-07,11,,VERIFIED,22612.92,000730,2022-07-27 05:24:41,synthetic-generator,200730,100981
300731,9400.97,2022-08-01 14:19:15,Synthetic payment record,BANK_TRANSFER,RENEWAL,2022-08,12,,VERIFIED,9400.97,000731,2022-08-04 14:19:15,synthetic-generator,200731,100982
300732,1964.42,2022-09-21 04:59:17,Synthetic payment record,KBZ_PAY,PREMIUM,2022-09,1,,VERIFIED,1964.42,000732,2022-09-21 04:59:17,synthetic-generator,200732,100983
300733,10598.17,2022-10-25 17:08:10,Synthetic payment record,WAVE_PAY,PREMIUM,2022-10,2,,VERIFIED,10598.17,000733,2022-10-28 17:08:10,synthetic-generator,200733,100984
300734,27576.83,2022-11-05 21:15:37,Synthetic payment record,AYA_PAY,PREMIUM,2022-11,3,,PENDING,27576.83,000734,2022-11-05 21:15:37,,200734,100985
300735,18066.31,2022-12-12 03:57:00,Synthetic payment record,BANK_TRANSFER,PREMIUM,2022-12,4,,VERIFIED,18066.31,000735,2022-12-14 03:57:00,synthetic-generator,200735,100986
300736,13874.54,2023-01-05 08:55:26,Synthetic payment record,KBZ_PAY,PREMIUM,2023-01,5,,PENDING,13874.54,000736,2023-01-06 08:55:26,,200736,100987
300737,34487.52,2023-02-08 18:43:49,Synthetic payment record,WAVE_PAY,CLAIM_PAYOUT,2023-02,6,,VERIFIED,34487.52,000737,2023-02-11 18:43:49,synthetic-generator,200737,100988
300738,11347.52,2023-03-30 13:56:47,Synthetic payment record,AYA_PAY,PREMIUM,2023-03,7,,VERIFIED,11347.52,000738,2023-03-31 13:56:47,synthetic-generator,200738,100989
300739,29103.03,2023-04-18 12:08:43,Synthetic payment record,BANK_TRANSFER,PREMIUM,2023-04,8,,VERIFIED,29103.03,000739,2023-04-21 12:08:43,synthetic-generator,200739,100990
300740,7437.00,2023-05-02 11:59:30,Synthetic payment record,KBZ_PAY,PREMIUM,2023-05,9,,PENDING,7437.00,000740,2023-05-05 11:59:30,,200740,100991
300741,16413.73,2023-06-05 04:38:13,Synthetic payment record,WAVE_PAY,PREMIUM,2023-06,10,,VERIFIED,16413.73,000741,2023-06-07 04:38:13,synthetic-generator,200741,100992
300742,37738.11,2023-07-22 00:05:07,Synthetic payment record,AYA_PAY,PREMIUM,2023-07,11,,VERIFIED,37738.11,000742,2023-07-22 00:05:07,synthetic-generator,200742,100993
300743,61181.70,2023-08-24 19:04:50,Synthetic payment record,BANK_TRANSFER,PREMIUM,2023-08,12,,VERIFIED,61181.70,000743,2023-08-25 19:04:50,synthetic-generator,200743,100994
300744,6528.60,2023-09-21 09:18:46,Synthetic payment record,KBZ_PAY,PREMIUM,2023-09,1,,PENDING,6528.60,000744,2023-09-24 09:18:46,,200744,100995
300745,2889.86,2023-10-18 18:01:08,Synthetic payment record,WAVE_PAY,PREMIUM,2023-10,2,,VERIFIED,2889.86,000745,2023-10-18 18:01:08,synthetic-generator,200745,100996
300746,18509.82,2023-11-22 23:04:22,Synthetic payment record,AYA_PAY,CLAIM_PAYOUT,2023-11,3,,VERIFIED,18509.82,000746,2023-11-24 23:04:22,synthetic-generator,200746,100997
300747,30183.10,2023-12-10 03:34:25,Synthetic payment record,BANK_TRANSFER,CLAIM_PAYOUT,2023-12,4,,VERIFIED,30183.10,000747,2023-12-11 03:34:25,synthetic-generator,200747,100998
300748,26298.29,2024-01-30 23:03:53,Synthetic payment record,KBZ_PAY,PREMIUM,2024-01,5,,PENDING,26298.29,000748,2024-01-31 23:03:53,,200748,100999
300749,3571.73,2024-02-11 09:56:13,Synthetic payment record,WAVE_PAY,PREMIUM,2024-02,6,,VERIFIED,3571.73,000749,2024-02-14 09:56:13,synthetic-generator,200749,101000
300750,23169.62,2024-03-18 00:28:40,Synthetic payment record,AYA_PAY,PREMIUM,2024-03,7,,VERIFIED,23169.62,000750,2024-03-21 00:28:40,synthetic-generator,200750,101001
300751,17487.90,2024-04-09 02:12:21,Synthetic payment record,BANK_TRANSFER,RENEWAL,2024-04,8,,VERIFIED,17487.90,000751,2024-04-11 02:12:21,synthetic-generator,200751,101002
300752,2597.86,2024-05-25 04:52:09,Synthetic payment record,KBZ_PAY,CLAIM_PAYOUT,2024-05,9,,VERIFIED,2597.86,000752,2024-05-26 04:52:09,synthetic-generator,200752,101003
300753,12460.84,2024-06-20 04:47:02,Synthetic payment record,WAVE_PAY,RENEWAL,2024-06,10,,PENDING,12460.84,000753,2024-06-20 04:47:02,,200753,101004
300754,38546.27,2024-07-05 07:23:21,Synthetic payment record,AYA_PAY,CLAIM_PAYOUT,2024-07,11,,VERIFIED,38546.27,000754,2024-07-08 07:23:21,synthetic-generator,200754,101005
300755,64876.29,2024-08-16 13:29:23,Synthetic payment record,BANK_TRANSFER,PREMIUM,2024-08,12,,REJECTED,64876.29,000755,2024-08-19 13:29:23,,200755,101006
300756,3928.23,2024-09-25 03:40:17,Synthetic payment record,KBZ_PAY,PREMIUM,2024-09,1,,PENDING,3928.23,000756,2024-09-26 03:40:17,,200756,101007
300757,12942.25,2024-10-27 02:32:20,Synthetic payment record,WAVE_PAY,RENEWAL,2024-10,2,,VERIFIED,12942.25,000757,2024-10-27 02:32:20,synthetic-generator,200757,101008
300758,35899.12,2024-11-17 04:58:40,Synthetic payment record,AYA_PAY,PREMIUM,2024-11,3,,PENDING,35899.12,000758,2024-11-20 04:58:40,,200758,101009
300759,8880.32,2024-12-11 08:52:49,Synthetic payment record,BANK_TRANSFER,RENEWAL,2024-12,4,,VERIFIED,8880.32,000759,2024-12-11 08:52:49,synthetic-generator,200759,101010
300760,19967.32,2025-01-30 14:05:29,Synthetic payment record,KBZ_PAY,PREMIUM,2025-01,5,,VERIFIED,19967.32,000760,2025-01-31 14:05:29,synthetic-generator,200760,101011
300761,27074.46,2025-02-09 23:43:56,Synthetic payment record,WAVE_PAY,PREMIUM,2025-02,6,,VERIFIED,27074.46,000761,2025-02-09 23:43:56,synthetic-generator,200761,101012
300762,22887.10,2025-03-07 12:50:34,Synthetic payment record,AYA_PAY,RENEWAL,2025-03,7,,PENDING,22887.10,000762,2025-03-09 12:50:34,,200762,101013
300763,25056.59,2025-04-29 03:03:12,Synthetic payment record,BANK_TRANSFER,PREMIUM,2025-04,8,,VERIFIED,25056.59,000763,2025-04-29 03:03:12,synthetic-generator,200763,101014
300764,14615.09,2025-05-18 23:58:57,Synthetic payment record,KBZ_PAY,PREMIUM,2025-05,9,,VERIFIED,14615.09,000764,2025-05-21 23:58:57,synthetic-generator,200764,101015
300765,11268.54,2025-06-27 07:43:54,Synthetic payment record,WAVE_PAY,PREMIUM,2025-06,10,,VERIFIED,11268.54,000765,2025-06-27 07:43:54,synthetic-generator,200765,101016
300766,23974.12,2025-07-07 16:26:21,Synthetic payment record,AYA_PAY,PREMIUM,2025-07,11,,VERIFIED,23974.12,000766,2025-07-09 16:26:21,synthetic-generator,200766,101017
300767,19835.25,2025-08-16 17:50:33,Synthetic payment record,BANK_TRANSFER,RENEWAL,2025-08,12,,VERIFIED,19835.25,000767,2025-08-17 17:50:33,synthetic-generator,200767,101018
300768,1188.92,2025-09-23 03:31:26,Synthetic payment record,KBZ_PAY,PREMIUM,2025-09,1,,VERIFIED,1188.92,000768,2025-09-26 03:31:26,synthetic-generator,200768,101019
300769,8677.79,2025-10-20 03:56:19,Synthetic payment record,WAVE_PAY,PREMIUM,2025-10,2,,VERIFIED,8677.79,000769,2025-10-23 03:56:19,synthetic-generator,200769,101020
300770,21667.32,2025-11-24 20:36:42,Synthetic payment record,AYA_PAY,PREMIUM,2025-11,3,,VERIFIED,21667.32,000770,2025-11-24 20:36:42,synthetic-generator,200770,101021
300771,6601.36,2025-12-09 22:20:13,Synthetic payment record,BANK_TRANSFER,PREMIUM,2025-12,4,,VERIFIED,6601.36,000771,2025-12-11 22:20:13,synthetic-generator,200771,101022
300772,23543.01,2026-01-13 22:50:35,Synthetic payment record,KBZ_PAY,RENEWAL,2026-01,5,,VERIFIED,23543.01,000772,2026-01-15 22:50:35,synthetic-generator,200772,101023
300773,37692.11,2026-02-17 00:52:29,Synthetic payment record,WAVE_PAY,PREMIUM,2026-02,6,,VERIFIED,37692.11,000773,2026-02-19 00:52:29,synthetic-generator,200773,101024
300774,6949.98,2026-03-01 07:59:38,Synthetic payment record,AYA_PAY,PREMIUM,2026-03,7,,PENDING,6949.98,000774,2026-03-02 07:59:38,,200774,101025
300775,10273.19,2026-04-12 01:11:37,Synthetic payment record,BANK_TRANSFER,PREMIUM,2026-04,8,,VERIFIED,10273.19,000775,2026-04-14 01:11:37,synthetic-generator,200775,101026
300776,18753.58,2026-05-24 12:01:20,Synthetic payment record,KBZ_PAY,PREMIUM,2026-05,9,,VERIFIED,18753.58,000776,2026-05-26 12:01:20,synthetic-generator,200776,101027
300777,18740.45,2026-06-24 23:55:32,Synthetic payment record,WAVE_PAY,PREMIUM,2026-06,10,,PENDING,18740.45,000777,2026-06-27 23:55:32,,200777,101028
300778,33816.28,2026-07-17 04:02:10,Synthetic payment record,AYA_PAY,PREMIUM,2026-07,11,,VERIFIED,33816.28,000778,2026-07-19 04:02:10,synthetic-generator,200778,101029
300779,25082.14,2026-08-31 02:37:35,Synthetic payment record,BANK_TRANSFER,PREMIUM,2026-08,12,,PENDING,25082.14,000779,2026-09-02 02:37:35,,200779,101030
300780,6048.10,2021-09-25 09:35:57,Synthetic payment record,KBZ_PAY,PREMIUM,2021-09,1,,VERIFIED,6048.10,000780,2021-09-26 09:35:57,synthetic-generator,200780,101031
300781,22630.81,2021-10-23 06:47:59,Synthetic payment record,WAVE_PAY,RENEWAL,2021-10,2,,VERIFIED,22630.81,000781,2021-10-24 06:47:59,synthetic-generator,200781,101032
300782,19730.23,2021-11-08 04:09:16,Synthetic payment record,AYA_PAY,PREMIUM,2021-11,3,,VERIFIED,19730.23,000782,2021-11-10 04:09:16,synthetic-generator,200782,101033
300783,19383.74,2021-12-18 14:34:41,Synthetic payment record,BANK_TRANSFER,CLAIM_PAYOUT,2021-12,4,,VERIFIED,19383.74,000783,2021-12-18 14:34:41,synthetic-generator,200783,101034
300784,12659.96,2022-01-24 15:30:22,Synthetic payment record,KBZ_PAY,PREMIUM,2022-01,5,,VERIFIED,12659.96,000784,2022-01-26 15:30:22,synthetic-generator,200784,101035
300785,33305.32,2022-02-08 11:02:02,Synthetic payment record,WAVE_PAY,RENEWAL,2022-02,6,,VERIFIED,33305.32,000785,2022-02-10 11:02:02,synthetic-generator,200785,101036
300786,22532.99,2022-03-03 14:43:46,Synthetic payment record,AYA_PAY,PREMIUM,2022-03,7,,VERIFIED,22532.99,000786,2022-03-03 14:43:46,synthetic-generator,200786,101037
300787,40318.32,2022-04-26 11:41:11,Synthetic payment record,BANK_TRANSFER,PREMIUM,2022-04,8,,PENDING,40318.32,000787,2022-04-28 11:41:11,,200787,101038
300788,11056.18,2022-05-25 22:50:13,Synthetic payment record,KBZ_PAY,PREMIUM,2022-05,9,,VERIFIED,11056.18,000788,2022-05-28 22:50:13,synthetic-generator,200788,101039
300789,2802.30,2022-06-27 03:45:45,Synthetic payment record,WAVE_PAY,PREMIUM,2022-06,10,,VERIFIED,2802.30,000789,2022-06-27 03:45:45,synthetic-generator,200789,101040
300790,8408.79,2022-07-20 01:55:40,Synthetic payment record,AYA_PAY,PREMIUM,2022-07,11,,REJECTED,8408.79,000790,2022-07-21 01:55:40,,200790,101041
300791,65536.60,2022-08-21 06:26:04,Synthetic payment record,BANK_TRANSFER,PREMIUM,2022-08,12,,VERIFIED,65536.60,000791,2022-08-24 06:26:04,synthetic-generator,200791,101042
300792,5024.10,2022-09-27 01:14:59,Synthetic payment record,KBZ_PAY,PREMIUM,2022-09,1,,VERIFIED,5024.10,000792,2022-09-29 01:14:59,synthetic-generator,200792,101043
300793,16989.46,2022-10-02 23:48:23,Synthetic payment record,WAVE_PAY,PREMIUM,2022-10,2,,VERIFIED,16989.46,000793,2022-10-03 23:48:23,synthetic-generator,200793,101044
300794,12881.46,2022-11-11 11:38:02,Synthetic payment record,AYA_PAY,PREMIUM,2022-11,3,,VERIFIED,12881.46,000794,2022-11-14 11:38:02,synthetic-generator,200794,101045
300795,50251.63,2022-12-01 10:23:07,Synthetic payment record,BANK_TRANSFER,PREMIUM,2022-12,4,,VERIFIED,50251.63,000795,2022-12-03 10:23:07,synthetic-generator,200795,101046
300796,6817.24,2023-01-24 10:32:55,Synthetic payment record,KBZ_PAY,PREMIUM,2023-01,5,,VERIFIED,6817.24,000796,2023-01-26 10:32:55,synthetic-generator,200796,101047
300797,22079.59,2023-02-10 15:52:52,Synthetic payment record,WAVE_PAY,PREMIUM,2023-02,6,,VERIFIED,22079.59,000797,2023-02-12 15:52:52,synthetic-generator,200797,101048
300798,16134.20,2023-03-03 08:42:30,Synthetic payment record,AYA_PAY,PREMIUM,2023-03,7,,VERIFIED,16134.20,000798,2023-03-05 08:42:30,synthetic-generator,200798,101049
300799,32952.65,2023-04-04 10:45:30,Synthetic payment record,BANK_TRANSFER,RENEWAL,2023-04,8,,VERIFIED,32952.65,000799,2023-04-04 10:45:30,synthetic-generator,200799,101050
300800,15452.82,2023-05-14 01:00:39,Synthetic payment record,KBZ_PAY,PREMIUM,2023-05,9,,VERIFIED,15452.82,000800,2023-05-14 01:00:39,synthetic-generator,200800,101051
300801,29575.07,2023-06-30 01:47:47,Synthetic payment record,WAVE_PAY,PREMIUM,2023-06,10,,VERIFIED,29575.07,000801,2023-07-03 01:47:47,synthetic-generator,200801,101052
300802,34546.81,2023-07-03 00:17:00,Synthetic payment record,AYA_PAY,PREMIUM,2023-07,11,,VERIFIED,34546.81,000802,2023-07-06 00:17:00,synthetic-generator,200802,101053
300803,13437.90,2023-08-12 03:03:37,Synthetic payment record,BANK_TRANSFER,PREMIUM,2023-08,12,,VERIFIED,13437.90,000803,2023-08-15 03:03:37,synthetic-generator,200803,101054
300804,2835.39,2023-09-23 19:07:36,Synthetic payment record,KBZ_PAY,PREMIUM,2023-09,1,,PENDING,2835.39,000804,2023-09-26 19:07:36,,200804,101055
300805,17913.58,2023-10-15 08:59:55,Synthetic payment record,WAVE_PAY,PREMIUM,2023-10,2,,VERIFIED,17913.58,000805,2023-10-16 08:59:55,synthetic-generator,200805,101056
300806,36884.59,2023-11-17 04:24:08,Synthetic payment record,AYA_PAY,PREMIUM,2023-11,3,,VERIFIED,36884.59,000806,2023-11-20 04:24:08,synthetic-generator,200806,101057
300807,14336.44,2023-12-17 22:18:29,Synthetic payment record,BANK_TRANSFER,RENEWAL,2023-12,4,,VERIFIED,14336.44,000807,2023-12-19 22:18:29,synthetic-generator,200807,101058
300808,3505.94,2024-01-15 03:40:31,Synthetic payment record,KBZ_PAY,PREMIUM,2024-01,5,,VERIFIED,3505.94,000808,2024-01-17 03:40:31,synthetic-generator,200808,101059
300809,18158.89,2024-02-28 16:27:00,Synthetic payment record,WAVE_PAY,PREMIUM,2024-02,6,,VERIFIED,18158.89,000809,2024-03-02 16:27:00,synthetic-generator,200809,101060
300810,23851.18,2024-03-12 06:16:57,Synthetic payment record,AYA_PAY,PREMIUM,2024-03,7,,PENDING,23851.18,000810,2024-03-12 06:16:57,,200810,101061
300811,18196.83,2024-04-09 12:32:27,Synthetic payment record,BANK_TRANSFER,PREMIUM,2024-04,8,,VERIFIED,18196.83,000811,2024-04-12 12:32:27,synthetic-generator,200811,101062
300812,11871.22,2024-05-19 00:50:32,Synthetic payment record,KBZ_PAY,PREMIUM,2024-05,9,,VERIFIED,11871.22,000812,2024-05-21 00:50:32,synthetic-generator,200812,101063
300813,10705.71,2024-06-13 16:43:07,Synthetic payment record,WAVE_PAY,PREMIUM,2024-06,10,,REJECTED,10705.71,000813,2024-06-16 16:43:07,,200813,101064
300814,27963.16,2024-07-15 06:41:01,Synthetic payment record,AYA_PAY,RENEWAL,2024-07,11,,VERIFIED,27963.16,000814,2024-07-15 06:41:01,synthetic-generator,200814,101065
300815,71262.63,2024-08-14 23:17:48,Synthetic payment record,BANK_TRANSFER,PREMIUM,2024-08,12,,VERIFIED,71262.63,000815,2024-08-14 23:17:48,synthetic-generator,200815,101066
300816,10693.51,2024-09-13 21:36:39,Synthetic payment record,KBZ_PAY,PREMIUM,2024-09,1,,VERIFIED,10693.51,000816,2024-09-16 21:36:39,synthetic-generator,200816,101067
300817,10360.35,2024-10-14 09:46:30,Synthetic payment record,WAVE_PAY,CLAIM_PAYOUT,2024-10,2,,VERIFIED,10360.35,000817,2024-10-17 09:46:30,synthetic-generator,200817,101068
300818,30239.74,2024-11-08 13:12:37,Synthetic payment record,AYA_PAY,PREMIUM,2024-11,3,,VERIFIED,30239.74,000818,2024-11-08 13:12:37,synthetic-generator,200818,101069
300819,53357.60,2024-12-18 14:32:22,Synthetic payment record,BANK_TRANSFER,CLAIM_PAYOUT,2024-12,4,,VERIFIED,53357.60,000819,2024-12-19 14:32:22,synthetic-generator,200819,101070
300820,21994.90,2025-01-27 17:54:55,Synthetic payment record,KBZ_PAY,PREMIUM,2025-01,5,,VERIFIED,21994.90,000820,2025-01-29 17:54:55,synthetic-generator,200820,101071
300821,19211.15,2025-02-28 00:55:55,Synthetic payment record,WAVE_PAY,PREMIUM,2025-02,6,,VERIFIED,19211.15,000821,2025-03-01 00:55:55,synthetic-generator,200821,101072
300822,20342.81,2025-03-27 19:43:44,Synthetic payment record,AYA_PAY,PREMIUM,2025-03,7,,VERIFIED,20342.81,000822,2025-03-28 19:43:44,synthetic-generator,200822,101073
300823,19193.98,2025-04-04 23:26:39,Synthetic payment record,BANK_TRANSFER,PREMIUM,2025-04,8,,VERIFIED,19193.98,000823,2025-04-07 23:26:39,synthetic-generator,200823,101074
300824,10578.80,2025-05-17 01:58:47,Synthetic payment record,KBZ_PAY,PREMIUM,2025-05,9,,VERIFIED,10578.80,000824,2025-05-20 01:58:47,synthetic-generator,200824,101075
300825,11379.14,2025-06-08 23:17:04,Synthetic payment record,WAVE_PAY,PREMIUM,2025-06,10,,VERIFIED,11379.14,000825,2025-06-10 23:17:04,synthetic-generator,200825,101076
300826,18730.99,2025-07-22 13:06:33,Synthetic payment record,AYA_PAY,PREMIUM,2025-07,11,,VERIFIED,18730.99,000826,2025-07-24 13:06:33,synthetic-generator,200826,101077
300827,14913.18,2025-08-07 06:10:26,Synthetic payment record,BANK_TRANSFER,PREMIUM,2025-08,12,,PENDING,14913.18,000827,2025-08-10 06:10:26,,200827,101078
300828,5219.65,2025-09-25 20:06:20,Synthetic payment record,KBZ_PAY,PREMIUM,2025-09,1,,VERIFIED,5219.65,000828,2025-09-25 20:06:20,synthetic-generator,200828,101079
300829,10209.48,2025-10-22 22:53:24,Synthetic payment record,WAVE_PAY,PREMIUM,2025-10,2,,VERIFIED,10209.48,000829,2025-10-25 22:53:24,synthetic-generator,200829,101080
300830,13889.97,2025-11-18 00:51:28,Synthetic payment record,AYA_PAY,RENEWAL,2025-11,3,,VERIFIED,13889.97,000830,2025-11-18 00:51:28,synthetic-generator,200830,101081
300831,32939.84,2025-12-09 13:43:07,Synthetic payment record,BANK_TRANSFER,CLAIM_PAYOUT,2025-12,4,,VERIFIED,32939.84,000831,2025-12-09 13:43:07,synthetic-generator,200831,101082
300832,20553.62,2026-01-21 18:55:25,Synthetic payment record,KBZ_PAY,PREMIUM,2026-01,5,,VERIFIED,20553.62,000832,2026-01-24 18:55:25,synthetic-generator,200832,101083
300833,14590.37,2026-02-07 12:16:00,Synthetic payment record,WAVE_PAY,PREMIUM,2026-02,6,,PENDING,14590.37,000833,2026-02-09 12:16:00,,200833,101084
300834,8501.69,2026-03-30 02:22:54,Synthetic payment record,AYA_PAY,PREMIUM,2026-03,7,,VERIFIED,8501.69,000834,2026-03-31 02:22:54,synthetic-generator,200834,101085
300835,58916.44,2026-04-17 12:29:21,Synthetic payment record,BANK_TRANSFER,PREMIUM,2026-04,8,,VERIFIED,58916.44,000835,2026-04-19 12:29:21,synthetic-generator,200835,101086
300836,11616.86,2026-05-07 10:39:48,Synthetic payment record,KBZ_PAY,PREMIUM,2026-05,9,,VERIFIED,11616.86,000836,2026-05-07 10:39:48,synthetic-generator,200836,101087
300837,26138.90,2026-06-20 04:20:14,Synthetic payment record,WAVE_PAY,RENEWAL,2026-06,10,,VERIFIED,26138.90,000837,2026-06-23 04:20:14,synthetic-generator,200837,101088
300838,24901.49,2026-07-04 02:21:44,Synthetic payment record,AYA_PAY,PREMIUM,2026-07,11,,VERIFIED,24901.49,000838,2026-07-05 02:21:44,synthetic-generator,200838,101089
300839,51273.99,2026-08-20 23:38:10,Synthetic payment record,BANK_TRANSFER,PREMIUM,2026-08,12,,VERIFIED,51273.99,000839,2026-08-20 23:38:10,synthetic-generator,200839,101090
300840,8109.12,2021-09-09 07:34:08,Synthetic payment record,KBZ_PAY,PREMIUM,2021-09,1,,VERIFIED,8109.12,000840,2021-09-10 07:34:08,synthetic-generator,200840,101091
300841,16033.36,2021-10-03 12:08:34,Synthetic payment record,WAVE_PAY,PREMIUM,2021-10,2,,REJECTED,16033.36,000841,2021-10-04 12:08:34,,200841,101092
300842,28688.39,2021-11-09 04:32:33,Synthetic payment record,AYA_PAY,PREMIUM,2021-11,3,,VERIFIED,28688.39,000842,2021-11-12 04:32:33,synthetic-generator,200842,101093
300843,43994.37,2021-12-23 22:19:11,Synthetic payment record,BANK_TRANSFER,RENEWAL,2021-12,4,,VERIFIED,43994.37,000843,2021-12-24 22:19:11,synthetic-generator,200843,101094
300844,2752.78,2022-01-04 03:13:17,Synthetic payment record,KBZ_PAY,PREMIUM,2022-01,5,,VERIFIED,2752.78,000844,2022-01-05 03:13:17,synthetic-generator,200844,101095
300845,33824.23,2022-02-15 00:15:39,Synthetic payment record,WAVE_PAY,RENEWAL,2022-02,6,,VERIFIED,33824.23,000845,2022-02-18 00:15:39,synthetic-generator,200845,101096
300846,8808.74,2022-03-06 21:25:05,Synthetic payment record,AYA_PAY,PREMIUM,2022-03,7,,PENDING,8808.74,000846,2022-03-08 21:25:05,,200846,101097
300847,18397.53,2022-04-27 02:28:52,Synthetic payment record,BANK_TRANSFER,PREMIUM,2022-04,8,,PENDING,18397.53,000847,2022-04-27 02:28:52,,200847,101098
300848,15735.37,2022-05-26 11:19:20,Synthetic payment record,KBZ_PAY,RENEWAL,2022-05,9,,VERIFIED,15735.37,000848,2022-05-26 11:19:20,synthetic-generator,200848,101099
300849,24770.65,2022-06-19 18:30:42,Synthetic payment record,WAVE_PAY,CLAIM_PAYOUT,2022-06,10,,VERIFIED,24770.65,000849,2022-06-21 18:30:42,synthetic-generator,200849,101100
300850,6884.48,2022-07-22 23:14:03,Synthetic payment record,AYA_PAY,PREMIUM,2022-07,11,,VERIFIED,6884.48,000850,2022-07-23 23:14:03,synthetic-generator,200850,101101
300851,56878.28,2022-08-29 09:31:29,Synthetic payment record,BANK_TRANSFER,PREMIUM,2022-08,12,,VERIFIED,56878.28,000851,2022-08-29 09:31:29,synthetic-generator,200851,101102
300852,7481.41,2022-09-07 03:11:42,Synthetic payment record,KBZ_PAY,PREMIUM,2022-09,1,,VERIFIED,7481.41,000852,2022-09-10 03:11:42,synthetic-generator,200852,101103
300853,14521.65,2022-10-05 17:07:58,Synthetic payment record,WAVE_PAY,RENEWAL,2022-10,2,,VERIFIED,14521.65,000853,2022-10-08 17:07:58,synthetic-generator,200853,101104
300854,14509.75,2022-11-19 07:42:52,Synthetic payment record,AYA_PAY,RENEWAL,2022-11,3,,PENDING,14509.75,000854,2022-11-22 07:42:52,,200854,101105
300855,31365.39,2022-12-26 04:42:52,Synthetic payment record,BANK_TRANSFER,RENEWAL,2022-12,4,,VERIFIED,31365.39,000855,2022-12-27 04:42:52,synthetic-generator,200855,101106
300856,1936.32,2023-01-01 10:43:48,Synthetic payment record,KBZ_PAY,PREMIUM,2023-01,5,,VERIFIED,1936.32,000856,2023-01-02 10:43:48,synthetic-generator,200856,101107
300857,21713.70,2023-02-10 13:49:02,Synthetic payment record,WAVE_PAY,PREMIUM,2023-02,6,,VERIFIED,21713.70,000857,2023-02-13 13:49:02,synthetic-generator,200857,101108
300858,30161.36,2023-03-12 23:47:12,Synthetic payment record,AYA_PAY,RENEWAL,2023-03,7,,PENDING,30161.36,000858,2023-03-12 23:47:12,,200858,101109
300859,36201.37,2023-04-09 05:06:04,Synthetic payment record,BANK_TRANSFER,PREMIUM,2023-04,8,,VERIFIED,36201.37,000859,2023-04-12 05:06:04,synthetic-generator,200859,101110
300860,4979.41,2023-05-25 02:48:01,Synthetic payment record,KBZ_PAY,PREMIUM,2023-05,9,,VERIFIED,4979.41,000860,2023-05-26 02:48:01,synthetic-generator,200860,101111
300861,15257.71,2023-06-28 14:00:41,Synthetic payment record,WAVE_PAY,PREMIUM,2023-06,10,,VERIFIED,15257.71,000861,2023-07-01 14:00:41,synthetic-generator,200861,101112
300862,22377.56,2023-07-02 05:49:39,Synthetic payment record,AYA_PAY,PREMIUM,2023-07,11,,VERIFIED,22377.56,000862,2023-07-04 05:49:39,synthetic-generator,200862,101113
300863,41754.71,2023-08-24 09:20:12,Synthetic payment record,BANK_TRANSFER,PREMIUM,2023-08,12,,REJECTED,41754.71,000863,2023-08-24 09:20:12,,200863,101114
300864,6006.76,2023-09-27 19:06:28,Synthetic payment record,KBZ_PAY,PREMIUM,2023-09,1,,VERIFIED,6006.76,000864,2023-09-29 19:06:28,synthetic-generator,200864,101115
300865,12749.82,2023-10-24 00:57:02,Synthetic payment record,WAVE_PAY,PREMIUM,2023-10,2,,VERIFIED,12749.82,000865,2023-10-24 00:57:02,synthetic-generator,200865,101116
300866,14664.82,2023-11-19 10:07:16,Synthetic payment record,AYA_PAY,RENEWAL,2023-11,3,,VERIFIED,14664.82,000866,2023-11-20 10:07:16,synthetic-generator,200866,101117
300867,50873.21,2023-12-09 13:16:36,Synthetic payment record,BANK_TRANSFER,PREMIUM,2023-12,4,,VERIFIED,50873.21,000867,2023-12-09 13:16:36,synthetic-generator,200867,101118
300868,23286.72,2024-01-12 17:02:01,Synthetic payment record,KBZ_PAY,PREMIUM,2024-01,5,,VERIFIED,23286.72,000868,2024-01-12 17:02:01,synthetic-generator,200868,101119
300869,20793.41,2024-02-24 06:16:17,Synthetic payment record,WAVE_PAY,PREMIUM,2024-02,6,,VERIFIED,20793.41,000869,2024-02-26 06:16:17,synthetic-generator,200869,101120
300870,8008.36,2024-03-07 05:28:55,Synthetic payment record,AYA_PAY,PREMIUM,2024-03,7,,VERIFIED,8008.36,000870,2024-03-08 05:28:55,synthetic-generator,200870,101121
300871,43256.91,2024-04-29 10:58:45,Synthetic payment record,BANK_TRANSFER,PREMIUM,2024-04,8,,VERIFIED,43256.91,000871,2024-05-02 10:58:45,synthetic-generator,200871,101122
300872,10206.82,2024-05-20 07:04:02,Synthetic payment record,KBZ_PAY,PREMIUM,2024-05,9,,VERIFIED,10206.82,000872,2024-05-22 07:04:02,synthetic-generator,200872,101123
300873,5255.93,2024-06-29 05:25:59,Synthetic payment record,WAVE_PAY,PREMIUM,2024-06,10,,PENDING,5255.93,000873,2024-07-01 05:25:59,,200873,101124
300874,11503.39,2024-07-31 13:44:25,Synthetic payment record,AYA_PAY,PREMIUM,2024-07,11,,VERIFIED,11503.39,000874,2024-08-02 13:44:25,synthetic-generator,200874,101125
300875,57464.98,2024-08-04 04:36:01,Synthetic payment record,BANK_TRANSFER,PREMIUM,2024-08,12,,VERIFIED,57464.98,000875,2024-08-06 04:36:01,synthetic-generator,200875,101126
300876,8455.28,2024-09-05 23:03:18,Synthetic payment record,KBZ_PAY,PREMIUM,2024-09,1,,PENDING,8455.28,000876,2024-09-05 23:03:18,,200876,101127
300877,22795.80,2024-10-20 07:46:05,Synthetic payment record,WAVE_PAY,PREMIUM,2024-10,2,,REJECTED,22795.80,000877,2024-10-23 07:46:05,,200877,101128
300878,40184.35,2024-11-08 11:50:00,Synthetic payment record,AYA_PAY,PREMIUM,2024-11,3,,VERIFIED,40184.35,000878,2024-11-08 11:50:00,synthetic-generator,200878,101129
300879,43804.89,2024-12-02 13:42:49,Synthetic payment record,BANK_TRANSFER,PREMIUM,2024-12,4,,VERIFIED,43804.89,000879,2024-12-04 13:42:49,synthetic-generator,200879,101130
300880,7785.05,2025-01-31 01:36:14,Synthetic payment record,KBZ_PAY,PREMIUM,2025-01,5,,VERIFIED,7785.05,000880,2025-02-03 01:36:14,synthetic-generator,200880,101131
300881,41537.84,2025-02-01 19:06:34,Synthetic payment record,WAVE_PAY,PREMIUM,2025-02,6,,VERIFIED,41537.84,000881,2025-02-04 19:06:34,synthetic-generator,200881,101132
300882,22111.24,2025-03-30 01:20:08,Synthetic payment record,AYA_PAY,RENEWAL,2025-03,7,,VERIFIED,22111.24,000882,2025-03-31 01:20:08,synthetic-generator,200882,101133
300883,49066.94,2025-04-04 11:41:03,Synthetic payment record,BANK_TRANSFER,PREMIUM,2025-04,8,,VERIFIED,49066.94,000883,2025-04-05 11:41:03,synthetic-generator,200883,101134
300884,8327.92,2025-05-14 01:33:21,Synthetic payment record,KBZ_PAY,PREMIUM,2025-05,9,,VERIFIED,8327.92,000884,2025-05-17 01:33:21,synthetic-generator,200884,101135
300885,17868.88,2025-06-05 07:10:17,Synthetic payment record,WAVE_PAY,RENEWAL,2025-06,10,,VERIFIED,17868.88,000885,2025-06-06 07:10:17,synthetic-generator,200885,101136
300886,25665.86,2025-07-03 12:06:31,Synthetic payment record,AYA_PAY,PREMIUM,2025-07,11,,VERIFIED,25665.86,000886,2025-07-04 12:06:31,synthetic-generator,200886,101137
300887,47281.67,2025-08-24 03:57:36,Synthetic payment record,BANK_TRANSFER,RENEWAL,2025-08,12,,VERIFIED,47281.67,000887,2025-08-24 03:57:36,synthetic-generator,200887,101138
300888,10863.42,2025-09-29 04:44:32,Synthetic payment record,KBZ_PAY,PREMIUM,2025-09,1,,VERIFIED,10863.42,000888,2025-10-01 04:44:32,synthetic-generator,200888,101139
300889,24148.71,2025-10-17 23:28:54,Synthetic payment record,WAVE_PAY,CLAIM_PAYOUT,2025-10,2,,VERIFIED,24148.71,000889,2025-10-19 23:28:54,synthetic-generator,200889,101140
300890,6438.10,2025-11-23 19:07:28,Synthetic payment record,AYA_PAY,PREMIUM,2025-11,3,,VERIFIED,6438.10,000890,2025-11-26 19:07:28,synthetic-generator,200890,101141
300891,13585.54,2025-12-27 13:35:05,Synthetic payment record,BANK_TRANSFER,PREMIUM,2025-12,4,,REJECTED,13585.54,000891,2025-12-30 13:35:05,,200891,101142
300892,19522.91,2026-01-28 23:48:16,Synthetic payment record,KBZ_PAY,PREMIUM,2026-01,5,,REJECTED,19522.91,000892,2026-01-31 23:48:16,,200892,101143
300893,27438.27,2026-02-06 23:08:30,Synthetic payment record,WAVE_PAY,RENEWAL,2026-02,6,,VERIFIED,27438.27,000893,2026-02-06 23:08:30,synthetic-generator,200893,101144
300894,11535.24,2026-03-24 06:30:42,Synthetic payment record,AYA_PAY,PREMIUM,2026-03,7,,VERIFIED,11535.24,000894,2026-03-27 06:30:42,synthetic-generator,200894,101145
300895,46330.37,2026-04-08 08:59:49,Synthetic payment record,BANK_TRANSFER,PREMIUM,2026-04,8,,PENDING,46330.37,000895,2026-04-08 08:59:49,,200895,101146
300896,9439.11,2026-05-25 20:32:00,Synthetic payment record,KBZ_PAY,PREMIUM,2026-05,9,,PENDING,9439.11,000896,2026-05-26 20:32:00,,200896,101147
300897,12596.57,2026-06-18 15:02:46,Synthetic payment record,WAVE_PAY,PREMIUM,2026-06,10,,VERIFIED,12596.57,000897,2026-06-19 15:02:46,synthetic-generator,200897,101148
300898,10373.30,2026-07-30 10:00:24,Synthetic payment record,AYA_PAY,PREMIUM,2026-07,11,,VERIFIED,10373.30,000898,2026-07-30 10:00:24,synthetic-generator,200898,101149
300899,5757.79,2026-08-28 13:07:42,Synthetic payment record,BANK_TRANSFER,PREMIUM,2026-08,12,,VERIFIED,5757.79,000899,2026-08-28 13:07:42,synthetic-generator,200899,101150
300900,1237.37,2021-09-23 01:49:04,Synthetic payment record,KBZ_PAY,PREMIUM,2021-09,1,,VERIFIED,1237.37,000900,2021-09-24 01:49:04,synthetic-generator,200900,101151
300901,17020.60,2021-10-31 19:58:15,Synthetic payment record,WAVE_PAY,PREMIUM,2021-10,2,,PENDING,17020.60,000901,2021-11-02 19:58:15,,200901,101152
300902,7919.49,2021-11-26 01:08:09,Synthetic payment record,AYA_PAY,PREMIUM,2021-11,3,,VERIFIED,7919.49,000902,2021-11-29 01:08:09,synthetic-generator,200902,101153
300903,19139.00,2021-12-09 06:25:20,Synthetic payment record,BANK_TRANSFER,PREMIUM,2021-12,4,,VERIFIED,19139.00,000903,2021-12-10 06:25:20,synthetic-generator,200903,101154
300904,4739.42,2022-01-18 21:05:40,Synthetic payment record,KBZ_PAY,PREMIUM,2022-01,5,,VERIFIED,4739.42,000904,2022-01-20 21:05:40,synthetic-generator,200904,101155
300905,36428.78,2022-02-09 02:14:26,Synthetic payment record,WAVE_PAY,PREMIUM,2022-02,6,,VERIFIED,36428.78,000905,2022-02-09 02:14:26,synthetic-generator,200905,101156
300906,7679.08,2022-03-16 22:02:03,Synthetic payment record,AYA_PAY,PREMIUM,2022-03,7,,VERIFIED,7679.08,000906,2022-03-18 22:02:03,synthetic-generator,200906,101157
300907,27564.01,2022-04-21 21:41:42,Synthetic payment record,BANK_TRANSFER,PREMIUM,2022-04,8,,VERIFIED,27564.01,000907,2022-04-23 21:41:42,synthetic-generator,200907,101158
300908,6514.35,2022-05-10 22:16:59,Synthetic payment record,KBZ_PAY,PREMIUM,2022-05,9,,VERIFIED,6514.35,000908,2022-05-11 22:16:59,synthetic-generator,200908,101159
300909,10840.72,2022-06-27 23:20:40,Synthetic payment record,WAVE_PAY,PREMIUM,2022-06,10,,VERIFIED,10840.72,000909,2022-06-28 23:20:40,synthetic-generator,200909,101160
300910,17062.67,2022-07-12 10:02:16,Synthetic payment record,AYA_PAY,PREMIUM,2022-07,11,,PENDING,17062.67,000910,2022-07-15 10:02:16,,200910,101161
300911,53824.08,2022-08-29 18:51:00,Synthetic payment record,BANK_TRANSFER,PREMIUM,2022-08,12,,VERIFIED,53824.08,000911,2022-08-30 18:51:00,synthetic-generator,200911,101162
300912,9253.07,2022-09-25 17:05:19,Synthetic payment record,KBZ_PAY,PREMIUM,2022-09,1,,VERIFIED,9253.07,000912,2022-09-27 17:05:19,synthetic-generator,200912,101163
300913,18110.03,2022-10-03 23:59:28,Synthetic payment record,WAVE_PAY,PREMIUM,2022-10,2,,REJECTED,18110.03,000913,2022-10-05 23:59:28,,200913,101164
300914,29616.05,2022-11-03 08:37:39,Synthetic payment record,AYA_PAY,PREMIUM,2022-11,3,,PENDING,29616.05,000914,2022-11-06 08:37:39,,200914,101165
300915,52406.95,2022-12-14 06:31:51,Synthetic payment record,BANK_TRANSFER,PREMIUM,2022-12,4,,VERIFIED,52406.95,000915,2022-12-16 06:31:51,synthetic-generator,200915,101166
300916,18205.94,2023-01-01 07:07:17,Synthetic payment record,KBZ_PAY,PREMIUM,2023-01,5,,VERIFIED,18205.94,000916,2023-01-02 07:07:17,synthetic-generator,200916,101167
300917,4801.72,2023-02-01 08:37:53,Synthetic payment record,WAVE_PAY,PREMIUM,2023-02,6,,VERIFIED,4801.72,000917,2023-02-01 08:37:53,synthetic-generator,200917,101168
300918,27896.89,2023-03-10 00:57:40,Synthetic payment record,AYA_PAY,PREMIUM,2023-03,7,,VERIFIED,27896.89,000918,2023-03-13 00:57:40,synthetic-generator,200918,101169
300919,4306.13,2023-04-08 10:30:14,Synthetic payment record,BANK_TRANSFER,PREMIUM,2023-04,8,,VERIFIED,4306.13,000919,2023-04-09 10:30:14,synthetic-generator,200919,101170
300920,12376.35,2023-05-03 22:56:28,Synthetic payment record,KBZ_PAY,RENEWAL,2023-05,9,,VERIFIED,12376.35,000920,2023-05-03 22:56:28,synthetic-generator,200920,101171
300921,35410.15,2023-06-15 02:57:55,Synthetic payment record,WAVE_PAY,PREMIUM,2023-06,10,,VERIFIED,35410.15,000921,2023-06-16 02:57:55,synthetic-generator,200921,101172
300922,21620.78,2023-07-06 20:54:30,Synthetic payment record,AYA_PAY,PREMIUM,2023-07,11,,VERIFIED,21620.78,000922,2023-07-08 20:54:30,synthetic-generator,200922,101173
300923,9009.99,2023-08-27 23:43:43,Synthetic payment record,BANK_TRANSFER,PREMIUM,2023-08,12,,VERIFIED,9009.99,000923,2023-08-29 23:43:43,synthetic-generator,200923,101174
300924,9041.16,2023-09-19 01:47:10,Synthetic payment record,KBZ_PAY,PREMIUM,2023-09,1,,VERIFIED,9041.16,000924,2023-09-20 01:47:10,synthetic-generator,200924,101175
300925,12850.54,2023-10-12 00:36:09,Synthetic payment record,WAVE_PAY,PREMIUM,2023-10,2,,REJECTED,12850.54,000925,2023-10-12 00:36:09,,200925,101176
300926,25901.53,2023-11-06 08:43:52,Synthetic payment record,AYA_PAY,CLAIM_PAYOUT,2023-11,3,,VERIFIED,25901.53,000926,2023-11-08 08:43:52,synthetic-generator,200926,101177
300927,24371.35,2023-12-10 04:49:32,Synthetic payment record,BANK_TRANSFER,PREMIUM,2023-12,4,,VERIFIED,24371.35,000927,2023-12-12 04:49:32,synthetic-generator,200927,101178
300928,4481.78,2024-01-10 10:00:07,Synthetic payment record,KBZ_PAY,RENEWAL,2024-01,5,,VERIFIED,4481.78,000928,2024-01-12 10:00:07,synthetic-generator,200928,101179
300929,38699.09,2024-02-11 16:49:12,Synthetic payment record,WAVE_PAY,RENEWAL,2024-02,6,,VERIFIED,38699.09,000929,2024-02-14 16:49:12,synthetic-generator,200929,101180
300930,33338.87,2024-03-12 00:29:25,Synthetic payment record,AYA_PAY,PREMIUM,2024-03,7,,PENDING,33338.87,000930,2024-03-15 00:29:25,,200930,101181
300931,35204.64,2024-04-30 02:36:05,Synthetic payment record,BANK_TRANSFER,PREMIUM,2024-04,8,,VERIFIED,35204.64,000931,2024-05-03 02:36:05,synthetic-generator,200931,101182
300932,7396.02,2024-05-11 01:52:08,Synthetic payment record,KBZ_PAY,PREMIUM,2024-05,9,,VERIFIED,7396.02,000932,2024-05-14 01:52:08,synthetic-generator,200932,101183
300933,32850.09,2024-06-19 15:40:51,Synthetic payment record,WAVE_PAY,PREMIUM,2024-06,10,,VERIFIED,32850.09,000933,2024-06-19 15:40:51,synthetic-generator,200933,101184
300934,52393.32,2024-07-23 20:22:05,Synthetic payment record,AYA_PAY,PREMIUM,2024-07,11,,VERIFIED,52393.32,000934,2024-07-26 20:22:05,synthetic-generator,200934,101185
300935,53831.40,2024-08-24 01:15:37,Synthetic payment record,BANK_TRANSFER,RENEWAL,2024-08,12,,VERIFIED,53831.40,000935,2024-08-24 01:15:37,synthetic-generator,200935,101186
300936,9454.85,2024-09-17 18:05:42,Synthetic payment record,KBZ_PAY,RENEWAL,2024-09,1,,VERIFIED,9454.85,000936,2024-09-17 18:05:42,synthetic-generator,200936,101187
300937,5054.88,2024-10-21 10:55:33,Synthetic payment record,WAVE_PAY,PREMIUM,2024-10,2,,VERIFIED,5054.88,000937,2024-10-22 10:55:33,synthetic-generator,200937,101188
300938,20526.37,2024-11-07 10:49:12,Synthetic payment record,AYA_PAY,PREMIUM,2024-11,3,,VERIFIED,20526.37,000938,2024-11-10 10:49:12,synthetic-generator,200938,101189
300939,28697.80,2024-12-14 12:59:21,Synthetic payment record,BANK_TRANSFER,PREMIUM,2024-12,4,,PENDING,28697.80,000939,2024-12-16 12:59:21,,200939,101190
300940,5753.75,2025-01-15 18:14:59,Synthetic payment record,KBZ_PAY,RENEWAL,2025-01,5,,VERIFIED,5753.75,000940,2025-01-18 18:14:59,synthetic-generator,200940,101191
300941,12685.77,2025-02-05 12:15:13,Synthetic payment record,WAVE_PAY,PREMIUM,2025-02,6,,VERIFIED,12685.77,000941,2025-02-08 12:15:13,synthetic-generator,200941,101192
300942,4092.11,2025-03-17 15:49:21,Synthetic payment record,AYA_PAY,PREMIUM,2025-03,7,,VERIFIED,4092.11,000942,2025-03-18 15:49:21,synthetic-generator,200942,101193
300943,30257.77,2025-04-13 06:52:04,Synthetic payment record,BANK_TRANSFER,PREMIUM,2025-04,8,,VERIFIED,30257.77,000943,2025-04-16 06:52:04,synthetic-generator,200943,101194
300944,7117.15,2025-05-30 14:05:37,Synthetic payment record,KBZ_PAY,PREMIUM,2025-05,9,,PENDING,7117.15,000944,2025-06-02 14:05:37,,200944,101195
300945,26867.54,2025-06-14 16:48:29,Synthetic payment record,WAVE_PAY,PREMIUM,2025-06,10,,VERIFIED,26867.54,000945,2025-06-14 16:48:29,synthetic-generator,200945,101196
300946,34387.45,2025-07-20 20:55:42,Synthetic payment record,AYA_PAY,CLAIM_PAYOUT,2025-07,11,,VERIFIED,34387.45,000946,2025-07-22 20:55:42,synthetic-generator,200946,101197
300947,51206.25,2025-08-17 21:54:35,Synthetic payment record,BANK_TRANSFER,PREMIUM,2025-08,12,,VERIFIED,51206.25,000947,2025-08-17 21:54:35,synthetic-generator,200947,101198
300948,5786.16,2025-09-22 02:36:54,Synthetic payment record,KBZ_PAY,PREMIUM,2025-09,1,,VERIFIED,5786.16,000948,2025-09-23 02:36:54,synthetic-generator,200948,101199
300949,14669.07,2025-10-03 13:26:16,Synthetic payment record,WAVE_PAY,PREMIUM,2025-10,2,,VERIFIED,14669.07,000949,2025-10-06 13:26:16,synthetic-generator,200949,101200
300950,27132.86,2025-11-24 04:56:08,Synthetic payment record,AYA_PAY,RENEWAL,2025-11,3,,VERIFIED,27132.86,000950,2025-11-26 04:56:08,synthetic-generator,200950,101201
300951,7809.35,2025-12-13 22:34:51,Synthetic payment record,BANK_TRANSFER,PREMIUM,2025-12,4,,VERIFIED,7809.35,000951,2025-12-14 22:34:51,synthetic-generator,200951,101202
300952,23890.99,2026-01-24 14:29:23,Synthetic payment record,KBZ_PAY,PREMIUM,2026-01,5,,VERIFIED,23890.99,000952,2026-01-24 14:29:23,synthetic-generator,200952,101203
300953,24274.27,2026-02-10 00:46:19,Synthetic payment record,WAVE_PAY,PREMIUM,2026-02,6,,VERIFIED,24274.27,000953,2026-02-11 00:46:19,synthetic-generator,200953,101204
300954,29228.32,2026-03-29 07:41:42,Synthetic payment record,AYA_PAY,RENEWAL,2026-03,7,,PENDING,29228.32,000954,2026-03-29 07:41:42,,200954,101205
300955,48844.29,2026-04-23 10:50:05,Synthetic payment record,BANK_TRANSFER,PREMIUM,2026-04,8,,PENDING,48844.29,000955,2026-04-24 10:50:05,,200955,101206
300956,5002.39,2026-05-10 17:51:11,Synthetic payment record,KBZ_PAY,PREMIUM,2026-05,9,,VERIFIED,5002.39,000956,2026-05-12 17:51:11,synthetic-generator,200956,101207
300957,25936.55,2026-06-24 02:05:20,Synthetic payment record,WAVE_PAY,PREMIUM,2026-06,10,,PENDING,25936.55,000957,2026-06-27 02:05:20,,200957,101208
300958,57195.04,2026-07-30 00:25:05,Synthetic payment record,AYA_PAY,PREMIUM,2026-07,11,,VERIFIED,57195.04,000958,2026-08-02 00:25:05,synthetic-generator,200958,101209
300959,66521.79,2026-08-02 00:43:11,Synthetic payment record,BANK_TRANSFER,RENEWAL,2026-08,12,,VERIFIED,66521.79,000959,2026-08-02 00:43:11,synthetic-generator,200959,101210
300960,7763.26,2021-09-20 13:21:07,Synthetic payment record,KBZ_PAY,PREMIUM,2021-09,1,,VERIFIED,7763.26,000960,2021-09-23 13:21:07,synthetic-generator,200960,101211
300961,5951.58,2021-10-01 11:40:32,Synthetic payment record,WAVE_PAY,PREMIUM,2021-10,2,,VERIFIED,5951.58,000961,2021-10-01 11:40:32,synthetic-generator,200961,101212
300962,11991.53,2021-11-07 07:21:16,Synthetic payment record,AYA_PAY,PREMIUM,2021-11,3,,VERIFIED,11991.53,000962,2021-11-09 07:21:16,synthetic-generator,200962,101213
300963,28249.62,2021-12-22 16:16:35,Synthetic payment record,BANK_TRANSFER,PREMIUM,2021-12,4,,VERIFIED,28249.62,000963,2021-12-22 16:16:35,synthetic-generator,200963,101214
300964,10796.13,2022-01-07 16:00:14,Synthetic payment record,KBZ_PAY,RENEWAL,2022-01,5,,VERIFIED,10796.13,000964,2022-01-10 16:00:14,synthetic-generator,200964,101215
300965,9796.73,2022-02-28 23:26:09,Synthetic payment record,WAVE_PAY,PREMIUM,2022-02,6,,VERIFIED,9796.73,000965,2022-03-03 23:26:09,synthetic-generator,200965,101216
300966,23243.37,2022-03-31 04:37:52,Synthetic payment record,AYA_PAY,PREMIUM,2022-03,7,,VERIFIED,23243.37,000966,2022-04-03 04:37:52,synthetic-generator,200966,101217
300967,30095.96,2022-04-26 11:05:44,Synthetic payment record,BANK_TRANSFER,PREMIUM,2022-04,8,,VERIFIED,30095.96,000967,2022-04-29 11:05:44,synthetic-generator,200967,101218
300968,9681.27,2022-05-28 01:47:46,Synthetic payment record,KBZ_PAY,RENEWAL,2022-05,9,,VERIFIED,9681.27,000968,2022-05-29 01:47:46,synthetic-generator,200968,101219
300969,23878.85,2022-06-08 05:34:29,Synthetic payment record,WAVE_PAY,RENEWAL,2022-06,10,,VERIFIED,23878.85,000969,2022-06-09 05:34:29,synthetic-generator,200969,101220
300970,5087.96,2022-07-03 17:08:13,Synthetic payment record,AYA_PAY,RENEWAL,2022-07,11,,VERIFIED,5087.96,000970,2022-07-06 17:08:13,synthetic-generator,200970,101221
300971,5457.45,2022-08-05 02:57:29,Synthetic payment record,BANK_TRANSFER,PREMIUM,2022-08,12,,VERIFIED,5457.45,000971,2022-08-08 02:57:29,synthetic-generator,200971,101222
300972,7396.73,2022-09-23 00:50:40,Synthetic payment record,KBZ_PAY,PREMIUM,2022-09,1,,VERIFIED,7396.73,000972,2022-09-26 00:50:40,synthetic-generator,200972,101223
300973,9792.88,2022-10-21 12:00:12,Synthetic payment record,WAVE_PAY,PREMIUM,2022-10,2,,VERIFIED,9792.88,000973,2022-10-23 12:00:12,synthetic-generator,200973,101224
300974,12353.78,2022-11-08 07:28:12,Synthetic payment record,AYA_PAY,PREMIUM,2022-11,3,,PENDING,12353.78,000974,2022-11-08 07:28:12,,200974,101225
300975,16215.22,2022-12-27 22:08:19,Synthetic payment record,BANK_TRANSFER,PREMIUM,2022-12,4,,PENDING,16215.22,000975,2022-12-30 22:08:19,,200975,101226
300976,11806.96,2023-01-24 08:10:54,Synthetic payment record,KBZ_PAY,PREMIUM,2023-01,5,,VERIFIED,11806.96,000976,2023-01-26 08:10:54,synthetic-generator,200976,101227
300977,22646.18,2023-02-06 03:43:15,Synthetic payment record,WAVE_PAY,RENEWAL,2023-02,6,,VERIFIED,22646.18,000977,2023-02-09 03:43:15,synthetic-generator,200977,101228
300978,21961.80,2023-03-08 12:44:30,Synthetic payment record,AYA_PAY,PREMIUM,2023-03,7,,VERIFIED,21961.80,000978,2023-03-08 12:44:30,synthetic-generator,200978,101229
300979,27001.30,2023-04-19 09:57:40,Synthetic payment record,BANK_TRANSFER,PREMIUM,2023-04,8,,REJECTED,27001.30,000979,2023-04-21 09:57:40,,200979,101230
300980,10091.89,2023-05-16 16:24:32,Synthetic payment record,KBZ_PAY,PREMIUM,2023-05,9,,VERIFIED,10091.89,000980,2023-05-16 16:24:32,synthetic-generator,200980,101231
300981,27916.90,2023-06-22 19:55:23,Synthetic payment record,WAVE_PAY,PREMIUM,2023-06,10,,VERIFIED,27916.90,000981,2023-06-25 19:55:23,synthetic-generator,200981,101232
300982,44132.98,2023-07-13 11:05:13,Synthetic payment record,AYA_PAY,RENEWAL,2023-07,11,,PENDING,44132.98,000982,2023-07-16 11:05:13,,200982,101233
300983,62218.61,2023-08-18 19:29:19,Synthetic payment record,BANK_TRANSFER,PREMIUM,2023-08,12,,VERIFIED,62218.61,000983,2023-08-18 19:29:19,synthetic-generator,200983,101234
300984,5306.91,2023-09-08 09:18:09,Synthetic payment record,KBZ_PAY,PREMIUM,2023-09,1,,VERIFIED,5306.91,000984,2023-09-09 09:18:09,synthetic-generator,200984,101235
300985,18667.19,2023-10-22 15:59:05,Synthetic payment record,WAVE_PAY,RENEWAL,2023-10,2,,VERIFIED,18667.19,000985,2023-10-24 15:59:05,synthetic-generator,200985,101236
300986,21462.76,2023-11-24 19:04:43,Synthetic payment record,AYA_PAY,RENEWAL,2023-11,3,,VERIFIED,21462.76,000986,2023-11-25 19:04:43,synthetic-generator,200986,101237
300987,20994.19,2023-12-31 03:28:41,Synthetic payment record,BANK_TRANSFER,RENEWAL,2023-12,4,,VERIFIED,20994.19,000987,2024-01-01 03:28:41,synthetic-generator,200987,101238
300988,3075.93,2024-01-08 01:32:57,Synthetic payment record,KBZ_PAY,PREMIUM,2024-01,5,,VERIFIED,3075.93,000988,2024-01-09 01:32:57,synthetic-generator,200988,101239
300989,14773.85,2024-02-16 12:23:30,Synthetic payment record,WAVE_PAY,CLAIM_PAYOUT,2024-02,6,,VERIFIED,14773.85,000989,2024-02-16 12:23:30,synthetic-generator,200989,101240
300990,13502.98,2024-03-20 16:23:08,Synthetic payment record,AYA_PAY,PREMIUM,2024-03,7,,VERIFIED,13502.98,000990,2024-03-23 16:23:08,synthetic-generator,200990,101241
300991,17920.81,2024-04-07 01:06:11,Synthetic payment record,BANK_TRANSFER,PREMIUM,2024-04,8,,VERIFIED,17920.81,000991,2024-04-10 01:06:11,synthetic-generator,200991,101242
300992,20873.16,2024-05-20 00:30:45,Synthetic payment record,KBZ_PAY,PREMIUM,2024-05,9,,VERIFIED,20873.16,000992,2024-05-20 00:30:45,synthetic-generator,200992,101243
300993,9691.93,2024-06-26 07:17:36,Synthetic payment record,WAVE_PAY,PREMIUM,2024-06,10,,VERIFIED,9691.93,000993,2024-06-29 07:17:36,synthetic-generator,200993,101244
300994,30820.87,2024-07-28 07:08:51,Synthetic payment record,AYA_PAY,PREMIUM,2024-07,11,,REJECTED,30820.87,000994,2024-07-28 07:08:51,,200994,101245
300995,16113.14,2024-08-31 14:40:33,Synthetic payment record,BANK_TRANSFER,PREMIUM,2024-08,12,,VERIFIED,16113.14,000995,2024-09-03 14:40:33,synthetic-generator,200995,101246
300996,5458.17,2024-09-06 23:17:10,Synthetic payment record,KBZ_PAY,PREMIUM,2024-09,1,,VERIFIED,5458.17,000996,2024-09-07 23:17:10,synthetic-generator,200996,101247
300997,17905.57,2024-10-04 02:37:43,Synthetic payment record,WAVE_PAY,PREMIUM,2024-10,2,,VERIFIED,17905.57,000997,2024-10-04 02:37:43,synthetic-generator,200997,101248
300998,15948.00,2024-11-25 00:48:51,Synthetic payment record,AYA_PAY,PREMIUM,2024-11,3,,VERIFIED,15948.00,000998,2024-11-27 00:48:51,synthetic-generator,200998,101249
300999,20713.80,2024-12-08 11:10:43,Synthetic payment record,BANK_TRANSFER,PREMIUM,2024-12,4,,VERIFIED,20713.80,000999,2024-12-10 11:10:43,synthetic-generator,200999,101250
301000,8247.63,2025-01-08 05:05:07,Synthetic payment record,KBZ_PAY,PREMIUM,2025-01,5,,VERIFIED,8247.63,001000,2025-01-10 05:05:07,synthetic-generator,201000,101251
301001,24489.72,2025-02-04 16:17:28,Synthetic payment record,WAVE_PAY,RENEWAL,2025-02,6,,PENDING,24489.72,001001,2025-02-04 16:17:28,,201001,101252
301002,14335.65,2025-03-17 07:29:11,Synthetic payment record,AYA_PAY,PREMIUM,2025-03,7,,VERIFIED,14335.65,001002,2025-03-17 07:29:11,synthetic-generator,201002,101253
301003,41758.37,2025-04-12 08:12:40,Synthetic payment record,BANK_TRANSFER,RENEWAL,2025-04,8,,VERIFIED,41758.37,001003,2025-04-14 08:12:40,synthetic-generator,201003,101254
301004,12938.38,2025-05-05 02:21:16,Synthetic payment record,KBZ_PAY,PREMIUM,2025-05,9,,VERIFIED,12938.38,001004,2025-05-06 02:21:16,synthetic-generator,201004,101255
301005,7953.32,2025-06-05 22:24:23,Synthetic payment record,WAVE_PAY,RENEWAL,2025-06,10,,VERIFIED,7953.32,001005,2025-06-05 22:24:23,synthetic-generator,201005,101256
301006,24198.32,2025-07-25 03:24:43,Synthetic payment record,AYA_PAY,PREMIUM,2025-07,11,,VERIFIED,24198.32,001006,2025-07-28 03:24:43,synthetic-generator,201006,101257
301007,54807.39,2025-08-16 06:34:09,Synthetic payment record,BANK_TRANSFER,PREMIUM,2025-08,12,,VERIFIED,54807.39,001007,2025-08-17 06:34:09,synthetic-generator,201007,101258
301008,4621.10,2025-09-02 09:50:50,Synthetic payment record,KBZ_PAY,CLAIM_PAYOUT,2025-09,1,,VERIFIED,4621.10,001008,2025-09-02 09:50:50,synthetic-generator,201008,101259
301009,16466.69,2025-10-24 21:53:09,Synthetic payment record,WAVE_PAY,PREMIUM,2025-10,2,,PENDING,16466.69,001009,2025-10-25 21:53:09,,201009,101260
301010,7652.41,2025-11-15 06:48:04,Synthetic payment record,AYA_PAY,PREMIUM,2025-11,3,,VERIFIED,7652.41,001010,2025-11-16 06:48:04,synthetic-generator,201010,101261
301011,51718.03,2025-12-06 06:22:57,Synthetic payment record,BANK_TRANSFER,PREMIUM,2025-12,4,,VERIFIED,51718.03,001011,2025-12-08 06:22:57,synthetic-generator,201011,101262
301012,14263.65,2026-01-26 23:49:55,Synthetic payment record,KBZ_PAY,RENEWAL,2026-01,5,,VERIFIED,14263.65,001012,2026-01-26 23:49:55,synthetic-generator,201012,101263
301013,13803.04,2026-02-24 08:01:23,Synthetic payment record,WAVE_PAY,RENEWAL,2026-02,6,,VERIFIED,13803.04,001013,2026-02-25 08:01:23,synthetic-generator,201013,101264
301014,30103.74,2026-03-02 15:44:18,Synthetic payment record,AYA_PAY,PREMIUM,2026-03,7,,VERIFIED,30103.74,001014,2026-03-02 15:44:18,synthetic-generator,201014,101265
301015,17574.68,2026-04-02 10:47:03,Synthetic payment record,BANK_TRANSFER,RENEWAL,2026-04,8,,VERIFIED,17574.68,001015,2026-04-03 10:47:03,synthetic-generator,201015,101266
301016,23108.66,2026-05-24 23:51:03,Synthetic payment record,KBZ_PAY,PREMIUM,2026-05,9,,VERIFIED,23108.66,001016,2026-05-27 23:51:03,synthetic-generator,201016,101267
301017,5145.31,2026-06-17 03:24:11,Synthetic payment record,WAVE_PAY,PREMIUM,2026-06,10,,VERIFIED,5145.31,001017,2026-06-18 03:24:11,synthetic-generator,201017,101268
301018,45930.53,2026-07-28 03:20:20,Synthetic payment record,AYA_PAY,PREMIUM,2026-07,11,,VERIFIED,45930.53,001018,2026-07-31 03:20:20,synthetic-generator,201018,101269
301019,39237.56,2026-08-15 21:20:59,Synthetic payment record,BANK_TRANSFER,PREMIUM,2026-08,12,,VERIFIED,39237.56,001019,2026-08-16 21:20:59,synthetic-generator,201019,101270
301020,8695.98,2021-09-13 02:33:55,Synthetic payment record,KBZ_PAY,RENEWAL,2021-09,1,,PENDING,8695.98,001020,2021-09-14 02:33:55,,201020,101271
301021,10287.14,2021-10-30 14:12:12,Synthetic payment record,WAVE_PAY,PREMIUM,2021-10,2,,REJECTED,10287.14,001021,2021-10-31 14:12:12,,201021,101272
301022,15208.79,2021-11-04 14:33:46,Synthetic payment record,AYA_PAY,PREMIUM,2021-11,3,,VERIFIED,15208.79,001022,2021-11-07 14:33:46,synthetic-generator,201022,101273
301023,9371.02,2021-12-14 17:06:18,Synthetic payment record,BANK_TRANSFER,PREMIUM,2021-12,4,,VERIFIED,9371.02,001023,2021-12-15 17:06:18,synthetic-generator,201023,101274
301024,10408.55,2022-01-29 05:58:24,Synthetic payment record,KBZ_PAY,PREMIUM,2022-01,5,,VERIFIED,10408.55,001024,2022-01-30 05:58:24,synthetic-generator,201024,101275
301025,21180.14,2022-02-22 02:28:19,Synthetic payment record,WAVE_PAY,PREMIUM,2022-02,6,,VERIFIED,21180.14,001025,2022-02-22 02:28:19,synthetic-generator,201025,101276
301026,23404.06,2022-03-02 14:37:23,Synthetic payment record,AYA_PAY,PREMIUM,2022-03,7,,VERIFIED,23404.06,001026,2022-03-03 14:37:23,synthetic-generator,201026,101277
301027,33673.43,2022-04-23 16:13:41,Synthetic payment record,BANK_TRANSFER,PREMIUM,2022-04,8,,VERIFIED,33673.43,001027,2022-04-24 16:13:41,synthetic-generator,201027,101278
301028,3757.53,2022-05-18 16:58:37,Synthetic payment record,KBZ_PAY,PREMIUM,2022-05,9,,VERIFIED,3757.53,001028,2022-05-19 16:58:37,synthetic-generator,201028,101279
301029,15023.01,2022-06-19 23:40:23,Synthetic payment record,WAVE_PAY,PREMIUM,2022-06,10,,VERIFIED,15023.01,001029,2022-06-22 23:40:23,synthetic-generator,201029,101280
301030,10497.23,2022-07-08 18:43:29,Synthetic payment record,AYA_PAY,PREMIUM,2022-07,11,,VERIFIED,10497.23,001030,2022-07-09 18:43:29,synthetic-generator,201030,101281
301031,12374.32,2022-08-04 18:30:51,Synthetic payment record,BANK_TRANSFER,PREMIUM,2022-08,12,,VERIFIED,12374.32,001031,2022-08-06 18:30:51,synthetic-generator,201031,101282
301032,2908.78,2022-09-18 13:28:06,Synthetic payment record,KBZ_PAY,CLAIM_PAYOUT,2022-09,1,,VERIFIED,2908.78,001032,2022-09-20 13:28:06,synthetic-generator,201032,101283
301033,13984.35,2022-10-26 18:47:26,Synthetic payment record,WAVE_PAY,CLAIM_PAYOUT,2022-10,2,,VERIFIED,13984.35,001033,2022-10-28 18:47:26,synthetic-generator,201033,101284
301034,12792.02,2022-11-22 21:57:34,Synthetic payment record,AYA_PAY,RENEWAL,2022-11,3,,VERIFIED,12792.02,001034,2022-11-22 21:57:34,synthetic-generator,201034,101285
301035,44466.80,2022-12-29 05:19:28,Synthetic payment record,BANK_TRANSFER,CLAIM_PAYOUT,2022-12,4,,VERIFIED,44466.80,001035,2023-01-01 05:19:28,synthetic-generator,201035,101286
301036,4843.88,2023-01-23 08:49:13,Synthetic payment record,KBZ_PAY,PREMIUM,2023-01,5,,VERIFIED,4843.88,001036,2023-01-25 08:49:13,synthetic-generator,201036,101287
301037,18089.98,2023-02-22 05:22:58,Synthetic payment record,WAVE_PAY,CLAIM_PAYOUT,2023-02,6,,VERIFIED,18089.98,001037,2023-02-22 05:22:58,synthetic-generator,201037,101288
301038,24140.60,2023-03-09 18:15:45,Synthetic payment record,AYA_PAY,PREMIUM,2023-03,7,,VERIFIED,24140.60,001038,2023-03-09 18:15:45,synthetic-generator,201038,101289
301039,28898.52,2023-04-17 09:35:24,Synthetic payment record,BANK_TRANSFER,RENEWAL,2023-04,8,,VERIFIED,28898.52,001039,2023-04-18 09:35:24,synthetic-generator,201039,101290
301040,18296.91,2023-05-24 02:42:24,Synthetic payment record,KBZ_PAY,PREMIUM,2023-05,9,,VERIFIED,18296.91,001040,2023-05-24 02:42:24,synthetic-generator,201040,101291
301041,33890.13,2023-06-12 14:23:59,Synthetic payment record,WAVE_PAY,CLAIM_PAYOUT,2023-06,10,,VERIFIED,33890.13,001041,2023-06-15 14:23:59,synthetic-generator,201041,101292
301042,11859.36,2023-07-09 05:23:48,Synthetic payment record,AYA_PAY,PREMIUM,2023-07,11,,VERIFIED,11859.36,001042,2023-07-09 05:23:48,synthetic-generator,201042,101293
301043,37482.62,2023-08-24 15:34:16,Synthetic payment record,BANK_TRANSFER,PREMIUM,2023-08,12,,VERIFIED,37482.62,001043,2023-08-24 15:34:16,synthetic-generator,201043,101294
301044,11693.76,2023-09-29 10:57:35,Synthetic payment record,KBZ_PAY,PREMIUM,2023-09,1,,VERIFIED,11693.76,001044,2023-10-01 10:57:35,synthetic-generator,201044,101295
301045,9024.75,2023-10-04 00:33:33,Synthetic payment record,WAVE_PAY,RENEWAL,2023-10,2,,VERIFIED,9024.75,001045,2023-10-05 00:33:33,synthetic-generator,201045,101296
301046,7910.94,2023-11-08 04:06:45,Synthetic payment record,AYA_PAY,RENEWAL,2023-11,3,,PENDING,7910.94,001046,2023-11-10 04:06:45,,201046,101297
301047,27472.65,2023-12-02 07:29:13,Synthetic payment record,BANK_TRANSFER,PREMIUM,2023-12,4,,PENDING,27472.65,001047,2023-12-03 07:29:13,,201047,101298
301048,12861.04,2024-01-22 02:29:09,Synthetic payment record,KBZ_PAY,PREMIUM,2024-01,5,,VERIFIED,12861.04,001048,2024-01-24 02:29:09,synthetic-generator,201048,101299
301049,26833.78,2024-02-03 10:29:08,Synthetic payment record,WAVE_PAY,PREMIUM,2024-02,6,,VERIFIED,26833.78,001049,2024-02-06 10:29:08,synthetic-generator,201049,101300
301050,15434.97,2024-03-09 10:31:10,Synthetic payment record,AYA_PAY,PREMIUM,2024-03,7,,VERIFIED,15434.97,001050,2024-03-10 10:31:10,synthetic-generator,201050,101301
301051,20425.96,2024-04-23 18:29:36,Synthetic payment record,BANK_TRANSFER,CLAIM_PAYOUT,2024-04,8,,VERIFIED,20425.96,001051,2024-04-24 18:29:36,synthetic-generator,201051,101302
301052,7862.78,2024-05-24 20:27:11,Synthetic payment record,KBZ_PAY,PREMIUM,2024-05,9,,PENDING,7862.78,001052,2024-05-26 20:27:11,,201052,101303
301053,28436.02,2024-06-05 09:24:07,Synthetic payment record,WAVE_PAY,PREMIUM,2024-06,10,,REJECTED,28436.02,001053,2024-06-05 09:24:07,,201053,101304
301054,28891.92,2024-07-22 16:59:28,Synthetic payment record,AYA_PAY,PREMIUM,2024-07,11,,VERIFIED,28891.92,001054,2024-07-23 16:59:28,synthetic-generator,201054,101305
301055,67237.84,2024-08-11 01:57:16,Synthetic payment record,BANK_TRANSFER,RENEWAL,2024-08,12,,VERIFIED,67237.84,001055,2024-08-13 01:57:16,synthetic-generator,201055,101306
301056,10709.37,2024-09-29 16:11:02,Synthetic payment record,KBZ_PAY,CLAIM_PAYOUT,2024-09,1,,VERIFIED,10709.37,001056,2024-10-02 16:11:02,synthetic-generator,201056,101307
301057,17940.98,2024-10-12 07:46:21,Synthetic payment record,WAVE_PAY,PREMIUM,2024-10,2,,VERIFIED,17940.98,001057,2024-10-12 07:46:21,synthetic-generator,201057,101308
301058,14351.68,2024-11-19 23:57:38,Synthetic payment record,AYA_PAY,PREMIUM,2024-11,3,,PENDING,14351.68,001058,2024-11-21 23:57:38,,201058,101309
301059,34049.89,2024-12-21 21:06:48,Synthetic payment record,BANK_TRANSFER,PREMIUM,2024-12,4,,VERIFIED,34049.89,001059,2024-12-22 21:06:48,synthetic-generator,201059,101310
301060,14694.33,2025-01-31 17:18:31,Synthetic payment record,KBZ_PAY,CLAIM_PAYOUT,2025-01,5,,VERIFIED,14694.33,001060,2025-01-31 17:18:31,synthetic-generator,201060,101311
301061,24860.37,2025-02-27 20:11:28,Synthetic payment record,WAVE_PAY,RENEWAL,2025-02,6,,REJECTED,24860.37,001061,2025-03-02 20:11:28,,201061,101312
301062,9387.07,2025-03-10 04:07:52,Synthetic payment record,AYA_PAY,PREMIUM,2025-03,7,,VERIFIED,9387.07,001062,2025-03-12 04:07:52,synthetic-generator,201062,101313
301063,4419.63,2025-04-10 00:08:12,Synthetic payment record,BANK_TRANSFER,PREMIUM,2025-04,8,,VERIFIED,4419.63,001063,2025-04-11 00:08:12,synthetic-generator,201063,101314
301064,14190.46,2025-05-09 02:20:55,Synthetic payment record,KBZ_PAY,PREMIUM,2025-05,9,,VERIFIED,14190.46,001064,2025-05-10 02:20:55,synthetic-generator,201064,101315
301065,12897.18,2025-06-13 00:25:46,Synthetic payment record,WAVE_PAY,PREMIUM,2025-06,10,,PENDING,12897.18,001065,2025-06-16 00:25:46,,201065,101316
301066,32300.14,2025-07-15 01:20:06,Synthetic payment record,AYA_PAY,PREMIUM,2025-07,11,,REJECTED,32300.14,001066,2025-07-18 01:20:06,,201066,101317
301067,37833.47,2025-08-30 17:09:45,Synthetic payment record,BANK_TRANSFER,RENEWAL,2025-08,12,,VERIFIED,37833.47,001067,2025-08-30 17:09:45,synthetic-generator,201067,101318
301068,13916.11,2025-09-02 23:32:02,Synthetic payment record,KBZ_PAY,PREMIUM,2025-09,1,,VERIFIED,13916.11,001068,2025-09-05 23:32:02,synthetic-generator,201068,101319
301069,13103.72,2025-10-22 07:03:50,Synthetic payment record,WAVE_PAY,PREMIUM,2025-10,2,,PENDING,13103.72,001069,2025-10-24 07:03:50,,201069,101320
301070,17961.18,2025-11-23 15:23:34,Synthetic payment record,AYA_PAY,PREMIUM,2025-11,3,,VERIFIED,17961.18,001070,2025-11-24 15:23:34,synthetic-generator,201070,101321
301071,8063.28,2025-12-22 10:21:08,Synthetic payment record,BANK_TRANSFER,RENEWAL,2025-12,4,,VERIFIED,8063.28,001071,2025-12-22 10:21:08,synthetic-generator,201071,101322
301072,22224.89,2026-01-06 16:03:16,Synthetic payment record,KBZ_PAY,PREMIUM,2026-01,5,,VERIFIED,22224.89,001072,2026-01-09 16:03:16,synthetic-generator,201072,101323
301073,14524.77,2026-02-28 14:48:29,Synthetic payment record,WAVE_PAY,PREMIUM,2026-02,6,,PENDING,14524.77,001073,2026-02-28 14:48:29,,201073,101324
301074,7733.35,2026-03-04 14:42:53,Synthetic payment record,AYA_PAY,PREMIUM,2026-03,7,,VERIFIED,7733.35,001074,2026-03-06 14:42:53,synthetic-generator,201074,101325
301075,52371.96,2026-04-15 19:03:23,Synthetic payment record,BANK_TRANSFER,PREMIUM,2026-04,8,,REJECTED,52371.96,001075,2026-04-18 19:03:23,,201075,101326
301076,12387.47,2026-05-06 01:28:36,Synthetic payment record,KBZ_PAY,RENEWAL,2026-05,9,,VERIFIED,12387.47,001076,2026-05-09 01:28:36,synthetic-generator,201076,101327
301077,10664.50,2026-06-30 19:26:10,Synthetic payment record,WAVE_PAY,PREMIUM,2026-06,10,,VERIFIED,10664.50,001077,2026-07-01 19:26:10,synthetic-generator,201077,101328
301078,10590.92,2026-07-17 20:43:35,Synthetic payment record,AYA_PAY,PREMIUM,2026-07,11,,VERIFIED,10590.92,001078,2026-07-18 20:43:35,synthetic-generator,201078,101329
301079,63081.42,2026-08-07 08:15:02,Synthetic payment record,BANK_TRANSFER,PREMIUM,2026-08,12,,VERIFIED,63081.42,001079,2026-08-07 08:15:02,synthetic-generator,201079,101330
301080,2183.02,2021-09-04 16:50:55,Synthetic payment record,KBZ_PAY,PREMIUM,2021-09,1,,VERIFIED,2183.02,001080,2021-09-06 16:50:55,synthetic-generator,201080,101331
301081,4203.49,2021-10-22 18:44:55,Synthetic payment record,WAVE_PAY,PREMIUM,2021-10,2,,VERIFIED,4203.49,001081,2021-10-22 18:44:55,synthetic-generator,201081,101332
301082,30081.17,2021-11-13 17:24:21,Synthetic payment record,AYA_PAY,RENEWAL,2021-11,3,,VERIFIED,30081.17,001082,2021-11-15 17:24:21,synthetic-generator,201082,101333
301083,49166.94,2021-12-27 03:49:59,Synthetic payment record,BANK_TRANSFER,PREMIUM,2021-12,4,,PENDING,49166.94,001083,2021-12-29 03:49:59,,201083,101334
301084,8990.89,2022-01-31 02:42:33,Synthetic payment record,KBZ_PAY,RENEWAL,2022-01,5,,VERIFIED,8990.89,001084,2022-02-02 02:42:33,synthetic-generator,201084,101335
301085,3237.05,2022-02-06 20:28:17,Synthetic payment record,WAVE_PAY,PREMIUM,2022-02,6,,VERIFIED,3237.05,001085,2022-02-07 20:28:17,synthetic-generator,201085,101336
301086,11604.48,2022-03-19 01:46:03,Synthetic payment record,AYA_PAY,RENEWAL,2022-03,7,,PENDING,11604.48,001086,2022-03-21 01:46:03,,201086,101337
301087,9698.44,2022-04-04 07:06:39,Synthetic payment record,BANK_TRANSFER,PREMIUM,2022-04,8,,VERIFIED,9698.44,001087,2022-04-07 07:06:39,synthetic-generator,201087,101338
301088,16981.60,2022-05-26 10:26:44,Synthetic payment record,KBZ_PAY,CLAIM_PAYOUT,2022-05,9,,REJECTED,16981.60,001088,2022-05-27 10:26:44,,201088,101339
301089,4292.72,2022-06-13 17:15:25,Synthetic payment record,WAVE_PAY,CLAIM_PAYOUT,2022-06,10,,VERIFIED,4292.72,001089,2022-06-16 17:15:25,synthetic-generator,201089,101340
301090,7831.76,2022-07-03 12:02:09,Synthetic payment record,AYA_PAY,RENEWAL,2022-07,11,,VERIFIED,7831.76,001090,2022-07-03 12:02:09,synthetic-generator,201090,101341
301091,9230.24,2022-08-01 00:16:07,Synthetic payment record,BANK_TRANSFER,PREMIUM,2022-08,12,,VERIFIED,9230.24,001091,2022-08-02 00:16:07,synthetic-generator,201091,101342
301092,2099.99,2022-09-30 05:14:31,Synthetic payment record,KBZ_PAY,PREMIUM,2022-09,1,,VERIFIED,2099.99,001092,2022-10-02 05:14:31,synthetic-generator,201092,101343
301093,2958.26,2022-10-25 23:08:35,Synthetic payment record,WAVE_PAY,PREMIUM,2022-10,2,,VERIFIED,2958.26,001093,2022-10-26 23:08:35,synthetic-generator,201093,101344
301094,17278.51,2022-11-22 21:30:18,Synthetic payment record,AYA_PAY,PREMIUM,2022-11,3,,PENDING,17278.51,001094,2022-11-24 21:30:18,,201094,101345
301095,41135.31,2022-12-10 22:52:42,Synthetic payment record,BANK_TRANSFER,PREMIUM,2022-12,4,,VERIFIED,41135.31,001095,2022-12-13 22:52:42,synthetic-generator,201095,101346
301096,13951.17,2023-01-07 05:04:40,Synthetic payment record,KBZ_PAY,PREMIUM,2023-01,5,,VERIFIED,13951.17,001096,2023-01-09 05:04:40,synthetic-generator,201096,101347
301097,12439.95,2023-02-22 18:17:06,Synthetic payment record,WAVE_PAY,PREMIUM,2023-02,6,,VERIFIED,12439.95,001097,2023-02-22 18:17:06,synthetic-generator,201097,101348
301098,17460.77,2023-03-27 00:48:43,Synthetic payment record,AYA_PAY,PREMIUM,2023-03,7,,VERIFIED,17460.77,001098,2023-03-27 00:48:43,synthetic-generator,201098,101349
301099,44942.48,2023-04-14 23:53:08,Synthetic payment record,BANK_TRANSFER,RENEWAL,2023-04,8,,VERIFIED,44942.48,001099,2023-04-17 23:53:08,synthetic-generator,201099,101350
301100,14192.63,2023-05-20 05:00:50,Synthetic payment record,KBZ_PAY,PREMIUM,2023-05,9,,VERIFIED,14192.63,001100,2023-05-21 05:00:50,synthetic-generator,201100,101351
301101,25097.48,2023-06-17 01:57:55,Synthetic payment record,WAVE_PAY,PREMIUM,2023-06,10,,VERIFIED,25097.48,001101,2023-06-17 01:57:55,synthetic-generator,201101,101352
301102,31596.10,2023-07-07 12:20:48,Synthetic payment record,AYA_PAY,PREMIUM,2023-07,11,,VERIFIED,31596.10,001102,2023-07-08 12:20:48,synthetic-generator,201102,101353
301103,40482.64,2023-08-12 19:25:42,Synthetic payment record,BANK_TRANSFER,PREMIUM,2023-08,12,,VERIFIED,40482.64,001103,2023-08-13 19:25:42,synthetic-generator,201103,101354
301104,8169.40,2023-09-10 14:54:17,Synthetic payment record,KBZ_PAY,PREMIUM,2023-09,1,,VERIFIED,8169.40,001104,2023-09-10 14:54:17,synthetic-generator,201104,101355
301105,5145.11,2023-10-02 22:32:45,Synthetic payment record,WAVE_PAY,PREMIUM,2023-10,2,,VERIFIED,5145.11,001105,2023-10-04 22:32:45,synthetic-generator,201105,101356
301106,25616.54,2023-11-26 20:45:42,Synthetic payment record,AYA_PAY,PREMIUM,2023-11,3,,VERIFIED,25616.54,001106,2023-11-29 20:45:42,synthetic-generator,201106,101357
301107,22180.42,2023-12-31 05:07:51,Synthetic payment record,BANK_TRANSFER,PREMIUM,2023-12,4,,VERIFIED,22180.42,001107,2023-12-31 05:07:51,synthetic-generator,201107,101358
301108,25179.65,2024-01-05 17:02:53,Synthetic payment record,KBZ_PAY,PREMIUM,2024-01,5,,VERIFIED,25179.65,001108,2024-01-05 17:02:53,synthetic-generator,201108,101359
301109,21471.44,2024-02-25 21:19:45,Synthetic payment record,WAVE_PAY,PREMIUM,2024-02,6,,VERIFIED,21471.44,001109,2024-02-27 21:19:45,synthetic-generator,201109,101360
301110,18773.33,2024-03-16 01:15:49,Synthetic payment record,AYA_PAY,PREMIUM,2024-03,7,,VERIFIED,18773.33,001110,2024-03-18 01:15:49,synthetic-generator,201110,101361
301111,11973.17,2024-04-14 18:23:44,Synthetic payment record,BANK_TRANSFER,RENEWAL,2024-04,8,,PENDING,11973.17,001111,2024-04-14 18:23:44,,201111,101362
301112,18408.28,2024-05-08 13:30:04,Synthetic payment record,KBZ_PAY,PREMIUM,2024-05,9,,VERIFIED,18408.28,001112,2024-05-08 13:30:04,synthetic-generator,201112,101363
301113,21562.66,2024-06-05 18:12:23,Synthetic payment record,WAVE_PAY,RENEWAL,2024-06,10,,VERIFIED,21562.66,001113,2024-06-06 18:12:23,synthetic-generator,201113,101364
301114,6357.61,2024-07-27 14:50:29,Synthetic payment record,AYA_PAY,PREMIUM,2024-07,11,,VERIFIED,6357.61,001114,2024-07-30 14:50:29,synthetic-generator,201114,101365
301115,26312.23,2024-08-19 11:37:36,Synthetic payment record,BANK_TRANSFER,PREMIUM,2024-08,12,,PENDING,26312.23,001115,2024-08-21 11:37:36,,201115,101366
301116,3981.31,2024-09-18 20:05:01,Synthetic payment record,KBZ_PAY,PREMIUM,2024-09,1,,VERIFIED,3981.31,001116,2024-09-21 20:05:01,synthetic-generator,201116,101367
301117,22107.23,2024-10-03 07:23:44,Synthetic payment record,WAVE_PAY,PREMIUM,2024-10,2,,VERIFIED,22107.23,001117,2024-10-04 07:23:44,synthetic-generator,201117,101368
301118,37677.69,2024-11-28 14:44:17,Synthetic payment record,AYA_PAY,CLAIM_PAYOUT,2024-11,3,,VERIFIED,37677.69,001118,2024-11-30 14:44:17,synthetic-generator,201118,101369
301119,44336.62,2024-12-30 01:44:00,Synthetic payment record,BANK_TRANSFER,PREMIUM,2024-12,4,,PENDING,44336.62,001119,2025-01-02 01:44:00,,201119,101370
301120,13165.66,2025-01-26 04:10:56,Synthetic payment record,KBZ_PAY,PREMIUM,2025-01,5,,VERIFIED,13165.66,001120,2025-01-29 04:10:56,synthetic-generator,201120,101371
301121,10479.91,2025-02-12 09:56:56,Synthetic payment record,WAVE_PAY,PREMIUM,2025-02,6,,VERIFIED,10479.91,001121,2025-02-12 09:56:56,synthetic-generator,201121,101372
301122,21036.90,2025-03-15 07:51:06,Synthetic payment record,AYA_PAY,PREMIUM,2025-03,7,,VERIFIED,21036.90,001122,2025-03-15 07:51:06,synthetic-generator,201122,101373
301123,17810.68,2025-04-16 00:04:09,Synthetic payment record,BANK_TRANSFER,PREMIUM,2025-04,8,,VERIFIED,17810.68,001123,2025-04-17 00:04:09,synthetic-generator,201123,101374
301124,7567.10,2025-05-20 08:39:43,Synthetic payment record,KBZ_PAY,PREMIUM,2025-05,9,,VERIFIED,7567.10,001124,2025-05-23 08:39:43,synthetic-generator,201124,101375
301125,17012.50,2025-06-14 23:36:30,Synthetic payment record,WAVE_PAY,PREMIUM,2025-06,10,,VERIFIED,17012.50,001125,2025-06-16 23:36:30,synthetic-generator,201125,101376
301126,8651.83,2025-07-14 03:04:32,Synthetic payment record,AYA_PAY,PREMIUM,2025-07,11,,VERIFIED,8651.83,001126,2025-07-14 03:04:32,synthetic-generator,201126,101377
301127,6927.40,2025-08-27 07:20:18,Synthetic payment record,BANK_TRANSFER,PREMIUM,2025-08,12,,REJECTED,6927.40,001127,2025-08-27 07:20:18,,201127,101378
301128,1886.83,2025-09-26 04:13:17,Synthetic payment record,KBZ_PAY,CLAIM_PAYOUT,2025-09,1,,VERIFIED,1886.83,001128,2025-09-28 04:13:17,synthetic-generator,201128,101379
301129,14315.07,2025-10-01 15:52:02,Synthetic payment record,WAVE_PAY,PREMIUM,2025-10,2,,VERIFIED,14315.07,001129,2025-10-04 15:52:02,synthetic-generator,201129,101380
301130,6427.43,2025-11-12 04:14:22,Synthetic payment record,AYA_PAY,PREMIUM,2025-11,3,,PENDING,6427.43,001130,2025-11-13 04:14:22,,201130,101381
301131,59869.24,2025-12-20 00:40:28,Synthetic payment record,BANK_TRANSFER,PREMIUM,2025-12,4,,VERIFIED,59869.24,001131,2025-12-23 00:40:28,synthetic-generator,201131,101382
301132,16957.90,2026-01-28 12:41:05,Synthetic payment record,KBZ_PAY,RENEWAL,2026-01,5,,PENDING,16957.90,001132,2026-01-30 12:41:05,,201132,101383
301133,37227.61,2026-02-25 16:53:48,Synthetic payment record,WAVE_PAY,PREMIUM,2026-02,6,,VERIFIED,37227.61,001133,2026-02-25 16:53:48,synthetic-generator,201133,101384
301134,20767.74,2026-03-20 06:39:24,Synthetic payment record,AYA_PAY,RENEWAL,2026-03,7,,VERIFIED,20767.74,001134,2026-03-21 06:39:24,synthetic-generator,201134,101385
301135,24881.00,2026-04-24 17:25:58,Synthetic payment record,BANK_TRANSFER,PREMIUM,2026-04,8,,VERIFIED,24881.00,001135,2026-04-24 17:25:58,synthetic-generator,201135,101386
301136,8420.90,2026-05-21 19:37:44,Synthetic payment record,KBZ_PAY,CLAIM_PAYOUT,2026-05,9,,VERIFIED,8420.90,001136,2026-05-24 19:37:44,synthetic-generator,201136,101387
301137,41142.41,2026-06-07 06:56:17,Synthetic payment record,WAVE_PAY,RENEWAL,2026-06,10,,VERIFIED,41142.41,001137,2026-06-09 06:56:17,synthetic-generator,201137,101388
301138,28328.59,2026-07-22 06:24:31,Synthetic payment record,AYA_PAY,PREMIUM,2026-07,11,,VERIFIED,28328.59,001138,2026-07-24 06:24:31,synthetic-generator,201138,101389
301139,68210.67,2026-08-07 01:26:57,Synthetic payment record,BANK_TRANSFER,PREMIUM,2026-08,12,,PENDING,68210.67,001139,2026-08-07 01:26:57,,201139,101390
301140,1820.42,2021-09-16 02:39:35,Synthetic payment record,KBZ_PAY,PREMIUM,2021-09,1,,PENDING,1820.42,001140,2021-09-19 02:39:35,,201140,101391
301141,7197.07,2021-10-16 19:43:48,Synthetic payment record,WAVE_PAY,CLAIM_PAYOUT,2021-10,2,,VERIFIED,7197.07,001141,2021-10-18 19:43:48,synthetic-generator,201141,101392
301142,8148.66,2021-11-17 14:57:09,Synthetic payment record,AYA_PAY,RENEWAL,2021-11,3,,VERIFIED,8148.66,001142,2021-11-19 14:57:09,synthetic-generator,201142,101393
301143,31327.35,2021-12-05 11:57:25,Synthetic payment record,BANK_TRANSFER,PREMIUM,2021-12,4,,VERIFIED,31327.35,001143,2021-12-07 11:57:25,synthetic-generator,201143,101394
301144,6776.59,2022-01-01 11:00:29,Synthetic payment record,KBZ_PAY,PREMIUM,2022-01,5,,VERIFIED,6776.59,001144,2022-01-04 11:00:29,synthetic-generator,201144,101395
301145,19402.66,2022-02-15 08:47:11,Synthetic payment record,WAVE_PAY,PREMIUM,2022-02,6,,VERIFIED,19402.66,001145,2022-02-15 08:47:11,synthetic-generator,201145,101396
301146,18951.89,2022-03-12 20:03:36,Synthetic payment record,AYA_PAY,PREMIUM,2022-03,7,,PENDING,18951.89,001146,2022-03-13 20:03:36,,201146,101397
301147,25097.41,2022-04-18 06:54:41,Synthetic payment record,BANK_TRANSFER,PREMIUM,2022-04,8,,VERIFIED,25097.41,001147,2022-04-19 06:54:41,synthetic-generator,201147,101398
301148,1947.67,2022-05-11 00:31:57,Synthetic payment record,KBZ_PAY,PREMIUM,2022-05,9,,VERIFIED,1947.67,001148,2022-05-12 00:31:57,synthetic-generator,201148,101399
301149,8761.02,2022-06-28 10:36:17,Synthetic payment record,WAVE_PAY,PREMIUM,2022-06,10,,VERIFIED,8761.02,001149,2022-07-01 10:36:17,synthetic-generator,201149,101400
301150,4275.98,2022-07-31 19:12:43,Synthetic payment record,AYA_PAY,RENEWAL,2022-07,11,,VERIFIED,4275.98,001150,2022-07-31 19:12:43,synthetic-generator,201150,101401
301151,15623.89,2022-08-06 01:14:45,Synthetic payment record,BANK_TRANSFER,CLAIM_PAYOUT,2022-08,12,,VERIFIED,15623.89,001151,2022-08-08 01:14:45,synthetic-generator,201151,101402
301152,2049.63,2022-09-11 15:43:37,Synthetic payment record,KBZ_PAY,PREMIUM,2022-09,1,,VERIFIED,2049.63,001152,2022-09-11 15:43:37,synthetic-generator,201152,101403
301153,11898.88,2022-10-29 20:58:07,Synthetic payment record,WAVE_PAY,PREMIUM,2022-10,2,,VERIFIED,11898.88,001153,2022-10-31 20:58:07,synthetic-generator,201153,101404
301154,22914.90,2022-11-07 16:19:21,Synthetic payment record,AYA_PAY,PREMIUM,2022-11,3,,VERIFIED,22914.90,001154,2022-11-08 16:19:21,synthetic-generator,201154,101405
301155,53221.15,2022-12-17 13:16:31,Synthetic payment record,BANK_TRANSFER,RENEWAL,2022-12,4,,VERIFIED,53221.15,001155,2022-12-17 13:16:31,synthetic-generator,201155,101406
301156,22783.76,2023-01-15 22:49:34,Synthetic payment record,KBZ_PAY,PREMIUM,2023-01,5,,VERIFIED,22783.76,001156,2023-01-15 22:49:34,synthetic-generator,201156,101407
301157,23059.81,2023-02-04 05:27:07,Synthetic payment record,WAVE_PAY,PREMIUM,2023-02,6,,PENDING,23059.81,001157,2023-02-06 05:27:07,,201157,101408
301158,9269.68,2023-03-15 09:38:40,Synthetic payment record,AYA_PAY,PREMIUM,2023-03,7,,VERIFIED,9269.68,001158,2023-03-17 09:38:40,synthetic-generator,201158,101409
301159,13905.61,2023-04-24 17:06:51,Synthetic payment record,BANK_TRANSFER,PREMIUM,2023-04,8,,VERIFIED,13905.61,001159,2023-04-26 17:06:51,synthetic-generator,201159,101410
301160,6028.95,2023-05-11 22:47:27,Synthetic payment record,KBZ_PAY,RENEWAL,2023-05,9,,VERIFIED,6028.95,001160,2023-05-14 22:47:27,synthetic-generator,201160,101411
301161,13460.56,2023-06-23 09:03:45,Synthetic payment record,WAVE_PAY,RENEWAL,2023-06,10,,REJECTED,13460.56,001161,2023-06-24 09:03:45,,201161,101412
301162,4788.41,2023-07-01 22:41:03,Synthetic payment record,AYA_PAY,CLAIM_PAYOUT,2023-07,11,,VERIFIED,4788.41,001162,2023-07-01 22:41:03,synthetic-generator,201162,101413
301163,47371.14,2023-08-28 09:01:44,Synthetic payment record,BANK_TRANSFER,PREMIUM,2023-08,12,,VERIFIED,47371.14,001163,2023-08-30 09:01:44,synthetic-generator,201163,101414
301164,7525.77,2023-09-10 09:12:54,Synthetic payment record,KBZ_PAY,PREMIUM,2023-09,1,,VERIFIED,7525.77,001164,2023-09-10 09:12:54,synthetic-generator,201164,101415
301165,20280.35,2023-10-09 01:27:14,Synthetic payment record,WAVE_PAY,PREMIUM,2023-10,2,,PENDING,20280.35,001165,2023-10-10 01:27:14,,201165,101416
301166,35526.34,2023-11-27 22:26:58,Synthetic payment record,AYA_PAY,PREMIUM,2023-11,3,,VERIFIED,35526.34,001166,2023-11-29 22:26:58,synthetic-generator,201166,101417
301167,28509.22,2023-12-26 12:10:10,Synthetic payment record,BANK_TRANSFER,PREMIUM,2023-12,4,,VERIFIED,28509.22,001167,2023-12-27 12:10:10,synthetic-generator,201167,101418
301168,3840.82,2024-01-08 21:15:59,Synthetic payment record,KBZ_PAY,PREMIUM,2024-01,5,,VERIFIED,3840.82,001168,2024-01-08 21:15:59,synthetic-generator,201168,101419
301169,28750.63,2024-02-15 14:46:47,Synthetic payment record,WAVE_PAY,PREMIUM,2024-02,6,,VERIFIED,28750.63,001169,2024-02-17 14:46:47,synthetic-generator,201169,101420
301170,22303.34,2024-03-02 05:42:33,Synthetic payment record,AYA_PAY,PREMIUM,2024-03,7,,VERIFIED,22303.34,001170,2024-03-02 05:42:33,synthetic-generator,201170,101421
301171,37653.28,2024-04-25 08:32:59,Synthetic payment record,BANK_TRANSFER,PREMIUM,2024-04,8,,REJECTED,37653.28,001171,2024-04-26 08:32:59,,201171,101422
301172,3298.75,2024-05-01 21:19:18,Synthetic payment record,KBZ_PAY,PREMIUM,2024-05,9,,VERIFIED,3298.75,001172,2024-05-04 21:19:18,synthetic-generator,201172,101423
301173,8765.30,2024-06-23 18:25:39,Synthetic payment record,WAVE_PAY,PREMIUM,2024-06,10,,VERIFIED,8765.30,001173,2024-06-24 18:25:39,synthetic-generator,201173,101424
301174,33133.83,2024-07-19 22:49:12,Synthetic payment record,AYA_PAY,RENEWAL,2024-07,11,,VERIFIED,33133.83,001174,2024-07-20 22:49:12,synthetic-generator,201174,101425
301175,57028.79,2024-08-31 01:13:25,Synthetic payment record,BANK_TRANSFER,RENEWAL,2024-08,12,,VERIFIED,57028.79,001175,2024-08-31 01:13:25,synthetic-generator,201175,101426
301176,5876.35,2024-09-20 04:59:47,Synthetic payment record,KBZ_PAY,PREMIUM,2024-09,1,,VERIFIED,5876.35,001176,2024-09-21 04:59:47,synthetic-generator,201176,101427
301177,20400.38,2024-10-13 23:38:51,Synthetic payment record,WAVE_PAY,PREMIUM,2024-10,2,,VERIFIED,20400.38,001177,2024-10-14 23:38:51,synthetic-generator,201177,101428
301178,31100.50,2024-11-10 15:03:48,Synthetic payment record,AYA_PAY,PREMIUM,2024-11,3,,VERIFIED,31100.50,001178,2024-11-13 15:03:48,synthetic-generator,201178,101429
301179,38910.72,2024-12-22 12:52:59,Synthetic payment record,BANK_TRANSFER,PREMIUM,2024-12,4,,PENDING,38910.72,001179,2024-12-25 12:52:59,,201179,101430
301180,24745.12,2025-01-13 06:27:32,Synthetic payment record,KBZ_PAY,PREMIUM,2025-01,5,,VERIFIED,24745.12,001180,2025-01-15 06:27:32,synthetic-generator,201180,101431
301181,15154.68,2025-02-07 05:02:48,Synthetic payment record,WAVE_PAY,PREMIUM,2025-02,6,,PENDING,15154.68,001181,2025-02-08 05:02:48,,201181,101432
301182,20449.38,2025-03-24 14:44:07,Synthetic payment record,AYA_PAY,PREMIUM,2025-03,7,,VERIFIED,20449.38,001182,2025-03-24 14:44:07,synthetic-generator,201182,101433
301183,15118.41,2025-04-16 04:30:04,Synthetic payment record,BANK_TRANSFER,PREMIUM,2025-04,8,,VERIFIED,15118.41,001183,2025-04-17 04:30:04,synthetic-generator,201183,101434
301184,10388.71,2025-05-05 02:10:19,Synthetic payment record,KBZ_PAY,PREMIUM,2025-05,9,,VERIFIED,10388.71,001184,2025-05-07 02:10:19,synthetic-generator,201184,101435
301185,30965.53,2025-06-14 20:06:57,Synthetic payment record,WAVE_PAY,PREMIUM,2025-06,10,,VERIFIED,30965.53,001185,2025-06-16 20:06:57,synthetic-generator,201185,101436
301186,39814.73,2025-07-31 18:49:27,Synthetic payment record,AYA_PAY,RENEWAL,2025-07,11,,VERIFIED,39814.73,001186,2025-08-03 18:49:27,synthetic-generator,201186,101437
301187,14937.94,2025-08-05 00:56:27,Synthetic payment record,BANK_TRANSFER,PREMIUM,2025-08,12,,VERIFIED,14937.94,001187,2025-08-06 00:56:27,synthetic-generator,201187,101438
301188,9691.41,2025-09-12 22:48:19,Synthetic payment record,KBZ_PAY,PREMIUM,2025-09,1,,VERIFIED,9691.41,001188,2025-09-15 22:48:19,synthetic-generator,201188,101439
301189,12235.24,2025-10-23 10:31:41,Synthetic payment record,WAVE_PAY,PREMIUM,2025-10,2,,VERIFIED,12235.24,001189,2025-10-25 10:31:41,synthetic-generator,201189,101440
301190,10816.53,2025-11-01 12:35:28,Synthetic payment record,AYA_PAY,PREMIUM,2025-11,3,,VERIFIED,10816.53,001190,2025-11-03 12:35:28,synthetic-generator,201190,101441
301191,12824.17,2025-12-18 07:11:13,Synthetic payment record,BANK_TRANSFER,PREMIUM,2025-12,4,,REJECTED,12824.17,001191,2025-12-20 07:11:13,,201191,101442
301192,16413.34,2026-01-08 01:18:45,Synthetic payment record,KBZ_PAY,RENEWAL,2026-01,5,,PENDING,16413.34,001192,2026-01-08 01:18:45,,201192,101443
301193,34064.49,2026-02-03 21:53:29,Synthetic payment record,WAVE_PAY,PREMIUM,2026-02,6,,VERIFIED,34064.49,001193,2026-02-05 21:53:29,synthetic-generator,201193,101444
301194,10700.77,2026-03-21 10:12:16,Synthetic payment record,AYA_PAY,PREMIUM,2026-03,7,,VERIFIED,10700.77,001194,2026-03-23 10:12:16,synthetic-generator,201194,101445
301195,45188.66,2026-04-12 19:57:11,Synthetic payment record,BANK_TRANSFER,PREMIUM,2026-04,8,,VERIFIED,45188.66,001195,2026-04-13 19:57:11,synthetic-generator,201195,101446
301196,5742.90,2026-05-19 13:02:17,Synthetic payment record,KBZ_PAY,PREMIUM,2026-05,9,,VERIFIED,5742.90,001196,2026-05-21 13:02:17,synthetic-generator,201196,101447
301197,32513.98,2026-06-15 21:14:20,Synthetic payment record,WAVE_PAY,CLAIM_PAYOUT,2026-06,10,,VERIFIED,32513.98,001197,2026-06-15 21:14:20,synthetic-generator,201197,101448
301198,48275.85,2026-07-30 13:07:18,Synthetic payment record,AYA_PAY,PREMIUM,2026-07,11,,PENDING,48275.85,001198,2026-07-30 13:07:18,,201198,101449
301199,11949.14,2026-08-15 19:34:13,Synthetic payment record,BANK_TRANSFER,PREMIUM,2026-08,12,,PENDING,11949.14,001199,2026-08-16 19:34:13,,201199,101450
301200,8745.40,2021-09-13 15:07:23,Synthetic payment record,KBZ_PAY,RENEWAL,2021-09,1,,VERIFIED,8745.40,001200,2021-09-16 15:07:23,synthetic-generator,201200,101451
301201,2897.05,2021-10-16 18:53:55,Synthetic payment record,WAVE_PAY,PREMIUM,2021-10,2,,VERIFIED,2897.05,001201,2021-10-16 18:53:55,synthetic-generator,201201,101452
301202,3008.64,2021-11-08 10:13:45,Synthetic payment record,AYA_PAY,RENEWAL,2021-11,3,,PENDING,3008.64,001202,2021-11-11 10:13:45,,201202,101453
301203,26006.87,2021-12-25 08:53:49,Synthetic payment record,BANK_TRANSFER,PREMIUM,2021-12,4,,VERIFIED,26006.87,001203,2021-12-25 08:53:49,synthetic-generator,201203,101454
301204,11632.78,2022-01-02 06:20:16,Synthetic payment record,KBZ_PAY,PREMIUM,2022-01,5,,VERIFIED,11632.78,001204,2022-01-03 06:20:16,synthetic-generator,201204,101455
301205,5626.56,2022-02-03 17:15:47,Synthetic payment record,WAVE_PAY,PREMIUM,2022-02,6,,VERIFIED,5626.56,001205,2022-02-06 17:15:47,synthetic-generator,201205,101456
301206,21362.16,2022-03-12 07:40:44,Synthetic payment record,AYA_PAY,CLAIM_PAYOUT,2022-03,7,,VERIFIED,21362.16,001206,2022-03-12 07:40:44,synthetic-generator,201206,101457
301207,22106.29,2022-04-23 02:02:26,Synthetic payment record,BANK_TRANSFER,PREMIUM,2022-04,8,,VERIFIED,22106.29,001207,2022-04-23 02:02:26,synthetic-generator,201207,101458
301208,12381.27,2022-05-19 08:29:17,Synthetic payment record,KBZ_PAY,PREMIUM,2022-05,9,,VERIFIED,12381.27,001208,2022-05-21 08:29:17,synthetic-generator,201208,101459
301209,15531.38,2022-06-11 18:05:26,Synthetic payment record,WAVE_PAY,PREMIUM,2022-06,10,,VERIFIED,15531.38,001209,2022-06-14 18:05:26,synthetic-generator,201209,101460
301210,24345.30,2022-07-07 21:57:57,Synthetic payment record,AYA_PAY,RENEWAL,2022-07,11,,VERIFIED,24345.30,001210,2022-07-09 21:57:57,synthetic-generator,201210,101461
301211,8585.20,2022-08-28 01:59:27,Synthetic payment record,BANK_TRANSFER,PREMIUM,2022-08,12,,VERIFIED,8585.20,001211,2022-08-31 01:59:27,synthetic-generator,201211,101462
301212,11899.30,2022-09-03 05:44:25,Synthetic payment record,KBZ_PAY,PREMIUM,2022-09,1,,VERIFIED,11899.30,001212,2022-09-05 05:44:25,synthetic-generator,201212,101463
301213,13778.42,2022-10-17 17:52:38,Synthetic payment record,WAVE_PAY,PREMIUM,2022-10,2,,VERIFIED,13778.42,001213,2022-10-19 17:52:38,synthetic-generator,201213,101464
301214,20219.42,2022-11-07 05:31:06,Synthetic payment record,AYA_PAY,PREMIUM,2022-11,3,,PENDING,20219.42,001214,2022-11-08 05:31:06,,201214,101465
301215,16962.99,2022-12-21 18:49:10,Synthetic payment record,BANK_TRANSFER,PREMIUM,2022-12,4,,PENDING,16962.99,001215,2022-12-24 18:49:10,,201215,101466
301216,13388.22,2023-01-30 21:26:07,Synthetic payment record,KBZ_PAY,CLAIM_PAYOUT,2023-01,5,,VERIFIED,13388.22,001216,2023-01-30 21:26:07,synthetic-generator,201216,101467
301217,24660.95,2023-02-05 21:33:53,Synthetic payment record,WAVE_PAY,PREMIUM,2023-02,6,,VERIFIED,24660.95,001217,2023-02-07 21:33:53,synthetic-generator,201217,101468
301218,8268.88,2023-03-06 13:20:34,Synthetic payment record,AYA_PAY,PREMIUM,2023-03,7,,VERIFIED,8268.88,001218,2023-03-06 13:20:34,synthetic-generator,201218,101469
301219,26307.46,2023-04-16 07:20:18,Synthetic payment record,BANK_TRANSFER,CLAIM_PAYOUT,2023-04,8,,VERIFIED,26307.46,001219,2023-04-17 07:20:18,synthetic-generator,201219,101470
301220,2140.42,2023-05-21 01:37:30,Synthetic payment record,KBZ_PAY,PREMIUM,2023-05,9,,VERIFIED,2140.42,001220,2023-05-23 01:37:30,synthetic-generator,201220,101471
301221,27187.42,2023-06-25 07:28:38,Synthetic payment record,WAVE_PAY,PREMIUM,2023-06,10,,VERIFIED,27187.42,001221,2023-06-28 07:28:38,synthetic-generator,201221,101472
301222,36100.39,2023-07-10 21:50:24,Synthetic payment record,AYA_PAY,PREMIUM,2023-07,11,,VERIFIED,36100.39,001222,2023-07-13 21:50:24,synthetic-generator,201222,101473
301223,35317.19,2023-08-16 06:16:43,Synthetic payment record,BANK_TRANSFER,PREMIUM,2023-08,12,,VERIFIED,35317.19,001223,2023-08-17 06:16:43,synthetic-generator,201223,101474
301224,3764.20,2023-09-25 15:55:45,Synthetic payment record,KBZ_PAY,RENEWAL,2023-09,1,,VERIFIED,3764.20,001224,2023-09-26 15:55:45,synthetic-generator,201224,101475
301225,21716.79,2023-10-01 15:03:06,Synthetic payment record,WAVE_PAY,PREMIUM,2023-10,2,,VERIFIED,21716.79,001225,2023-10-02 15:03:06,synthetic-generator,201225,101476
301226,15894.20,2023-11-07 21:13:20,Synthetic payment record,AYA_PAY,CLAIM_PAYOUT,2023-11,3,,VERIFIED,15894.20,001226,2023-11-07 21:13:20,synthetic-generator,201226,101477
301227,57484.89,2023-12-07 15:50:26,Synthetic payment record,BANK_TRANSFER,RENEWAL,2023-12,4,,REJECTED,57484.89,001227,2023-12-10 15:50:26,,201227,101478
301228,11253.80,2024-01-19 14:49:25,Synthetic payment record,KBZ_PAY,PREMIUM,2024-01,5,,PENDING,11253.80,001228,2024-01-20 14:49:25,,201228,101479
301229,17299.36,2024-02-28 17:00:01,Synthetic payment record,WAVE_PAY,PREMIUM,2024-02,6,,VERIFIED,17299.36,001229,2024-03-02 17:00:01,synthetic-generator,201229,101480
301230,6133.28,2024-03-24 20:04:36,Synthetic payment record,AYA_PAY,RENEWAL,2024-03,7,,VERIFIED,6133.28,001230,2024-03-27 20:04:36,synthetic-generator,201230,101481
301231,10287.20,2024-04-15 23:56:50,Synthetic payment record,BANK_TRANSFER,PREMIUM,2024-04,8,,VERIFIED,10287.20,001231,2024-04-18 23:56:50,synthetic-generator,201231,101482
301232,2278.85,2024-05-23 10:35:14,Synthetic payment record,KBZ_PAY,PREMIUM,2024-05,9,,REJECTED,2278.85,001232,2024-05-23 10:35:14,,201232,101483
301233,29011.76,2024-06-10 13:44:22,Synthetic payment record,WAVE_PAY,PREMIUM,2024-06,10,,VERIFIED,29011.76,001233,2024-06-10 13:44:22,synthetic-generator,201233,101484
301234,9466.21,2024-07-20 08:45:11,Synthetic payment record,AYA_PAY,PREMIUM,2024-07,11,,VERIFIED,9466.21,001234,2024-07-22 08:45:11,synthetic-generator,201234,101485
301235,10247.30,2024-08-25 18:02:17,Synthetic payment record,BANK_TRANSFER,PREMIUM,2024-08,12,,VERIFIED,10247.30,001235,2024-08-28 18:02:17,synthetic-generator,201235,101486
301236,6954.36,2024-09-04 05:50:07,Synthetic payment record,KBZ_PAY,PREMIUM,2024-09,1,,VERIFIED,6954.36,001236,2024-09-05 05:50:07,synthetic-generator,201236,101487
301237,17867.11,2024-10-19 00:43:57,Synthetic payment record,WAVE_PAY,RENEWAL,2024-10,2,,VERIFIED,17867.11,001237,2024-10-21 00:43:57,synthetic-generator,201237,101488
301238,14792.65,2024-11-28 13:20:38,Synthetic payment record,AYA_PAY,PREMIUM,2024-11,3,,VERIFIED,14792.65,001238,2024-11-30 13:20:38,synthetic-generator,201238,101489
301239,15276.96,2024-12-30 14:10:23,Synthetic payment record,BANK_TRANSFER,RENEWAL,2024-12,4,,VERIFIED,15276.96,001239,2024-12-30 14:10:23,synthetic-generator,201239,101490
301240,2506.94,2025-01-27 14:56:52,Synthetic payment record,KBZ_PAY,CLAIM_PAYOUT,2025-01,5,,VERIFIED,2506.94,001240,2025-01-29 14:56:52,synthetic-generator,201240,101491
301241,5765.87,2025-02-10 17:56:17,Synthetic payment record,WAVE_PAY,CLAIM_PAYOUT,2025-02,6,,VERIFIED,5765.87,001241,2025-02-10 17:56:17,synthetic-generator,201241,101492
301242,16732.55,2025-03-22 22:31:59,Synthetic payment record,AYA_PAY,PREMIUM,2025-03,7,,VERIFIED,16732.55,001242,2025-03-25 22:31:59,synthetic-generator,201242,101493
301243,26347.23,2025-04-14 05:20:01,Synthetic payment record,BANK_TRANSFER,PREMIUM,2025-04,8,,VERIFIED,26347.23,001243,2025-04-14 05:20:01,synthetic-generator,201243,101494
301244,12743.23,2025-05-27 05:58:06,Synthetic payment record,KBZ_PAY,PREMIUM,2025-05,9,,PENDING,12743.23,001244,2025-05-30 05:58:06,,201244,101495
301245,4740.68,2025-06-17 13:01:32,Synthetic payment record,WAVE_PAY,RENEWAL,2025-06,10,,PENDING,4740.68,001245,2025-06-17 13:01:32,,201245,101496
301246,20467.32,2025-07-28 20:41:46,Synthetic payment record,AYA_PAY,PREMIUM,2025-07,11,,PENDING,20467.32,001246,2025-07-30 20:41:46,,201246,101497
301247,16220.46,2025-08-01 19:27:28,Synthetic payment record,BANK_TRANSFER,PREMIUM,2025-08,12,,VERIFIED,16220.46,001247,2025-08-02 19:27:28,synthetic-generator,201247,101498
301248,3410.37,2025-09-13 19:42:37,Synthetic payment record,KBZ_PAY,CLAIM_PAYOUT,2025-09,1,,VERIFIED,3410.37,001248,2025-09-13 19:42:37,synthetic-generator,201248,101499
301249,11667.55,2025-10-05 14:00:28,Synthetic payment record,WAVE_PAY,RENEWAL,2025-10,2,,VERIFIED,11667.55,001249,2025-10-05 14:00:28,synthetic-generator,201249,101500
301250,29037.36,2025-11-14 13:32:37,Synthetic payment record,AYA_PAY,PREMIUM,2025-11,3,,VERIFIED,29037.36,001250,2025-11-16 13:32:37,synthetic-generator,201250,101501
301251,48382.98,2025-12-02 07:14:41,Synthetic payment record,BANK_TRANSFER,PREMIUM,2025-12,4,,VERIFIED,48382.98,001251,2025-12-02 07:14:41,synthetic-generator,201251,101502
301252,28409.57,2026-01-06 06:04:58,Synthetic payment record,KBZ_PAY,PREMIUM,2026-01,5,,VERIFIED,28409.57,001252,2026-01-06 06:04:58,synthetic-generator,201252,101503
301253,5462.38,2026-02-12 21:57:01,Synthetic payment record,WAVE_PAY,PREMIUM,2026-02,6,,VERIFIED,5462.38,001253,2026-02-14 21:57:01,synthetic-generator,201253,101504
301254,8847.85,2026-03-25 06:12:43,Synthetic payment record,AYA_PAY,CLAIM_PAYOUT,2026-03,7,,VERIFIED,8847.85,001254,2026-03-28 06:12:43,synthetic-generator,201254,101505
301255,24190.67,2026-04-25 05:16:50,Synthetic payment record,BANK_TRANSFER,RENEWAL,2026-04,8,,PENDING,24190.67,001255,2026-04-27 05:16:50,,201255,101506
301256,19966.64,2026-05-18 14:01:36,Synthetic payment record,KBZ_PAY,PREMIUM,2026-05,9,,VERIFIED,19966.64,001256,2026-05-19 14:01:36,synthetic-generator,201256,101507
301257,24357.47,2026-06-27 17:48:55,Synthetic payment record,WAVE_PAY,PREMIUM,2026-06,10,,VERIFIED,24357.47,001257,2026-06-29 17:48:55,synthetic-generator,201257,101508
301258,26251.81,2026-07-24 16:10:37,Synthetic payment record,AYA_PAY,PREMIUM,2026-07,11,,VERIFIED,26251.81,001258,2026-07-27 16:10:37,synthetic-generator,201258,101509
301259,11794.14,2026-08-31 02:22:28,Synthetic payment record,BANK_TRANSFER,PREMIUM,2026-08,12,,VERIFIED,11794.14,001259,2026-08-31 02:22:28,synthetic-generator,201259,101510
301260,3500.01,2021-09-02 17:48:20,Synthetic payment record,KBZ_PAY,RENEWAL,2021-09,1,,VERIFIED,3500.01,001260,2021-09-05 17:48:20,synthetic-generator,201260,101511
301261,14070.37,2021-10-11 09:30:27,Synthetic payment record,WAVE_PAY,RENEWAL,2021-10,2,,VERIFIED,14070.37,001261,2021-10-14 09:30:27,synthetic-generator,201261,101512
301262,18639.74,2021-11-22 16:42:07,Synthetic payment record,AYA_PAY,PREMIUM,2021-11,3,,VERIFIED,18639.74,001262,2021-11-25 16:42:07,synthetic-generator,201262,101513
301263,9016.45,2021-12-22 02:10:45,Synthetic payment record,BANK_TRANSFER,CLAIM_PAYOUT,2021-12,4,,VERIFIED,9016.45,001263,2021-12-22 02:10:45,synthetic-generator,201263,101514
301264,6980.13,2022-01-30 14:43:32,Synthetic payment record,KBZ_PAY,PREMIUM,2022-01,5,,VERIFIED,6980.13,001264,2022-01-31 14:43:32,synthetic-generator,201264,101515
301265,9510.01,2022-02-24 04:52:48,Synthetic payment record,WAVE_PAY,PREMIUM,2022-02,6,,VERIFIED,9510.01,001265,2022-02-25 04:52:48,synthetic-generator,201265,101516
301266,10398.83,2022-03-25 04:08:08,Synthetic payment record,AYA_PAY,PREMIUM,2022-03,7,,PENDING,10398.83,001266,2022-03-27 04:08:08,,201266,101517
301267,32307.69,2022-04-26 23:44:15,Synthetic payment record,BANK_TRANSFER,PREMIUM,2022-04,8,,VERIFIED,32307.69,001267,2022-04-28 23:44:15,synthetic-generator,201267,101518
301268,10846.37,2022-05-10 06:39:36,Synthetic payment record,KBZ_PAY,RENEWAL,2022-05,9,,VERIFIED,10846.37,001268,2022-05-12 06:39:36,synthetic-generator,201268,101519
301269,7336.95,2022-06-13 03:34:26,Synthetic payment record,WAVE_PAY,PREMIUM,2022-06,10,,VERIFIED,7336.95,001269,2022-06-14 03:34:26,synthetic-generator,201269,101520
301270,27039.08,2022-07-20 17:23:16,Synthetic payment record,AYA_PAY,PREMIUM,2022-07,11,,REJECTED,27039.08,001270,2022-07-23 17:23:16,,201270,101521
301271,28163.47,2022-08-05 15:43:56,Synthetic payment record,BANK_TRANSFER,RENEWAL,2022-08,12,,VERIFIED,28163.47,001271,2022-08-08 15:43:56,synthetic-generator,201271,101522
301272,6218.63,2022-09-12 20:19:29,Synthetic payment record,KBZ_PAY,RENEWAL,2022-09,1,,VERIFIED,6218.63,001272,2022-09-12 20:19:29,synthetic-generator,201272,101523
301273,10829.31,2022-10-22 02:51:32,Synthetic payment record,WAVE_PAY,PREMIUM,2022-10,2,,VERIFIED,10829.31,001273,2022-10-25 02:51:32,synthetic-generator,201273,101524
301274,2862.90,2022-11-16 06:09:33,Synthetic payment record,AYA_PAY,PREMIUM,2022-11,3,,VERIFIED,2862.90,001274,2022-11-17 06:09:33,synthetic-generator,201274,101525
301275,41803.61,2022-12-15 08:28:07,Synthetic payment record,BANK_TRANSFER,PREMIUM,2022-12,4,,PENDING,41803.61,001275,2022-12-16 08:28:07,,201275,101526
301276,10764.22,2023-01-11 16:31:27,Synthetic payment record,KBZ_PAY,PREMIUM,2023-01,5,,VERIFIED,10764.22,001276,2023-01-12 16:31:27,synthetic-generator,201276,101527
301277,25951.01,2023-02-07 04:12:51,Synthetic payment record,WAVE_PAY,RENEWAL,2023-02,6,,VERIFIED,25951.01,001277,2023-02-08 04:12:51,synthetic-generator,201277,101528
301278,3590.27,2023-03-07 08:03:29,Synthetic payment record,AYA_PAY,PREMIUM,2023-03,7,,VERIFIED,3590.27,001278,2023-03-10 08:03:29,synthetic-generator,201278,101529
301279,34557.01,2023-04-04 03:54:17,Synthetic payment record,BANK_TRANSFER,PREMIUM,2023-04,8,,VERIFIED,34557.01,001279,2023-04-04 03:54:17,synthetic-generator,201279,101530
301280,1673.23,2023-05-24 20:37:41,Synthetic payment record,KBZ_PAY,CLAIM_PAYOUT,2023-05,9,,VERIFIED,1673.23,001280,2023-05-26 20:37:41,synthetic-generator,201280,101531
301281,7579.67,2023-06-18 09:40:34,Synthetic payment record,WAVE_PAY,CLAIM_PAYOUT,2023-06,10,,VERIFIED,7579.67,001281,2023-06-21 09:40:34,synthetic-generator,201281,101532
301282,22328.42,2023-07-23 14:08:06,Synthetic payment record,AYA_PAY,PREMIUM,2023-07,11,,VERIFIED,22328.42,001282,2023-07-25 14:08:06,synthetic-generator,201282,101533
301283,50538.34,2023-08-04 00:15:18,Synthetic payment record,BANK_TRANSFER,PREMIUM,2023-08,12,,VERIFIED,50538.34,001283,2023-08-05 00:15:18,synthetic-generator,201283,101534
301284,9003.76,2023-09-22 23:45:37,Synthetic payment record,KBZ_PAY,PREMIUM,2023-09,1,,VERIFIED,9003.76,001284,2023-09-25 23:45:37,synthetic-generator,201284,101535
301285,6900.40,2023-10-29 00:01:43,Synthetic payment record,WAVE_PAY,RENEWAL,2023-10,2,,VERIFIED,6900.40,001285,2023-10-29 00:01:43,synthetic-generator,201285,101536
301286,42514.18,2023-11-05 05:34:22,Synthetic payment record,AYA_PAY,PREMIUM,2023-11,3,,VERIFIED,42514.18,001286,2023-11-05 05:34:22,synthetic-generator,201286,101537
301287,32062.46,2023-12-27 21:40:47,Synthetic payment record,BANK_TRANSFER,PREMIUM,2023-12,4,,VERIFIED,32062.46,001287,2023-12-27 21:40:47,synthetic-generator,201287,101538
301288,17879.88,2024-01-15 05:42:02,Synthetic payment record,KBZ_PAY,PREMIUM,2024-01,5,,VERIFIED,17879.88,001288,2024-01-15 05:42:02,synthetic-generator,201288,101539
301289,7268.85,2024-02-01 22:15:53,Synthetic payment record,WAVE_PAY,PREMIUM,2024-02,6,,VERIFIED,7268.85,001289,2024-02-01 22:15:53,synthetic-generator,201289,101540
301290,21183.17,2024-03-10 03:52:30,Synthetic payment record,AYA_PAY,RENEWAL,2024-03,7,,VERIFIED,21183.17,001290,2024-03-12 03:52:30,synthetic-generator,201290,101541
301291,13787.84,2024-04-29 15:33:35,Synthetic payment record,BANK_TRANSFER,PREMIUM,2024-04,8,,VERIFIED,13787.84,001291,2024-04-30 15:33:35,synthetic-generator,201291,101542
301292,14540.75,2024-05-06 12:00:41,Synthetic payment record,KBZ_PAY,PREMIUM,2024-05,9,,VERIFIED,14540.75,001292,2024-05-06 12:00:41,synthetic-generator,201292,101543
301293,5629.01,2024-06-21 07:06:11,Synthetic payment record,WAVE_PAY,PREMIUM,2024-06,10,,REJECTED,5629.01,001293,2024-06-21 07:06:11,,201293,101544
301294,11767.43,2024-07-28 10:38:20,Synthetic payment record,AYA_PAY,PREMIUM,2024-07,11,,VERIFIED,11767.43,001294,2024-07-29 10:38:20,synthetic-generator,201294,101545
301295,18891.22,2024-08-02 16:02:04,Synthetic payment record,BANK_TRANSFER,RENEWAL,2024-08,12,,VERIFIED,18891.22,001295,2024-08-02 16:02:04,synthetic-generator,201295,101546
301296,6592.19,2024-09-07 13:07:57,Synthetic payment record,KBZ_PAY,PREMIUM,2024-09,1,,VERIFIED,6592.19,001296,2024-09-07 13:07:57,synthetic-generator,201296,101547
301297,9205.74,2024-10-25 20:50:40,Synthetic payment record,WAVE_PAY,PREMIUM,2024-10,2,,VERIFIED,9205.74,001297,2024-10-28 20:50:40,synthetic-generator,201297,101548
301298,14437.37,2024-11-05 14:34:27,Synthetic payment record,AYA_PAY,PREMIUM,2024-11,3,,VERIFIED,14437.37,001298,2024-11-05 14:34:27,synthetic-generator,201298,101549
301299,50402.56,2024-12-27 03:23:47,Synthetic payment record,BANK_TRANSFER,RENEWAL,2024-12,4,,VERIFIED,50402.56,001299,2024-12-28 03:23:47,synthetic-generator,201299,101550
301300,14554.42,2025-01-23 20:28:05,Synthetic payment record,KBZ_PAY,RENEWAL,2025-01,5,,VERIFIED,14554.42,001300,2025-01-24 20:28:05,synthetic-generator,201300,101551
301301,38684.23,2025-02-12 04:23:02,Synthetic payment record,WAVE_PAY,PREMIUM,2025-02,6,,VERIFIED,38684.23,001301,2025-02-15 04:23:02,synthetic-generator,201301,101552
301302,13863.70,2025-03-13 22:46:16,Synthetic payment record,AYA_PAY,PREMIUM,2025-03,7,,VERIFIED,13863.70,001302,2025-03-15 22:46:16,synthetic-generator,201302,101553
301303,36435.30,2025-04-03 15:48:42,Synthetic payment record,BANK_TRANSFER,PREMIUM,2025-04,8,,VERIFIED,36435.30,001303,2025-04-06 15:48:42,synthetic-generator,201303,101554
301304,3639.66,2025-05-15 21:37:39,Synthetic payment record,KBZ_PAY,PREMIUM,2025-05,9,,VERIFIED,3639.66,001304,2025-05-18 21:37:39,synthetic-generator,201304,101555
301305,26303.08,2025-06-01 06:21:16,Synthetic payment record,WAVE_PAY,PREMIUM,2025-06,10,,VERIFIED,26303.08,001305,2025-06-02 06:21:16,synthetic-generator,201305,101556
301306,9371.45,2025-07-19 12:43:10,Synthetic payment record,AYA_PAY,PREMIUM,2025-07,11,,VERIFIED,9371.45,001306,2025-07-21 12:43:10,synthetic-generator,201306,101557
301307,8270.30,2025-08-10 09:48:05,Synthetic payment record,BANK_TRANSFER,RENEWAL,2025-08,12,,VERIFIED,8270.30,001307,2025-08-12 09:48:05,synthetic-generator,201307,101558
301308,13665.64,2025-09-18 10:55:04,Synthetic payment record,KBZ_PAY,PREMIUM,2025-09,1,,VERIFIED,13665.64,001308,2025-09-18 10:55:04,synthetic-generator,201308,101559
301309,16573.24,2025-10-06 07:02:45,Synthetic payment record,WAVE_PAY,RENEWAL,2025-10,2,,VERIFIED,16573.24,001309,2025-10-06 07:02:45,synthetic-generator,201309,101560
301310,34407.21,2025-11-23 13:11:07,Synthetic payment record,AYA_PAY,RENEWAL,2025-11,3,,VERIFIED,34407.21,001310,2025-11-24 13:11:07,synthetic-generator,201310,101561
301311,23882.21,2025-12-17 02:57:46,Synthetic payment record,BANK_TRANSFER,PREMIUM,2025-12,4,,VERIFIED,23882.21,001311,2025-12-19 02:57:46,synthetic-generator,201311,101562
301312,15080.81,2026-01-06 15:58:14,Synthetic payment record,KBZ_PAY,PREMIUM,2026-01,5,,VERIFIED,15080.81,001312,2026-01-08 15:58:14,synthetic-generator,201312,101563
301313,36800.47,2026-02-11 02:25:22,Synthetic payment record,WAVE_PAY,PREMIUM,2026-02,6,,VERIFIED,36800.47,001313,2026-02-13 02:25:22,synthetic-generator,201313,101564
301314,33658.27,2026-03-06 11:30:41,Synthetic payment record,AYA_PAY,PREMIUM,2026-03,7,,VERIFIED,33658.27,001314,2026-03-09 11:30:41,synthetic-generator,201314,101565
301315,16612.69,2026-04-09 06:01:14,Synthetic payment record,BANK_TRANSFER,PREMIUM,2026-04,8,,VERIFIED,16612.69,001315,2026-04-09 06:01:14,synthetic-generator,201315,101566
301316,6055.73,2026-05-05 20:43:33,Synthetic payment record,KBZ_PAY,PREMIUM,2026-05,9,,VERIFIED,6055.73,001316,2026-05-06 20:43:33,synthetic-generator,201316,101567
301317,30844.63,2026-06-08 12:08:36,Synthetic payment record,WAVE_PAY,PREMIUM,2026-06,10,,PENDING,30844.63,001317,2026-06-08 12:08:36,,201317,101568
301318,11485.45,2026-07-27 07:04:05,Synthetic payment record,AYA_PAY,CLAIM_PAYOUT,2026-07,11,,VERIFIED,11485.45,001318,2026-07-30 07:04:05,synthetic-generator,201318,101569
301319,35314.65,2026-08-26 13:43:13,Synthetic payment record,BANK_TRANSFER,RENEWAL,2026-08,12,,VERIFIED,35314.65,001319,2026-08-26 13:43:13,synthetic-generator,201319,101570
301320,9650.89,2021-09-17 00:45:54,Synthetic payment record,KBZ_PAY,PREMIUM,2021-09,1,,VERIFIED,9650.89,001320,2021-09-17 00:45:54,synthetic-generator,201320,101571
301321,12764.33,2021-10-31 19:41:20,Synthetic payment record,WAVE_PAY,RENEWAL,2021-10,2,,VERIFIED,12764.33,001321,2021-11-02 19:41:20,synthetic-generator,201321,101572
301322,6051.24,2021-11-25 13:09:41,Synthetic payment record,AYA_PAY,PREMIUM,2021-11,3,,VERIFIED,6051.24,001322,2021-11-27 13:09:41,synthetic-generator,201322,101573
301323,13109.93,2021-12-30 03:54:06,Synthetic payment record,BANK_TRANSFER,PREMIUM,2021-12,4,,REJECTED,13109.93,001323,2022-01-01 03:54:06,,201323,101574
301324,16606.39,2022-01-28 09:12:23,Synthetic payment record,KBZ_PAY,PREMIUM,2022-01,5,,VERIFIED,16606.39,001324,2022-01-31 09:12:23,synthetic-generator,201324,101575
301325,12050.00,2022-02-04 12:51:39,Synthetic payment record,WAVE_PAY,PREMIUM,2022-02,6,,VERIFIED,12050.00,001325,2022-02-07 12:51:39,synthetic-generator,201325,101576
301326,21497.97,2022-03-15 02:39:06,Synthetic payment record,AYA_PAY,PREMIUM,2022-03,7,,VERIFIED,21497.97,001326,2022-03-17 02:39:06,synthetic-generator,201326,101577
301327,10073.22,2022-04-24 10:41:17,Synthetic payment record,BANK_TRANSFER,PREMIUM,2022-04,8,,VERIFIED,10073.22,001327,2022-04-26 10:41:17,synthetic-generator,201327,101578
301328,9221.81,2022-05-10 05:04:54,Synthetic payment record,KBZ_PAY,PREMIUM,2022-05,9,,VERIFIED,9221.81,001328,2022-05-10 05:04:54,synthetic-generator,201328,101579
301329,16174.85,2022-06-06 17:26:02,Synthetic payment record,WAVE_PAY,PREMIUM,2022-06,10,,VERIFIED,16174.85,001329,2022-06-09 17:26:02,synthetic-generator,201329,101580
301330,17474.79,2022-07-11 07:21:23,Synthetic payment record,AYA_PAY,PREMIUM,2022-07,11,,VERIFIED,17474.79,001330,2022-07-13 07:21:23,synthetic-generator,201330,101581
301331,39586.71,2022-08-05 11:47:03,Synthetic payment record,BANK_TRANSFER,RENEWAL,2022-08,12,,VERIFIED,39586.71,001331,2022-08-06 11:47:03,synthetic-generator,201331,101582
301332,6167.32,2022-09-12 19:55:28,Synthetic payment record,KBZ_PAY,PREMIUM,2022-09,1,,VERIFIED,6167.32,001332,2022-09-13 19:55:28,synthetic-generator,201332,101583
301333,4937.45,2022-10-06 09:38:22,Synthetic payment record,WAVE_PAY,PREMIUM,2022-10,2,,VERIFIED,4937.45,001333,2022-10-07 09:38:22,synthetic-generator,201333,101584
301334,22858.31,2022-11-06 09:01:47,Synthetic payment record,AYA_PAY,PREMIUM,2022-11,3,,VERIFIED,22858.31,001334,2022-11-06 09:01:47,synthetic-generator,201334,101585
301335,32643.75,2022-12-04 13:55:43,Synthetic payment record,BANK_TRANSFER,PREMIUM,2022-12,4,,PENDING,32643.75,001335,2022-12-06 13:55:43,,201335,101586
301336,19245.73,2023-01-09 15:13:24,Synthetic payment record,KBZ_PAY,PREMIUM,2023-01,5,,VERIFIED,19245.73,001336,2023-01-12 15:13:24,synthetic-generator,201336,101587
301337,38970.94,2023-02-23 00:57:41,Synthetic payment record,WAVE_PAY,PREMIUM,2023-02,6,,VERIFIED,38970.94,001337,2023-02-23 00:57:41,synthetic-generator,201337,101588
301338,2850.85,2023-03-14 11:28:34,Synthetic payment record,AYA_PAY,PREMIUM,2023-03,7,,VERIFIED,2850.85,001338,2023-03-15 11:28:34,synthetic-generator,201338,101589
301339,37844.51,2023-04-15 01:45:56,Synthetic payment record,BANK_TRANSFER,PREMIUM,2023-04,8,,VERIFIED,37844.51,001339,2023-04-15 01:45:56,synthetic-generator,201339,101590
301340,4081.20,2023-05-05 17:41:36,Synthetic payment record,KBZ_PAY,PREMIUM,2023-05,9,,VERIFIED,4081.20,001340,2023-05-05 17:41:36,synthetic-generator,201340,101591
301341,28905.07,2023-06-23 01:49:54,Synthetic payment record,WAVE_PAY,PREMIUM,2023-06,10,,REJECTED,28905.07,001341,2023-06-24 01:49:54,,201341,101592
301342,30251.83,2023-07-24 13:08:00,Synthetic payment record,AYA_PAY,PREMIUM,2023-07,11,,PENDING,30251.83,001342,2023-07-24 13:08:00,,201342,101593
301343,21870.53,2023-08-24 07:49:13,Synthetic payment record,BANK_TRANSFER,PREMIUM,2023-08,12,,VERIFIED,21870.53,001343,2023-08-27 07:49:13,synthetic-generator,201343,101594
301344,8746.47,2023-09-09 10:36:53,Synthetic payment record,KBZ_PAY,PREMIUM,2023-09,1,,VERIFIED,8746.47,001344,2023-09-10 10:36:53,synthetic-generator,201344,101595
301345,20676.87,2023-10-07 04:41:13,Synthetic payment record,WAVE_PAY,PREMIUM,2023-10,2,,VERIFIED,20676.87,001345,2023-10-07 04:41:13,synthetic-generator,201345,101596
301346,10271.95,2023-11-14 01:12:22,Synthetic payment record,AYA_PAY,PREMIUM,2023-11,3,,REJECTED,10271.95,001346,2023-11-14 01:12:22,,201346,101597
301347,23195.49,2023-12-22 21:59:56,Synthetic payment record,BANK_TRANSFER,RENEWAL,2023-12,4,,VERIFIED,23195.49,001347,2023-12-25 21:59:56,synthetic-generator,201347,101598
301348,3496.43,2024-01-20 21:05:00,Synthetic payment record,KBZ_PAY,PREMIUM,2024-01,5,,VERIFIED,3496.43,001348,2024-01-23 21:05:00,synthetic-generator,201348,101599
301349,38404.89,2024-02-11 19:03:12,Synthetic payment record,WAVE_PAY,PREMIUM,2024-02,6,,REJECTED,38404.89,001349,2024-02-13 19:03:12,,201349,101600
301350,9530.15,2024-03-08 01:45:53,Synthetic payment record,AYA_PAY,RENEWAL,2024-03,7,,VERIFIED,9530.15,001350,2024-03-10 01:45:53,synthetic-generator,201350,101601
301351,7748.44,2024-04-17 06:18:24,Synthetic payment record,BANK_TRANSFER,RENEWAL,2024-04,8,,VERIFIED,7748.44,001351,2024-04-19 06:18:24,synthetic-generator,201351,101602
301352,6098.12,2024-05-10 20:53:45,Synthetic payment record,KBZ_PAY,PREMIUM,2024-05,9,,PENDING,6098.12,001352,2024-05-11 20:53:45,,201352,101603
301353,23600.17,2024-06-13 00:00:37,Synthetic payment record,WAVE_PAY,PREMIUM,2024-06,10,,VERIFIED,23600.17,001353,2024-06-15 00:00:37,synthetic-generator,201353,101604
301354,40144.28,2024-07-03 04:00:27,Synthetic payment record,AYA_PAY,RENEWAL,2024-07,11,,VERIFIED,40144.28,001354,2024-07-04 04:00:27,synthetic-generator,201354,101605
301355,53996.98,2024-08-07 18:18:23,Synthetic payment record,BANK_TRANSFER,RENEWAL,2024-08,12,,VERIFIED,53996.98,001355,2024-08-07 18:18:23,synthetic-generator,201355,101606
301356,3321.42,2024-09-29 12:34:26,Synthetic payment record,KBZ_PAY,PREMIUM,2024-09,1,,VERIFIED,3321.42,001356,2024-10-01 12:34:26,synthetic-generator,201356,101607
301357,17790.29,2024-10-25 17:38:08,Synthetic payment record,WAVE_PAY,PREMIUM,2024-10,2,,VERIFIED,17790.29,001357,2024-10-26 17:38:08,synthetic-generator,201357,101608
301358,10990.49,2024-11-08 07:23:48,Synthetic payment record,AYA_PAY,PREMIUM,2024-11,3,,VERIFIED,10990.49,001358,2024-11-09 07:23:48,synthetic-generator,201358,101609
301359,12246.07,2024-12-25 15:04:14,Synthetic payment record,BANK_TRANSFER,PREMIUM,2024-12,4,,VERIFIED,12246.07,001359,2024-12-27 15:04:14,synthetic-generator,201359,101610
301360,23947.29,2025-01-30 04:43:37,Synthetic payment record,KBZ_PAY,PREMIUM,2025-01,5,,VERIFIED,23947.29,001360,2025-01-30 04:43:37,synthetic-generator,201360,101611
301361,43505.58,2025-02-05 21:12:31,Synthetic payment record,WAVE_PAY,PREMIUM,2025-02,6,,PENDING,43505.58,001361,2025-02-06 21:12:31,,201361,101612
301362,25951.33,2025-03-24 03:45:01,Synthetic payment record,AYA_PAY,CLAIM_PAYOUT,2025-03,7,,PENDING,25951.33,001362,2025-03-25 03:45:01,,201362,101613
301363,7066.63,2025-04-24 08:31:10,Synthetic payment record,BANK_TRANSFER,PREMIUM,2025-04,8,,VERIFIED,7066.63,001363,2025-04-27 08:31:10,synthetic-generator,201363,101614
301364,15246.74,2025-05-02 06:37:33,Synthetic payment record,KBZ_PAY,PREMIUM,2025-05,9,,VERIFIED,15246.74,001364,2025-05-05 06:37:33,synthetic-generator,201364,101615
301365,28960.28,2025-06-16 04:14:13,Synthetic payment record,WAVE_PAY,RENEWAL,2025-06,10,,VERIFIED,28960.28,001365,2025-06-19 04:14:13,synthetic-generator,201365,101616
301366,31712.87,2025-07-14 10:28:57,Synthetic payment record,AYA_PAY,PREMIUM,2025-07,11,,VERIFIED,31712.87,001366,2025-07-16 10:28:57,synthetic-generator,201366,101617
301367,24330.97,2025-08-30 18:27:09,Synthetic payment record,BANK_TRANSFER,RENEWAL,2025-08,12,,VERIFIED,24330.97,001367,2025-09-01 18:27:09,synthetic-generator,201367,101618
301368,11869.06,2025-09-22 01:55:56,Synthetic payment record,KBZ_PAY,RENEWAL,2025-09,1,,VERIFIED,11869.06,001368,2025-09-24 01:55:56,synthetic-generator,201368,101619
301369,4602.89,2025-10-28 04:51:59,Synthetic payment record,WAVE_PAY,PREMIUM,2025-10,2,,VERIFIED,4602.89,001369,2025-10-30 04:51:59,synthetic-generator,201369,101620
301370,13359.47,2025-11-04 09:00:44,Synthetic payment record,AYA_PAY,PREMIUM,2025-11,3,,VERIFIED,13359.47,001370,2025-11-04 09:00:44,synthetic-generator,201370,101621
301371,12053.48,2025-12-21 01:51:42,Synthetic payment record,BANK_TRANSFER,PREMIUM,2025-12,4,,VERIFIED,12053.48,001371,2025-12-22 01:51:42,synthetic-generator,201371,101622
301372,4045.84,2026-01-18 05:56:08,Synthetic payment record,KBZ_PAY,PREMIUM,2026-01,5,,VERIFIED,4045.84,001372,2026-01-19 05:56:08,synthetic-generator,201372,101623
301373,37297.20,2026-02-02 16:58:45,Synthetic payment record,WAVE_PAY,PREMIUM,2026-02,6,,VERIFIED,37297.20,001373,2026-02-02 16:58:45,synthetic-generator,201373,101624
301374,15042.74,2026-03-08 06:45:23,Synthetic payment record,AYA_PAY,RENEWAL,2026-03,7,,VERIFIED,15042.74,001374,2026-03-10 06:45:23,synthetic-generator,201374,101625
301375,41929.82,2026-04-21 15:55:44,Synthetic payment record,BANK_TRANSFER,RENEWAL,2026-04,8,,REJECTED,41929.82,001375,2026-04-23 15:55:44,,201375,101626
301376,14646.00,2026-05-09 08:51:42,Synthetic payment record,KBZ_PAY,PREMIUM,2026-05,9,,VERIFIED,14646.00,001376,2026-05-11 08:51:42,synthetic-generator,201376,101627
301377,33463.87,2026-06-06 23:05:16,Synthetic payment record,WAVE_PAY,RENEWAL,2026-06,10,,VERIFIED,33463.87,001377,2026-06-08 23:05:16,synthetic-generator,201377,101628
301378,32683.45,2026-07-04 22:17:54,Synthetic payment record,AYA_PAY,PREMIUM,2026-07,11,,VERIFIED,32683.45,001378,2026-07-07 22:17:54,synthetic-generator,201378,101629
301379,26046.99,2026-08-07 15:03:48,Synthetic payment record,BANK_TRANSFER,RENEWAL,2026-08,12,,PENDING,26046.99,001379,2026-08-10 15:03:48,,201379,101630
301380,6359.85,2021-09-16 17:22:24,Synthetic payment record,KBZ_PAY,PREMIUM,2021-09,1,,VERIFIED,6359.85,001380,2021-09-16 17:22:24,synthetic-generator,201380,101631
301381,14820.36,2021-10-08 17:02:16,Synthetic payment record,WAVE_PAY,RENEWAL,2021-10,2,,VERIFIED,14820.36,001381,2021-10-08 17:02:16,synthetic-generator,201381,101632
301382,19722.01,2021-11-21 02:51:02,Synthetic payment record,AYA_PAY,PREMIUM,2021-11,3,,VERIFIED,19722.01,001382,2021-11-23 02:51:02,synthetic-generator,201382,101633
301383,17950.49,2021-12-29 21:32:31,Synthetic payment record,BANK_TRANSFER,RENEWAL,2021-12,4,,VERIFIED,17950.49,001383,2021-12-31 21:32:31,synthetic-generator,201383,101634
301384,2534.72,2022-01-21 00:38:34,Synthetic payment record,KBZ_PAY,PREMIUM,2022-01,5,,PENDING,2534.72,001384,2022-01-24 00:38:34,,201384,101635
301385,4430.68,2022-02-25 05:44:44,Synthetic payment record,WAVE_PAY,PREMIUM,2022-02,6,,VERIFIED,4430.68,001385,2022-02-28 05:44:44,synthetic-generator,201385,101636
301386,3311.33,2022-03-18 20:10:40,Synthetic payment record,AYA_PAY,RENEWAL,2022-03,7,,VERIFIED,3311.33,001386,2022-03-19 20:10:40,synthetic-generator,201386,101637
301387,34559.13,2022-04-25 13:31:21,Synthetic payment record,BANK_TRANSFER,CLAIM_PAYOUT,2022-04,8,,PENDING,34559.13,001387,2022-04-27 13:31:21,,201387,101638
301388,4271.80,2022-05-22 16:29:08,Synthetic payment record,KBZ_PAY,PREMIUM,2022-05,9,,VERIFIED,4271.80,001388,2022-05-22 16:29:08,synthetic-generator,201388,101639
301389,9662.16,2022-06-30 17:29:56,Synthetic payment record,WAVE_PAY,PREMIUM,2022-06,10,,PENDING,9662.16,001389,2022-06-30 17:29:56,,201389,101640
301390,36020.04,2022-07-20 02:09:05,Synthetic payment record,AYA_PAY,PREMIUM,2022-07,11,,VERIFIED,36020.04,001390,2022-07-21 02:09:05,synthetic-generator,201390,101641
301391,27041.85,2022-08-04 09:48:36,Synthetic payment record,BANK_TRANSFER,PREMIUM,2022-08,12,,VERIFIED,27041.85,001391,2022-08-04 09:48:36,synthetic-generator,201391,101642
301392,4238.56,2022-09-11 23:12:59,Synthetic payment record,KBZ_PAY,PREMIUM,2022-09,1,,VERIFIED,4238.56,001392,2022-09-11 23:12:59,synthetic-generator,201392,101643
301393,5163.98,2022-10-26 22:17:14,Synthetic payment record,WAVE_PAY,PREMIUM,2022-10,2,,VERIFIED,5163.98,001393,2022-10-26 22:17:14,synthetic-generator,201393,101644
301394,22401.41,2022-11-14 21:21:47,Synthetic payment record,AYA_PAY,PREMIUM,2022-11,3,,REJECTED,22401.41,001394,2022-11-15 21:21:47,,201394,101645
301395,28512.41,2022-12-03 23:08:39,Synthetic payment record,BANK_TRANSFER,PREMIUM,2022-12,4,,VERIFIED,28512.41,001395,2022-12-03 23:08:39,synthetic-generator,201395,101646
301396,3177.18,2023-01-04 10:14:15,Synthetic payment record,KBZ_PAY,PREMIUM,2023-01,5,,PENDING,3177.18,001396,2023-01-05 10:14:15,,201396,101647
301397,31575.88,2023-02-08 19:28:45,Synthetic payment record,WAVE_PAY,PREMIUM,2023-02,6,,VERIFIED,31575.88,001397,2023-02-08 19:28:45,synthetic-generator,201397,101648
301398,25263.14,2023-03-08 20:39:20,Synthetic payment record,AYA_PAY,PREMIUM,2023-03,7,,VERIFIED,25263.14,001398,2023-03-11 20:39:20,synthetic-generator,201398,101649
301399,12762.51,2023-04-13 05:34:29,Synthetic payment record,BANK_TRANSFER,PREMIUM,2023-04,8,,VERIFIED,12762.51,001399,2023-04-14 05:34:29,synthetic-generator,201399,101650
301400,15798.36,2023-05-06 05:08:22,Synthetic payment record,KBZ_PAY,PREMIUM,2023-05,9,,REJECTED,15798.36,001400,2023-05-08 05:08:22,,201400,101651
301401,11714.42,2023-06-15 01:46:14,Synthetic payment record,WAVE_PAY,PREMIUM,2023-06,10,,VERIFIED,11714.42,001401,2023-06-17 01:46:14,synthetic-generator,201401,101652
301402,9414.62,2023-07-09 09:29:03,Synthetic payment record,AYA_PAY,PREMIUM,2023-07,11,,VERIFIED,9414.62,001402,2023-07-10 09:29:03,synthetic-generator,201402,101653
301403,58747.05,2023-08-14 00:43:09,Synthetic payment record,BANK_TRANSFER,RENEWAL,2023-08,12,,VERIFIED,58747.05,001403,2023-08-14 00:43:09,synthetic-generator,201403,101654
301404,9674.78,2023-09-08 23:33:50,Synthetic payment record,KBZ_PAY,PREMIUM,2023-09,1,,VERIFIED,9674.78,001404,2023-09-11 23:33:50,synthetic-generator,201404,101655
301405,17036.58,2023-10-02 04:31:58,Synthetic payment record,WAVE_PAY,PREMIUM,2023-10,2,,PENDING,17036.58,001405,2023-10-03 04:31:58,,201405,101656
301406,10471.55,2023-11-06 13:40:02,Synthetic payment record,AYA_PAY,PREMIUM,2023-11,3,,VERIFIED,10471.55,001406,2023-11-06 13:40:02,synthetic-generator,201406,101657
301407,29712.18,2023-12-09 21:42:23,Synthetic payment record,BANK_TRANSFER,PREMIUM,2023-12,4,,VERIFIED,29712.18,001407,2023-12-12 21:42:23,synthetic-generator,201407,101658
301408,3674.88,2024-01-25 05:35:56,Synthetic payment record,KBZ_PAY,PREMIUM,2024-01,5,,PENDING,3674.88,001408,2024-01-28 05:35:56,,201408,101659
301409,5897.92,2024-02-29 16:11:13,Synthetic payment record,WAVE_PAY,PREMIUM,2024-02,6,,VERIFIED,5897.92,001409,2024-02-29 16:11:13,synthetic-generator,201409,101660
301410,12515.56,2024-03-16 20:16:15,Synthetic payment record,AYA_PAY,PREMIUM,2024-03,7,,VERIFIED,12515.56,001410,2024-03-18 20:16:15,synthetic-generator,201410,101661
301411,46469.73,2024-04-02 16:28:57,Synthetic payment record,BANK_TRANSFER,PREMIUM,2024-04,8,,VERIFIED,46469.73,001411,2024-04-05 16:28:57,synthetic-generator,201411,101662
301412,2950.47,2024-05-04 15:30:49,Synthetic payment record,KBZ_PAY,RENEWAL,2024-05,9,,PENDING,2950.47,001412,2024-05-06 15:30:49,,201412,101663
301413,11525.14,2024-06-12 08:22:17,Synthetic payment record,WAVE_PAY,PREMIUM,2024-06,10,,VERIFIED,11525.14,001413,2024-06-15 08:22:17,synthetic-generator,201413,101664
301414,51047.25,2024-07-02 22:31:31,Synthetic payment record,AYA_PAY,RENEWAL,2024-07,11,,VERIFIED,51047.25,001414,2024-07-02 22:31:31,synthetic-generator,201414,101665
301415,79141.63,2024-08-08 19:41:01,Synthetic payment record,BANK_TRANSFER,PREMIUM,2024-08,12,,REJECTED,79141.63,001415,2024-08-08 19:41:01,,201415,101666
301416,11264.68,2024-09-06 17:54:54,Synthetic payment record,KBZ_PAY,PREMIUM,2024-09,1,,VERIFIED,11264.68,001416,2024-09-07 17:54:54,synthetic-generator,201416,101667
301417,10580.81,2024-10-29 01:17:40,Synthetic payment record,WAVE_PAY,PREMIUM,2024-10,2,,VERIFIED,10580.81,001417,2024-10-29 01:17:40,synthetic-generator,201417,101668
301418,13444.72,2024-11-06 12:20:20,Synthetic payment record,AYA_PAY,RENEWAL,2024-11,3,,VERIFIED,13444.72,001418,2024-11-06 12:20:20,synthetic-generator,201418,101669
301419,36580.33,2024-12-01 21:36:07,Synthetic payment record,BANK_TRANSFER,PREMIUM,2024-12,4,,VERIFIED,36580.33,001419,2024-12-04 21:36:07,synthetic-generator,201419,101670
301420,11104.46,2025-01-24 19:31:36,Synthetic payment record,KBZ_PAY,PREMIUM,2025-01,5,,VERIFIED,11104.46,001420,2025-01-25 19:31:36,synthetic-generator,201420,101671
301421,18995.36,2025-02-26 02:35:03,Synthetic payment record,WAVE_PAY,PREMIUM,2025-02,6,,VERIFIED,18995.36,001421,2025-03-01 02:35:03,synthetic-generator,201421,101672
301422,21606.17,2025-03-20 22:17:16,Synthetic payment record,AYA_PAY,PREMIUM,2025-03,7,,VERIFIED,21606.17,001422,2025-03-23 22:17:16,synthetic-generator,201422,101673
301423,17171.49,2025-04-18 17:37:21,Synthetic payment record,BANK_TRANSFER,PREMIUM,2025-04,8,,VERIFIED,17171.49,001423,2025-04-21 17:37:21,synthetic-generator,201423,101674
301424,12490.86,2025-05-21 03:03:10,Synthetic payment record,KBZ_PAY,PREMIUM,2025-05,9,,REJECTED,12490.86,001424,2025-05-24 03:03:10,,201424,101675
301425,36550.69,2025-06-29 17:18:40,Synthetic payment record,WAVE_PAY,PREMIUM,2025-06,10,,VERIFIED,36550.69,001425,2025-06-30 17:18:40,synthetic-generator,201425,101676
301426,23520.65,2025-07-18 17:37:01,Synthetic payment record,AYA_PAY,PREMIUM,2025-07,11,,REJECTED,23520.65,001426,2025-07-20 17:37:01,,201426,101677
301427,6737.98,2025-08-14 00:02:07,Synthetic payment record,BANK_TRANSFER,PREMIUM,2025-08,12,,VERIFIED,6737.98,001427,2025-08-17 00:02:07,synthetic-generator,201427,101678
301428,1497.51,2025-09-19 13:54:07,Synthetic payment record,KBZ_PAY,PREMIUM,2025-09,1,,VERIFIED,1497.51,001428,2025-09-20 13:54:07,synthetic-generator,201428,101679
301429,17242.83,2025-10-16 17:32:20,Synthetic payment record,WAVE_PAY,RENEWAL,2025-10,2,,VERIFIED,17242.83,001429,2025-10-18 17:32:20,synthetic-generator,201429,101680
301430,44205.57,2025-11-08 18:15:27,Synthetic payment record,AYA_PAY,PREMIUM,2025-11,3,,VERIFIED,44205.57,001430,2025-11-11 18:15:27,synthetic-generator,201430,101681
301431,43571.91,2025-12-11 16:18:29,Synthetic payment record,BANK_TRANSFER,PREMIUM,2025-12,4,,VERIFIED,43571.91,001431,2025-12-12 16:18:29,synthetic-generator,201431,101682
301432,7896.98,2026-01-18 09:48:50,Synthetic payment record,KBZ_PAY,RENEWAL,2026-01,5,,PENDING,7896.98,001432,2026-01-20 09:48:50,,201432,101683
301433,43359.85,2026-02-02 10:49:38,Synthetic payment record,WAVE_PAY,PREMIUM,2026-02,6,,VERIFIED,43359.85,001433,2026-02-03 10:49:38,synthetic-generator,201433,101684
301434,22005.41,2026-03-02 07:12:49,Synthetic payment record,AYA_PAY,RENEWAL,2026-03,7,,PENDING,22005.41,001434,2026-03-03 07:12:49,,201434,101685
301435,53598.61,2026-04-27 20:37:00,Synthetic payment record,BANK_TRANSFER,PREMIUM,2026-04,8,,VERIFIED,53598.61,001435,2026-04-27 20:37:00,synthetic-generator,201435,101686
301436,4311.57,2026-05-29 07:58:41,Synthetic payment record,KBZ_PAY,PREMIUM,2026-05,9,,VERIFIED,4311.57,001436,2026-06-01 07:58:41,synthetic-generator,201436,101687
301437,22664.58,2026-06-05 12:06:45,Synthetic payment record,WAVE_PAY,RENEWAL,2026-06,10,,VERIFIED,22664.58,001437,2026-06-05 12:06:45,synthetic-generator,201437,101688
301438,40521.52,2026-07-12 16:17:23,Synthetic payment record,AYA_PAY,PREMIUM,2026-07,11,,VERIFIED,40521.52,001438,2026-07-13 16:17:23,synthetic-generator,201438,101689
301439,82548.87,2026-08-09 10:24:17,Synthetic payment record,BANK_TRANSFER,PREMIUM,2026-08,12,,VERIFIED,82548.87,001439,2026-08-09 10:24:17,synthetic-generator,201439,101690
301440,3796.80,2021-09-27 11:39:55,Synthetic payment record,KBZ_PAY,PREMIUM,2021-09,1,,VERIFIED,3796.80,001440,2021-09-27 11:39:55,synthetic-generator,201440,101691
301441,10738.32,2021-10-27 09:21:09,Synthetic payment record,WAVE_PAY,PREMIUM,2021-10,2,,REJECTED,10738.32,001441,2021-10-29 09:21:09,,201441,101692
301442,27196.25,2021-11-10 06:22:19,Synthetic payment record,AYA_PAY,PREMIUM,2021-11,3,,PENDING,27196.25,001442,2021-11-12 06:22:19,,201442,101693
301443,41207.87,2021-12-18 06:30:51,Synthetic payment record,BANK_TRANSFER,RENEWAL,2021-12,4,,VERIFIED,41207.87,001443,2021-12-19 06:30:51,synthetic-generator,201443,101694
301444,20159.50,2022-01-30 03:24:12,Synthetic payment record,KBZ_PAY,PREMIUM,2022-01,5,,VERIFIED,20159.50,001444,2022-02-02 03:24:12,synthetic-generator,201444,101695
301445,4928.20,2022-02-08 05:07:46,Synthetic payment record,WAVE_PAY,RENEWAL,2022-02,6,,VERIFIED,4928.20,001445,2022-02-11 05:07:46,synthetic-generator,201445,101696
301446,5869.38,2022-03-20 00:04:11,Synthetic payment record,AYA_PAY,PREMIUM,2022-03,7,,REJECTED,5869.38,001446,2022-03-23 00:04:11,,201446,101697
301447,18131.01,2022-04-14 12:42:08,Synthetic payment record,BANK_TRANSFER,PREMIUM,2022-04,8,,REJECTED,18131.01,001447,2022-04-15 12:42:08,,201447,101698
301448,20220.97,2022-05-09 10:39:27,Synthetic payment record,KBZ_PAY,RENEWAL,2022-05,9,,VERIFIED,20220.97,001448,2022-05-09 10:39:27,synthetic-generator,201448,101699
301449,30040.51,2022-06-20 22:10:09,Synthetic payment record,WAVE_PAY,PREMIUM,2022-06,10,,VERIFIED,30040.51,001449,2022-06-22 22:10:09,synthetic-generator,201449,101700
301450,8017.20,2022-07-30 22:07:44,Synthetic payment record,AYA_PAY,PREMIUM,2022-07,11,,PENDING,8017.20,001450,2022-08-01 22:07:44,,201450,101701
301451,25291.82,2022-08-24 00:09:10,Synthetic payment record,BANK_TRANSFER,RENEWAL,2022-08,12,,VERIFIED,25291.82,001451,2022-08-27 00:09:10,synthetic-generator,201451,101702
301452,2554.47,2022-09-28 17:13:37,Synthetic payment record,KBZ_PAY,RENEWAL,2022-09,1,,VERIFIED,2554.47,001452,2022-09-29 17:13:37,synthetic-generator,201452,101703
301453,19363.42,2022-10-02 09:33:25,Synthetic payment record,WAVE_PAY,PREMIUM,2022-10,2,,PENDING,19363.42,001453,2022-10-03 09:33:25,,201453,101704
301454,5173.01,2022-11-21 10:55:54,Synthetic payment record,AYA_PAY,PREMIUM,2022-11,3,,VERIFIED,5173.01,001454,2022-11-23 10:55:54,synthetic-generator,201454,101705
301455,33363.28,2022-12-16 07:34:47,Synthetic payment record,BANK_TRANSFER,PREMIUM,2022-12,4,,VERIFIED,33363.28,001455,2022-12-17 07:34:47,synthetic-generator,201455,101706
301456,8254.33,2023-01-26 04:26:26,Synthetic payment record,KBZ_PAY,PREMIUM,2023-01,5,,VERIFIED,8254.33,001456,2023-01-26 04:26:26,synthetic-generator,201456,101707
301457,27434.03,2023-02-19 13:20:45,Synthetic payment record,WAVE_PAY,PREMIUM,2023-02,6,,VERIFIED,27434.03,001457,2023-02-21 13:20:45,synthetic-generator,201457,101708
301458,21539.56,2023-03-04 23:16:50,Synthetic payment record,AYA_PAY,PREMIUM,2023-03,7,,VERIFIED,21539.56,001458,2023-03-06 23:16:50,synthetic-generator,201458,101709
301459,19302.66,2023-04-23 10:03:55,Synthetic payment record,BANK_TRANSFER,PREMIUM,2023-04,8,,PENDING,19302.66,001459,2023-04-26 10:03:55,,201459,101710
301460,4291.90,2023-05-19 06:47:34,Synthetic payment record,KBZ_PAY,RENEWAL,2023-05,9,,VERIFIED,4291.90,001460,2023-05-19 06:47:34,synthetic-generator,201460,101711
301461,8566.23,2023-06-08 07:28:50,Synthetic payment record,WAVE_PAY,RENEWAL,2023-06,10,,VERIFIED,8566.23,001461,2023-06-11 07:28:50,synthetic-generator,201461,101712
301462,18907.87,2023-07-19 13:50:00,Synthetic payment record,AYA_PAY,PREMIUM,2023-07,11,,VERIFIED,18907.87,001462,2023-07-20 13:50:00,synthetic-generator,201462,101713
301463,40280.41,2023-08-31 02:18:08,Synthetic payment record,BANK_TRANSFER,PREMIUM,2023-08,12,,PENDING,40280.41,001463,2023-08-31 02:18:08,,201463,101714
301464,3927.19,2023-09-14 23:06:32,Synthetic payment record,KBZ_PAY,PREMIUM,2023-09,1,,VERIFIED,3927.19,001464,2023-09-15 23:06:32,synthetic-generator,201464,101715
301465,16583.38,2023-10-28 02:10:19,Synthetic payment record,WAVE_PAY,PREMIUM,2023-10,2,,VERIFIED,16583.38,001465,2023-10-31 02:10:19,synthetic-generator,201465,101716
301466,17847.94,2023-11-16 02:42:59,Synthetic payment record,AYA_PAY,PREMIUM,2023-11,3,,VERIFIED,17847.94,001466,2023-11-19 02:42:59,synthetic-generator,201466,101717
301467,35216.66,2023-12-09 00:04:35,Synthetic payment record,BANK_TRANSFER,PREMIUM,2023-12,4,,PENDING,35216.66,001467,2023-12-09 00:04:35,,201467,101718
301468,11676.60,2024-01-28 00:32:23,Synthetic payment record,KBZ_PAY,RENEWAL,2024-01,5,,VERIFIED,11676.60,001468,2024-01-30 00:32:23,synthetic-generator,201468,101719
301469,28479.08,2024-02-05 04:54:07,Synthetic payment record,WAVE_PAY,PREMIUM,2024-02,6,,VERIFIED,28479.08,001469,2024-02-06 04:54:07,synthetic-generator,201469,101720
301470,18602.04,2024-03-23 05:09:07,Synthetic payment record,AYA_PAY,PREMIUM,2024-03,7,,VERIFIED,18602.04,001470,2024-03-25 05:09:07,synthetic-generator,201470,101721
301471,44151.70,2024-04-02 14:33:54,Synthetic payment record,BANK_TRANSFER,PREMIUM,2024-04,8,,VERIFIED,44151.70,001471,2024-04-05 14:33:54,synthetic-generator,201471,101722
301472,10419.93,2024-05-25 02:39:13,Synthetic payment record,KBZ_PAY,RENEWAL,2024-05,9,,VERIFIED,10419.93,001472,2024-05-28 02:39:13,synthetic-generator,201472,101723
301473,35825.30,2024-06-29 17:19:39,Synthetic payment record,WAVE_PAY,PREMIUM,2024-06,10,,VERIFIED,35825.30,001473,2024-07-01 17:19:39,synthetic-generator,201473,101724
301474,6919.88,2024-07-29 02:55:53,Synthetic payment record,AYA_PAY,RENEWAL,2024-07,11,,VERIFIED,6919.88,001474,2024-07-30 02:55:53,synthetic-generator,201474,101725
301475,55001.08,2024-08-11 16:06:33,Synthetic payment record,BANK_TRANSFER,PREMIUM,2024-08,12,,VERIFIED,55001.08,001475,2024-08-13 16:06:33,synthetic-generator,201475,101726
301476,10382.14,2024-09-23 18:38:32,Synthetic payment record,KBZ_PAY,PREMIUM,2024-09,1,,PENDING,10382.14,001476,2024-09-24 18:38:32,,201476,101727
301477,22750.36,2024-10-18 22:12:23,Synthetic payment record,WAVE_PAY,PREMIUM,2024-10,2,,VERIFIED,22750.36,001477,2024-10-18 22:12:23,synthetic-generator,201477,101728
301478,37563.36,2024-11-21 11:06:11,Synthetic payment record,AYA_PAY,PREMIUM,2024-11,3,,VERIFIED,37563.36,001478,2024-11-21 11:06:11,synthetic-generator,201478,101729
301479,34932.38,2024-12-19 06:25:20,Synthetic payment record,BANK_TRANSFER,PREMIUM,2024-12,4,,VERIFIED,34932.38,001479,2024-12-21 06:25:20,synthetic-generator,201479,101730
301480,2963.00,2025-01-27 08:17:15,Synthetic payment record,KBZ_PAY,PREMIUM,2025-01,5,,VERIFIED,2963.00,001480,2025-01-30 08:17:15,synthetic-generator,201480,101731
301481,11846.35,2025-02-15 07:00:45,Synthetic payment record,WAVE_PAY,RENEWAL,2025-02,6,,VERIFIED,11846.35,001481,2025-02-15 07:00:45,synthetic-generator,201481,101732
301482,11707.21,2025-03-21 12:51:11,Synthetic payment record,AYA_PAY,PREMIUM,2025-03,7,,VERIFIED,11707.21,001482,2025-03-23 12:51:11,synthetic-generator,201482,101733
301483,49414.20,2025-04-18 15:12:01,Synthetic payment record,BANK_TRANSFER,PREMIUM,2025-04,8,,REJECTED,49414.20,001483,2025-04-20 15:12:01,,201483,101734
301484,15360.59,2025-05-25 02:08:51,Synthetic payment record,KBZ_PAY,PREMIUM,2025-05,9,,VERIFIED,15360.59,001484,2025-05-27 02:08:51,synthetic-generator,201484,101735
301485,17116.91,2025-06-20 10:19:29,Synthetic payment record,WAVE_PAY,PREMIUM,2025-06,10,,VERIFIED,17116.91,001485,2025-06-21 10:19:29,synthetic-generator,201485,101736
301486,16886.56,2025-07-08 01:06:51,Synthetic payment record,AYA_PAY,PREMIUM,2025-07,11,,PENDING,16886.56,001486,2025-07-10 01:06:51,,201486,101737
301487,41768.31,2025-08-04 13:55:17,Synthetic payment record,BANK_TRANSFER,RENEWAL,2025-08,12,,VERIFIED,41768.31,001487,2025-08-06 13:55:17,synthetic-generator,201487,101738
301488,3512.21,2025-09-26 15:42:58,Synthetic payment record,KBZ_PAY,CLAIM_PAYOUT,2025-09,1,,VERIFIED,3512.21,001488,2025-09-29 15:42:58,synthetic-generator,201488,101739
301489,16247.63,2025-10-11 23:29:04,Synthetic payment record,WAVE_PAY,PREMIUM,2025-10,2,,REJECTED,16247.63,001489,2025-10-13 23:29:04,,201489,101740
301490,15247.95,2025-11-06 15:20:31,Synthetic payment record,AYA_PAY,PREMIUM,2025-11,3,,VERIFIED,15247.95,001490,2025-11-09 15:20:31,synthetic-generator,201490,101741
301491,27124.25,2025-12-24 03:14:26,Synthetic payment record,BANK_TRANSFER,PREMIUM,2025-12,4,,VERIFIED,27124.25,001491,2025-12-24 03:14:26,synthetic-generator,201491,101742
301492,21080.08,2026-01-13 10:23:13,Synthetic payment record,KBZ_PAY,PREMIUM,2026-01,5,,VERIFIED,21080.08,001492,2026-01-14 10:23:13,synthetic-generator,201492,101743
301493,31360.43,2026-02-08 09:51:41,Synthetic payment record,WAVE_PAY,RENEWAL,2026-02,6,,VERIFIED,31360.43,001493,2026-02-09 09:51:41,synthetic-generator,201493,101744
301494,26002.12,2026-03-10 03:00:36,Synthetic payment record,AYA_PAY,PREMIUM,2026-03,7,,VERIFIED,26002.12,001494,2026-03-12 03:00:36,synthetic-generator,201494,101745
301495,6486.72,2026-04-29 19:49:43,Synthetic payment record,BANK_TRANSFER,PREMIUM,2026-04,8,,VERIFIED,6486.72,001495,2026-05-01 19:49:43,synthetic-generator,201495,101746
301496,21494.21,2026-05-01 04:05:00,Synthetic payment record,KBZ_PAY,PREMIUM,2026-05,9,,PENDING,21494.21,001496,2026-05-02 04:05:00,,201496,101747
301497,32834.55,2026-06-16 13:14:23,Synthetic payment record,WAVE_PAY,PREMIUM,2026-06,10,,VERIFIED,32834.55,001497,2026-06-16 13:14:23,synthetic-generator,201497,101748
301498,35504.04,2026-07-22 02:41:49,Synthetic payment record,AYA_PAY,PREMIUM,2026-07,11,,VERIFIED,35504.04,001498,2026-07-24 02:41:49,synthetic-generator,201498,101749
301499,40907.81,2026-08-28 15:06:38,Synthetic payment record,BANK_TRANSFER,PREMIUM,2026-08,12,,VERIFIED,40907.81,001499,2026-08-31 15:06:38,synthetic-generator,201499,101750
301500,3803.88,2021-09-26 23:33:10,Synthetic payment record,KBZ_PAY,PREMIUM,2021-09,1,,VERIFIED,3803.88,001500,2021-09-26 23:33:10,synthetic-generator,201500,101751
301501,5568.34,2021-10-14 22:17:59,Synthetic payment record,WAVE_PAY,RENEWAL,2021-10,2,,VERIFIED,5568.34,001501,2021-10-17 22:17:59,synthetic-generator,201501,101752
301502,12489.16,2021-11-19 08:04:35,Synthetic payment record,AYA_PAY,PREMIUM,2021-11,3,,REJECTED,12489.16,001502,2021-11-21 08:04:35,,201502,101753
301503,29580.02,2021-12-21 14:55:54,Synthetic payment record,BANK_TRANSFER,RENEWAL,2021-12,4,,VERIFIED,29580.02,001503,2021-12-22 14:55:54,synthetic-generator,201503,101754
301504,13749.42,2022-01-05 08:22:29,Synthetic payment record,KBZ_PAY,RENEWAL,2022-01,5,,VERIFIED,13749.42,001504,2022-01-08 08:22:29,synthetic-generator,201504,101755
301505,17396.94,2022-02-28 17:04:20,Synthetic payment record,WAVE_PAY,RENEWAL,2022-02,6,,PENDING,17396.94,001505,2022-03-02 17:04:20,,201505,101756
301506,12457.24,2022-03-04 04:23:25,Synthetic payment record,AYA_PAY,PREMIUM,2022-03,7,,VERIFIED,12457.24,001506,2022-03-06 04:23:25,synthetic-generator,201506,101757
301507,16319.58,2022-04-13 10:56:31,Synthetic payment record,BANK_TRANSFER,PREMIUM,2022-04,8,,PENDING,16319.58,001507,2022-04-15 10:56:31,,201507,101758
301508,2389.74,2022-05-16 21:41:24,Synthetic payment record,KBZ_PAY,PREMIUM,2022-05,9,,VERIFIED,2389.74,001508,2022-05-17 21:41:24,synthetic-generator,201508,101759
301509,25159.86,2022-06-13 17:15:26,Synthetic payment record,WAVE_PAY,PREMIUM,2022-06,10,,PENDING,25159.86,001509,2022-06-16 17:15:26,,201509,101760
301510,15334.84,2022-07-17 16:58:52,Synthetic payment record,AYA_PAY,PREMIUM,2022-07,11,,VERIFIED,15334.84,001510,2022-07-18 16:58:52,synthetic-generator,201510,101761
301511,53705.39,2022-08-04 13:40:41,Synthetic payment record,BANK_TRANSFER,PREMIUM,2022-08,12,,VERIFIED,53705.39,001511,2022-08-07 13:40:41,synthetic-generator,201511,101762
301512,7585.34,2022-09-28 23:35:56,Synthetic payment record,KBZ_PAY,PREMIUM,2022-09,1,,VERIFIED,7585.34,001512,2022-09-30 23:35:56,synthetic-generator,201512,101763
301513,8820.86,2022-10-19 18:45:57,Synthetic payment record,WAVE_PAY,RENEWAL,2022-10,2,,VERIFIED,8820.86,001513,2022-10-20 18:45:57,synthetic-generator,201513,101764
301514,29198.35,2022-11-03 09:55:24,Synthetic payment record,AYA_PAY,PREMIUM,2022-11,3,,VERIFIED,29198.35,001514,2022-11-06 09:55:24,synthetic-generator,201514,101765
301515,26597.78,2022-12-09 03:17:31,Synthetic payment record,BANK_TRANSFER,PREMIUM,2022-12,4,,VERIFIED,26597.78,001515,2022-12-12 03:17:31,synthetic-generator,201515,101766
301516,20026.54,2023-01-03 20:19:47,Synthetic payment record,KBZ_PAY,RENEWAL,2023-01,5,,VERIFIED,20026.54,001516,2023-01-06 20:19:47,synthetic-generator,201516,101767
301517,20156.16,2023-02-25 19:37:37,Synthetic payment record,WAVE_PAY,PREMIUM,2023-02,6,,VERIFIED,20156.16,001517,2023-02-28 19:37:37,synthetic-generator,201517,101768
301518,16522.40,2023-03-30 04:14:32,Synthetic payment record,AYA_PAY,PREMIUM,2023-03,7,,VERIFIED,16522.40,001518,2023-03-30 04:14:32,synthetic-generator,201518,101769
301519,18395.08,2023-04-13 08:10:39,Synthetic payment record,BANK_TRANSFER,CLAIM_PAYOUT,2023-04,8,,VERIFIED,18395.08,001519,2023-04-14 08:10:39,synthetic-generator,201519,101770
301520,13446.47,2023-05-09 17:27:38,Synthetic payment record,KBZ_PAY,PREMIUM,2023-05,9,,VERIFIED,13446.47,001520,2023-05-12 17:27:38,synthetic-generator,201520,101771
301521,14801.37,2023-06-06 01:52:27,Synthetic payment record,WAVE_PAY,PREMIUM,2023-06,10,,VERIFIED,14801.37,001521,2023-06-06 01:52:27,synthetic-generator,201521,101772
301522,37863.42,2023-07-29 18:22:47,Synthetic payment record,AYA_PAY,PREMIUM,2023-07,11,,VERIFIED,37863.42,001522,2023-07-29 18:22:47,synthetic-generator,201522,101773
301523,51326.55,2023-08-28 10:13:16,Synthetic payment record,BANK_TRANSFER,PREMIUM,2023-08,12,,VERIFIED,51326.55,001523,2023-08-28 10:13:16,synthetic-generator,201523,101774
301524,11147.76,2023-09-16 11:44:50,Synthetic payment record,KBZ_PAY,PREMIUM,2023-09,1,,VERIFIED,11147.76,001524,2023-09-18 11:44:50,synthetic-generator,201524,101775
301525,4624.71,2023-10-23 14:35:25,Synthetic payment record,WAVE_PAY,PREMIUM,2023-10,2,,VERIFIED,4624.71,001525,2023-10-23 14:35:25,synthetic-generator,201525,101776
301526,32680.31,2023-11-29 02:46:28,Synthetic payment record,AYA_PAY,PREMIUM,2023-11,3,,VERIFIED,32680.31,001526,2023-11-30 02:46:28,synthetic-generator,201526,101777
301527,12862.23,2023-12-16 03:06:43,Synthetic payment record,BANK_TRANSFER,PREMIUM,2023-12,4,,VERIFIED,12862.23,001527,2023-12-17 03:06:43,synthetic-generator,201527,101778
301528,20018.37,2024-01-12 09:02:36,Synthetic payment record,KBZ_PAY,PREMIUM,2024-01,5,,VERIFIED,20018.37,001528,2024-01-15 09:02:36,synthetic-generator,201528,101779
301529,42325.68,2024-02-28 17:40:53,Synthetic payment record,WAVE_PAY,CLAIM_PAYOUT,2024-02,6,,VERIFIED,42325.68,001529,2024-03-01 17:40:53,synthetic-generator,201529,101780
301530,20203.44,2024-03-23 01:59:18,Synthetic payment record,AYA_PAY,PREMIUM,2024-03,7,,VERIFIED,20203.44,001530,2024-03-24 01:59:18,synthetic-generator,201530,101781
301531,41101.08,2024-04-03 03:23:56,Synthetic payment record,BANK_TRANSFER,PREMIUM,2024-04,8,,VERIFIED,41101.08,001531,2024-04-06 03:23:56,synthetic-generator,201531,101782
301532,15531.95,2024-05-20 13:57:28,Synthetic payment record,KBZ_PAY,PREMIUM,2024-05,9,,VERIFIED,15531.95,001532,2024-05-21 13:57:28,synthetic-generator,201532,101783
301533,8705.07,2024-06-17 16:30:20,Synthetic payment record,WAVE_PAY,RENEWAL,2024-06,10,,VERIFIED,8705.07,001533,2024-06-19 16:30:20,synthetic-generator,201533,101784
301534,39395.36,2024-07-06 00:29:07,Synthetic payment record,AYA_PAY,PREMIUM,2024-07,11,,VERIFIED,39395.36,001534,2024-07-09 00:29:07,synthetic-generator,201534,101785
301535,36369.55,2024-08-09 10:33:05,Synthetic payment record,BANK_TRANSFER,PREMIUM,2024-08,12,,VERIFIED,36369.55,001535,2024-08-12 10:33:05,synthetic-generator,201535,101786
301536,6069.42,2024-09-19 07:07:20,Synthetic payment record,KBZ_PAY,PREMIUM,2024-09,1,,VERIFIED,6069.42,001536,2024-09-22 07:07:20,synthetic-generator,201536,101787
301537,7720.66,2024-10-22 10:10:16,Synthetic payment record,WAVE_PAY,PREMIUM,2024-10,2,,VERIFIED,7720.66,001537,2024-10-23 10:10:16,synthetic-generator,201537,101788
301538,5979.33,2024-11-26 05:42:41,Synthetic payment record,AYA_PAY,PREMIUM,2024-11,3,,VERIFIED,5979.33,001538,2024-11-27 05:42:41,synthetic-generator,201538,101789
301539,31784.31,2024-12-16 03:00:07,Synthetic payment record,BANK_TRANSFER,PREMIUM,2024-12,4,,VERIFIED,31784.31,001539,2024-12-19 03:00:07,synthetic-generator,201539,101790
301540,23423.10,2025-01-08 08:50:33,Synthetic payment record,KBZ_PAY,PREMIUM,2025-01,5,,VERIFIED,23423.10,001540,2025-01-09 08:50:33,synthetic-generator,201540,101791
301541,27175.03,2025-02-03 21:29:20,Synthetic payment record,WAVE_PAY,PREMIUM,2025-02,6,,VERIFIED,27175.03,001541,2025-02-06 21:29:20,synthetic-generator,201541,101792
301542,5313.47,2025-03-02 23:33:55,Synthetic payment record,AYA_PAY,PREMIUM,2025-03,7,,VERIFIED,5313.47,001542,2025-03-02 23:33:55,synthetic-generator,201542,101793
301543,5121.44,2025-04-12 20:20:22,Synthetic payment record,BANK_TRANSFER,PREMIUM,2025-04,8,,VERIFIED,5121.44,001543,2025-04-15 20:20:22,synthetic-generator,201543,101794
301544,18779.64,2025-05-12 15:46:45,Synthetic payment record,KBZ_PAY,PREMIUM,2025-05,9,,VERIFIED,18779.64,001544,2025-05-14 15:46:45,synthetic-generator,201544,101795
301545,33861.17,2025-06-24 12:58:07,Synthetic payment record,WAVE_PAY,PREMIUM,2025-06,10,,VERIFIED,33861.17,001545,2025-06-24 12:58:07,synthetic-generator,201545,101796
301546,30807.17,2025-07-07 07:34:50,Synthetic payment record,AYA_PAY,PREMIUM,2025-07,11,,VERIFIED,30807.17,001546,2025-07-10 07:34:50,synthetic-generator,201546,101797
301547,60927.54,2025-08-06 22:22:52,Synthetic payment record,BANK_TRANSFER,PREMIUM,2025-08,12,,VERIFIED,60927.54,001547,2025-08-07 22:22:52,synthetic-generator,201547,101798
301548,11634.05,2025-09-24 06:17:09,Synthetic payment record,KBZ_PAY,PREMIUM,2025-09,1,,VERIFIED,11634.05,001548,2025-09-27 06:17:09,synthetic-generator,201548,101799
301549,4621.10,2025-10-24 15:56:40,Synthetic payment record,WAVE_PAY,PREMIUM,2025-10,2,,PENDING,4621.10,001549,2025-10-25 15:56:40,,201549,101800
301550,33191.62,2025-11-07 16:01:27,Synthetic payment record,AYA_PAY,PREMIUM,2025-11,3,,VERIFIED,33191.62,001550,2025-11-10 16:01:27,synthetic-generator,201550,101801
301551,7394.17,2025-12-04 19:26:51,Synthetic payment record,BANK_TRANSFER,PREMIUM,2025-12,4,,VERIFIED,7394.17,001551,2025-12-04 19:26:51,synthetic-generator,201551,101802
301552,18535.89,2026-01-22 21:16:07,Synthetic payment record,KBZ_PAY,CLAIM_PAYOUT,2026-01,5,,REJECTED,18535.89,001552,2026-01-24 21:16:07,,201552,101803
301553,45013.80,2026-02-04 21:41:11,Synthetic payment record,WAVE_PAY,PREMIUM,2026-02,6,,VERIFIED,45013.80,001553,2026-02-07 21:41:11,synthetic-generator,201553,101804
301554,6366.58,2026-03-30 23:29:31,Synthetic payment record,AYA_PAY,RENEWAL,2026-03,7,,PENDING,6366.58,001554,2026-03-30 23:29:31,,201554,101805
301555,32899.57,2026-04-06 06:12:51,Synthetic payment record,BANK_TRANSFER,PREMIUM,2026-04,8,,VERIFIED,32899.57,001555,2026-04-06 06:12:51,synthetic-generator,201555,101806
301556,13940.47,2026-05-30 04:14:30,Synthetic payment record,KBZ_PAY,PREMIUM,2026-05,9,,VERIFIED,13940.47,001556,2026-06-02 04:14:30,synthetic-generator,201556,101807
301557,28975.27,2026-06-15 16:41:33,Synthetic payment record,WAVE_PAY,PREMIUM,2026-06,10,,VERIFIED,28975.27,001557,2026-06-15 16:41:33,synthetic-generator,201557,101808
301558,26677.88,2026-07-27 03:52:41,Synthetic payment record,AYA_PAY,PREMIUM,2026-07,11,,REJECTED,26677.88,001558,2026-07-29 03:52:41,,201558,101809
301559,39765.73,2026-08-05 10:58:02,Synthetic payment record,BANK_TRANSFER,RENEWAL,2026-08,12,,VERIFIED,39765.73,001559,2026-08-08 10:58:02,synthetic-generator,201559,101810
301560,3929.60,2021-09-13 22:07:53,Synthetic payment record,KBZ_PAY,PREMIUM,2021-09,1,,VERIFIED,3929.60,001560,2021-09-16 22:07:53,synthetic-generator,201560,101811
301561,11480.37,2021-10-31 07:24:13,Synthetic payment record,WAVE_PAY,PREMIUM,2021-10,2,,VERIFIED,11480.37,001561,2021-11-02 07:24:13,synthetic-generator,201561,101812
301562,13557.10,2021-11-14 12:19:26,Synthetic payment record,AYA_PAY,PREMIUM,2021-11,3,,VERIFIED,13557.10,001562,2021-11-15 12:19:26,synthetic-generator,201562,101813
301563,6441.23,2021-12-10 11:55:07,Synthetic payment record,BANK_TRANSFER,PREMIUM,2021-12,4,,VERIFIED,6441.23,001563,2021-12-12 11:55:07,synthetic-generator,201563,101814
301564,10357.11,2022-01-08 16:39:11,Synthetic payment record,KBZ_PAY,CLAIM_PAYOUT,2022-01,5,,VERIFIED,10357.11,001564,2022-01-08 16:39:11,synthetic-generator,201564,101815
301565,22936.28,2022-02-12 12:12:29,Synthetic payment record,WAVE_PAY,CLAIM_PAYOUT,2022-02,6,,VERIFIED,22936.28,001565,2022-02-12 12:12:29,synthetic-generator,201565,101816
301566,11880.86,2022-03-10 06:50:02,Synthetic payment record,AYA_PAY,PREMIUM,2022-03,7,,VERIFIED,11880.86,001566,2022-03-10 06:50:02,synthetic-generator,201566,101817
301567,14291.28,2022-04-14 08:56:14,Synthetic payment record,BANK_TRANSFER,RENEWAL,2022-04,8,,VERIFIED,14291.28,001567,2022-04-15 08:56:14,synthetic-generator,201567,101818
301568,2556.14,2022-05-07 00:15:44,Synthetic payment record,KBZ_PAY,PREMIUM,2022-05,9,,VERIFIED,2556.14,001568,2022-05-09 00:15:44,synthetic-generator,201568,101819
301569,32213.01,2022-06-12 16:44:37,Synthetic payment record,WAVE_PAY,RENEWAL,2022-06,10,,VERIFIED,32213.01,001569,2022-06-15 16:44:37,synthetic-generator,201569,101820
301570,16330.17,2022-07-01 01:03:24,Synthetic payment record,AYA_PAY,RENEWAL,2022-07,11,,VERIFIED,16330.17,001570,2022-07-01 01:03:24,synthetic-generator,201570,101821
301571,32510.86,2022-08-28 14:42:52,Synthetic payment record,BANK_TRANSFER,RENEWAL,2022-08,12,,REJECTED,32510.86,001571,2022-08-29 14:42:52,,201571,101822
301572,6023.47,2022-09-02 07:31:13,Synthetic payment record,KBZ_PAY,PREMIUM,2022-09,1,,VERIFIED,6023.47,001572,2022-09-04 07:31:13,synthetic-generator,201572,101823
301573,13118.86,2022-10-02 01:03:46,Synthetic payment record,WAVE_PAY,PREMIUM,2022-10,2,,VERIFIED,13118.86,001573,2022-10-02 01:03:46,synthetic-generator,201573,101824
301574,8969.10,2022-11-24 03:59:58,Synthetic payment record,AYA_PAY,PREMIUM,2022-11,3,,VERIFIED,8969.10,001574,2022-11-27 03:59:58,synthetic-generator,201574,101825
301575,8830.51,2022-12-19 02:11:24,Synthetic payment record,BANK_TRANSFER,PREMIUM,2022-12,4,,PENDING,8830.51,001575,2022-12-21 02:11:24,,201575,101826
301576,13044.94,2023-01-23 17:57:40,Synthetic payment record,KBZ_PAY,RENEWAL,2023-01,5,,VERIFIED,13044.94,001576,2023-01-23 17:57:40,synthetic-generator,201576,101827
301577,25226.36,2023-02-12 06:55:10,Synthetic payment record,WAVE_PAY,PREMIUM,2023-02,6,,VERIFIED,25226.36,001577,2023-02-14 06:55:10,synthetic-generator,201577,101828
301578,13016.12,2023-03-04 04:05:39,Synthetic payment record,AYA_PAY,PREMIUM,2023-03,7,,VERIFIED,13016.12,001578,2023-03-07 04:05:39,synthetic-generator,201578,101829
301579,7056.14,2023-04-19 15:00:36,Synthetic payment record,BANK_TRANSFER,RENEWAL,2023-04,8,,PENDING,7056.14,001579,2023-04-20 15:00:36,,201579,101830
301580,7422.57,2023-05-26 10:24:36,Synthetic payment record,KBZ_PAY,PREMIUM,2023-05,9,,VERIFIED,7422.57,001580,2023-05-26 10:24:36,synthetic-generator,201580,101831
301581,6028.24,2023-06-05 07:22:25,Synthetic payment record,WAVE_PAY,PREMIUM,2023-06,10,,PENDING,6028.24,001581,2023-06-07 07:22:25,,201581,101832
301582,45323.99,2023-07-06 03:38:50,Synthetic payment record,AYA_PAY,PREMIUM,2023-07,11,,VERIFIED,45323.99,001582,2023-07-09 03:38:50,synthetic-generator,201582,101833
301583,68621.86,2023-08-02 14:11:56,Synthetic payment record,BANK_TRANSFER,PREMIUM,2023-08,12,,VERIFIED,68621.86,001583,2023-08-03 14:11:56,synthetic-generator,201583,101834
301584,2996.52,2023-09-25 12:55:07,Synthetic payment record,KBZ_PAY,PREMIUM,2023-09,1,,VERIFIED,2996.52,001584,2023-09-25 12:55:07,synthetic-generator,201584,101835
301585,11084.17,2023-10-02 16:48:43,Synthetic payment record,WAVE_PAY,PREMIUM,2023-10,2,,VERIFIED,11084.17,001585,2023-10-03 16:48:43,synthetic-generator,201585,101836
301586,32128.43,2023-11-16 06:48:09,Synthetic payment record,AYA_PAY,PREMIUM,2023-11,3,,PENDING,32128.43,001586,2023-11-19 06:48:09,,201586,101837
301587,49951.95,2023-12-06 12:36:07,Synthetic payment record,BANK_TRANSFER,RENEWAL,2023-12,4,,VERIFIED,49951.95,001587,2023-12-07 12:36:07,synthetic-generator,201587,101838
301588,17135.03,2024-01-09 20:56:50,Synthetic payment record,KBZ_PAY,RENEWAL,2024-01,5,,VERIFIED,17135.03,001588,2024-01-11 20:56:50,synthetic-generator,201588,101839
301589,13552.34,2024-02-12 02:11:17,Synthetic payment record,WAVE_PAY,PREMIUM,2024-02,6,,PENDING,13552.34,001589,2024-02-13 02:11:17,,201589,101840
301590,15690.44,2024-03-28 11:58:51,Synthetic payment record,AYA_PAY,PREMIUM,2024-03,7,,VERIFIED,15690.44,001590,2024-03-31 11:58:51,synthetic-generator,201590,101841
301591,41583.69,2024-04-23 15:16:50,Synthetic payment record,BANK_TRANSFER,PREMIUM,2024-04,8,,VERIFIED,41583.69,001591,2024-04-26 15:16:50,synthetic-generator,201591,101842
301592,11181.13,2024-05-04 08:35:29,Synthetic payment record,KBZ_PAY,RENEWAL,2024-05,9,,PENDING,11181.13,001592,2024-05-06 08:35:29,,201592,101843
301593,35623.42,2024-06-20 02:20:18,Synthetic payment record,WAVE_PAY,PREMIUM,2024-06,10,,PENDING,35623.42,001593,2024-06-22 02:20:18,,201593,101844
301594,10910.18,2024-07-05 09:12:45,Synthetic payment record,AYA_PAY,PREMIUM,2024-07,11,,VERIFIED,10910.18,001594,2024-07-07 09:12:45,synthetic-generator,201594,101845
301595,7006.30,2024-08-09 08:46:48,Synthetic payment record,BANK_TRANSFER,RENEWAL,2024-08,12,,VERIFIED,7006.30,001595,2024-08-09 08:46:48,synthetic-generator,201595,101846
301596,9640.50,2024-09-18 20:19:46,Synthetic payment record,KBZ_PAY,PREMIUM,2024-09,1,,VERIFIED,9640.50,001596,2024-09-18 20:19:46,synthetic-generator,201596,101847
301597,12955.36,2024-10-26 15:55:14,Synthetic payment record,WAVE_PAY,PREMIUM,2024-10,2,,VERIFIED,12955.36,001597,2024-10-26 15:55:14,synthetic-generator,201597,101848
301598,23874.21,2024-11-27 05:51:11,Synthetic payment record,AYA_PAY,PREMIUM,2024-11,3,,VERIFIED,23874.21,001598,2024-11-27 05:51:11,synthetic-generator,201598,101849
301599,31158.11,2024-12-01 15:55:08,Synthetic payment record,BANK_TRANSFER,PREMIUM,2024-12,4,,VERIFIED,31158.11,001599,2024-12-01 15:55:08,synthetic-generator,201599,101850
301600,3014.53,2025-01-09 18:11:10,Synthetic payment record,KBZ_PAY,PREMIUM,2025-01,5,,VERIFIED,3014.53,001600,2025-01-12 18:11:10,synthetic-generator,201600,101851
301601,21765.77,2025-02-03 23:43:37,Synthetic payment record,WAVE_PAY,PREMIUM,2025-02,6,,VERIFIED,21765.77,001601,2025-02-05 23:43:37,synthetic-generator,201601,101852
301602,22411.40,2025-03-15 17:23:44,Synthetic payment record,AYA_PAY,PREMIUM,2025-03,7,,VERIFIED,22411.40,001602,2025-03-18 17:23:44,synthetic-generator,201602,101853
301603,26322.71,2025-04-26 11:47:03,Synthetic payment record,BANK_TRANSFER,PREMIUM,2025-04,8,,VERIFIED,26322.71,001603,2025-04-28 11:47:03,synthetic-generator,201603,101854
301604,16072.96,2025-05-29 07:57:21,Synthetic payment record,KBZ_PAY,RENEWAL,2025-05,9,,VERIFIED,16072.96,001604,2025-05-30 07:57:21,synthetic-generator,201604,101855
301605,13483.97,2025-06-25 06:37:43,Synthetic payment record,WAVE_PAY,PREMIUM,2025-06,10,,VERIFIED,13483.97,001605,2025-06-27 06:37:43,synthetic-generator,201605,101856
301606,11828.26,2025-07-05 23:39:26,Synthetic payment record,AYA_PAY,RENEWAL,2025-07,11,,VERIFIED,11828.26,001606,2025-07-07 23:39:26,synthetic-generator,201606,101857
301607,17178.16,2025-08-16 04:40:43,Synthetic payment record,BANK_TRANSFER,PREMIUM,2025-08,12,,VERIFIED,17178.16,001607,2025-08-18 04:40:43,synthetic-generator,201607,101858
301608,4104.79,2025-09-20 22:47:38,Synthetic payment record,KBZ_PAY,RENEWAL,2025-09,1,,VERIFIED,4104.79,001608,2025-09-21 22:47:38,synthetic-generator,201608,101859
301609,10761.25,2025-10-30 00:49:37,Synthetic payment record,WAVE_PAY,RENEWAL,2025-10,2,,VERIFIED,10761.25,001609,2025-10-31 00:49:37,synthetic-generator,201609,101860
301610,5981.40,2025-11-02 19:33:41,Synthetic payment record,AYA_PAY,PREMIUM,2025-11,3,,VERIFIED,5981.40,001610,2025-11-04 19:33:41,synthetic-generator,201610,101861
301611,33867.60,2025-12-26 09:34:28,Synthetic payment record,BANK_TRANSFER,PREMIUM,2025-12,4,,VERIFIED,33867.60,001611,2025-12-26 09:34:28,synthetic-generator,201611,101862
301612,19743.50,2026-01-27 07:10:33,Synthetic payment record,KBZ_PAY,PREMIUM,2026-01,5,,VERIFIED,19743.50,001612,2026-01-30 07:10:33,synthetic-generator,201612,101863
301613,18341.03,2026-02-15 02:15:19,Synthetic payment record,WAVE_PAY,RENEWAL,2026-02,6,,VERIFIED,18341.03,001613,2026-02-15 02:15:19,synthetic-generator,201613,101864
301614,22961.06,2026-03-28 10:08:32,Synthetic payment record,AYA_PAY,RENEWAL,2026-03,7,,VERIFIED,22961.06,001614,2026-03-28 10:08:32,synthetic-generator,201614,101865
301615,48398.78,2026-04-19 14:19:40,Synthetic payment record,BANK_TRANSFER,RENEWAL,2026-04,8,,PENDING,48398.78,001615,2026-04-19 14:19:40,,201615,101866
301616,17348.84,2026-05-30 23:13:18,Synthetic payment record,KBZ_PAY,PREMIUM,2026-05,9,,VERIFIED,17348.84,001616,2026-05-31 23:13:18,synthetic-generator,201616,101867
301617,6840.55,2026-06-19 00:45:12,Synthetic payment record,WAVE_PAY,PREMIUM,2026-06,10,,VERIFIED,6840.55,001617,2026-06-21 00:45:12,synthetic-generator,201617,101868
301618,30817.61,2026-07-03 12:21:36,Synthetic payment record,AYA_PAY,RENEWAL,2026-07,11,,VERIFIED,30817.61,001618,2026-07-03 12:21:36,synthetic-generator,201618,101869
301619,52083.00,2026-08-28 05:58:43,Synthetic payment record,BANK_TRANSFER,RENEWAL,2026-08,12,,VERIFIED,52083.00,001619,2026-08-31 05:58:43,synthetic-generator,201619,101870
301620,5988.80,2021-09-19 02:07:58,Synthetic payment record,KBZ_PAY,PREMIUM,2021-09,1,,VERIFIED,5988.80,001620,2021-09-20 02:07:58,synthetic-generator,201620,101871
301621,20588.66,2021-10-24 07:06:48,Synthetic payment record,WAVE_PAY,PREMIUM,2021-10,2,,VERIFIED,20588.66,001621,2021-10-26 07:06:48,synthetic-generator,201621,101872
301622,3345.58,2021-11-19 05:01:38,Synthetic payment record,AYA_PAY,PREMIUM,2021-11,3,,VERIFIED,3345.58,001622,2021-11-22 05:01:38,synthetic-generator,201622,101873
301623,14128.40,2021-12-16 03:43:13,Synthetic payment record,BANK_TRANSFER,PREMIUM,2021-12,4,,VERIFIED,14128.40,001623,2021-12-18 03:43:13,synthetic-generator,201623,101874
301624,3698.92,2022-01-18 05:07:11,Synthetic payment record,KBZ_PAY,PREMIUM,2022-01,5,,VERIFIED,3698.92,001624,2022-01-19 05:07:11,synthetic-generator,201624,101875
301625,9149.72,2022-02-11 06:31:14,Synthetic payment record,WAVE_PAY,RENEWAL,2022-02,6,,PENDING,9149.72,001625,2022-02-13 06:31:14,,201625,101876
301626,2655.02,2022-03-31 23:10:25,Synthetic payment record,AYA_PAY,CLAIM_PAYOUT,2022-03,7,,VERIFIED,2655.02,001626,2022-03-31 23:10:25,synthetic-generator,201626,101877
301627,8959.64,2022-04-07 04:09:33,Synthetic payment record,BANK_TRANSFER,PREMIUM,2022-04,8,,VERIFIED,8959.64,001627,2022-04-10 04:09:33,synthetic-generator,201627,101878
301628,9149.01,2022-05-26 14:34:48,Synthetic payment record,KBZ_PAY,RENEWAL,2022-05,9,,VERIFIED,9149.01,001628,2022-05-26 14:34:48,synthetic-generator,201628,101879
301629,8607.84,2022-06-04 04:38:02,Synthetic payment record,WAVE_PAY,PREMIUM,2022-06,10,,VERIFIED,8607.84,001629,2022-06-07 04:38:02,synthetic-generator,201629,101880
301630,40767.16,2022-07-17 05:59:28,Synthetic payment record,AYA_PAY,PREMIUM,2022-07,11,,PENDING,40767.16,001630,2022-07-19 05:59:28,,201630,101881
301631,16320.79,2022-08-04 15:23:15,Synthetic payment record,BANK_TRANSFER,PREMIUM,2022-08,12,,VERIFIED,16320.79,001631,2022-08-05 15:23:15,synthetic-generator,201631,101882
301632,5227.31,2022-09-11 14:45:28,Synthetic payment record,KBZ_PAY,PREMIUM,2022-09,1,,VERIFIED,5227.31,001632,2022-09-13 14:45:28,synthetic-generator,201632,101883
301633,3065.58,2022-10-24 16:50:34,Synthetic payment record,WAVE_PAY,RENEWAL,2022-10,2,,REJECTED,3065.58,001633,2022-10-27 16:50:34,,201633,101884
301634,14009.60,2022-11-25 21:10:26,Synthetic payment record,AYA_PAY,PREMIUM,2022-11,3,,VERIFIED,14009.60,001634,2022-11-25 21:10:26,synthetic-generator,201634,101885
301635,16802.43,2022-12-15 09:39:29,Synthetic payment record,BANK_TRANSFER,RENEWAL,2022-12,4,,VERIFIED,16802.43,001635,2022-12-16 09:39:29,synthetic-generator,201635,101886
301636,6022.80,2023-01-29 08:16:08,Synthetic payment record,KBZ_PAY,PREMIUM,2023-01,5,,REJECTED,6022.80,001636,2023-01-29 08:16:08,,201636,101887
301637,15657.63,2023-02-15 03:34:56,Synthetic payment record,WAVE_PAY,PREMIUM,2023-02,6,,VERIFIED,15657.63,001637,2023-02-16 03:34:56,synthetic-generator,201637,101888
301638,2481.99,2023-03-31 15:59:44,Synthetic payment record,AYA_PAY,PREMIUM,2023-03,7,,VERIFIED,2481.99,001638,2023-04-03 15:59:44,synthetic-generator,201638,101889
301639,37514.83,2023-04-18 10:18:06,Synthetic payment record,BANK_TRANSFER,PREMIUM,2023-04,8,,PENDING,37514.83,001639,2023-04-21 10:18:06,,201639,101890
301640,9691.35,2023-05-05 04:40:11,Synthetic payment record,KBZ_PAY,PREMIUM,2023-05,9,,VERIFIED,9691.35,001640,2023-05-08 04:40:11,synthetic-generator,201640,101891
301641,38637.35,2023-06-19 02:45:05,Synthetic payment record,WAVE_PAY,PREMIUM,2023-06,10,,VERIFIED,38637.35,001641,2023-06-21 02:45:05,synthetic-generator,201641,101892
301642,38510.21,2023-07-03 20:16:43,Synthetic payment record,AYA_PAY,PREMIUM,2023-07,11,,REJECTED,38510.21,001642,2023-07-06 20:16:43,,201642,101893
301643,51179.04,2023-08-20 11:17:09,Synthetic payment record,BANK_TRANSFER,RENEWAL,2023-08,12,,VERIFIED,51179.04,001643,2023-08-21 11:17:09,synthetic-generator,201643,101894
301644,8087.34,2023-09-10 13:04:24,Synthetic payment record,KBZ_PAY,PREMIUM,2023-09,1,,VERIFIED,8087.34,001644,2023-09-13 13:04:24,synthetic-generator,201644,101895
301645,13018.44,2023-10-02 14:34:02,Synthetic payment record,WAVE_PAY,PREMIUM,2023-10,2,,VERIFIED,13018.44,001645,2023-10-02 14:34:02,synthetic-generator,201645,101896
301646,15289.67,2023-11-30 22:40:15,Synthetic payment record,AYA_PAY,PREMIUM,2023-11,3,,VERIFIED,15289.67,001646,2023-12-01 22:40:15,synthetic-generator,201646,101897
301647,40001.62,2023-12-17 22:46:16,Synthetic payment record,BANK_TRANSFER,PREMIUM,2023-12,4,,PENDING,40001.62,001647,2023-12-17 22:46:16,,201647,101898
301648,12009.87,2024-01-19 08:12:49,Synthetic payment record,KBZ_PAY,PREMIUM,2024-01,5,,REJECTED,12009.87,001648,2024-01-19 08:12:49,,201648,101899
301649,17325.64,2024-02-22 07:20:15,Synthetic payment record,WAVE_PAY,PREMIUM,2024-02,6,,VERIFIED,17325.64,001649,2024-02-23 07:20:15,synthetic-generator,201649,101900
301650,29858.42,2024-03-07 23:42:58,Synthetic payment record,AYA_PAY,PREMIUM,2024-03,7,,VERIFIED,29858.42,001650,2024-03-10 23:42:58,synthetic-generator,201650,101901
301651,58053.83,2024-04-02 13:57:12,Synthetic payment record,BANK_TRANSFER,PREMIUM,2024-04,8,,VERIFIED,58053.83,001651,2024-04-05 13:57:12,synthetic-generator,201651,101902
301652,4141.79,2024-05-12 11:12:34,Synthetic payment record,KBZ_PAY,CLAIM_PAYOUT,2024-05,9,,VERIFIED,4141.79,001652,2024-05-12 11:12:34,synthetic-generator,201652,101903
301653,8717.94,2024-06-02 17:10:04,Synthetic payment record,WAVE_PAY,PREMIUM,2024-06,10,,VERIFIED,8717.94,001653,2024-06-05 17:10:04,synthetic-generator,201653,101904
301654,51733.32,2024-07-12 07:29:21,Synthetic payment record,AYA_PAY,PREMIUM,2024-07,11,,VERIFIED,51733.32,001654,2024-07-14 07:29:21,synthetic-generator,201654,101905
301655,72539.36,2024-08-19 20:16:44,Synthetic payment record,BANK_TRANSFER,PREMIUM,2024-08,12,,REJECTED,72539.36,001655,2024-08-19 20:16:44,,201655,101906
301656,5452.57,2024-09-30 00:33:44,Synthetic payment record,KBZ_PAY,PREMIUM,2024-09,1,,VERIFIED,5452.57,001656,2024-10-02 00:33:44,synthetic-generator,201656,101907
301657,20426.71,2024-10-05 13:00:41,Synthetic payment record,WAVE_PAY,PREMIUM,2024-10,2,,PENDING,20426.71,001657,2024-10-07 13:00:41,,201657,101908
301658,14322.08,2024-11-08 19:43:30,Synthetic payment record,AYA_PAY,PREMIUM,2024-11,3,,VERIFIED,14322.08,001658,2024-11-09 19:43:30,synthetic-generator,201658,101909
301659,58165.73,2024-12-19 04:29:31,Synthetic payment record,BANK_TRANSFER,RENEWAL,2024-12,4,,VERIFIED,58165.73,001659,2024-12-20 04:29:31,synthetic-generator,201659,101910
301660,27328.16,2025-01-15 07:22:32,Synthetic payment record,KBZ_PAY,RENEWAL,2025-01,5,,VERIFIED,27328.16,001660,2025-01-16 07:22:32,synthetic-generator,201660,101911
301661,22428.74,2025-02-19 08:46:33,Synthetic payment record,WAVE_PAY,RENEWAL,2025-02,6,,VERIFIED,22428.74,001661,2025-02-21 08:46:33,synthetic-generator,201661,101912
301662,16136.06,2025-03-06 22:42:13,Synthetic payment record,AYA_PAY,CLAIM_PAYOUT,2025-03,7,,VERIFIED,16136.06,001662,2025-03-07 22:42:13,synthetic-generator,201662,101913
301663,28253.32,2025-04-23 15:09:24,Synthetic payment record,BANK_TRANSFER,PREMIUM,2025-04,8,,VERIFIED,28253.32,001663,2025-04-25 15:09:24,synthetic-generator,201663,101914
301664,6265.33,2025-05-14 19:47:50,Synthetic payment record,KBZ_PAY,PREMIUM,2025-05,9,,VERIFIED,6265.33,001664,2025-05-16 19:47:50,synthetic-generator,201664,101915
301665,40363.75,2025-06-30 08:35:38,Synthetic payment record,WAVE_PAY,PREMIUM,2025-06,10,,VERIFIED,40363.75,001665,2025-06-30 08:35:38,synthetic-generator,201665,101916
301666,40382.80,2025-07-04 19:39:11,Synthetic payment record,AYA_PAY,PREMIUM,2025-07,11,,REJECTED,40382.80,001666,2025-07-06 19:39:11,,201666,101917
301667,62031.55,2025-08-01 17:37:50,Synthetic payment record,BANK_TRANSFER,PREMIUM,2025-08,12,,VERIFIED,62031.55,001667,2025-08-02 17:37:50,synthetic-generator,201667,101918
301668,7569.06,2025-09-25 18:05:41,Synthetic payment record,KBZ_PAY,PREMIUM,2025-09,1,,VERIFIED,7569.06,001668,2025-09-27 18:05:41,synthetic-generator,201668,101919
301669,18412.67,2025-10-10 10:14:40,Synthetic payment record,WAVE_PAY,PREMIUM,2025-10,2,,VERIFIED,18412.67,001669,2025-10-12 10:14:40,synthetic-generator,201669,101920
301670,40986.52,2025-11-30 18:14:20,Synthetic payment record,AYA_PAY,PREMIUM,2025-11,3,,VERIFIED,40986.52,001670,2025-12-01 18:14:20,synthetic-generator,201670,101921
301671,15199.04,2025-12-21 07:19:10,Synthetic payment record,BANK_TRANSFER,RENEWAL,2025-12,4,,VERIFIED,15199.04,001671,2025-12-23 07:19:10,synthetic-generator,201671,101922
301672,4639.13,2026-01-14 03:53:20,Synthetic payment record,KBZ_PAY,PREMIUM,2026-01,5,,VERIFIED,4639.13,001672,2026-01-15 03:53:20,synthetic-generator,201672,101923
301673,21231.51,2026-02-26 20:29:10,Synthetic payment record,WAVE_PAY,PREMIUM,2026-02,6,,VERIFIED,21231.51,001673,2026-02-28 20:29:10,synthetic-generator,201673,101924
301674,33684.54,2026-03-03 08:50:27,Synthetic payment record,AYA_PAY,PREMIUM,2026-03,7,,VERIFIED,33684.54,001674,2026-03-06 08:50:27,synthetic-generator,201674,101925
301675,18256.76,2026-04-30 07:53:35,Synthetic payment record,BANK_TRANSFER,PREMIUM,2026-04,8,,VERIFIED,18256.76,001675,2026-04-30 07:53:35,synthetic-generator,201675,101926
301676,11083.20,2026-05-02 15:19:48,Synthetic payment record,KBZ_PAY,PREMIUM,2026-05,9,,VERIFIED,11083.20,001676,2026-05-02 15:19:48,synthetic-generator,201676,101927
301677,22488.24,2026-06-30 02:23:01,Synthetic payment record,WAVE_PAY,PREMIUM,2026-06,10,,VERIFIED,22488.24,001677,2026-06-30 02:23:01,synthetic-generator,201677,101928
301678,44248.98,2026-07-29 09:14:29,Synthetic payment record,AYA_PAY,PREMIUM,2026-07,11,,REJECTED,44248.98,001678,2026-07-31 09:14:29,,201678,101929
301679,48536.96,2026-08-20 09:49:53,Synthetic payment record,BANK_TRANSFER,CLAIM_PAYOUT,2026-08,12,,VERIFIED,48536.96,001679,2026-08-21 09:49:53,synthetic-generator,201679,101930
301680,9041.17,2021-09-18 14:06:51,Synthetic payment record,KBZ_PAY,PREMIUM,2021-09,1,,REJECTED,9041.17,001680,2021-09-21 14:06:51,,201680,101931
301681,2629.48,2021-10-01 07:32:44,Synthetic payment record,WAVE_PAY,PREMIUM,2021-10,2,,REJECTED,2629.48,001681,2021-10-04 07:32:44,,201681,101932
301682,11889.50,2021-11-04 18:43:52,Synthetic payment record,AYA_PAY,CLAIM_PAYOUT,2021-11,3,,VERIFIED,11889.50,001682,2021-11-05 18:43:52,synthetic-generator,201682,101933
301683,24988.75,2021-12-28 05:04:42,Synthetic payment record,BANK_TRANSFER,PREMIUM,2021-12,4,,VERIFIED,24988.75,001683,2021-12-28 05:04:42,synthetic-generator,201683,101934
301684,5473.76,2022-01-10 11:42:17,Synthetic payment record,KBZ_PAY,PREMIUM,2022-01,5,,REJECTED,5473.76,001684,2022-01-13 11:42:17,,201684,101935
301685,11013.01,2022-02-16 08:55:30,Synthetic payment record,WAVE_PAY,CLAIM_PAYOUT,2022-02,6,,VERIFIED,11013.01,001685,2022-02-16 08:55:30,synthetic-generator,201685,101936
301686,22300.48,2022-03-24 00:22:58,Synthetic payment record,AYA_PAY,RENEWAL,2022-03,7,,REJECTED,22300.48,001686,2022-03-27 00:22:58,,201686,101937
301687,7894.92,2022-04-01 10:18:53,Synthetic payment record,BANK_TRANSFER,PREMIUM,2022-04,8,,VERIFIED,7894.92,001687,2022-04-02 10:18:53,synthetic-generator,201687,101938
301688,5502.89,2022-05-12 03:18:08,Synthetic payment record,KBZ_PAY,PREMIUM,2022-05,9,,VERIFIED,5502.89,001688,2022-05-12 03:18:08,synthetic-generator,201688,101939
301689,26520.29,2022-06-03 03:28:41,Synthetic payment record,WAVE_PAY,PREMIUM,2022-06,10,,VERIFIED,26520.29,001689,2022-06-06 03:28:41,synthetic-generator,201689,101940
301690,16170.49,2022-07-25 03:16:43,Synthetic payment record,AYA_PAY,PREMIUM,2022-07,11,,PENDING,16170.49,001690,2022-07-26 03:16:43,,201690,101941
301691,33279.39,2022-08-27 18:32:57,Synthetic payment record,BANK_TRANSFER,PREMIUM,2022-08,12,,VERIFIED,33279.39,001691,2022-08-27 18:32:57,synthetic-generator,201691,101942
301692,11077.02,2022-09-01 12:22:02,Synthetic payment record,KBZ_PAY,PREMIUM,2022-09,1,,VERIFIED,11077.02,001692,2022-09-01 12:22:02,synthetic-generator,201692,101943
301693,5348.11,2022-10-16 14:39:09,Synthetic payment record,WAVE_PAY,PREMIUM,2022-10,2,,REJECTED,5348.11,001693,2022-10-18 14:39:09,,201693,101944
301694,31960.83,2022-11-16 19:17:11,Synthetic payment record,AYA_PAY,PREMIUM,2022-11,3,,PENDING,31960.83,001694,2022-11-16 19:17:11,,201694,101945
301695,29002.18,2022-12-25 23:39:28,Synthetic payment record,BANK_TRANSFER,PREMIUM,2022-12,4,,VERIFIED,29002.18,001695,2022-12-26 23:39:28,synthetic-generator,201695,101946
301696,19533.75,2023-01-06 19:11:23,Synthetic payment record,KBZ_PAY,PREMIUM,2023-01,5,,VERIFIED,19533.75,001696,2023-01-06 19:11:23,synthetic-generator,201696,101947
301697,26663.90,2023-02-24 05:18:48,Synthetic payment record,WAVE_PAY,PREMIUM,2023-02,6,,VERIFIED,26663.90,001697,2023-02-27 05:18:48,synthetic-generator,201697,101948
301698,12953.82,2023-03-30 03:04:36,Synthetic payment record,AYA_PAY,PREMIUM,2023-03,7,,VERIFIED,12953.82,001698,2023-04-02 03:04:36,synthetic-generator,201698,101949
301699,16364.42,2023-04-25 19:47:31,Synthetic payment record,BANK_TRANSFER,PREMIUM,2023-04,8,,VERIFIED,16364.42,001699,2023-04-27 19:47:31,synthetic-generator,201699,101950
301700,10953.93,2023-05-07 20:58:16,Synthetic payment record,KBZ_PAY,PREMIUM,2023-05,9,,VERIFIED,10953.93,001700,2023-05-08 20:58:16,synthetic-generator,201700,101951
301701,19490.11,2023-06-23 08:19:46,Synthetic payment record,WAVE_PAY,PREMIUM,2023-06,10,,VERIFIED,19490.11,001701,2023-06-24 08:19:46,synthetic-generator,201701,101952
301702,44082.35,2023-07-31 08:54:20,Synthetic payment record,AYA_PAY,PREMIUM,2023-07,11,,PENDING,44082.35,001702,2023-08-01 08:54:20,,201702,101953
301703,70508.52,2023-08-04 00:51:50,Synthetic payment record,BANK_TRANSFER,RENEWAL,2023-08,12,,VERIFIED,70508.52,001703,2023-08-06 00:51:50,synthetic-generator,201703,101954
301704,9217.00,2023-09-14 13:43:24,Synthetic payment record,KBZ_PAY,RENEWAL,2023-09,1,,VERIFIED,9217.00,001704,2023-09-16 13:43:24,synthetic-generator,201704,101955
301705,14080.56,2023-10-27 18:16:48,Synthetic payment record,WAVE_PAY,PREMIUM,2023-10,2,,REJECTED,14080.56,001705,2023-10-29 18:16:48,,201705,101956
301706,29846.19,2023-11-30 17:19:02,Synthetic payment record,AYA_PAY,PREMIUM,2023-11,3,,VERIFIED,29846.19,001706,2023-12-01 17:19:02,synthetic-generator,201706,101957
301707,50472.05,2023-12-05 00:42:26,Synthetic payment record,BANK_TRANSFER,PREMIUM,2023-12,4,,VERIFIED,50472.05,001707,2023-12-08 00:42:26,synthetic-generator,201707,101958
301708,4969.85,2024-01-06 12:02:11,Synthetic payment record,KBZ_PAY,PREMIUM,2024-01,5,,VERIFIED,4969.85,001708,2024-01-06 12:02:11,synthetic-generator,201708,101959
301709,21985.88,2024-02-01 12:07:57,Synthetic payment record,WAVE_PAY,PREMIUM,2024-02,6,,VERIFIED,21985.88,001709,2024-02-04 12:07:57,synthetic-generator,201709,101960
301710,21757.67,2024-03-02 17:15:43,Synthetic payment record,AYA_PAY,PREMIUM,2024-03,7,,VERIFIED,21757.67,001710,2024-03-04 17:15:43,synthetic-generator,201710,101961
301711,14855.17,2024-04-12 03:59:24,Synthetic payment record,BANK_TRANSFER,PREMIUM,2024-04,8,,VERIFIED,14855.17,001711,2024-04-15 03:59:24,synthetic-generator,201711,101962
301712,14239.13,2024-05-02 20:28:28,Synthetic payment record,KBZ_PAY,PREMIUM,2024-05,9,,VERIFIED,14239.13,001712,2024-05-05 20:28:28,synthetic-generator,201712,101963
301713,27690.39,2024-06-29 07:48:07,Synthetic payment record,WAVE_PAY,PREMIUM,2024-06,10,,VERIFIED,27690.39,001713,2024-06-29 07:48:07,synthetic-generator,201713,101964
301714,28819.96,2024-07-22 21:31:17,Synthetic payment record,AYA_PAY,RENEWAL,2024-07,11,,VERIFIED,28819.96,001714,2024-07-24 21:31:17,synthetic-generator,201714,101965
301715,29780.68,2024-08-25 23:13:40,Synthetic payment record,BANK_TRANSFER,PREMIUM,2024-08,12,,VERIFIED,29780.68,001715,2024-08-28 23:13:40,synthetic-generator,201715,101966
301716,6201.42,2024-09-21 10:37:52,Synthetic payment record,KBZ_PAY,RENEWAL,2024-09,1,,VERIFIED,6201.42,001716,2024-09-23 10:37:52,synthetic-generator,201716,101967
301717,10522.68,2024-10-28 15:16:47,Synthetic payment record,WAVE_PAY,PREMIUM,2024-10,2,,VERIFIED,10522.68,001717,2024-10-30 15:16:47,synthetic-generator,201717,101968
301718,45991.11,2024-11-21 03:15:24,Synthetic payment record,AYA_PAY,PREMIUM,2024-11,3,,VERIFIED,45991.11,001718,2024-11-21 03:15:24,synthetic-generator,201718,101969
301719,22978.63,2024-12-25 19:28:23,Synthetic payment record,BANK_TRANSFER,RENEWAL,2024-12,4,,VERIFIED,22978.63,001719,2024-12-26 19:28:23,synthetic-generator,201719,101970
301720,13221.94,2025-01-14 19:34:21,Synthetic payment record,KBZ_PAY,PREMIUM,2025-01,5,,VERIFIED,13221.94,001720,2025-01-17 19:34:21,synthetic-generator,201720,101971
301721,31795.59,2025-02-12 00:53:47,Synthetic payment record,WAVE_PAY,PREMIUM,2025-02,6,,VERIFIED,31795.59,001721,2025-02-13 00:53:47,synthetic-generator,201721,101972
301722,31727.26,2025-03-12 21:58:38,Synthetic payment record,AYA_PAY,PREMIUM,2025-03,7,,VERIFIED,31727.26,001722,2025-03-14 21:58:38,synthetic-generator,201722,101973
301723,37169.29,2025-04-11 06:55:24,Synthetic payment record,BANK_TRANSFER,PREMIUM,2025-04,8,,VERIFIED,37169.29,001723,2025-04-14 06:55:24,synthetic-generator,201723,101974
301724,4960.11,2025-05-11 12:59:32,Synthetic payment record,KBZ_PAY,PREMIUM,2025-05,9,,VERIFIED,4960.11,001724,2025-05-13 12:59:32,synthetic-generator,201724,101975
301725,30228.57,2025-06-23 07:32:05,Synthetic payment record,WAVE_PAY,RENEWAL,2025-06,10,,VERIFIED,30228.57,001725,2025-06-25 07:32:05,synthetic-generator,201725,101976
301726,45605.02,2025-07-24 22:00:44,Synthetic payment record,AYA_PAY,RENEWAL,2025-07,11,,VERIFIED,45605.02,001726,2025-07-27 22:00:44,synthetic-generator,201726,101977
301727,21847.86,2025-08-10 06:58:34,Synthetic payment record,BANK_TRANSFER,CLAIM_PAYOUT,2025-08,12,,VERIFIED,21847.86,001727,2025-08-12 06:58:34,synthetic-generator,201727,101978
301728,8087.67,2025-09-17 03:00:02,Synthetic payment record,KBZ_PAY,RENEWAL,2025-09,1,,VERIFIED,8087.67,001728,2025-09-19 03:00:02,synthetic-generator,201728,101979
301729,16526.31,2025-10-27 18:55:07,Synthetic payment record,WAVE_PAY,PREMIUM,2025-10,2,,VERIFIED,16526.31,001729,2025-10-29 18:55:07,synthetic-generator,201729,101980
301730,38226.85,2025-11-24 17:52:11,Synthetic payment record,AYA_PAY,PREMIUM,2025-11,3,,VERIFIED,38226.85,001730,2025-11-24 17:52:11,synthetic-generator,201730,101981
301731,13273.63,2025-12-23 11:17:33,Synthetic payment record,BANK_TRANSFER,PREMIUM,2025-12,4,,VERIFIED,13273.63,001731,2025-12-24 11:17:33,synthetic-generator,201731,101982
301732,8623.93,2026-01-28 10:27:43,Synthetic payment record,KBZ_PAY,PREMIUM,2026-01,5,,VERIFIED,8623.93,001732,2026-01-28 10:27:43,synthetic-generator,201732,101983
301733,23461.41,2026-02-03 05:06:05,Synthetic payment record,WAVE_PAY,CLAIM_PAYOUT,2026-02,6,,VERIFIED,23461.41,001733,2026-02-06 05:06:05,synthetic-generator,201733,101984
301734,15439.98,2026-03-11 02:08:25,Synthetic payment record,AYA_PAY,PREMIUM,2026-03,7,,VERIFIED,15439.98,001734,2026-03-13 02:08:25,synthetic-generator,201734,101985
301735,9027.40,2026-04-05 05:28:31,Synthetic payment record,BANK_TRANSFER,PREMIUM,2026-04,8,,VERIFIED,9027.40,001735,2026-04-08 05:28:31,synthetic-generator,201735,101986
301736,22153.26,2026-05-03 20:38:48,Synthetic payment record,KBZ_PAY,PREMIUM,2026-05,9,,VERIFIED,22153.26,001736,2026-05-06 20:38:48,synthetic-generator,201736,101987
301737,23772.92,2026-06-22 08:54:40,Synthetic payment record,WAVE_PAY,RENEWAL,2026-06,10,,VERIFIED,23772.92,001737,2026-06-22 08:54:40,synthetic-generator,201737,101988
301738,46506.55,2026-07-04 09:26:37,Synthetic payment record,AYA_PAY,PREMIUM,2026-07,11,,REJECTED,46506.55,001738,2026-07-06 09:26:37,,201738,101989
301739,37863.26,2026-08-14 07:36:50,Synthetic payment record,BANK_TRANSFER,PREMIUM,2026-08,12,,VERIFIED,37863.26,001739,2026-08-15 07:36:50,synthetic-generator,201739,101990
301740,10400.70,2021-09-17 19:45:32,Synthetic payment record,KBZ_PAY,PREMIUM,2021-09,1,,VERIFIED,10400.70,001740,2021-09-17 19:45:32,synthetic-generator,201740,101991
301741,3202.78,2021-10-29 22:59:41,Synthetic payment record,WAVE_PAY,PREMIUM,2021-10,2,,VERIFIED,3202.78,001741,2021-10-31 22:59:41,synthetic-generator,201741,101992
301742,21114.43,2021-11-08 12:32:42,Synthetic payment record,AYA_PAY,PREMIUM,2021-11,3,,VERIFIED,21114.43,001742,2021-11-11 12:32:42,synthetic-generator,201742,101993
301743,29662.46,2021-12-23 03:09:17,Synthetic payment record,BANK_TRANSFER,PREMIUM,2021-12,4,,VERIFIED,29662.46,001743,2021-12-25 03:09:17,synthetic-generator,201743,101994
301744,10661.27,2022-01-22 14:00:56,Synthetic payment record,KBZ_PAY,PREMIUM,2022-01,5,,VERIFIED,10661.27,001744,2022-01-23 14:00:56,synthetic-generator,201744,101995
301745,28921.09,2022-02-21 08:45:01,Synthetic payment record,WAVE_PAY,PREMIUM,2022-02,6,,VERIFIED,28921.09,001745,2022-02-23 08:45:01,synthetic-generator,201745,101996
301746,26409.16,2022-03-19 22:06:31,Synthetic payment record,AYA_PAY,PREMIUM,2022-03,7,,VERIFIED,26409.16,001746,2022-03-20 22:06:31,synthetic-generator,201746,101997
301747,10922.21,2022-04-05 05:44:06,Synthetic payment record,BANK_TRANSFER,PREMIUM,2022-04,8,,VERIFIED,10922.21,001747,2022-04-06 05:44:06,synthetic-generator,201747,101998
301748,12990.62,2022-05-26 20:19:32,Synthetic payment record,KBZ_PAY,PREMIUM,2022-05,9,,VERIFIED,12990.62,001748,2022-05-29 20:19:32,synthetic-generator,201748,101999
301749,18012.39,2022-06-23 15:06:11,Synthetic payment record,WAVE_PAY,CLAIM_PAYOUT,2022-06,10,,VERIFIED,18012.39,001749,2022-06-24 15:06:11,synthetic-generator,201749,102000
301750,11938.94,2022-07-15 16:13:56,Synthetic payment record,AYA_PAY,PREMIUM,2022-07,11,,VERIFIED,11938.94,001750,2022-07-15 16:13:56,synthetic-generator,201750,102001
301751,15106.07,2022-08-11 03:57:32,Synthetic payment record,BANK_TRANSFER,CLAIM_PAYOUT,2022-08,12,,VERIFIED,15106.07,001751,2022-08-12 03:57:32,synthetic-generator,201751,102002
301752,2433.59,2022-09-15 15:15:13,Synthetic payment record,KBZ_PAY,PREMIUM,2022-09,1,,VERIFIED,2433.59,001752,2022-09-18 15:15:13,synthetic-generator,201752,102003
301753,18104.05,2022-10-31 10:41:23,Synthetic payment record,WAVE_PAY,PREMIUM,2022-10,2,,PENDING,18104.05,001753,2022-10-31 10:41:23,,201753,102004
301754,23834.75,2022-11-27 10:55:38,Synthetic payment record,AYA_PAY,PREMIUM,2022-11,3,,VERIFIED,23834.75,001754,2022-11-27 10:55:38,synthetic-generator,201754,102005
301755,7666.15,2022-12-29 13:48:11,Synthetic payment record,BANK_TRANSFER,PREMIUM,2022-12,4,,VERIFIED,7666.15,001755,2023-01-01 13:48:11,synthetic-generator,201755,102006
301756,17016.23,2023-01-22 11:11:23,Synthetic payment record,KBZ_PAY,PREMIUM,2023-01,5,,PENDING,17016.23,001756,2023-01-22 11:11:23,,201756,102007
301757,31302.67,2023-02-22 04:56:52,Synthetic payment record,WAVE_PAY,PREMIUM,2023-02,6,,VERIFIED,31302.67,001757,2023-02-22 04:56:52,synthetic-generator,201757,102008
301758,6619.23,2023-03-29 05:20:41,Synthetic payment record,AYA_PAY,PREMIUM,2023-03,7,,VERIFIED,6619.23,001758,2023-03-30 05:20:41,synthetic-generator,201758,102009
301759,8623.42,2023-04-22 11:48:25,Synthetic payment record,BANK_TRANSFER,RENEWAL,2023-04,8,,VERIFIED,8623.42,001759,2023-04-22 11:48:25,synthetic-generator,201759,102010
301760,4193.71,2023-05-18 10:56:13,Synthetic payment record,KBZ_PAY,PREMIUM,2023-05,9,,VERIFIED,4193.71,001760,2023-05-19 10:56:13,synthetic-generator,201760,102011
301761,5476.71,2023-06-25 22:46:05,Synthetic payment record,WAVE_PAY,PREMIUM,2023-06,10,,VERIFIED,5476.71,001761,2023-06-25 22:46:05,synthetic-generator,201761,102012
301762,38388.60,2023-07-13 17:39:20,Synthetic payment record,AYA_PAY,PREMIUM,2023-07,11,,VERIFIED,38388.60,001762,2023-07-14 17:39:20,synthetic-generator,201762,102013
301763,28154.69,2023-08-23 02:57:39,Synthetic payment record,BANK_TRANSFER,PREMIUM,2023-08,12,,VERIFIED,28154.69,001763,2023-08-24 02:57:39,synthetic-generator,201763,102014
301764,10777.87,2023-09-13 22:02:39,Synthetic payment record,KBZ_PAY,PREMIUM,2023-09,1,,VERIFIED,10777.87,001764,2023-09-13 22:02:39,synthetic-generator,201764,102015
301765,12819.15,2023-10-18 00:26:09,Synthetic payment record,WAVE_PAY,RENEWAL,2023-10,2,,VERIFIED,12819.15,001765,2023-10-21 00:26:09,synthetic-generator,201765,102016
301766,16571.99,2023-11-10 21:00:47,Synthetic payment record,AYA_PAY,PREMIUM,2023-11,3,,VERIFIED,16571.99,001766,2023-11-10 21:00:47,synthetic-generator,201766,102017
301767,12766.48,2023-12-07 16:35:40,Synthetic payment record,BANK_TRANSFER,PREMIUM,2023-12,4,,VERIFIED,12766.48,001767,2023-12-10 16:35:40,synthetic-generator,201767,102018
301768,13238.03,2024-01-15 05:25:15,Synthetic payment record,KBZ_PAY,PREMIUM,2024-01,5,,PENDING,13238.03,001768,2024-01-15 05:25:15,,201768,102019
301769,19717.41,2024-02-08 15:14:01,Synthetic payment record,WAVE_PAY,PREMIUM,2024-02,6,,PENDING,19717.41,001769,2024-02-08 15:14:01,,201769,102020
301770,3097.84,2024-03-13 05:25:44,Synthetic payment record,AYA_PAY,PREMIUM,2024-03,7,,VERIFIED,3097.84,001770,2024-03-15 05:25:44,synthetic-generator,201770,102021
301771,9593.14,2024-04-06 14:10:47,Synthetic payment record,BANK_TRANSFER,PREMIUM,2024-04,8,,VERIFIED,9593.14,001771,2024-04-08 14:10:47,synthetic-generator,201771,102022
301772,10590.39,2024-05-30 04:58:19,Synthetic payment record,KBZ_PAY,PREMIUM,2024-05,9,,VERIFIED,10590.39,001772,2024-05-31 04:58:19,synthetic-generator,201772,102023
301773,30058.20,2024-06-30 05:58:11,Synthetic payment record,WAVE_PAY,RENEWAL,2024-06,10,,VERIFIED,30058.20,001773,2024-06-30 05:58:11,synthetic-generator,201773,102024
301774,32617.96,2024-07-12 20:16:47,Synthetic payment record,AYA_PAY,PREMIUM,2024-07,11,,VERIFIED,32617.96,001774,2024-07-15 20:16:47,synthetic-generator,201774,102025
301775,71943.85,2024-08-20 05:17:59,Synthetic payment record,BANK_TRANSFER,PREMIUM,2024-08,12,,PENDING,71943.85,001775,2024-08-22 05:17:59,,201775,102026
301776,4483.79,2024-09-16 00:26:29,Synthetic payment record,KBZ_PAY,PREMIUM,2024-09,1,,PENDING,4483.79,001776,2024-09-18 00:26:29,,201776,102027
301777,17852.35,2024-10-06 19:01:17,Synthetic payment record,WAVE_PAY,PREMIUM,2024-10,2,,VERIFIED,17852.35,001777,2024-10-06 19:01:17,synthetic-generator,201777,102028
301778,28851.35,2024-11-06 11:28:58,Synthetic payment record,AYA_PAY,RENEWAL,2024-11,3,,VERIFIED,28851.35,001778,2024-11-09 11:28:58,synthetic-generator,201778,102029
301779,18706.08,2024-12-25 05:07:07,Synthetic payment record,BANK_TRANSFER,PREMIUM,2024-12,4,,VERIFIED,18706.08,001779,2024-12-26 05:07:07,synthetic-generator,201779,102030
301780,5979.74,2025-01-11 01:47:53,Synthetic payment record,KBZ_PAY,PREMIUM,2025-01,5,,VERIFIED,5979.74,001780,2025-01-11 01:47:53,synthetic-generator,201780,102031
301781,15928.41,2025-02-09 04:03:49,Synthetic payment record,WAVE_PAY,PREMIUM,2025-02,6,,VERIFIED,15928.41,001781,2025-02-11 04:03:49,synthetic-generator,201781,102032
301782,10300.37,2025-03-19 04:38:08,Synthetic payment record,AYA_PAY,PREMIUM,2025-03,7,,VERIFIED,10300.37,001782,2025-03-21 04:38:08,synthetic-generator,201782,102033
301783,33429.84,2025-04-02 01:49:04,Synthetic payment record,BANK_TRANSFER,PREMIUM,2025-04,8,,VERIFIED,33429.84,001783,2025-04-05 01:49:04,synthetic-generator,201783,102034
301784,6871.91,2025-05-25 09:27:22,Synthetic payment record,KBZ_PAY,RENEWAL,2025-05,9,,VERIFIED,6871.91,001784,2025-05-28 09:27:22,synthetic-generator,201784,102035
301785,41522.88,2025-06-22 13:27:44,Synthetic payment record,WAVE_PAY,PREMIUM,2025-06,10,,VERIFIED,41522.88,001785,2025-06-24 13:27:44,synthetic-generator,201785,102036
301786,14100.35,2025-07-23 17:45:37,Synthetic payment record,AYA_PAY,RENEWAL,2025-07,11,,VERIFIED,14100.35,001786,2025-07-24 17:45:37,synthetic-generator,201786,102037
301787,57427.90,2025-08-17 12:22:22,Synthetic payment record,BANK_TRANSFER,PREMIUM,2025-08,12,,PENDING,57427.90,001787,2025-08-20 12:22:22,,201787,102038
301788,4356.50,2025-09-23 16:39:03,Synthetic payment record,KBZ_PAY,PREMIUM,2025-09,1,,PENDING,4356.50,001788,2025-09-26 16:39:03,,201788,102039
301789,15700.50,2025-10-05 07:06:09,Synthetic payment record,WAVE_PAY,PREMIUM,2025-10,2,,VERIFIED,15700.50,001789,2025-10-07 07:06:09,synthetic-generator,201789,102040
301790,22535.87,2025-11-21 00:53:14,Synthetic payment record,AYA_PAY,RENEWAL,2025-11,3,,VERIFIED,22535.87,001790,2025-11-24 00:53:14,synthetic-generator,201790,102041
301791,15058.51,2025-12-19 18:19:09,Synthetic payment record,BANK_TRANSFER,RENEWAL,2025-12,4,,VERIFIED,15058.51,001791,2025-12-22 18:19:09,synthetic-generator,201791,102042
301792,9767.84,2026-01-05 12:11:48,Synthetic payment record,KBZ_PAY,PREMIUM,2026-01,5,,VERIFIED,9767.84,001792,2026-01-08 12:11:48,synthetic-generator,201792,102043
301793,17395.93,2026-02-09 15:29:43,Synthetic payment record,WAVE_PAY,PREMIUM,2026-02,6,,VERIFIED,17395.93,001793,2026-02-09 15:29:43,synthetic-generator,201793,102044
301794,5302.80,2026-03-07 13:05:49,Synthetic payment record,AYA_PAY,RENEWAL,2026-03,7,,REJECTED,5302.80,001794,2026-03-07 13:05:49,,201794,102045
301795,36175.48,2026-04-04 16:07:58,Synthetic payment record,BANK_TRANSFER,CLAIM_PAYOUT,2026-04,8,,VERIFIED,36175.48,001795,2026-04-05 16:07:58,synthetic-generator,201795,102046
301796,4943.84,2026-05-27 18:40:15,Synthetic payment record,KBZ_PAY,RENEWAL,2026-05,9,,VERIFIED,4943.84,001796,2026-05-29 18:40:15,synthetic-generator,201796,102047
301797,31220.80,2026-06-02 21:28:34,Synthetic payment record,WAVE_PAY,PREMIUM,2026-06,10,,VERIFIED,31220.80,001797,2026-06-04 21:28:34,synthetic-generator,201797,102048
301798,42415.29,2026-07-21 14:21:48,Synthetic payment record,AYA_PAY,PREMIUM,2026-07,11,,VERIFIED,42415.29,001798,2026-07-24 14:21:48,synthetic-generator,201798,102049
301799,47432.44,2026-08-29 04:02:40,Synthetic payment record,BANK_TRANSFER,PREMIUM,2026-08,12,,VERIFIED,47432.44,001799,2026-08-29 04:02:40,synthetic-generator,201799,102050
301800,1204.57,2021-09-28 17:42:50,Synthetic payment record,KBZ_PAY,PREMIUM,2021-09,1,,VERIFIED,1204.57,001800,2021-09-29 17:42:50,synthetic-generator,201800,102051
301801,5555.35,2021-10-25 21:30:50,Synthetic payment record,WAVE_PAY,PREMIUM,2021-10,2,,VERIFIED,5555.35,001801,2021-10-25 21:30:50,synthetic-generator,201801,102052
301802,12571.67,2021-11-07 07:39:31,Synthetic payment record,AYA_PAY,PREMIUM,2021-11,3,,REJECTED,12571.67,001802,2021-11-10 07:39:31,,201802,102053
301803,25572.79,2021-12-30 23:11:15,Synthetic payment record,BANK_TRANSFER,PREMIUM,2021-12,4,,PENDING,25572.79,001803,2022-01-02 23:11:15,,201803,102054
301804,17198.88,2022-01-06 20:59:57,Synthetic payment record,KBZ_PAY,PREMIUM,2022-01,5,,VERIFIED,17198.88,001804,2022-01-06 20:59:57,synthetic-generator,201804,102055
301805,19696.88,2022-02-05 09:15:17,Synthetic payment record,WAVE_PAY,PREMIUM,2022-02,6,,PENDING,19696.88,001805,2022-02-08 09:15:17,,201805,102056
301806,15835.62,2022-03-03 09:31:17,Synthetic payment record,AYA_PAY,PREMIUM,2022-03,7,,VERIFIED,15835.62,001806,2022-03-06 09:31:17,synthetic-generator,201806,102057
301807,36647.37,2022-04-25 12:19:34,Synthetic payment record,BANK_TRANSFER,PREMIUM,2022-04,8,,VERIFIED,36647.37,001807,2022-04-28 12:19:34,synthetic-generator,201807,102058
301808,14285.10,2022-05-08 10:56:08,Synthetic payment record,KBZ_PAY,PREMIUM,2022-05,9,,VERIFIED,14285.10,001808,2022-05-08 10:56:08,synthetic-generator,201808,102059
301809,12705.75,2022-06-04 01:31:16,Synthetic payment record,WAVE_PAY,PREMIUM,2022-06,10,,VERIFIED,12705.75,001809,2022-06-07 01:31:16,synthetic-generator,201809,102060
301810,15148.93,2022-07-29 10:12:32,Synthetic payment record,AYA_PAY,PREMIUM,2022-07,11,,VERIFIED,15148.93,001810,2022-08-01 10:12:32,synthetic-generator,201810,102061
301811,38828.65,2022-08-19 18:08:29,Synthetic payment record,BANK_TRANSFER,PREMIUM,2022-08,12,,VERIFIED,38828.65,001811,2022-08-22 18:08:29,synthetic-generator,201811,102062
301812,9546.83,2022-09-27 02:37:23,Synthetic payment record,KBZ_PAY,PREMIUM,2022-09,1,,VERIFIED,9546.83,001812,2022-09-30 02:37:23,synthetic-generator,201812,102063
301813,2435.99,2022-10-19 02:11:43,Synthetic payment record,WAVE_PAY,PREMIUM,2022-10,2,,PENDING,2435.99,001813,2022-10-21 02:11:43,,201813,102064
301814,27995.73,2022-11-08 03:27:01,Synthetic payment record,AYA_PAY,PREMIUM,2022-11,3,,REJECTED,27995.73,001814,2022-11-11 03:27:01,,201814,102065
301815,23045.12,2022-12-09 06:35:49,Synthetic payment record,BANK_TRANSFER,PREMIUM,2022-12,4,,VERIFIED,23045.12,001815,2022-12-09 06:35:49,synthetic-generator,201815,102066
301816,4122.50,2023-01-31 19:08:15,Synthetic payment record,KBZ_PAY,RENEWAL,2023-01,5,,REJECTED,4122.50,001816,2023-02-01 19:08:15,,201816,102067
301817,15586.49,2023-02-12 11:03:17,Synthetic payment record,WAVE_PAY,PREMIUM,2023-02,6,,VERIFIED,15586.49,001817,2023-02-14 11:03:17,synthetic-generator,201817,102068
301818,27554.94,2023-03-05 00:28:32,Synthetic payment record,AYA_PAY,PREMIUM,2023-03,7,,VERIFIED,27554.94,001818,2023-03-05 00:28:32,synthetic-generator,201818,102069
301819,40544.14,2023-04-01 23:56:23,Synthetic payment record,BANK_TRANSFER,RENEWAL,2023-04,8,,VERIFIED,40544.14,001819,2023-04-01 23:56:23,synthetic-generator,201819,102070
301820,3538.18,2023-05-07 12:47:03,Synthetic payment record,KBZ_PAY,PREMIUM,2023-05,9,,VERIFIED,3538.18,001820,2023-05-10 12:47:03,synthetic-generator,201820,102071
301821,21645.94,2023-06-13 09:26:16,Synthetic payment record,WAVE_PAY,PREMIUM,2023-06,10,,VERIFIED,21645.94,001821,2023-06-14 09:26:16,synthetic-generator,201821,102072
301822,32246.20,2023-07-15 13:14:30,Synthetic payment record,AYA_PAY,PREMIUM,2023-07,11,,PENDING,32246.20,001822,2023-07-18 13:14:30,,201822,102073
301823,21654.93,2023-08-22 05:49:10,Synthetic payment record,BANK_TRANSFER,RENEWAL,2023-08,12,,VERIFIED,21654.93,001823,2023-08-25 05:49:10,synthetic-generator,201823,102074
301824,9639.23,2023-09-24 19:25:28,Synthetic payment record,KBZ_PAY,PREMIUM,2023-09,1,,VERIFIED,9639.23,001824,2023-09-27 19:25:28,synthetic-generator,201824,102075
301825,18610.91,2023-10-24 23:20:02,Synthetic payment record,WAVE_PAY,PREMIUM,2023-10,2,,VERIFIED,18610.91,001825,2023-10-24 23:20:02,synthetic-generator,201825,102076
301826,8545.62,2023-11-18 02:57:04,Synthetic payment record,AYA_PAY,PREMIUM,2023-11,3,,REJECTED,8545.62,001826,2023-11-20 02:57:04,,201826,102077
301827,12376.70,2023-12-07 11:14:41,Synthetic payment record,BANK_TRANSFER,PREMIUM,2023-12,4,,VERIFIED,12376.70,001827,2023-12-09 11:14:41,synthetic-generator,201827,102078
301828,13356.45,2024-01-07 09:53:20,Synthetic payment record,KBZ_PAY,RENEWAL,2024-01,5,,VERIFIED,13356.45,001828,2024-01-10 09:53:20,synthetic-generator,201828,102079
301829,18177.94,2024-02-15 12:53:36,Synthetic payment record,WAVE_PAY,CLAIM_PAYOUT,2024-02,6,,VERIFIED,18177.94,001829,2024-02-15 12:53:36,synthetic-generator,201829,102080
301830,21845.66,2024-03-11 14:15:55,Synthetic payment record,AYA_PAY,PREMIUM,2024-03,7,,VERIFIED,21845.66,001830,2024-03-14 14:15:55,synthetic-generator,201830,102081
301831,15698.02,2024-04-13 21:21:08,Synthetic payment record,BANK_TRANSFER,PREMIUM,2024-04,8,,VERIFIED,15698.02,001831,2024-04-13 21:21:08,synthetic-generator,201831,102082
301832,15224.60,2024-05-19 00:59:14,Synthetic payment record,KBZ_PAY,PREMIUM,2024-05,9,,VERIFIED,15224.60,001832,2024-05-22 00:59:14,synthetic-generator,201832,102083
301833,33762.42,2024-06-26 20:12:14,Synthetic payment record,WAVE_PAY,RENEWAL,2024-06,10,,VERIFIED,33762.42,001833,2024-06-28 20:12:14,synthetic-generator,201833,102084
301834,8353.60,2024-07-25 05:09:53,Synthetic payment record,AYA_PAY,PREMIUM,2024-07,11,,VERIFIED,8353.60,001834,2024-07-28 05:09:53,synthetic-generator,201834,102085
301835,19028.66,2024-08-12 10:54:38,Synthetic payment record,BANK_TRANSFER,PREMIUM,2024-08,12,,VERIFIED,19028.66,001835,2024-08-14 10:54:38,synthetic-generator,201835,102086
301836,9428.08,2024-09-25 14:42:51,Synthetic payment record,KBZ_PAY,PREMIUM,2024-09,1,,PENDING,9428.08,001836,2024-09-27 14:42:51,,201836,102087
301837,13836.53,2024-10-21 05:18:49,Synthetic payment record,WAVE_PAY,PREMIUM,2024-10,2,,PENDING,13836.53,001837,2024-10-21 05:18:49,,201837,102088
301838,31130.51,2024-11-25 14:44:36,Synthetic payment record,AYA_PAY,PREMIUM,2024-11,3,,VERIFIED,31130.51,001838,2024-11-25 14:44:36,synthetic-generator,201838,102089
301839,25877.75,2024-12-02 16:33:12,Synthetic payment record,BANK_TRANSFER,PREMIUM,2024-12,4,,VERIFIED,25877.75,001839,2024-12-03 16:33:12,synthetic-generator,201839,102090
301840,5231.49,2025-01-14 20:43:04,Synthetic payment record,KBZ_PAY,RENEWAL,2025-01,5,,VERIFIED,5231.49,001840,2025-01-17 20:43:04,synthetic-generator,201840,102091
301841,21941.72,2025-02-09 13:37:23,Synthetic payment record,WAVE_PAY,PREMIUM,2025-02,6,,VERIFIED,21941.72,001841,2025-02-11 13:37:23,synthetic-generator,201841,102092
301842,18066.59,2025-03-09 08:52:36,Synthetic payment record,AYA_PAY,PREMIUM,2025-03,7,,PENDING,18066.59,001842,2025-03-11 08:52:36,,201842,102093
301843,9634.39,2025-04-29 12:37:17,Synthetic payment record,BANK_TRANSFER,PREMIUM,2025-04,8,,VERIFIED,9634.39,001843,2025-05-02 12:37:17,synthetic-generator,201843,102094
301844,8064.42,2025-05-28 17:27:08,Synthetic payment record,KBZ_PAY,CLAIM_PAYOUT,2025-05,9,,PENDING,8064.42,001844,2025-05-30 17:27:08,,201844,102095
301845,12933.36,2025-06-02 00:12:03,Synthetic payment record,WAVE_PAY,PREMIUM,2025-06,10,,VERIFIED,12933.36,001845,2025-06-03 00:12:03,synthetic-generator,201845,102096
301846,6844.47,2025-07-04 05:07:32,Synthetic payment record,AYA_PAY,PREMIUM,2025-07,11,,VERIFIED,6844.47,001846,2025-07-04 05:07:32,synthetic-generator,201846,102097
301847,67538.70,2025-08-11 23:43:17,Synthetic payment record,BANK_TRANSFER,RENEWAL,2025-08,12,,VERIFIED,67538.70,001847,2025-08-12 23:43:17,synthetic-generator,201847,102098
301848,8437.41,2025-09-09 02:50:40,Synthetic payment record,KBZ_PAY,PREMIUM,2025-09,1,,VERIFIED,8437.41,001848,2025-09-10 02:50:40,synthetic-generator,201848,102099
301849,2477.48,2025-10-25 19:13:09,Synthetic payment record,WAVE_PAY,PREMIUM,2025-10,2,,VERIFIED,2477.48,001849,2025-10-26 19:13:09,synthetic-generator,201849,102100
301850,7495.69,2025-11-23 03:24:44,Synthetic payment record,AYA_PAY,PREMIUM,2025-11,3,,VERIFIED,7495.69,001850,2025-11-25 03:24:44,synthetic-generator,201850,102101
301851,9750.26,2025-12-30 09:00:50,Synthetic payment record,BANK_TRANSFER,PREMIUM,2025-12,4,,VERIFIED,9750.26,001851,2025-12-31 09:00:50,synthetic-generator,201851,102102
301852,2971.75,2026-01-03 13:54:47,Synthetic payment record,KBZ_PAY,RENEWAL,2026-01,5,,VERIFIED,2971.75,001852,2026-01-03 13:54:47,synthetic-generator,201852,102103
301853,37315.91,2026-02-07 11:41:32,Synthetic payment record,WAVE_PAY,PREMIUM,2026-02,6,,VERIFIED,37315.91,001853,2026-02-10 11:41:32,synthetic-generator,201853,102104
301854,12310.10,2026-03-15 19:39:21,Synthetic payment record,AYA_PAY,PREMIUM,2026-03,7,,PENDING,12310.10,001854,2026-03-18 19:39:21,,201854,102105
301855,14383.25,2026-04-18 10:18:12,Synthetic payment record,BANK_TRANSFER,PREMIUM,2026-04,8,,VERIFIED,14383.25,001855,2026-04-20 10:18:12,synthetic-generator,201855,102106
301856,10460.32,2026-05-30 15:45:54,Synthetic payment record,KBZ_PAY,RENEWAL,2026-05,9,,VERIFIED,10460.32,001856,2026-05-30 15:45:54,synthetic-generator,201856,102107
301857,5928.34,2026-06-21 02:29:37,Synthetic payment record,WAVE_PAY,PREMIUM,2026-06,10,,VERIFIED,5928.34,001857,2026-06-23 02:29:37,synthetic-generator,201857,102108
301858,24140.46,2026-07-11 16:47:35,Synthetic payment record,AYA_PAY,RENEWAL,2026-07,11,,VERIFIED,24140.46,001858,2026-07-14 16:47:35,synthetic-generator,201858,102109
301859,32567.71,2026-08-15 01:59:06,Synthetic payment record,BANK_TRANSFER,CLAIM_PAYOUT,2026-08,12,,VERIFIED,32567.71,001859,2026-08-17 01:59:06,synthetic-generator,201859,102110
301860,6510.83,2021-09-21 05:36:47,Synthetic payment record,KBZ_PAY,RENEWAL,2021-09,1,,VERIFIED,6510.83,001860,2021-09-23 05:36:47,synthetic-generator,201860,102111
301861,3339.56,2021-10-24 11:34:45,Synthetic payment record,WAVE_PAY,PREMIUM,2021-10,2,,PENDING,3339.56,001861,2021-10-24 11:34:45,,201861,102112
301862,23913.26,2021-11-20 01:10:52,Synthetic payment record,AYA_PAY,PREMIUM,2021-11,3,,VERIFIED,23913.26,001862,2021-11-20 01:10:52,synthetic-generator,201862,102113
301863,18194.02,2021-12-19 10:32:56,Synthetic payment record,BANK_TRANSFER,PREMIUM,2021-12,4,,PENDING,18194.02,001863,2021-12-19 10:32:56,,201863,102114
301864,5072.73,2022-01-01 20:42:43,Synthetic payment record,KBZ_PAY,RENEWAL,2022-01,5,,VERIFIED,5072.73,001864,2022-01-04 20:42:43,synthetic-generator,201864,102115
301865,35018.13,2022-02-24 18:50:25,Synthetic payment record,WAVE_PAY,RENEWAL,2022-02,6,,VERIFIED,35018.13,001865,2022-02-24 18:50:25,synthetic-generator,201865,102116
301866,21091.48,2022-03-16 19:44:28,Synthetic payment record,AYA_PAY,PREMIUM,2022-03,7,,VERIFIED,21091.48,001866,2022-03-17 19:44:28,synthetic-generator,201866,102117
301867,44068.12,2022-04-29 23:11:34,Synthetic payment record,BANK_TRANSFER,RENEWAL,2022-04,8,,VERIFIED,44068.12,001867,2022-05-02 23:11:34,synthetic-generator,201867,102118
301868,8212.70,2022-05-05 09:43:38,Synthetic payment record,KBZ_PAY,PREMIUM,2022-05,9,,VERIFIED,8212.70,001868,2022-05-06 09:43:38,synthetic-generator,201868,102119
301869,8194.50,2022-06-02 16:54:50,Synthetic payment record,WAVE_PAY,PREMIUM,2022-06,10,,VERIFIED,8194.50,001869,2022-06-02 16:54:50,synthetic-generator,201869,102120
301870,31894.94,2022-07-12 22:37:05,Synthetic payment record,AYA_PAY,PREMIUM,2022-07,11,,VERIFIED,31894.94,001870,2022-07-13 22:37:05,synthetic-generator,201870,102121
301871,57477.80,2022-08-22 07:09:32,Synthetic payment record,BANK_TRANSFER,PREMIUM,2022-08,12,,VERIFIED,57477.80,001871,2022-08-22 07:09:32,synthetic-generator,201871,102122
301872,5848.40,2022-09-15 15:22:13,Synthetic payment record,KBZ_PAY,PREMIUM,2022-09,1,,VERIFIED,5848.40,001872,2022-09-18 15:22:13,synthetic-generator,201872,102123
301873,14000.77,2022-10-23 01:18:45,Synthetic payment record,WAVE_PAY,PREMIUM,2022-10,2,,VERIFIED,14000.77,001873,2022-10-24 01:18:45,synthetic-generator,201873,102124
301874,19642.94,2022-11-18 08:26:44,Synthetic payment record,AYA_PAY,PREMIUM,2022-11,3,,PENDING,19642.94,001874,2022-11-18 08:26:44,,201874,102125
301875,54124.14,2022-12-02 11:34:37,Synthetic payment record,BANK_TRANSFER,PREMIUM,2022-12,4,,PENDING,54124.14,001875,2022-12-05 11:34:37,,201875,102126
301876,5113.74,2023-01-24 02:44:23,Synthetic payment record,KBZ_PAY,RENEWAL,2023-01,5,,PENDING,5113.74,001876,2023-01-27 02:44:23,,201876,102127
301877,33021.80,2023-02-19 09:37:50,Synthetic payment record,WAVE_PAY,PREMIUM,2023-02,6,,PENDING,33021.80,001877,2023-02-20 09:37:50,,201877,102128
301878,8535.99,2023-03-24 09:24:14,Synthetic payment record,AYA_PAY,PREMIUM,2023-03,7,,VERIFIED,8535.99,001878,2023-03-27 09:24:14,synthetic-generator,201878,102129
301879,22269.75,2023-04-28 15:37:14,Synthetic payment record,BANK_TRANSFER,PREMIUM,2023-04,8,,VERIFIED,22269.75,001879,2023-05-01 15:37:14,synthetic-generator,201879,102130
301880,21487.28,2023-05-20 22:28:23,Synthetic payment record,KBZ_PAY,PREMIUM,2023-05,9,,VERIFIED,21487.28,001880,2023-05-23 22:28:23,synthetic-generator,201880,102131
301881,16483.40,2023-06-06 08:23:09,Synthetic payment record,WAVE_PAY,PREMIUM,2023-06,10,,VERIFIED,16483.40,001881,2023-06-08 08:23:09,synthetic-generator,201881,102132
301882,15416.51,2023-07-25 05:59:22,Synthetic payment record,AYA_PAY,PREMIUM,2023-07,11,,VERIFIED,15416.51,001882,2023-07-26 05:59:22,synthetic-generator,201882,102133
301883,12438.56,2023-08-04 06:06:54,Synthetic payment record,BANK_TRANSFER,PREMIUM,2023-08,12,,VERIFIED,12438.56,001883,2023-08-05 06:06:54,synthetic-generator,201883,102134
301884,8325.52,2023-09-08 02:30:30,Synthetic payment record,KBZ_PAY,PREMIUM,2023-09,1,,VERIFIED,8325.52,001884,2023-09-10 02:30:30,synthetic-generator,201884,102135
301885,23710.50,2023-10-24 16:16:48,Synthetic payment record,WAVE_PAY,PREMIUM,2023-10,2,,VERIFIED,23710.50,001885,2023-10-26 16:16:48,synthetic-generator,201885,102136
301886,12544.77,2023-11-16 14:30:00,Synthetic payment record,AYA_PAY,PREMIUM,2023-11,3,,VERIFIED,12544.77,001886,2023-11-19 14:30:00,synthetic-generator,201886,102137
301887,14182.18,2023-12-10 10:05:27,Synthetic payment record,BANK_TRANSFER,PREMIUM,2023-12,4,,PENDING,14182.18,001887,2023-12-12 10:05:27,,201887,102138
301888,19269.74,2024-01-12 19:57:27,Synthetic payment record,KBZ_PAY,PREMIUM,2024-01,5,,PENDING,19269.74,001888,2024-01-13 19:57:27,,201888,102139
301889,7240.14,2024-02-19 18:08:02,Synthetic payment record,WAVE_PAY,PREMIUM,2024-02,6,,PENDING,7240.14,001889,2024-02-21 18:08:02,,201889,102140
301890,24179.58,2024-03-07 04:19:50,Synthetic payment record,AYA_PAY,PREMIUM,2024-03,7,,VERIFIED,24179.58,001890,2024-03-10 04:19:50,synthetic-generator,201890,102141
301891,18840.12,2024-04-04 23:29:31,Synthetic payment record,BANK_TRANSFER,PREMIUM,2024-04,8,,VERIFIED,18840.12,001891,2024-04-07 23:29:31,synthetic-generator,201891,102142
301892,10589.93,2024-05-04 10:07:21,Synthetic payment record,KBZ_PAY,PREMIUM,2024-05,9,,VERIFIED,10589.93,001892,2024-05-05 10:07:21,synthetic-generator,201892,102143
301893,26712.69,2024-06-06 21:49:47,Synthetic payment record,WAVE_PAY,PREMIUM,2024-06,10,,VERIFIED,26712.69,001893,2024-06-07 21:49:47,synthetic-generator,201893,102144
301894,34194.49,2024-07-27 10:12:03,Synthetic payment record,AYA_PAY,PREMIUM,2024-07,11,,REJECTED,34194.49,001894,2024-07-27 10:12:03,,201894,102145
301895,60530.14,2024-08-30 03:08:13,Synthetic payment record,BANK_TRANSFER,PREMIUM,2024-08,12,,VERIFIED,60530.14,001895,2024-08-31 03:08:13,synthetic-generator,201895,102146
301896,7892.09,2024-09-04 20:30:36,Synthetic payment record,KBZ_PAY,PREMIUM,2024-09,1,,VERIFIED,7892.09,001896,2024-09-06 20:30:36,synthetic-generator,201896,102147
301897,14187.16,2024-10-20 14:37:22,Synthetic payment record,WAVE_PAY,PREMIUM,2024-10,2,,VERIFIED,14187.16,001897,2024-10-21 14:37:22,synthetic-generator,201897,102148
301898,5158.47,2024-11-07 14:55:32,Synthetic payment record,AYA_PAY,PREMIUM,2024-11,3,,VERIFIED,5158.47,001898,2024-11-07 14:55:32,synthetic-generator,201898,102149
301899,15050.79,2024-12-09 22:55:24,Synthetic payment record,BANK_TRANSFER,PREMIUM,2024-12,4,,PENDING,15050.79,001899,2024-12-11 22:55:24,,201899,102150
301900,3788.11,2025-01-02 01:45:36,Synthetic payment record,KBZ_PAY,PREMIUM,2025-01,5,,VERIFIED,3788.11,001900,2025-01-04 01:45:36,synthetic-generator,201900,102151
301901,4207.61,2025-02-09 21:42:42,Synthetic payment record,WAVE_PAY,PREMIUM,2025-02,6,,VERIFIED,4207.61,001901,2025-02-12 21:42:42,synthetic-generator,201901,102152
301902,21791.83,2025-03-23 09:36:19,Synthetic payment record,AYA_PAY,PREMIUM,2025-03,7,,VERIFIED,21791.83,001902,2025-03-23 09:36:19,synthetic-generator,201902,102153
301903,32331.41,2025-04-26 18:22:58,Synthetic payment record,BANK_TRANSFER,PREMIUM,2025-04,8,,VERIFIED,32331.41,001903,2025-04-26 18:22:58,synthetic-generator,201903,102154
301904,16422.07,2025-05-08 20:30:19,Synthetic payment record,KBZ_PAY,PREMIUM,2025-05,9,,VERIFIED,16422.07,001904,2025-05-11 20:30:19,synthetic-generator,201904,102155
301905,21027.50,2025-06-29 04:23:15,Synthetic payment record,WAVE_PAY,PREMIUM,2025-06,10,,VERIFIED,21027.50,001905,2025-07-01 04:23:15,synthetic-generator,201905,102156
301906,21031.30,2025-07-30 18:44:32,Synthetic payment record,AYA_PAY,PREMIUM,2025-07,11,,VERIFIED,21031.30,001906,2025-07-31 18:44:32,synthetic-generator,201906,102157
301907,38145.07,2025-08-21 05:48:09,Synthetic payment record,BANK_TRANSFER,RENEWAL,2025-08,12,,VERIFIED,38145.07,001907,2025-08-23 05:48:09,synthetic-generator,201907,102158
301908,4873.64,2025-09-29 07:22:59,Synthetic payment record,KBZ_PAY,PREMIUM,2025-09,1,,VERIFIED,4873.64,001908,2025-09-29 07:22:59,synthetic-generator,201908,102159
301909,19858.63,2025-10-17 18:41:41,Synthetic payment record,WAVE_PAY,PREMIUM,2025-10,2,,PENDING,19858.63,001909,2025-10-19 18:41:41,,201909,102160
301910,34937.89,2025-11-18 17:58:31,Synthetic payment record,AYA_PAY,PREMIUM,2025-11,3,,VERIFIED,34937.89,001910,2025-11-20 17:58:31,synthetic-generator,201910,102161
301911,24503.75,2025-12-24 23:27:51,Synthetic payment record,BANK_TRANSFER,PREMIUM,2025-12,4,,VERIFIED,24503.75,001911,2025-12-27 23:27:51,synthetic-generator,201911,102162
301912,3164.20,2026-01-23 17:40:48,Synthetic payment record,KBZ_PAY,PREMIUM,2026-01,5,,VERIFIED,3164.20,001912,2026-01-24 17:40:48,synthetic-generator,201912,102163
301913,15480.87,2026-02-19 11:13:03,Synthetic payment record,WAVE_PAY,RENEWAL,2026-02,6,,VERIFIED,15480.87,001913,2026-02-20 11:13:03,synthetic-generator,201913,102164
301914,30675.82,2026-03-23 20:05:08,Synthetic payment record,AYA_PAY,PREMIUM,2026-03,7,,VERIFIED,30675.82,001914,2026-03-23 20:05:08,synthetic-generator,201914,102165
301915,36663.91,2026-04-01 05:30:39,Synthetic payment record,BANK_TRANSFER,RENEWAL,2026-04,8,,VERIFIED,36663.91,001915,2026-04-04 05:30:39,synthetic-generator,201915,102166
301916,4366.25,2026-05-29 01:42:07,Synthetic payment record,KBZ_PAY,PREMIUM,2026-05,9,,VERIFIED,4366.25,001916,2026-05-30 01:42:07,synthetic-generator,201916,102167
301917,6549.68,2026-06-28 22:48:09,Synthetic payment record,WAVE_PAY,PREMIUM,2026-06,10,,REJECTED,6549.68,001917,2026-06-29 22:48:09,,201917,102168
301918,50850.59,2026-07-16 13:43:06,Synthetic payment record,AYA_PAY,PREMIUM,2026-07,11,,VERIFIED,50850.59,001918,2026-07-19 13:43:06,synthetic-generator,201918,102169
301919,34208.10,2026-08-18 04:53:16,Synthetic payment record,BANK_TRANSFER,PREMIUM,2026-08,12,,PENDING,34208.10,001919,2026-08-18 04:53:16,,201919,102170
301920,1764.73,2021-09-09 01:52:15,Synthetic payment record,KBZ_PAY,PREMIUM,2021-09,1,,VERIFIED,1764.73,001920,2021-09-11 01:52:15,synthetic-generator,201920,102171
301921,11455.90,2021-10-10 17:59:43,Synthetic payment record,WAVE_PAY,PREMIUM,2021-10,2,,VERIFIED,11455.90,001921,2021-10-11 17:59:43,synthetic-generator,201921,102172
301922,15868.44,2021-11-15 15:33:41,Synthetic payment record,AYA_PAY,PREMIUM,2021-11,3,,VERIFIED,15868.44,001922,2021-11-16 15:33:41,synthetic-generator,201922,102173
301923,18004.75,2021-12-15 04:41:45,Synthetic payment record,BANK_TRANSFER,PREMIUM,2021-12,4,,VERIFIED,18004.75,001923,2021-12-15 04:41:45,synthetic-generator,201923,102174
301924,9602.47,2022-01-13 12:55:38,Synthetic payment record,KBZ_PAY,RENEWAL,2022-01,5,,REJECTED,9602.47,001924,2022-01-16 12:55:38,,201924,102175
301925,15469.64,2022-02-26 16:15:58,Synthetic payment record,WAVE_PAY,RENEWAL,2022-02,6,,REJECTED,15469.64,001925,2022-03-01 16:15:58,,201925,102176
301926,22159.15,2022-03-19 05:42:53,Synthetic payment record,AYA_PAY,PREMIUM,2022-03,7,,VERIFIED,22159.15,001926,2022-03-19 05:42:53,synthetic-generator,201926,102177
301927,39751.32,2022-04-08 03:41:51,Synthetic payment record,BANK_TRANSFER,PREMIUM,2022-04,8,,VERIFIED,39751.32,001927,2022-04-09 03:41:51,synthetic-generator,201927,102178
301928,11518.96,2022-05-29 10:57:08,Synthetic payment record,KBZ_PAY,PREMIUM,2022-05,9,,VERIFIED,11518.96,001928,2022-05-29 10:57:08,synthetic-generator,201928,102179
301929,12252.45,2022-06-17 23:03:34,Synthetic payment record,WAVE_PAY,PREMIUM,2022-06,10,,VERIFIED,12252.45,001929,2022-06-20 23:03:34,synthetic-generator,201929,102180
301930,33958.09,2022-07-16 03:30:38,Synthetic payment record,AYA_PAY,PREMIUM,2022-07,11,,VERIFIED,33958.09,001930,2022-07-17 03:30:38,synthetic-generator,201930,102181
301931,57711.83,2022-08-14 07:24:42,Synthetic payment record,BANK_TRANSFER,RENEWAL,2022-08,12,,VERIFIED,57711.83,001931,2022-08-14 07:24:42,synthetic-generator,201931,102182
301932,11269.53,2022-09-22 18:44:25,Synthetic payment record,KBZ_PAY,PREMIUM,2022-09,1,,VERIFIED,11269.53,001932,2022-09-22 18:44:25,synthetic-generator,201932,102183
301933,19984.46,2022-10-26 14:46:31,Synthetic payment record,WAVE_PAY,PREMIUM,2022-10,2,,PENDING,19984.46,001933,2022-10-29 14:46:31,,201933,102184
301934,18904.41,2022-11-12 07:57:17,Synthetic payment record,AYA_PAY,PREMIUM,2022-11,3,,VERIFIED,18904.41,001934,2022-11-12 07:57:17,synthetic-generator,201934,102185
301935,21010.90,2022-12-29 18:21:29,Synthetic payment record,BANK_TRANSFER,PREMIUM,2022-12,4,,VERIFIED,21010.90,001935,2022-12-30 18:21:29,synthetic-generator,201935,102186
301936,21327.27,2023-01-08 04:11:20,Synthetic payment record,KBZ_PAY,RENEWAL,2023-01,5,,VERIFIED,21327.27,001936,2023-01-08 04:11:20,synthetic-generator,201936,102187
301937,17253.87,2023-02-20 18:11:03,Synthetic payment record,WAVE_PAY,PREMIUM,2023-02,6,,VERIFIED,17253.87,001937,2023-02-23 18:11:03,synthetic-generator,201937,102188
301938,6495.94,2023-03-06 16:06:19,Synthetic payment record,AYA_PAY,RENEWAL,2023-03,7,,VERIFIED,6495.94,001938,2023-03-06 16:06:19,synthetic-generator,201938,102189
301939,37546.65,2023-04-26 11:42:23,Synthetic payment record,BANK_TRANSFER,RENEWAL,2023-04,8,,VERIFIED,37546.65,001939,2023-04-28 11:42:23,synthetic-generator,201939,102190
301940,15659.29,2023-05-04 17:29:44,Synthetic payment record,KBZ_PAY,PREMIUM,2023-05,9,,VERIFIED,15659.29,001940,2023-05-04 17:29:44,synthetic-generator,201940,102191
301941,13161.37,2023-06-19 10:36:55,Synthetic payment record,WAVE_PAY,RENEWAL,2023-06,10,,REJECTED,13161.37,001941,2023-06-21 10:36:55,,201941,102192
301942,25263.26,2023-07-07 21:58:32,Synthetic payment record,AYA_PAY,PREMIUM,2023-07,11,,VERIFIED,25263.26,001942,2023-07-10 21:58:32,synthetic-generator,201942,102193
301943,57232.62,2023-08-18 06:49:00,Synthetic payment record,BANK_TRANSFER,RENEWAL,2023-08,12,,VERIFIED,57232.62,001943,2023-08-21 06:49:00,synthetic-generator,201943,102194
301944,9580.85,2023-09-17 13:25:26,Synthetic payment record,KBZ_PAY,PREMIUM,2023-09,1,,VERIFIED,9580.85,001944,2023-09-20 13:25:26,synthetic-generator,201944,102195
301945,4107.61,2023-10-12 10:10:26,Synthetic payment record,WAVE_PAY,PREMIUM,2023-10,2,,VERIFIED,4107.61,001945,2023-10-15 10:10:26,synthetic-generator,201945,102196
301946,37851.92,2023-11-08 22:02:03,Synthetic payment record,AYA_PAY,PREMIUM,2023-11,3,,PENDING,37851.92,001946,2023-11-08 22:02:03,,201946,102197
301947,24976.99,2023-12-29 03:11:14,Synthetic payment record,BANK_TRANSFER,RENEWAL,2023-12,4,,VERIFIED,24976.99,001947,2023-12-30 03:11:14,synthetic-generator,201947,102198
301948,24045.37,2024-01-27 20:45:01,Synthetic payment record,KBZ_PAY,RENEWAL,2024-01,5,,VERIFIED,24045.37,001948,2024-01-30 20:45:01,synthetic-generator,201948,102199
301949,25684.05,2024-02-11 13:14:31,Synthetic payment record,WAVE_PAY,PREMIUM,2024-02,6,,PENDING,25684.05,001949,2024-02-11 13:14:31,,201949,102200
301950,3568.39,2024-03-02 23:03:43,Synthetic payment record,AYA_PAY,PREMIUM,2024-03,7,,VERIFIED,3568.39,001950,2024-03-02 23:03:43,synthetic-generator,201950,102201
301951,41080.46,2024-04-13 00:17:41,Synthetic payment record,BANK_TRANSFER,PREMIUM,2024-04,8,,VERIFIED,41080.46,001951,2024-04-15 00:17:41,synthetic-generator,201951,102202
301952,10185.04,2024-05-17 23:38:04,Synthetic payment record,KBZ_PAY,PREMIUM,2024-05,9,,VERIFIED,10185.04,001952,2024-05-18 23:38:04,synthetic-generator,201952,102203
301953,5303.18,2024-06-13 19:11:47,Synthetic payment record,WAVE_PAY,RENEWAL,2024-06,10,,VERIFIED,5303.18,001953,2024-06-13 19:11:47,synthetic-generator,201953,102204
301954,34430.50,2024-07-11 08:07:12,Synthetic payment record,AYA_PAY,PREMIUM,2024-07,11,,PENDING,34430.50,001954,2024-07-11 08:07:12,,201954,102205
301955,39595.02,2024-08-14 05:25:20,Synthetic payment record,BANK_TRANSFER,PREMIUM,2024-08,12,,REJECTED,39595.02,001955,2024-08-17 05:25:20,,201955,102206
301956,11556.28,2024-09-15 15:39:31,Synthetic payment record,KBZ_PAY,PREMIUM,2024-09,1,,VERIFIED,11556.28,001956,2024-09-17 15:39:31,synthetic-generator,201956,102207
301957,7170.74,2024-10-06 18:46:28,Synthetic payment record,WAVE_PAY,RENEWAL,2024-10,2,,VERIFIED,7170.74,001957,2024-10-07 18:46:28,synthetic-generator,201957,102208
301958,7592.36,2024-11-26 06:44:47,Synthetic payment record,AYA_PAY,PREMIUM,2024-11,3,,VERIFIED,7592.36,001958,2024-11-27 06:44:47,synthetic-generator,201958,102209
301959,15810.60,2024-12-20 04:10:24,Synthetic payment record,BANK_TRANSFER,RENEWAL,2024-12,4,,VERIFIED,15810.60,001959,2024-12-20 04:10:24,synthetic-generator,201959,102210
301960,17112.99,2025-01-21 03:55:02,Synthetic payment record,KBZ_PAY,CLAIM_PAYOUT,2025-01,5,,VERIFIED,17112.99,001960,2025-01-24 03:55:02,synthetic-generator,201960,102211
301961,17343.63,2025-02-07 19:06:14,Synthetic payment record,WAVE_PAY,PREMIUM,2025-02,6,,VERIFIED,17343.63,001961,2025-02-07 19:06:14,synthetic-generator,201961,102212
301962,26848.14,2025-03-30 23:19:48,Synthetic payment record,AYA_PAY,RENEWAL,2025-03,7,,VERIFIED,26848.14,001962,2025-03-30 23:19:48,synthetic-generator,201962,102213
301963,40185.27,2025-04-21 00:20:50,Synthetic payment record,BANK_TRANSFER,PREMIUM,2025-04,8,,VERIFIED,40185.27,001963,2025-04-24 00:20:50,synthetic-generator,201963,102214
301964,3125.95,2025-05-24 10:17:28,Synthetic payment record,KBZ_PAY,PREMIUM,2025-05,9,,PENDING,3125.95,001964,2025-05-24 10:17:28,,201964,102215
301965,34119.33,2025-06-05 09:23:15,Synthetic payment record,WAVE_PAY,RENEWAL,2025-06,10,,PENDING,34119.33,001965,2025-06-07 09:23:15,,201965,102216
301966,28269.73,2025-07-07 08:16:03,Synthetic payment record,AYA_PAY,PREMIUM,2025-07,11,,VERIFIED,28269.73,001966,2025-07-07 08:16:03,synthetic-generator,201966,102217
301967,54953.93,2025-08-24 23:24:32,Synthetic payment record,BANK_TRANSFER,PREMIUM,2025-08,12,,VERIFIED,54953.93,001967,2025-08-25 23:24:32,synthetic-generator,201967,102218
301968,4718.09,2025-09-05 23:31:53,Synthetic payment record,KBZ_PAY,PREMIUM,2025-09,1,,VERIFIED,4718.09,001968,2025-09-08 23:31:53,synthetic-generator,201968,102219
301969,7070.00,2025-10-19 04:27:01,Synthetic payment record,WAVE_PAY,PREMIUM,2025-10,2,,VERIFIED,7070.00,001969,2025-10-19 04:27:01,synthetic-generator,201969,102220
301970,4660.02,2025-11-28 18:43:48,Synthetic payment record,AYA_PAY,PREMIUM,2025-11,3,,VERIFIED,4660.02,001970,2025-11-29 18:43:48,synthetic-generator,201970,102221
301971,37586.09,2025-12-20 07:48:10,Synthetic payment record,BANK_TRANSFER,PREMIUM,2025-12,4,,VERIFIED,37586.09,001971,2025-12-21 07:48:10,synthetic-generator,201971,102222
301972,9604.79,2026-01-16 13:44:27,Synthetic payment record,KBZ_PAY,PREMIUM,2026-01,5,,VERIFIED,9604.79,001972,2026-01-16 13:44:27,synthetic-generator,201972,102223
301973,35698.81,2026-02-05 16:46:18,Synthetic payment record,WAVE_PAY,RENEWAL,2026-02,6,,VERIFIED,35698.81,001973,2026-02-07 16:46:18,synthetic-generator,201973,102224
301974,19136.16,2026-03-13 15:55:03,Synthetic payment record,AYA_PAY,PREMIUM,2026-03,7,,VERIFIED,19136.16,001974,2026-03-15 15:55:03,synthetic-generator,201974,102225
301975,42796.24,2026-04-26 01:07:32,Synthetic payment record,BANK_TRANSFER,PREMIUM,2026-04,8,,VERIFIED,42796.24,001975,2026-04-27 01:07:32,synthetic-generator,201975,102226
301976,16303.27,2026-05-24 03:31:30,Synthetic payment record,KBZ_PAY,PREMIUM,2026-05,9,,VERIFIED,16303.27,001976,2026-05-27 03:31:30,synthetic-generator,201976,102227
301977,42298.89,2026-06-20 22:40:25,Synthetic payment record,WAVE_PAY,RENEWAL,2026-06,10,,VERIFIED,42298.89,001977,2026-06-22 22:40:25,synthetic-generator,201977,102228
301978,24355.23,2026-07-27 09:28:18,Synthetic payment record,AYA_PAY,PREMIUM,2026-07,11,,VERIFIED,24355.23,001978,2026-07-28 09:28:18,synthetic-generator,201978,102229
301979,52082.54,2026-08-01 17:47:50,Synthetic payment record,BANK_TRANSFER,CLAIM_PAYOUT,2026-08,12,,VERIFIED,52082.54,001979,2026-08-04 17:47:50,synthetic-generator,201979,102230
301980,5468.18,2021-09-07 16:21:44,Synthetic payment record,KBZ_PAY,PREMIUM,2021-09,1,,VERIFIED,5468.18,001980,2021-09-09 16:21:44,synthetic-generator,201980,102231
301981,1893.66,2021-10-23 17:14:10,Synthetic payment record,WAVE_PAY,RENEWAL,2021-10,2,,REJECTED,1893.66,001981,2021-10-26 17:14:10,,201981,102232
301982,15234.22,2021-11-02 16:31:46,Synthetic payment record,AYA_PAY,PREMIUM,2021-11,3,,VERIFIED,15234.22,001982,2021-11-05 16:31:46,synthetic-generator,201982,102233
301983,7955.33,2021-12-21 12:23:44,Synthetic payment record,BANK_TRANSFER,PREMIUM,2021-12,4,,VERIFIED,7955.33,001983,2021-12-22 12:23:44,synthetic-generator,201983,102234
301984,4196.34,2022-01-21 13:01:36,Synthetic payment record,KBZ_PAY,PREMIUM,2022-01,5,,VERIFIED,4196.34,001984,2022-01-22 13:01:36,synthetic-generator,201984,102235
301985,31069.73,2022-02-24 17:08:49,Synthetic payment record,WAVE_PAY,PREMIUM,2022-02,6,,VERIFIED,31069.73,001985,2022-02-26 17:08:49,synthetic-generator,201985,102236
301986,23733.63,2022-03-07 04:52:19,Synthetic payment record,AYA_PAY,PREMIUM,2022-03,7,,VERIFIED,23733.63,001986,2022-03-10 04:52:19,synthetic-generator,201986,102237
301987,14411.84,2022-04-01 12:21:01,Synthetic payment record,BANK_TRANSFER,PREMIUM,2022-04,8,,VERIFIED,14411.84,001987,2022-04-04 12:21:01,synthetic-generator,201987,102238
301988,13244.58,2022-05-30 11:14:43,Synthetic payment record,KBZ_PAY,PREMIUM,2022-05,9,,VERIFIED,13244.58,001988,2022-05-30 11:14:43,synthetic-generator,201988,102239
301989,15249.52,2022-06-15 19:08:42,Synthetic payment record,WAVE_PAY,PREMIUM,2022-06,10,,VERIFIED,15249.52,001989,2022-06-15 19:08:42,synthetic-generator,201989,102240
301990,10426.05,2022-07-04 22:22:52,Synthetic payment record,AYA_PAY,PREMIUM,2022-07,11,,VERIFIED,10426.05,001990,2022-07-05 22:22:52,synthetic-generator,201990,102241
301991,51273.43,2022-08-27 10:36:00,Synthetic payment record,BANK_TRANSFER,PREMIUM,2022-08,12,,VERIFIED,51273.43,001991,2022-08-27 10:36:00,synthetic-generator,201991,102242
301992,9942.60,2022-09-07 02:48:34,Synthetic payment record,KBZ_PAY,PREMIUM,2022-09,1,,VERIFIED,9942.60,001992,2022-09-10 02:48:34,synthetic-generator,201992,102243
301993,11672.19,2022-10-05 23:11:22,Synthetic payment record,WAVE_PAY,PREMIUM,2022-10,2,,VERIFIED,11672.19,001993,2022-10-07 23:11:22,synthetic-generator,201993,102244
301994,18836.07,2022-11-26 15:27:04,Synthetic payment record,AYA_PAY,PREMIUM,2022-11,3,,VERIFIED,18836.07,001994,2022-11-29 15:27:04,synthetic-generator,201994,102245
301995,35646.94,2022-12-08 13:58:20,Synthetic payment record,BANK_TRANSFER,PREMIUM,2022-12,4,,VERIFIED,35646.94,001995,2022-12-10 13:58:20,synthetic-generator,201995,102246
301996,21348.34,2023-01-12 03:42:07,Synthetic payment record,KBZ_PAY,RENEWAL,2023-01,5,,VERIFIED,21348.34,001996,2023-01-14 03:42:07,synthetic-generator,201996,102247
301997,35425.40,2023-02-15 18:17:12,Synthetic payment record,WAVE_PAY,RENEWAL,2023-02,6,,VERIFIED,35425.40,001997,2023-02-17 18:17:12,synthetic-generator,201997,102248
301998,3363.31,2023-03-04 12:03:15,Synthetic payment record,AYA_PAY,CLAIM_PAYOUT,2023-03,7,,VERIFIED,3363.31,001998,2023-03-06 12:03:15,synthetic-generator,201998,102249
301999,37118.34,2023-04-11 03:18:37,Synthetic payment record,BANK_TRANSFER,PREMIUM,2023-04,8,,VERIFIED,37118.34,001999,2023-04-13 03:18:37,synthetic-generator,201999,102250
302000,19528.90,2023-05-28 23:10:35,Synthetic payment record,KBZ_PAY,PREMIUM,2023-05,9,,VERIFIED,19528.90,002000,2023-05-30 23:10:35,synthetic-generator,202000,102251
302001,18388.47,2023-06-27 05:32:48,Synthetic payment record,WAVE_PAY,PREMIUM,2023-06,10,,VERIFIED,18388.47,002001,2023-06-30 05:32:48,synthetic-generator,202001,102252
302002,23941.39,2023-07-01 14:25:24,Synthetic payment record,AYA_PAY,RENEWAL,2023-07,11,,VERIFIED,23941.39,002002,2023-07-03 14:25:24,synthetic-generator,202002,102253
302003,21776.06,2023-08-21 08:53:08,Synthetic payment record,BANK_TRANSFER,CLAIM_PAYOUT,2023-08,12,,VERIFIED,21776.06,002003,2023-08-24 08:53:08,synthetic-generator,202003,102254
302004,9550.63,2023-09-15 08:25:38,Synthetic payment record,KBZ_PAY,RENEWAL,2023-09,1,,VERIFIED,9550.63,002004,2023-09-15 08:25:38,synthetic-generator,202004,102255
302005,6870.00,2023-10-31 15:25:04,Synthetic payment record,WAVE_PAY,PREMIUM,2023-10,2,,VERIFIED,6870.00,002005,2023-11-03 15:25:04,synthetic-generator,202005,102256
302006,21307.03,2023-11-06 07:29:30,Synthetic payment record,AYA_PAY,PREMIUM,2023-11,3,,VERIFIED,21307.03,002006,2023-11-07 07:29:30,synthetic-generator,202006,102257
302007,32021.62,2023-12-07 16:50:35,Synthetic payment record,BANK_TRANSFER,PREMIUM,2023-12,4,,VERIFIED,32021.62,002007,2023-12-07 16:50:35,synthetic-generator,202007,102258
302008,7319.88,2024-01-30 20:18:58,Synthetic payment record,KBZ_PAY,PREMIUM,2024-01,5,,VERIFIED,7319.88,002008,2024-02-01 20:18:58,synthetic-generator,202008,102259
302009,33259.85,2024-02-01 23:55:45,Synthetic payment record,WAVE_PAY,RENEWAL,2024-02,6,,VERIFIED,33259.85,002009,2024-02-01 23:55:45,synthetic-generator,202009,102260
302010,22178.36,2024-03-26 21:03:27,Synthetic payment record,AYA_PAY,PREMIUM,2024-03,7,,VERIFIED,22178.36,002010,2024-03-26 21:03:27,synthetic-generator,202010,102261
302011,38589.83,2024-04-07 16:54:25,Synthetic payment record,BANK_TRANSFER,PREMIUM,2024-04,8,,VERIFIED,38589.83,002011,2024-04-10 16:54:25,synthetic-generator,202011,102262
302012,13867.62,2024-05-06 20:56:35,Synthetic payment record,KBZ_PAY,RENEWAL,2024-05,9,,VERIFIED,13867.62,002012,2024-05-07 20:56:35,synthetic-generator,202012,102263
302013,26112.73,2024-06-27 21:58:20,Synthetic payment record,WAVE_PAY,PREMIUM,2024-06,10,,VERIFIED,26112.73,002013,2024-06-28 21:58:20,synthetic-generator,202013,102264
302014,37907.89,2024-07-02 14:38:59,Synthetic payment record,AYA_PAY,PREMIUM,2024-07,11,,VERIFIED,37907.89,002014,2024-07-03 14:38:59,synthetic-generator,202014,102265
302015,45288.58,2024-08-22 18:40:05,Synthetic payment record,BANK_TRANSFER,RENEWAL,2024-08,12,,VERIFIED,45288.58,002015,2024-08-22 18:40:05,synthetic-generator,202015,102266
302016,4560.66,2024-09-10 10:58:31,Synthetic payment record,KBZ_PAY,PREMIUM,2024-09,1,,PENDING,4560.66,002016,2024-09-12 10:58:31,,202016,102267
302017,16962.01,2024-10-03 18:11:19,Synthetic payment record,WAVE_PAY,PREMIUM,2024-10,2,,VERIFIED,16962.01,002017,2024-10-04 18:11:19,synthetic-generator,202017,102268
302018,34832.12,2024-11-08 01:47:36,Synthetic payment record,AYA_PAY,PREMIUM,2024-11,3,,VERIFIED,34832.12,002018,2024-11-11 01:47:36,synthetic-generator,202018,102269
302019,41937.24,2024-12-09 06:51:21,Synthetic payment record,BANK_TRANSFER,PREMIUM,2024-12,4,,REJECTED,41937.24,002019,2024-12-10 06:51:21,,202019,102270
302020,12850.15,2025-01-19 15:39:34,Synthetic payment record,KBZ_PAY,PREMIUM,2025-01,5,,VERIFIED,12850.15,002020,2025-01-22 15:39:34,synthetic-generator,202020,102271
302021,3865.22,2025-02-21 04:07:01,Synthetic payment record,WAVE_PAY,CLAIM_PAYOUT,2025-02,6,,VERIFIED,3865.22,002021,2025-02-23 04:07:01,synthetic-generator,202021,102272
302022,15581.74,2025-03-14 21:12:45,Synthetic payment record,AYA_PAY,PREMIUM,2025-03,7,,REJECTED,15581.74,002022,2025-03-15 21:12:45,,202022,102273
302023,43651.66,2025-04-28 17:10:20,Synthetic payment record,BANK_TRANSFER,PREMIUM,2025-04,8,,VERIFIED,43651.66,002023,2025-04-30 17:10:20,synthetic-generator,202023,102274
302024,2964.06,2025-05-29 09:43:18,Synthetic payment record,KBZ_PAY,PREMIUM,2025-05,9,,VERIFIED,2964.06,002024,2025-05-31 09:43:18,synthetic-generator,202024,102275
302025,8281.88,2025-06-27 06:22:51,Synthetic payment record,WAVE_PAY,PREMIUM,2025-06,10,,VERIFIED,8281.88,002025,2025-06-30 06:22:51,synthetic-generator,202025,102276
302026,31051.63,2025-07-22 11:38:56,Synthetic payment record,AYA_PAY,PREMIUM,2025-07,11,,VERIFIED,31051.63,002026,2025-07-23 11:38:56,synthetic-generator,202026,102277
302027,46849.90,2025-08-20 19:02:59,Synthetic payment record,BANK_TRANSFER,PREMIUM,2025-08,12,,VERIFIED,46849.90,002027,2025-08-22 19:02:59,synthetic-generator,202027,102278
302028,7769.78,2025-09-09 18:16:33,Synthetic payment record,KBZ_PAY,PREMIUM,2025-09,1,,VERIFIED,7769.78,002028,2025-09-11 18:16:33,synthetic-generator,202028,102279
302029,23619.90,2025-10-29 15:06:23,Synthetic payment record,WAVE_PAY,PREMIUM,2025-10,2,,VERIFIED,23619.90,002029,2025-10-30 15:06:23,synthetic-generator,202029,102280
302030,38349.95,2025-11-03 11:30:10,Synthetic payment record,AYA_PAY,PREMIUM,2025-11,3,,VERIFIED,38349.95,002030,2025-11-05 11:30:10,synthetic-generator,202030,102281
302031,17752.53,2025-12-30 06:43:44,Synthetic payment record,BANK_TRANSFER,PREMIUM,2025-12,4,,VERIFIED,17752.53,002031,2025-12-30 06:43:44,synthetic-generator,202031,102282
302032,18582.74,2026-01-04 04:14:10,Synthetic payment record,KBZ_PAY,PREMIUM,2026-01,5,,VERIFIED,18582.74,002032,2026-01-04 04:14:10,synthetic-generator,202032,102283
302033,6173.23,2026-02-24 18:24:29,Synthetic payment record,WAVE_PAY,PREMIUM,2026-02,6,,VERIFIED,6173.23,002033,2026-02-25 18:24:29,synthetic-generator,202033,102284
302034,23020.10,2026-03-27 05:10:06,Synthetic payment record,AYA_PAY,PREMIUM,2026-03,7,,VERIFIED,23020.10,002034,2026-03-27 05:10:06,synthetic-generator,202034,102285
302035,22484.61,2026-04-24 05:28:06,Synthetic payment record,BANK_TRANSFER,PREMIUM,2026-04,8,,VERIFIED,22484.61,002035,2026-04-27 05:28:06,synthetic-generator,202035,102286
302036,3207.49,2026-05-17 07:49:02,Synthetic payment record,KBZ_PAY,PREMIUM,2026-05,9,,VERIFIED,3207.49,002036,2026-05-20 07:49:02,synthetic-generator,202036,102287
302037,26154.63,2026-06-23 10:14:11,Synthetic payment record,WAVE_PAY,PREMIUM,2026-06,10,,PENDING,26154.63,002037,2026-06-26 10:14:11,,202037,102288
302038,52511.46,2026-07-27 08:50:37,Synthetic payment record,AYA_PAY,PREMIUM,2026-07,11,,VERIFIED,52511.46,002038,2026-07-28 08:50:37,synthetic-generator,202038,102289
302039,44761.74,2026-08-16 03:51:48,Synthetic payment record,BANK_TRANSFER,PREMIUM,2026-08,12,,VERIFIED,44761.74,002039,2026-08-16 03:51:48,synthetic-generator,202039,102290
302040,1389.19,2021-09-25 02:43:22,Synthetic payment record,KBZ_PAY,PREMIUM,2021-09,1,,REJECTED,1389.19,002040,2021-09-25 02:43:22,,202040,102291
302041,10476.82,2021-10-06 17:23:49,Synthetic payment record,WAVE_PAY,CLAIM_PAYOUT,2021-10,2,,VERIFIED,10476.82,002041,2021-10-06 17:23:49,synthetic-generator,202041,102292
302042,29819.79,2021-11-30 23:47:03,Synthetic payment record,AYA_PAY,PREMIUM,2021-11,3,,VERIFIED,29819.79,002042,2021-12-02 23:47:03,synthetic-generator,202042,102293
302043,40714.92,2021-12-26 02:37:39,Synthetic payment record,BANK_TRANSFER,PREMIUM,2021-12,4,,VERIFIED,40714.92,002043,2021-12-27 02:37:39,synthetic-generator,202043,102294
302044,3132.89,2022-01-22 20:52:40,Synthetic payment record,KBZ_PAY,PREMIUM,2022-01,5,,VERIFIED,3132.89,002044,2022-01-24 20:52:40,synthetic-generator,202044,102295
302045,21807.35,2022-02-27 04:09:13,Synthetic payment record,WAVE_PAY,PREMIUM,2022-02,6,,PENDING,21807.35,002045,2022-02-28 04:09:13,,202045,102296
302046,2543.46,2022-03-09 03:20:13,Synthetic payment record,AYA_PAY,PREMIUM,2022-03,7,,VERIFIED,2543.46,002046,2022-03-10 03:20:13,synthetic-generator,202046,102297
302047,19869.17,2022-04-16 01:04:29,Synthetic payment record,BANK_TRANSFER,RENEWAL,2022-04,8,,VERIFIED,19869.17,002047,2022-04-18 01:04:29,synthetic-generator,202047,102298
302048,7400.69,2022-05-01 06:03:45,Synthetic payment record,KBZ_PAY,RENEWAL,2022-05,9,,PENDING,7400.69,002048,2022-05-02 06:03:45,,202048,102299
302049,34815.76,2022-06-17 21:08:37,Synthetic payment record,WAVE_PAY,PREMIUM,2022-06,10,,VERIFIED,34815.76,002049,2022-06-17 21:08:37,synthetic-generator,202049,102300
302050,15977.94,2022-07-01 13:41:02,Synthetic payment record,AYA_PAY,PREMIUM,2022-07,11,,VERIFIED,15977.94,002050,2022-07-02 13:41:02,synthetic-generator,202050,102301
302051,37178.06,2022-08-24 07:30:37,Synthetic payment record,BANK_TRANSFER,PREMIUM,2022-08,12,,VERIFIED,37178.06,002051,2022-08-25 07:30:37,synthetic-generator,202051,102302
302052,9020.28,2022-09-07 13:16:12,Synthetic payment record,KBZ_PAY,PREMIUM,2022-09,1,,VERIFIED,9020.28,002052,2022-09-09 13:16:12,synthetic-generator,202052,102303
302053,19828.82,2022-10-02 07:34:48,Synthetic payment record,WAVE_PAY,PREMIUM,2022-10,2,,VERIFIED,19828.82,002053,2022-10-05 07:34:48,synthetic-generator,202053,102304
302054,23193.32,2022-11-13 18:40:59,Synthetic payment record,AYA_PAY,PREMIUM,2022-11,3,,VERIFIED,23193.32,002054,2022-11-13 18:40:59,synthetic-generator,202054,102305
302055,13183.55,2022-12-15 19:53:43,Synthetic payment record,BANK_TRANSFER,PREMIUM,2022-12,4,,VERIFIED,13183.55,002055,2022-12-16 19:53:43,synthetic-generator,202055,102306
302056,20990.43,2023-01-02 02:18:40,Synthetic payment record,KBZ_PAY,PREMIUM,2023-01,5,,VERIFIED,20990.43,002056,2023-01-05 02:18:40,synthetic-generator,202056,102307
302057,8877.73,2023-02-03 09:14:23,Synthetic payment record,WAVE_PAY,PREMIUM,2023-02,6,,VERIFIED,8877.73,002057,2023-02-05 09:14:23,synthetic-generator,202057,102308
302058,25560.42,2023-03-04 13:40:07,Synthetic payment record,AYA_PAY,PREMIUM,2023-03,7,,REJECTED,25560.42,002058,2023-03-04 13:40:07,,202058,102309
302059,40990.52,2023-04-12 15:38:13,Synthetic payment record,BANK_TRANSFER,PREMIUM,2023-04,8,,VERIFIED,40990.52,002059,2023-04-13 15:38:13,synthetic-generator,202059,102310
302060,8279.10,2023-05-19 17:38:51,Synthetic payment record,KBZ_PAY,PREMIUM,2023-05,9,,VERIFIED,8279.10,002060,2023-05-19 17:38:51,synthetic-generator,202060,102311
302061,15660.25,2023-06-26 17:53:42,Synthetic payment record,WAVE_PAY,PREMIUM,2023-06,10,,PENDING,15660.25,002061,2023-06-28 17:53:42,,202061,102312
302062,45644.48,2023-07-15 08:57:11,Synthetic payment record,AYA_PAY,CLAIM_PAYOUT,2023-07,11,,VERIFIED,45644.48,002062,2023-07-15 08:57:11,synthetic-generator,202062,102313
302063,29793.15,2023-08-01 07:51:56,Synthetic payment record,BANK_TRANSFER,PREMIUM,2023-08,12,,PENDING,29793.15,002063,2023-08-03 07:51:56,,202063,102314
302064,3516.58,2023-09-07 22:19:09,Synthetic payment record,KBZ_PAY,PREMIUM,2023-09,1,,VERIFIED,3516.58,002064,2023-09-08 22:19:09,synthetic-generator,202064,102315
302065,15349.63,2023-10-13 02:27:18,Synthetic payment record,WAVE_PAY,PREMIUM,2023-10,2,,REJECTED,15349.63,002065,2023-10-13 02:27:18,,202065,102316
302066,17595.89,2023-11-11 04:48:59,Synthetic payment record,AYA_PAY,PREMIUM,2023-11,3,,VERIFIED,17595.89,002066,2023-11-11 04:48:59,synthetic-generator,202066,102317
302067,22430.27,2023-12-28 07:42:05,Synthetic payment record,BANK_TRANSFER,PREMIUM,2023-12,4,,REJECTED,22430.27,002067,2023-12-29 07:42:05,,202067,102318
302068,15020.95,2024-01-18 09:51:28,Synthetic payment record,KBZ_PAY,PREMIUM,2024-01,5,,VERIFIED,15020.95,002068,2024-01-19 09:51:28,synthetic-generator,202068,102319
302069,31567.21,2024-02-07 15:36:09,Synthetic payment record,WAVE_PAY,PREMIUM,2024-02,6,,VERIFIED,31567.21,002069,2024-02-07 15:36:09,synthetic-generator,202069,102320
302070,4666.90,2024-03-13 14:39:56,Synthetic payment record,AYA_PAY,PREMIUM,2024-03,7,,PENDING,4666.90,002070,2024-03-15 14:39:56,,202070,102321
302071,19503.40,2024-04-02 01:42:23,Synthetic payment record,BANK_TRANSFER,PREMIUM,2024-04,8,,VERIFIED,19503.40,002071,2024-04-05 01:42:23,synthetic-generator,202071,102322
302072,14959.69,2024-05-20 04:47:59,Synthetic payment record,KBZ_PAY,PREMIUM,2024-05,9,,PENDING,14959.69,002072,2024-05-23 04:47:59,,202072,102323
302073,24584.00,2024-06-08 00:06:00,Synthetic payment record,WAVE_PAY,RENEWAL,2024-06,10,,VERIFIED,24584.00,002073,2024-06-10 00:06:00,synthetic-generator,202073,102324
302074,36460.47,2024-07-11 14:39:00,Synthetic payment record,AYA_PAY,PREMIUM,2024-07,11,,PENDING,36460.47,002074,2024-07-12 14:39:00,,202074,102325
302075,19449.27,2024-08-19 15:40:10,Synthetic payment record,BANK_TRANSFER,PREMIUM,2024-08,12,,VERIFIED,19449.27,002075,2024-08-21 15:40:10,synthetic-generator,202075,102326
302076,5809.22,2024-09-03 10:02:53,Synthetic payment record,KBZ_PAY,PREMIUM,2024-09,1,,VERIFIED,5809.22,002076,2024-09-04 10:02:53,synthetic-generator,202076,102327
302077,25828.01,2024-10-18 01:46:40,Synthetic payment record,WAVE_PAY,PREMIUM,2024-10,2,,VERIFIED,25828.01,002077,2024-10-21 01:46:40,synthetic-generator,202077,102328
302078,39697.66,2024-11-26 14:32:00,Synthetic payment record,AYA_PAY,PREMIUM,2024-11,3,,VERIFIED,39697.66,002078,2024-11-26 14:32:00,synthetic-generator,202078,102329
302079,45738.37,2024-12-20 04:32:43,Synthetic payment record,BANK_TRANSFER,PREMIUM,2024-12,4,,VERIFIED,45738.37,002079,2024-12-22 04:32:43,synthetic-generator,202079,102330
302080,4606.46,2025-01-23 16:35:27,Synthetic payment record,KBZ_PAY,PREMIUM,2025-01,5,,VERIFIED,4606.46,002080,2025-01-25 16:35:27,synthetic-generator,202080,102331
302081,7949.97,2025-02-07 19:13:37,Synthetic payment record,WAVE_PAY,PREMIUM,2025-02,6,,VERIFIED,7949.97,002081,2025-02-07 19:13:37,synthetic-generator,202081,102332
302082,9597.68,2025-03-31 02:40:45,Synthetic payment record,AYA_PAY,PREMIUM,2025-03,7,,PENDING,9597.68,002082,2025-04-01 02:40:45,,202082,102333
302083,33509.69,2025-04-27 10:06:04,Synthetic payment record,BANK_TRANSFER,RENEWAL,2025-04,8,,VERIFIED,33509.69,002083,2025-04-27 10:06:04,synthetic-generator,202083,102334
302084,11119.16,2025-05-11 10:25:33,Synthetic payment record,KBZ_PAY,PREMIUM,2025-05,9,,VERIFIED,11119.16,002084,2025-05-14 10:25:33,synthetic-generator,202084,102335
302085,34664.82,2025-06-26 17:39:07,Synthetic payment record,WAVE_PAY,RENEWAL,2025-06,10,,VERIFIED,34664.82,002085,2025-06-28 17:39:07,synthetic-generator,202085,102336
302086,36386.42,2025-07-05 05:21:35,Synthetic payment record,AYA_PAY,CLAIM_PAYOUT,2025-07,11,,VERIFIED,36386.42,002086,2025-07-06 05:21:35,synthetic-generator,202086,102337
302087,24466.53,2025-08-12 18:08:08,Synthetic payment record,BANK_TRANSFER,PREMIUM,2025-08,12,,VERIFIED,24466.53,002087,2025-08-14 18:08:08,synthetic-generator,202087,102338
302088,11481.26,2025-09-30 13:46:38,Synthetic payment record,KBZ_PAY,PREMIUM,2025-09,1,,VERIFIED,11481.26,002088,2025-09-30 13:46:38,synthetic-generator,202088,102339
302089,19255.67,2025-10-14 21:09:28,Synthetic payment record,WAVE_PAY,PREMIUM,2025-10,2,,VERIFIED,19255.67,002089,2025-10-17 21:09:28,synthetic-generator,202089,102340
302090,10552.80,2025-11-12 23:36:10,Synthetic payment record,AYA_PAY,PREMIUM,2025-11,3,,REJECTED,10552.80,002090,2025-11-14 23:36:10,,202090,102341
302091,61954.65,2025-12-07 22:58:59,Synthetic payment record,BANK_TRANSFER,RENEWAL,2025-12,4,,VERIFIED,61954.65,002091,2025-12-08 22:58:59,synthetic-generator,202091,102342
302092,3110.47,2026-01-25 05:55:35,Synthetic payment record,KBZ_PAY,PREMIUM,2026-01,5,,VERIFIED,3110.47,002092,2026-01-28 05:55:35,synthetic-generator,202092,102343
302093,23511.59,2026-02-07 03:48:44,Synthetic payment record,WAVE_PAY,PREMIUM,2026-02,6,,VERIFIED,23511.59,002093,2026-02-08 03:48:44,synthetic-generator,202093,102344
302094,15601.76,2026-03-19 01:09:25,Synthetic payment record,AYA_PAY,PREMIUM,2026-03,7,,VERIFIED,15601.76,002094,2026-03-22 01:09:25,synthetic-generator,202094,102345
302095,22060.45,2026-04-15 00:56:17,Synthetic payment record,BANK_TRANSFER,PREMIUM,2026-04,8,,VERIFIED,22060.45,002095,2026-04-17 00:56:17,synthetic-generator,202095,102346
302096,2832.77,2026-05-05 21:46:36,Synthetic payment record,KBZ_PAY,PREMIUM,2026-05,9,,VERIFIED,2832.77,002096,2026-05-08 21:46:36,synthetic-generator,202096,102347
302097,31310.03,2026-06-22 15:25:33,Synthetic payment record,WAVE_PAY,PREMIUM,2026-06,10,,VERIFIED,31310.03,002097,2026-06-23 15:25:33,synthetic-generator,202097,102348
302098,14294.26,2026-07-06 02:50:35,Synthetic payment record,AYA_PAY,CLAIM_PAYOUT,2026-07,11,,VERIFIED,14294.26,002098,2026-07-08 02:50:35,synthetic-generator,202098,102349
302099,43510.19,2026-08-13 07:42:15,Synthetic payment record,BANK_TRANSFER,PREMIUM,2026-08,12,,VERIFIED,43510.19,002099,2026-08-15 07:42:15,synthetic-generator,202099,102350
302100,7260.52,2021-09-30 01:23:30,Synthetic payment record,KBZ_PAY,PREMIUM,2021-09,1,,VERIFIED,7260.52,002100,2021-10-01 01:23:30,synthetic-generator,202100,102351
302101,12198.77,2021-10-13 02:27:36,Synthetic payment record,WAVE_PAY,PREMIUM,2021-10,2,,VERIFIED,12198.77,002101,2021-10-15 02:27:36,synthetic-generator,202101,102352
302102,9304.16,2021-11-25 04:05:37,Synthetic payment record,AYA_PAY,PREMIUM,2021-11,3,,PENDING,9304.16,002102,2021-11-25 04:05:37,,202102,102353
302103,5162.43,2021-12-01 06:50:27,Synthetic payment record,BANK_TRANSFER,PREMIUM,2021-12,4,,REJECTED,5162.43,002103,2021-12-01 06:50:27,,202103,102354
302104,2716.97,2022-01-18 18:57:08,Synthetic payment record,KBZ_PAY,PREMIUM,2022-01,5,,VERIFIED,2716.97,002104,2022-01-19 18:57:08,synthetic-generator,202104,102355
302105,10765.22,2022-02-22 23:30:10,Synthetic payment record,WAVE_PAY,PREMIUM,2022-02,6,,VERIFIED,10765.22,002105,2022-02-25 23:30:10,synthetic-generator,202105,102356
302106,22497.83,2022-03-28 07:47:20,Synthetic payment record,AYA_PAY,RENEWAL,2022-03,7,,REJECTED,22497.83,002106,2022-03-31 07:47:20,,202106,102357
302107,49214.74,2022-04-05 07:24:54,Synthetic payment record,BANK_TRANSFER,RENEWAL,2022-04,8,,VERIFIED,49214.74,002107,2022-04-07 07:24:54,synthetic-generator,202107,102358
302108,7760.45,2022-05-27 15:49:55,Synthetic payment record,KBZ_PAY,RENEWAL,2022-05,9,,VERIFIED,7760.45,002108,2022-05-28 15:49:55,synthetic-generator,202108,102359
302109,24808.33,2022-06-13 10:56:08,Synthetic payment record,WAVE_PAY,PREMIUM,2022-06,10,,VERIFIED,24808.33,002109,2022-06-16 10:56:08,synthetic-generator,202109,102360
302110,15958.74,2022-07-29 18:08:13,Synthetic payment record,AYA_PAY,PREMIUM,2022-07,11,,VERIFIED,15958.74,002110,2022-07-30 18:08:13,synthetic-generator,202110,102361
302111,46065.99,2022-08-28 13:35:51,Synthetic payment record,BANK_TRANSFER,PREMIUM,2022-08,12,,VERIFIED,46065.99,002111,2022-08-28 13:35:51,synthetic-generator,202111,102362
302112,4116.16,2022-09-19 10:06:11,Synthetic payment record,KBZ_PAY,PREMIUM,2022-09,1,,VERIFIED,4116.16,002112,2022-09-20 10:06:11,synthetic-generator,202112,102363
302113,14608.34,2022-10-29 02:38:03,Synthetic payment record,WAVE_PAY,RENEWAL,2022-10,2,,REJECTED,14608.34,002113,2022-10-29 02:38:03,,202113,102364
302114,14445.15,2022-11-10 20:17:46,Synthetic payment record,AYA_PAY,PREMIUM,2022-11,3,,VERIFIED,14445.15,002114,2022-11-10 20:17:46,synthetic-generator,202114,102365
302115,10274.42,2022-12-09 12:31:47,Synthetic payment record,BANK_TRANSFER,PREMIUM,2022-12,4,,VERIFIED,10274.42,002115,2022-12-09 12:31:47,synthetic-generator,202115,102366
302116,28892.35,2023-01-25 05:57:44,Synthetic payment record,KBZ_PAY,PREMIUM,2023-01,5,,VERIFIED,28892.35,002116,2023-01-26 05:57:44,synthetic-generator,202116,102367
302117,30992.64,2023-02-09 21:07:08,Synthetic payment record,WAVE_PAY,PREMIUM,2023-02,6,,VERIFIED,30992.64,002117,2023-02-09 21:07:08,synthetic-generator,202117,102368
302118,6829.61,2023-03-03 21:22:19,Synthetic payment record,AYA_PAY,PREMIUM,2023-03,7,,VERIFIED,6829.61,002118,2023-03-03 21:22:19,synthetic-generator,202118,102369
302119,45195.30,2023-04-09 00:34:12,Synthetic payment record,BANK_TRANSFER,RENEWAL,2023-04,8,,VERIFIED,45195.30,002119,2023-04-11 00:34:12,synthetic-generator,202119,102370
302120,2578.72,2023-05-11 03:17:29,Synthetic payment record,KBZ_PAY,PREMIUM,2023-05,9,,VERIFIED,2578.72,002120,2023-05-11 03:17:29,synthetic-generator,202120,102371
302121,24194.74,2023-06-23 07:44:50,Synthetic payment record,WAVE_PAY,PREMIUM,2023-06,10,,VERIFIED,24194.74,002121,2023-06-23 07:44:50,synthetic-generator,202121,102372
302122,22999.00,2023-07-05 22:33:32,Synthetic payment record,AYA_PAY,RENEWAL,2023-07,11,,VERIFIED,22999.00,002122,2023-07-07 22:33:32,synthetic-generator,202122,102373
302123,36540.98,2023-08-14 13:36:34,Synthetic payment record,BANK_TRANSFER,PREMIUM,2023-08,12,,VERIFIED,36540.98,002123,2023-08-16 13:36:34,synthetic-generator,202123,102374
302124,1218.58,2023-09-14 16:37:57,Synthetic payment record,KBZ_PAY,RENEWAL,2023-09,1,,VERIFIED,1218.58,002124,2023-09-15 16:37:57,synthetic-generator,202124,102375
302125,5194.68,2023-10-18 08:53:31,Synthetic payment record,WAVE_PAY,RENEWAL,2023-10,2,,VERIFIED,5194.68,002125,2023-10-19 08:53:31,synthetic-generator,202125,102376
302126,17820.29,2023-11-04 10:05:33,Synthetic payment record,AYA_PAY,RENEWAL,2023-11,3,,VERIFIED,17820.29,002126,2023-11-04 10:05:33,synthetic-generator,202126,102377
302127,39617.87,2023-12-25 02:34:30,Synthetic payment record,BANK_TRANSFER,CLAIM_PAYOUT,2023-12,4,,VERIFIED,39617.87,002127,2023-12-27 02:34:30,synthetic-generator,202127,102378
302128,6443.15,2024-01-24 00:33:58,Synthetic payment record,KBZ_PAY,PREMIUM,2024-01,5,,PENDING,6443.15,002128,2024-01-25 00:33:58,,202128,102379
302129,36973.41,2024-02-10 04:53:00,Synthetic payment record,WAVE_PAY,PREMIUM,2024-02,6,,REJECTED,36973.41,002129,2024-02-12 04:53:00,,202129,102380
302130,16558.24,2024-03-07 22:40:54,Synthetic payment record,AYA_PAY,PREMIUM,2024-03,7,,REJECTED,16558.24,002130,2024-03-09 22:40:54,,202130,102381
302131,8897.42,2024-04-18 23:17:49,Synthetic payment record,BANK_TRANSFER,PREMIUM,2024-04,8,,VERIFIED,8897.42,002131,2024-04-19 23:17:49,synthetic-generator,202131,102382
302132,5955.37,2024-05-06 23:38:13,Synthetic payment record,KBZ_PAY,PREMIUM,2024-05,9,,VERIFIED,5955.37,002132,2024-05-06 23:38:13,synthetic-generator,202132,102383
302133,9775.48,2024-06-06 19:16:57,Synthetic payment record,WAVE_PAY,PREMIUM,2024-06,10,,VERIFIED,9775.48,002133,2024-06-07 19:16:57,synthetic-generator,202133,102384
302134,48018.29,2024-07-09 03:21:33,Synthetic payment record,AYA_PAY,RENEWAL,2024-07,11,,VERIFIED,48018.29,002134,2024-07-12 03:21:33,synthetic-generator,202134,102385
302135,76342.64,2024-08-01 16:31:29,Synthetic payment record,BANK_TRANSFER,PREMIUM,2024-08,12,,VERIFIED,76342.64,002135,2024-08-01 16:31:29,synthetic-generator,202135,102386
302136,10820.31,2024-09-22 08:27:37,Synthetic payment record,KBZ_PAY,RENEWAL,2024-09,1,,VERIFIED,10820.31,002136,2024-09-23 08:27:37,synthetic-generator,202136,102387
302137,9472.86,2024-10-17 00:13:26,Synthetic payment record,WAVE_PAY,PREMIUM,2024-10,2,,VERIFIED,9472.86,002137,2024-10-19 00:13:26,synthetic-generator,202137,102388
302138,10860.44,2024-11-13 10:40:52,Synthetic payment record,AYA_PAY,PREMIUM,2024-11,3,,VERIFIED,10860.44,002138,2024-11-16 10:40:52,synthetic-generator,202138,102389
302139,32186.87,2024-12-28 09:22:37,Synthetic payment record,BANK_TRANSFER,PREMIUM,2024-12,4,,VERIFIED,32186.87,002139,2024-12-30 09:22:37,synthetic-generator,202139,102390
302140,14404.44,2025-01-21 14:07:46,Synthetic payment record,KBZ_PAY,PREMIUM,2025-01,5,,VERIFIED,14404.44,002140,2025-01-21 14:07:46,synthetic-generator,202140,102391
302141,21042.20,2025-02-21 05:41:38,Synthetic payment record,WAVE_PAY,RENEWAL,2025-02,6,,VERIFIED,21042.20,002141,2025-02-24 05:41:38,synthetic-generator,202141,102392
302142,14382.68,2025-03-17 18:01:54,Synthetic payment record,AYA_PAY,RENEWAL,2025-03,7,,VERIFIED,14382.68,002142,2025-03-20 18:01:54,synthetic-generator,202142,102393
302143,21533.02,2025-04-18 09:39:26,Synthetic payment record,BANK_TRANSFER,CLAIM_PAYOUT,2025-04,8,,PENDING,21533.02,002143,2025-04-20 09:39:26,,202143,102394
302144,21040.85,2025-05-04 09:36:10,Synthetic payment record,KBZ_PAY,RENEWAL,2025-05,9,,VERIFIED,21040.85,002144,2025-05-04 09:36:10,synthetic-generator,202144,102395
302145,12408.23,2025-06-01 08:59:10,Synthetic payment record,WAVE_PAY,PREMIUM,2025-06,10,,VERIFIED,12408.23,002145,2025-06-01 08:59:10,synthetic-generator,202145,102396
302146,35018.10,2025-07-30 06:43:51,Synthetic payment record,AYA_PAY,RENEWAL,2025-07,11,,PENDING,35018.10,002146,2025-07-31 06:43:51,,202146,102397
302147,10483.05,2025-08-20 14:06:21,Synthetic payment record,BANK_TRANSFER,PREMIUM,2025-08,12,,VERIFIED,10483.05,002147,2025-08-22 14:06:21,synthetic-generator,202147,102398
302148,6880.00,2025-09-25 17:44:17,Synthetic payment record,KBZ_PAY,PREMIUM,2025-09,1,,VERIFIED,6880.00,002148,2025-09-25 17:44:17,synthetic-generator,202148,102399
302149,21278.49,2025-10-31 22:42:14,Synthetic payment record,WAVE_PAY,PREMIUM,2025-10,2,,VERIFIED,21278.49,002149,2025-11-02 22:42:14,synthetic-generator,202149,102400
302150,4994.56,2025-11-28 05:33:05,Synthetic payment record,AYA_PAY,PREMIUM,2025-11,3,,VERIFIED,4994.56,002150,2025-11-28 05:33:05,synthetic-generator,202150,102401
302151,6770.28,2025-12-29 03:46:21,Synthetic payment record,BANK_TRANSFER,PREMIUM,2025-12,4,,VERIFIED,6770.28,002151,2026-01-01 03:46:21,synthetic-generator,202151,102402
302152,19044.33,2026-01-15 02:47:55,Synthetic payment record,KBZ_PAY,RENEWAL,2026-01,5,,PENDING,19044.33,002152,2026-01-17 02:47:55,,202152,102403
302153,47969.43,2026-02-22 01:37:28,Synthetic payment record,WAVE_PAY,CLAIM_PAYOUT,2026-02,6,,VERIFIED,47969.43,002153,2026-02-22 01:37:28,synthetic-generator,202153,102404
302154,29997.53,2026-03-13 01:41:58,Synthetic payment record,AYA_PAY,PREMIUM,2026-03,7,,VERIFIED,29997.53,002154,2026-03-13 01:41:58,synthetic-generator,202154,102405
302155,26020.62,2026-04-10 07:58:08,Synthetic payment record,BANK_TRANSFER,RENEWAL,2026-04,8,,VERIFIED,26020.62,002155,2026-04-13 07:58:08,synthetic-generator,202155,102406
302156,6554.94,2026-05-24 11:19:19,Synthetic payment record,KBZ_PAY,PREMIUM,2026-05,9,,VERIFIED,6554.94,002156,2026-05-25 11:19:19,synthetic-generator,202156,102407
302157,35479.88,2026-06-24 13:00:08,Synthetic payment record,WAVE_PAY,PREMIUM,2026-06,10,,VERIFIED,35479.88,002157,2026-06-26 13:00:08,synthetic-generator,202157,102408
302158,36318.98,2026-07-02 20:43:36,Synthetic payment record,AYA_PAY,PREMIUM,2026-07,11,,VERIFIED,36318.98,002158,2026-07-04 20:43:36,synthetic-generator,202158,102409
302159,50304.40,2026-08-26 15:41:38,Synthetic payment record,BANK_TRANSFER,PREMIUM,2026-08,12,,VERIFIED,50304.40,002159,2026-08-29 15:41:38,synthetic-generator,202159,102410
302160,6129.36,2021-09-15 11:14:03,Synthetic payment record,KBZ_PAY,PREMIUM,2021-09,1,,VERIFIED,6129.36,002160,2021-09-17 11:14:03,synthetic-generator,202160,102411
302161,4880.63,2021-10-18 15:59:52,Synthetic payment record,WAVE_PAY,PREMIUM,2021-10,2,,VERIFIED,4880.63,002161,2021-10-19 15:59:52,synthetic-generator,202161,102412
302162,17489.60,2021-11-29 12:27:21,Synthetic payment record,AYA_PAY,RENEWAL,2021-11,3,,VERIFIED,17489.60,002162,2021-11-30 12:27:21,synthetic-generator,202162,102413
302163,6631.82,2021-12-17 11:11:55,Synthetic payment record,BANK_TRANSFER,PREMIUM,2021-12,4,,VERIFIED,6631.82,002163,2021-12-17 11:11:55,synthetic-generator,202163,102414
302164,12813.16,2022-01-02 23:00:19,Synthetic payment record,KBZ_PAY,PREMIUM,2022-01,5,,VERIFIED,12813.16,002164,2022-01-02 23:00:19,synthetic-generator,202164,102415
302165,6451.72,2022-02-06 04:12:16,Synthetic payment record,WAVE_PAY,PREMIUM,2022-02,6,,VERIFIED,6451.72,002165,2022-02-07 04:12:16,synthetic-generator,202165,102416
302166,15058.10,2022-03-05 08:18:40,Synthetic payment record,AYA_PAY,PREMIUM,2022-03,7,,VERIFIED,15058.10,002166,2022-03-08 08:18:40,synthetic-generator,202166,102417
302167,41615.44,2022-04-30 02:10:55,Synthetic payment record,BANK_TRANSFER,PREMIUM,2022-04,8,,VERIFIED,41615.44,002167,2022-05-02 02:10:55,synthetic-generator,202167,102418
302168,5945.82,2022-05-31 00:44:15,Synthetic payment record,KBZ_PAY,PREMIUM,2022-05,9,,VERIFIED,5945.82,002168,2022-06-03 00:44:15,synthetic-generator,202168,102419
302169,21534.37,2022-06-26 18:27:57,Synthetic payment record,WAVE_PAY,PREMIUM,2022-06,10,,VERIFIED,21534.37,002169,2022-06-26 18:27:57,synthetic-generator,202169,102420
302170,18698.91,2022-07-19 10:33:59,Synthetic payment record,AYA_PAY,PREMIUM,2022-07,11,,PENDING,18698.91,002170,2022-07-19 10:33:59,,202170,102421
302171,34192.36,2022-08-27 03:41:58,Synthetic payment record,BANK_TRANSFER,PREMIUM,2022-08,12,,VERIFIED,34192.36,002171,2022-08-27 03:41:58,synthetic-generator,202171,102422
302172,1073.28,2022-09-19 13:35:08,Synthetic payment record,KBZ_PAY,RENEWAL,2022-09,1,,PENDING,1073.28,002172,2022-09-21 13:35:08,,202172,102423
302173,16203.74,2022-10-18 00:42:38,Synthetic payment record,WAVE_PAY,RENEWAL,2022-10,2,,VERIFIED,16203.74,002173,2022-10-18 00:42:38,synthetic-generator,202173,102424
302174,12643.53,2022-11-16 19:47:03,Synthetic payment record,AYA_PAY,PREMIUM,2022-11,3,,VERIFIED,12643.53,002174,2022-11-16 19:47:03,synthetic-generator,202174,102425
302175,31986.90,2022-12-30 06:27:28,Synthetic payment record,BANK_TRANSFER,RENEWAL,2022-12,4,,VERIFIED,31986.90,002175,2023-01-02 06:27:28,synthetic-generator,202175,102426
302176,17142.66,2023-01-08 01:21:43,Synthetic payment record,KBZ_PAY,RENEWAL,2023-01,5,,VERIFIED,17142.66,002176,2023-01-10 01:21:43,synthetic-generator,202176,102427
302177,21952.46,2023-02-20 15:39:49,Synthetic payment record,WAVE_PAY,PREMIUM,2023-02,6,,VERIFIED,21952.46,002177,2023-02-21 15:39:49,synthetic-generator,202177,102428
302178,14518.11,2023-03-05 20:27:28,Synthetic payment record,AYA_PAY,RENEWAL,2023-03,7,,VERIFIED,14518.11,002178,2023-03-05 20:27:28,synthetic-generator,202178,102429
302179,30458.09,2023-04-11 06:11:31,Synthetic payment record,BANK_TRANSFER,PREMIUM,2023-04,8,,VERIFIED,30458.09,002179,2023-04-14 06:11:31,synthetic-generator,202179,102430
302180,5334.20,2023-05-06 19:10:57,Synthetic payment record,KBZ_PAY,PREMIUM,2023-05,9,,REJECTED,5334.20,002180,2023-05-06 19:10:57,,202180,102431
302181,5232.56,2023-06-19 21:10:22,Synthetic payment record,WAVE_PAY,PREMIUM,2023-06,10,,VERIFIED,5232.56,002181,2023-06-21 21:10:22,synthetic-generator,202181,102432
302182,44695.17,2023-07-30 01:30:38,Synthetic payment record,AYA_PAY,PREMIUM,2023-07,11,,REJECTED,44695.17,002182,2023-08-02 01:30:38,,202182,102433
302183,46714.00,2023-08-21 07:46:16,Synthetic payment record,BANK_TRANSFER,PREMIUM,2023-08,12,,REJECTED,46714.00,002183,2023-08-22 07:46:16,,202183,102434
302184,4116.77,2023-09-09 17:12:51,Synthetic payment record,KBZ_PAY,PREMIUM,2023-09,1,,VERIFIED,4116.77,002184,2023-09-10 17:12:51,synthetic-generator,202184,102435
302185,15805.57,2023-10-29 04:22:45,Synthetic payment record,WAVE_PAY,PREMIUM,2023-10,2,,VERIFIED,15805.57,002185,2023-10-31 04:22:45,synthetic-generator,202185,102436
302186,32189.81,2023-11-28 15:26:51,Synthetic payment record,AYA_PAY,RENEWAL,2023-11,3,,VERIFIED,32189.81,002186,2023-11-30 15:26:51,synthetic-generator,202186,102437
302187,37812.51,2023-12-22 06:30:22,Synthetic payment record,BANK_TRANSFER,PREMIUM,2023-12,4,,VERIFIED,37812.51,002187,2023-12-22 06:30:22,synthetic-generator,202187,102438
302188,6663.42,2024-01-25 11:53:34,Synthetic payment record,KBZ_PAY,PREMIUM,2024-01,5,,VERIFIED,6663.42,002188,2024-01-28 11:53:34,synthetic-generator,202188,102439
302189,16628.40,2024-02-17 17:43:40,Synthetic payment record,WAVE_PAY,CLAIM_PAYOUT,2024-02,6,,VERIFIED,16628.40,002189,2024-02-17 17:43:40,synthetic-generator,202189,102440
302190,25745.67,2024-03-31 11:54:51,Synthetic payment record,AYA_PAY,PREMIUM,2024-03,7,,VERIFIED,25745.67,002190,2024-04-03 11:54:51,synthetic-generator,202190,102441
302191,5650.72,2024-04-25 06:45:36,Synthetic payment record,BANK_TRANSFER,CLAIM_PAYOUT,2024-04,8,,REJECTED,5650.72,002191,2024-04-25 06:45:36,,202191,102442
302192,21551.37,2024-05-13 04:45:26,Synthetic payment record,KBZ_PAY,PREMIUM,2024-05,9,,VERIFIED,21551.37,002192,2024-05-14 04:45:26,synthetic-generator,202192,102443
302193,44356.23,2024-06-18 13:03:46,Synthetic payment record,WAVE_PAY,CLAIM_PAYOUT,2024-06,10,,VERIFIED,44356.23,002193,2024-06-20 13:03:46,synthetic-generator,202193,102444
302194,34140.58,2024-07-28 08:34:41,Synthetic payment record,AYA_PAY,PREMIUM,2024-07,11,,VERIFIED,34140.58,002194,2024-07-30 08:34:41,synthetic-generator,202194,102445
302195,29335.83,2024-08-02 15:51:06,Synthetic payment record,BANK_TRANSFER,PREMIUM,2024-08,12,,VERIFIED,29335.83,002195,2024-08-05 15:51:06,synthetic-generator,202195,102446
302196,2115.89,2024-09-23 10:32:37,Synthetic payment record,KBZ_PAY,PREMIUM,2024-09,1,,PENDING,2115.89,002196,2024-09-23 10:32:37,,202196,102447
302197,14663.05,2024-10-27 06:42:26,Synthetic payment record,WAVE_PAY,CLAIM_PAYOUT,2024-10,2,,REJECTED,14663.05,002197,2024-10-27 06:42:26,,202197,102448
302198,43284.86,2024-11-02 13:26:36,Synthetic payment record,AYA_PAY,PREMIUM,2024-11,3,,VERIFIED,43284.86,002198,2024-11-02 13:26:36,synthetic-generator,202198,102449
302199,35181.74,2024-12-23 11:53:06,Synthetic payment record,BANK_TRANSFER,PREMIUM,2024-12,4,,VERIFIED,35181.74,002199,2024-12-23 11:53:06,synthetic-generator,202199,102450
302200,10666.11,2025-01-07 09:12:43,Synthetic payment record,KBZ_PAY,PREMIUM,2025-01,5,,VERIFIED,10666.11,002200,2025-01-09 09:12:43,synthetic-generator,202200,102451
302201,19460.83,2025-02-07 09:49:20,Synthetic payment record,WAVE_PAY,PREMIUM,2025-02,6,,VERIFIED,19460.83,002201,2025-02-08 09:49:20,synthetic-generator,202201,102452
302202,31232.22,2025-03-17 14:26:47,Synthetic payment record,AYA_PAY,PREMIUM,2025-03,7,,PENDING,31232.22,002202,2025-03-18 14:26:47,,202202,102453
302203,44168.85,2025-04-20 09:58:23,Synthetic payment record,BANK_TRANSFER,PREMIUM,2025-04,8,,VERIFIED,44168.85,002203,2025-04-20 09:58:23,synthetic-generator,202203,102454
302204,4011.04,2025-05-19 02:59:02,Synthetic payment record,KBZ_PAY,RENEWAL,2025-05,9,,VERIFIED,4011.04,002204,2025-05-21 02:59:02,synthetic-generator,202204,102455
302205,30857.78,2025-06-22 21:45:25,Synthetic payment record,WAVE_PAY,PREMIUM,2025-06,10,,VERIFIED,30857.78,002205,2025-06-25 21:45:25,synthetic-generator,202205,102456
302206,17800.79,2025-07-22 01:43:43,Synthetic payment record,AYA_PAY,RENEWAL,2025-07,11,,VERIFIED,17800.79,002206,2025-07-24 01:43:43,synthetic-generator,202206,102457
302207,45765.70,2025-08-06 08:42:33,Synthetic payment record,BANK_TRANSFER,PREMIUM,2025-08,12,,VERIFIED,45765.70,002207,2025-08-09 08:42:33,synthetic-generator,202207,102458
302208,6103.76,2025-09-11 03:14:46,Synthetic payment record,KBZ_PAY,CLAIM_PAYOUT,2025-09,1,,VERIFIED,6103.76,002208,2025-09-11 03:14:46,synthetic-generator,202208,102459
302209,17294.86,2025-10-02 07:23:13,Synthetic payment record,WAVE_PAY,PREMIUM,2025-10,2,,VERIFIED,17294.86,002209,2025-10-02 07:23:13,synthetic-generator,202209,102460
302210,12481.51,2025-11-27 15:43:01,Synthetic payment record,AYA_PAY,PREMIUM,2025-11,3,,VERIFIED,12481.51,002210,2025-11-27 15:43:01,synthetic-generator,202210,102461
302211,32398.26,2025-12-17 10:47:48,Synthetic payment record,BANK_TRANSFER,PREMIUM,2025-12,4,,REJECTED,32398.26,002211,2025-12-18 10:47:48,,202211,102462
302212,20551.12,2026-01-15 07:34:00,Synthetic payment record,KBZ_PAY,PREMIUM,2026-01,5,,VERIFIED,20551.12,002212,2026-01-15 07:34:00,synthetic-generator,202212,102463
302213,15583.65,2026-02-15 10:13:06,Synthetic payment record,WAVE_PAY,PREMIUM,2026-02,6,,VERIFIED,15583.65,002213,2026-02-16 10:13:06,synthetic-generator,202213,102464
302214,20175.21,2026-03-16 08:40:38,Synthetic payment record,AYA_PAY,PREMIUM,2026-03,7,,VERIFIED,20175.21,002214,2026-03-17 08:40:38,synthetic-generator,202214,102465
302215,8719.54,2026-04-04 23:29:06,Synthetic payment record,BANK_TRANSFER,PREMIUM,2026-04,8,,VERIFIED,8719.54,002215,2026-04-06 23:29:06,synthetic-generator,202215,102466
302216,6534.92,2026-05-18 16:26:30,Synthetic payment record,KBZ_PAY,PREMIUM,2026-05,9,,VERIFIED,6534.92,002216,2026-05-20 16:26:30,synthetic-generator,202216,102467
302217,36906.47,2026-06-06 18:20:58,Synthetic payment record,WAVE_PAY,PREMIUM,2026-06,10,,REJECTED,36906.47,002217,2026-06-09 18:20:58,,202217,102468
302218,10534.20,2026-07-15 09:23:39,Synthetic payment record,AYA_PAY,PREMIUM,2026-07,11,,VERIFIED,10534.20,002218,2026-07-18 09:23:39,synthetic-generator,202218,102469
302219,69712.24,2026-08-23 16:07:14,Synthetic payment record,BANK_TRANSFER,PREMIUM,2026-08,12,,VERIFIED,69712.24,002219,2026-08-24 16:07:14,synthetic-generator,202219,102470
302220,6764.15,2021-09-27 13:21:31,Synthetic payment record,KBZ_PAY,PREMIUM,2021-09,1,,VERIFIED,6764.15,002220,2021-09-27 13:21:31,synthetic-generator,202220,102471
302221,3817.27,2021-10-22 01:20:07,Synthetic payment record,WAVE_PAY,PREMIUM,2021-10,2,,VERIFIED,3817.27,002221,2021-10-24 01:20:07,synthetic-generator,202221,102472
302222,10941.18,2021-11-24 22:34:51,Synthetic payment record,AYA_PAY,RENEWAL,2021-11,3,,VERIFIED,10941.18,002222,2021-11-27 22:34:51,synthetic-generator,202222,102473
302223,26773.14,2021-12-24 06:33:39,Synthetic payment record,BANK_TRANSFER,RENEWAL,2021-12,4,,VERIFIED,26773.14,002223,2021-12-27 06:33:39,synthetic-generator,202223,102474
302224,19030.83,2022-01-23 10:49:32,Synthetic payment record,KBZ_PAY,PREMIUM,2022-01,5,,VERIFIED,19030.83,002224,2022-01-25 10:49:32,synthetic-generator,202224,102475
302225,24625.08,2022-02-16 11:28:54,Synthetic payment record,WAVE_PAY,PREMIUM,2022-02,6,,VERIFIED,24625.08,002225,2022-02-18 11:28:54,synthetic-generator,202225,102476
302226,22295.17,2022-03-08 18:50:51,Synthetic payment record,AYA_PAY,PREMIUM,2022-03,7,,VERIFIED,22295.17,002226,2022-03-09 18:50:51,synthetic-generator,202226,102477
302227,43295.37,2022-04-11 03:05:46,Synthetic payment record,BANK_TRANSFER,PREMIUM,2022-04,8,,VERIFIED,43295.37,002227,2022-04-11 03:05:46,synthetic-generator,202227,102478
302228,4601.34,2022-05-28 08:43:09,Synthetic payment record,KBZ_PAY,RENEWAL,2022-05,9,,VERIFIED,4601.34,002228,2022-05-31 08:43:09,synthetic-generator,202228,102479
302229,18061.63,2022-06-09 06:43:12,Synthetic payment record,WAVE_PAY,PREMIUM,2022-06,10,,VERIFIED,18061.63,002229,2022-06-10 06:43:12,synthetic-generator,202229,102480
302230,35320.18,2022-07-16 00:56:20,Synthetic payment record,AYA_PAY,RENEWAL,2022-07,11,,REJECTED,35320.18,002230,2022-07-18 00:56:20,,202230,102481
302231,63362.29,2022-08-13 07:37:28,Synthetic payment record,BANK_TRANSFER,PREMIUM,2022-08,12,,PENDING,63362.29,002231,2022-08-15 07:37:28,,202231,102482
302232,5217.01,2022-09-08 04:13:29,Synthetic payment record,KBZ_PAY,PREMIUM,2022-09,1,,VERIFIED,5217.01,002232,2022-09-09 04:13:29,synthetic-generator,202232,102483
302233,19302.31,2022-10-28 00:12:17,Synthetic payment record,WAVE_PAY,PREMIUM,2022-10,2,,REJECTED,19302.31,002233,2022-10-31 00:12:17,,202233,102484
302234,9218.85,2022-11-08 17:54:05,Synthetic payment record,AYA_PAY,PREMIUM,2022-11,3,,VERIFIED,9218.85,002234,2022-11-11 17:54:05,synthetic-generator,202234,102485
302235,19602.74,2022-12-14 23:18:24,Synthetic payment record,BANK_TRANSFER,PREMIUM,2022-12,4,,VERIFIED,19602.74,002235,2022-12-17 23:18:24,synthetic-generator,202235,102486
302236,15268.46,2023-01-28 14:07:44,Synthetic payment record,KBZ_PAY,PREMIUM,2023-01,5,,PENDING,15268.46,002236,2023-01-28 14:07:44,,202236,102487
302237,5219.98,2023-02-22 01:24:21,Synthetic payment record,WAVE_PAY,PREMIUM,2023-02,6,,PENDING,5219.98,002237,2023-02-23 01:24:21,,202237,102488
302238,6609.82,2023-03-08 03:52:17,Synthetic payment record,AYA_PAY,RENEWAL,2023-03,7,,VERIFIED,6609.82,002238,2023-03-11 03:52:17,synthetic-generator,202238,102489
302239,3860.57,2023-04-20 14:02:19,Synthetic payment record,BANK_TRANSFER,RENEWAL,2023-04,8,,PENDING,3860.57,002239,2023-04-22 14:02:19,,202239,102490
302240,21398.61,2023-05-03 08:15:14,Synthetic payment record,KBZ_PAY,PREMIUM,2023-05,9,,VERIFIED,21398.61,002240,2023-05-05 08:15:14,synthetic-generator,202240,102491
302241,17058.04,2023-06-03 19:41:55,Synthetic payment record,WAVE_PAY,PREMIUM,2023-06,10,,PENDING,17058.04,002241,2023-06-05 19:41:55,,202241,102492
302242,4490.47,2023-07-04 15:50:55,Synthetic payment record,AYA_PAY,CLAIM_PAYOUT,2023-07,11,,VERIFIED,4490.47,002242,2023-07-04 15:50:55,synthetic-generator,202242,102493
302243,41285.01,2023-08-10 06:03:22,Synthetic payment record,BANK_TRANSFER,PREMIUM,2023-08,12,,VERIFIED,41285.01,002243,2023-08-12 06:03:22,synthetic-generator,202243,102494
302244,2892.27,2023-09-21 13:39:48,Synthetic payment record,KBZ_PAY,PREMIUM,2023-09,1,,VERIFIED,2892.27,002244,2023-09-21 13:39:48,synthetic-generator,202244,102495
302245,6370.74,2023-10-29 08:12:16,Synthetic payment record,WAVE_PAY,RENEWAL,2023-10,2,,VERIFIED,6370.74,002245,2023-10-29 08:12:16,synthetic-generator,202245,102496
302246,23681.72,2023-11-22 13:06:39,Synthetic payment record,AYA_PAY,PREMIUM,2023-11,3,,VERIFIED,23681.72,002246,2023-11-22 13:06:39,synthetic-generator,202246,102497
302247,11218.28,2023-12-07 06:21:29,Synthetic payment record,BANK_TRANSFER,PREMIUM,2023-12,4,,VERIFIED,11218.28,002247,2023-12-08 06:21:29,synthetic-generator,202247,102498
302248,17424.00,2024-01-07 12:26:05,Synthetic payment record,KBZ_PAY,RENEWAL,2024-01,5,,VERIFIED,17424.00,002248,2024-01-09 12:26:05,synthetic-generator,202248,102499
302249,9865.70,2024-02-14 23:04:15,Synthetic payment record,WAVE_PAY,PREMIUM,2024-02,6,,VERIFIED,9865.70,002249,2024-02-15 23:04:15,synthetic-generator,202249,100251
302250,31714.87,2024-03-06 03:31:26,Synthetic payment record,AYA_PAY,PREMIUM,2024-03,7,,VERIFIED,31714.87,002250,2024-03-07 03:31:26,synthetic-generator,202250,100252
302251,36277.92,2024-04-07 14:46:49,Synthetic payment record,BANK_TRANSFER,PREMIUM,2024-04,8,,VERIFIED,36277.92,002251,2024-04-07 14:46:49,synthetic-generator,202251,100253
302252,15458.73,2024-05-17 00:47:36,Synthetic payment record,KBZ_PAY,PREMIUM,2024-05,9,,VERIFIED,15458.73,002252,2024-05-18 00:47:36,synthetic-generator,202252,100254
302253,27264.92,2024-06-17 14:19:02,Synthetic payment record,WAVE_PAY,PREMIUM,2024-06,10,,VERIFIED,27264.92,002253,2024-06-17 14:19:02,synthetic-generator,202253,100255
302254,13788.23,2024-07-02 01:30:04,Synthetic payment record,AYA_PAY,PREMIUM,2024-07,11,,VERIFIED,13788.23,002254,2024-07-05 01:30:04,synthetic-generator,202254,100256
302255,20662.71,2024-08-24 06:53:37,Synthetic payment record,BANK_TRANSFER,PREMIUM,2024-08,12,,VERIFIED,20662.71,002255,2024-08-24 06:53:37,synthetic-generator,202255,100257
302256,8688.31,2024-09-09 13:25:46,Synthetic payment record,KBZ_PAY,PREMIUM,2024-09,1,,VERIFIED,8688.31,002256,2024-09-12 13:25:46,synthetic-generator,202256,100258
302257,18548.39,2024-10-02 03:19:35,Synthetic payment record,WAVE_PAY,PREMIUM,2024-10,2,,VERIFIED,18548.39,002257,2024-10-04 03:19:35,synthetic-generator,202257,100259
302258,9658.85,2024-11-07 23:42:21,Synthetic payment record,AYA_PAY,PREMIUM,2024-11,3,,VERIFIED,9658.85,002258,2024-11-08 23:42:21,synthetic-generator,202258,100260
302259,48298.06,2024-12-06 13:18:10,Synthetic payment record,BANK_TRANSFER,PREMIUM,2024-12,4,,VERIFIED,48298.06,002259,2024-12-09 13:18:10,synthetic-generator,202259,100261
302260,29529.53,2025-01-07 15:09:48,Synthetic payment record,KBZ_PAY,PREMIUM,2025-01,5,,VERIFIED,29529.53,002260,2025-01-10 15:09:48,synthetic-generator,202260,100262
302261,22707.34,2025-02-26 11:21:24,Synthetic payment record,WAVE_PAY,PREMIUM,2025-02,6,,PENDING,22707.34,002261,2025-02-26 11:21:24,,202261,100263
302262,16607.62,2025-03-27 05:49:26,Synthetic payment record,AYA_PAY,PREMIUM,2025-03,7,,PENDING,16607.62,002262,2025-03-29 05:49:26,,202262,100264
302263,35584.23,2025-04-04 12:48:59,Synthetic payment record,BANK_TRANSFER,PREMIUM,2025-04,8,,VERIFIED,35584.23,002263,2025-04-06 12:48:59,synthetic-generator,202263,100265
302264,20871.01,2025-05-26 19:43:39,Synthetic payment record,KBZ_PAY,PREMIUM,2025-05,9,,VERIFIED,20871.01,002264,2025-05-29 19:43:39,synthetic-generator,202264,100266
302265,6594.20,2025-06-14 23:10:19,Synthetic payment record,WAVE_PAY,PREMIUM,2025-06,10,,PENDING,6594.20,002265,2025-06-17 23:10:19,,202265,100267
302266,4380.33,2025-07-11 02:42:21,Synthetic payment record,AYA_PAY,PREMIUM,2025-07,11,,VERIFIED,4380.33,002266,2025-07-12 02:42:21,synthetic-generator,202266,100268
302267,24651.98,2025-08-04 01:52:37,Synthetic payment record,BANK_TRANSFER,PREMIUM,2025-08,12,,VERIFIED,24651.98,002267,2025-08-04 01:52:37,synthetic-generator,202267,100269
302268,5551.69,2025-09-30 20:43:38,Synthetic payment record,KBZ_PAY,RENEWAL,2025-09,1,,VERIFIED,5551.69,002268,2025-10-03 20:43:38,synthetic-generator,202268,100270
302269,10445.90,2025-10-02 01:35:36,Synthetic payment record,WAVE_PAY,PREMIUM,2025-10,2,,VERIFIED,10445.90,002269,2025-10-03 01:35:36,synthetic-generator,202269,100271
302270,38474.28,2025-11-03 06:49:04,Synthetic payment record,AYA_PAY,PREMIUM,2025-11,3,,VERIFIED,38474.28,002270,2025-11-06 06:49:04,synthetic-generator,202270,100272
302271,42985.38,2025-12-27 17:06:02,Synthetic payment record,BANK_TRANSFER,PREMIUM,2025-12,4,,VERIFIED,42985.38,002271,2025-12-30 17:06:02,synthetic-generator,202271,100273
302272,15504.41,2026-01-12 15:07:49,Synthetic payment record,KBZ_PAY,PREMIUM,2026-01,5,,VERIFIED,15504.41,002272,2026-01-14 15:07:49,synthetic-generator,202272,100274
302273,6071.23,2026-02-10 10:13:56,Synthetic payment record,WAVE_PAY,PREMIUM,2026-02,6,,PENDING,6071.23,002273,2026-02-10 10:13:56,,202273,100275
302274,13364.05,2026-03-11 07:35:21,Synthetic payment record,AYA_PAY,PREMIUM,2026-03,7,,PENDING,13364.05,002274,2026-03-11 07:35:21,,202274,100276
302275,14112.33,2026-04-09 09:48:05,Synthetic payment record,BANK_TRANSFER,PREMIUM,2026-04,8,,VERIFIED,14112.33,002275,2026-04-12 09:48:05,synthetic-generator,202275,100277
302276,4819.31,2026-05-19 10:24:58,Synthetic payment record,KBZ_PAY,PREMIUM,2026-05,9,,VERIFIED,4819.31,002276,2026-05-22 10:24:58,synthetic-generator,202276,100278
302277,8893.00,2026-06-26 14:05:30,Synthetic payment record,WAVE_PAY,PREMIUM,2026-06,10,,VERIFIED,8893.00,002277,2026-06-29 14:05:30,synthetic-generator,202277,100279
302278,37400.81,2026-07-21 09:59:35,Synthetic payment record,AYA_PAY,PREMIUM,2026-07,11,,VERIFIED,37400.81,002278,2026-07-22 09:59:35,synthetic-generator,202278,100280
302279,66440.17,2026-08-04 06:53:13,Synthetic payment record,BANK_TRANSFER,PREMIUM,2026-08,12,,VERIFIED,66440.17,002279,2026-08-05 06:53:13,synthetic-generator,202279,100281
302280,2457.20,2021-09-12 04:57:25,Synthetic payment record,KBZ_PAY,PREMIUM,2021-09,1,,PENDING,2457.20,002280,2021-09-12 04:57:25,,202280,100282
302281,13738.28,2021-10-05 14:50:03,Synthetic payment record,WAVE_PAY,PREMIUM,2021-10,2,,VERIFIED,13738.28,002281,2021-10-06 14:50:03,synthetic-generator,202281,100283
302282,26159.31,2021-11-04 14:08:36,Synthetic payment record,AYA_PAY,PREMIUM,2021-11,3,,VERIFIED,26159.31,002282,2021-11-06 14:08:36,synthetic-generator,202282,100284
302283,27107.20,2021-12-24 04:36:55,Synthetic payment record,BANK_TRANSFER,PREMIUM,2021-12,4,,VERIFIED,27107.20,002283,2021-12-24 04:36:55,synthetic-generator,202283,100285
302284,19000.96,2022-01-15 16:57:07,Synthetic payment record,KBZ_PAY,PREMIUM,2022-01,5,,VERIFIED,19000.96,002284,2022-01-17 16:57:07,synthetic-generator,202284,100286
302285,27898.62,2022-02-26 08:31:08,Synthetic payment record,WAVE_PAY,PREMIUM,2022-02,6,,REJECTED,27898.62,002285,2022-03-01 08:31:08,,202285,100287
302286,8023.29,2022-03-25 07:15:01,Synthetic payment record,AYA_PAY,PREMIUM,2022-03,7,,VERIFIED,8023.29,002286,2022-03-25 07:15:01,synthetic-generator,202286,100288
302287,26526.33,2022-04-21 20:03:29,Synthetic payment record,BANK_TRANSFER,RENEWAL,2022-04,8,,VERIFIED,26526.33,002287,2022-04-21 20:03:29,synthetic-generator,202287,100289
302288,10456.56,2022-05-25 12:30:13,Synthetic payment record,KBZ_PAY,PREMIUM,2022-05,9,,VERIFIED,10456.56,002288,2022-05-27 12:30:13,synthetic-generator,202288,100290
302289,2451.52,2022-06-01 13:35:54,Synthetic payment record,WAVE_PAY,PREMIUM,2022-06,10,,VERIFIED,2451.52,002289,2022-06-03 13:35:54,synthetic-generator,202289,100291
302290,24436.87,2022-07-19 07:18:44,Synthetic payment record,AYA_PAY,PREMIUM,2022-07,11,,VERIFIED,24436.87,002290,2022-07-22 07:18:44,synthetic-generator,202290,100292
302291,28651.71,2022-08-01 09:25:40,Synthetic payment record,BANK_TRANSFER,RENEWAL,2022-08,12,,VERIFIED,28651.71,002291,2022-08-04 09:25:40,synthetic-generator,202291,100293
302292,10825.29,2022-09-12 12:40:10,Synthetic payment record,KBZ_PAY,PREMIUM,2022-09,1,,VERIFIED,10825.29,002292,2022-09-13 12:40:10,synthetic-generator,202292,100294
302293,3511.11,2022-10-01 10:46:58,Synthetic payment record,WAVE_PAY,PREMIUM,2022-10,2,,VERIFIED,3511.11,002293,2022-10-01 10:46:58,synthetic-generator,202293,100295
302294,27103.01,2022-11-28 01:35:39,Synthetic payment record,AYA_PAY,PREMIUM,2022-11,3,,VERIFIED,27103.01,002294,2022-11-30 01:35:39,synthetic-generator,202294,100296
302295,6375.05,2022-12-23 11:12:10,Synthetic payment record,BANK_TRANSFER,PREMIUM,2022-12,4,,VERIFIED,6375.05,002295,2022-12-24 11:12:10,synthetic-generator,202295,100297
302296,12594.01,2023-01-28 14:09:23,Synthetic payment record,KBZ_PAY,PREMIUM,2023-01,5,,VERIFIED,12594.01,002296,2023-01-28 14:09:23,synthetic-generator,202296,100298
302297,31703.11,2023-02-06 11:52:42,Synthetic payment record,WAVE_PAY,PREMIUM,2023-02,6,,VERIFIED,31703.11,002297,2023-02-06 11:52:42,synthetic-generator,202297,100299
302298,24762.79,2023-03-24 11:28:28,Synthetic payment record,AYA_PAY,CLAIM_PAYOUT,2023-03,7,,VERIFIED,24762.79,002298,2023-03-25 11:28:28,synthetic-generator,202298,100300
302299,37005.29,2023-04-21 18:43:10,Synthetic payment record,BANK_TRANSFER,RENEWAL,2023-04,8,,VERIFIED,37005.29,002299,2023-04-21 18:43:10,synthetic-generator,202299,100301
302300,14442.24,2023-05-17 18:13:33,Synthetic payment record,KBZ_PAY,PREMIUM,2023-05,9,,VERIFIED,14442.24,002300,2023-05-20 18:13:33,synthetic-generator,202300,100302
302301,8442.14,2023-06-07 06:51:03,Synthetic payment record,WAVE_PAY,RENEWAL,2023-06,10,,PENDING,8442.14,002301,2023-06-10 06:51:03,,202301,100303
302302,7696.70,2023-07-10 07:04:25,Synthetic payment record,AYA_PAY,PREMIUM,2023-07,11,,VERIFIED,7696.70,002302,2023-07-12 07:04:25,synthetic-generator,202302,100304
302303,60316.33,2023-08-03 05:19:49,Synthetic payment record,BANK_TRANSFER,RENEWAL,2023-08,12,,REJECTED,60316.33,002303,2023-08-05 05:19:49,,202303,100305
302304,7150.16,2023-09-10 05:37:25,Synthetic payment record,KBZ_PAY,PREMIUM,2023-09,1,,VERIFIED,7150.16,002304,2023-09-13 05:37:25,synthetic-generator,202304,100306
302305,12468.96,2023-10-06 00:53:05,Synthetic payment record,WAVE_PAY,RENEWAL,2023-10,2,,VERIFIED,12468.96,002305,2023-10-09 00:53:05,synthetic-generator,202305,100307
302306,6115.92,2023-11-10 14:52:01,Synthetic payment record,AYA_PAY,PREMIUM,2023-11,3,,VERIFIED,6115.92,002306,2023-11-13 14:52:01,synthetic-generator,202306,100308
302307,48014.01,2023-12-23 00:36:35,Synthetic payment record,BANK_TRANSFER,RENEWAL,2023-12,4,,VERIFIED,48014.01,002307,2023-12-26 00:36:35,synthetic-generator,202307,100309
302308,25548.59,2024-01-11 13:36:59,Synthetic payment record,KBZ_PAY,PREMIUM,2024-01,5,,VERIFIED,25548.59,002308,2024-01-12 13:36:59,synthetic-generator,202308,100310
302309,16242.43,2024-02-16 18:22:16,Synthetic payment record,WAVE_PAY,PREMIUM,2024-02,6,,VERIFIED,16242.43,002309,2024-02-17 18:22:16,synthetic-generator,202309,100311
302310,16305.98,2024-03-02 02:54:06,Synthetic payment record,AYA_PAY,PREMIUM,2024-03,7,,VERIFIED,16305.98,002310,2024-03-04 02:54:06,synthetic-generator,202310,100312
302311,9461.69,2024-04-23 05:24:24,Synthetic payment record,BANK_TRANSFER,PREMIUM,2024-04,8,,VERIFIED,9461.69,002311,2024-04-24 05:24:24,synthetic-generator,202311,100313
302312,14551.04,2024-05-22 05:55:16,Synthetic payment record,KBZ_PAY,RENEWAL,2024-05,9,,PENDING,14551.04,002312,2024-05-25 05:55:16,,202312,100314
302313,27272.39,2024-06-27 10:43:07,Synthetic payment record,WAVE_PAY,PREMIUM,2024-06,10,,REJECTED,27272.39,002313,2024-06-28 10:43:07,,202313,100315
302314,29259.37,2024-07-27 10:10:37,Synthetic payment record,AYA_PAY,CLAIM_PAYOUT,2024-07,11,,VERIFIED,29259.37,002314,2024-07-28 10:10:37,synthetic-generator,202314,100316
302315,48241.40,2024-08-23 12:04:58,Synthetic payment record,BANK_TRANSFER,PREMIUM,2024-08,12,,PENDING,48241.40,002315,2024-08-25 12:04:58,,202315,100317
302316,7923.78,2024-09-18 19:16:02,Synthetic payment record,KBZ_PAY,PREMIUM,2024-09,1,,REJECTED,7923.78,002316,2024-09-21 19:16:02,,202316,100318
302317,12761.64,2024-10-23 14:48:36,Synthetic payment record,WAVE_PAY,PREMIUM,2024-10,2,,VERIFIED,12761.64,002317,2024-10-25 14:48:36,synthetic-generator,202317,100319
302318,31495.37,2024-11-01 06:46:47,Synthetic payment record,AYA_PAY,PREMIUM,2024-11,3,,VERIFIED,31495.37,002318,2024-11-01 06:46:47,synthetic-generator,202318,100320
302319,11586.07,2024-12-03 09:41:32,Synthetic payment record,BANK_TRANSFER,PREMIUM,2024-12,4,,VERIFIED,11586.07,002319,2024-12-06 09:41:32,synthetic-generator,202319,100321
302320,3518.45,2025-01-19 04:16:06,Synthetic payment record,KBZ_PAY,PREMIUM,2025-01,5,,VERIFIED,3518.45,002320,2025-01-21 04:16:06,synthetic-generator,202320,100322
302321,5552.35,2025-02-26 23:29:58,Synthetic payment record,WAVE_PAY,PREMIUM,2025-02,6,,VERIFIED,5552.35,002321,2025-02-27 23:29:58,synthetic-generator,202321,100323
302322,16810.39,2025-03-21 05:28:34,Synthetic payment record,AYA_PAY,PREMIUM,2025-03,7,,PENDING,16810.39,002322,2025-03-21 05:28:34,,202322,100324
302323,17612.04,2025-04-25 12:16:32,Synthetic payment record,BANK_TRANSFER,PREMIUM,2025-04,8,,VERIFIED,17612.04,002323,2025-04-27 12:16:32,synthetic-generator,202323,100325
302324,18900.03,2025-05-23 07:17:33,Synthetic payment record,KBZ_PAY,PREMIUM,2025-05,9,,VERIFIED,18900.03,002324,2025-05-25 07:17:33,synthetic-generator,202324,100326
302325,7839.79,2025-06-10 15:43:18,Synthetic payment record,WAVE_PAY,PREMIUM,2025-06,10,,VERIFIED,7839.79,002325,2025-06-12 15:43:18,synthetic-generator,202325,100327
302326,6028.38,2025-07-30 09:11:57,Synthetic payment record,AYA_PAY,PREMIUM,2025-07,11,,VERIFIED,6028.38,002326,2025-07-30 09:11:57,synthetic-generator,202326,100328
302327,48362.54,2025-08-04 05:14:04,Synthetic payment record,BANK_TRANSFER,RENEWAL,2025-08,12,,VERIFIED,48362.54,002327,2025-08-04 05:14:04,synthetic-generator,202327,100329
302328,1333.13,2025-09-04 08:36:49,Synthetic payment record,KBZ_PAY,RENEWAL,2025-09,1,,VERIFIED,1333.13,002328,2025-09-04 08:36:49,synthetic-generator,202328,100330
302329,17426.72,2025-10-16 19:34:21,Synthetic payment record,WAVE_PAY,PREMIUM,2025-10,2,,VERIFIED,17426.72,002329,2025-10-16 19:34:21,synthetic-generator,202329,100331
302330,4083.63,2025-11-19 05:53:40,Synthetic payment record,AYA_PAY,PREMIUM,2025-11,3,,VERIFIED,4083.63,002330,2025-11-20 05:53:40,synthetic-generator,202330,100332
302331,43175.46,2025-12-26 14:31:33,Synthetic payment record,BANK_TRANSFER,PREMIUM,2025-12,4,,VERIFIED,43175.46,002331,2025-12-28 14:31:33,synthetic-generator,202331,100333
302332,12725.54,2026-01-16 06:52:53,Synthetic payment record,KBZ_PAY,PREMIUM,2026-01,5,,PENDING,12725.54,002332,2026-01-19 06:52:53,,202332,100334
302333,19180.06,2026-02-02 13:04:14,Synthetic payment record,WAVE_PAY,PREMIUM,2026-02,6,,REJECTED,19180.06,002333,2026-02-02 13:04:14,,202333,100335
302334,15384.18,2026-03-05 14:29:03,Synthetic payment record,AYA_PAY,PREMIUM,2026-03,7,,VERIFIED,15384.18,002334,2026-03-06 14:29:03,synthetic-generator,202334,100336
302335,5188.76,2026-04-21 22:24:53,Synthetic payment record,BANK_TRANSFER,PREMIUM,2026-04,8,,VERIFIED,5188.76,002335,2026-04-21 22:24:53,synthetic-generator,202335,100337
302336,22904.63,2026-05-13 15:12:31,Synthetic payment record,KBZ_PAY,PREMIUM,2026-05,9,,VERIFIED,22904.63,002336,2026-05-14 15:12:31,synthetic-generator,202336,100338
302337,9325.79,2026-06-03 07:21:53,Synthetic payment record,WAVE_PAY,PREMIUM,2026-06,10,,VERIFIED,9325.79,002337,2026-06-06 07:21:53,synthetic-generator,202337,100339
302338,43680.03,2026-07-14 06:23:37,Synthetic payment record,AYA_PAY,RENEWAL,2026-07,11,,VERIFIED,43680.03,002338,2026-07-17 06:23:37,synthetic-generator,202338,100340
302339,27440.30,2026-08-17 13:57:34,Synthetic payment record,BANK_TRANSFER,PREMIUM,2026-08,12,,PENDING,27440.30,002339,2026-08-17 13:57:34,,202339,100341
302340,7378.02,2021-09-05 22:06:21,Synthetic payment record,KBZ_PAY,PREMIUM,2021-09,1,,VERIFIED,7378.02,002340,2021-09-07 22:06:21,synthetic-generator,202340,100342
302341,23141.73,2021-10-10 05:46:10,Synthetic payment record,WAVE_PAY,PREMIUM,2021-10,2,,VERIFIED,23141.73,002341,2021-10-12 05:46:10,synthetic-generator,202341,100343
302342,36810.81,2021-11-23 03:27:33,Synthetic payment record,AYA_PAY,PREMIUM,2021-11,3,,VERIFIED,36810.81,002342,2021-11-24 03:27:33,synthetic-generator,202342,100344
302343,7281.21,2021-12-06 15:29:15,Synthetic payment record,BANK_TRANSFER,PREMIUM,2021-12,4,,VERIFIED,7281.21,002343,2021-12-09 15:29:15,synthetic-generator,202343,100345
302344,7606.70,2022-01-11 10:54:06,Synthetic payment record,KBZ_PAY,PREMIUM,2022-01,5,,VERIFIED,7606.70,002344,2022-01-13 10:54:06,synthetic-generator,202344,100346
302345,30245.79,2022-02-14 09:47:56,Synthetic payment record,WAVE_PAY,PREMIUM,2022-02,6,,VERIFIED,30245.79,002345,2022-02-17 09:47:56,synthetic-generator,202345,100347
302346,6779.82,2022-03-18 00:52:39,Synthetic payment record,AYA_PAY,PREMIUM,2022-03,7,,VERIFIED,6779.82,002346,2022-03-19 00:52:39,synthetic-generator,202346,100348
302347,33236.32,2022-04-07 22:53:26,Synthetic payment record,BANK_TRANSFER,PREMIUM,2022-04,8,,VERIFIED,33236.32,002347,2022-04-09 22:53:26,synthetic-generator,202347,100349
302348,7693.76,2022-05-23 03:38:06,Synthetic payment record,KBZ_PAY,PREMIUM,2022-05,9,,VERIFIED,7693.76,002348,2022-05-24 03:38:06,synthetic-generator,202348,100350
302349,24095.92,2022-06-17 23:15:26,Synthetic payment record,WAVE_PAY,PREMIUM,2022-06,10,,VERIFIED,24095.92,002349,2022-06-17 23:15:26,synthetic-generator,202349,100351
302350,37277.70,2022-07-29 12:10:53,Synthetic payment record,AYA_PAY,PREMIUM,2022-07,11,,PENDING,37277.70,002350,2022-07-30 12:10:53,,202350,100352
302351,24882.97,2022-08-01 21:43:03,Synthetic payment record,BANK_TRANSFER,PREMIUM,2022-08,12,,VERIFIED,24882.97,002351,2022-08-02 21:43:03,synthetic-generator,202351,100353
302352,5258.31,2022-09-03 09:03:49,Synthetic payment record,KBZ_PAY,PREMIUM,2022-09,1,,VERIFIED,5258.31,002352,2022-09-03 09:03:49,synthetic-generator,202352,100354
302353,16444.45,2022-10-22 21:33:22,Synthetic payment record,WAVE_PAY,PREMIUM,2022-10,2,,VERIFIED,16444.45,002353,2022-10-25 21:33:22,synthetic-generator,202353,100355
302354,28850.60,2022-11-14 11:47:28,Synthetic payment record,AYA_PAY,PREMIUM,2022-11,3,,VERIFIED,28850.60,002354,2022-11-14 11:47:28,synthetic-generator,202354,100356
302355,22403.07,2022-12-22 04:58:09,Synthetic payment record,BANK_TRANSFER,PREMIUM,2022-12,4,,VERIFIED,22403.07,002355,2022-12-25 04:58:09,synthetic-generator,202355,100357
302356,4059.99,2023-01-31 16:17:43,Synthetic payment record,KBZ_PAY,PREMIUM,2023-01,5,,VERIFIED,4059.99,002356,2023-02-02 16:17:43,synthetic-generator,202356,100358
302357,30700.47,2023-02-25 21:34:19,Synthetic payment record,WAVE_PAY,PREMIUM,2023-02,6,,VERIFIED,30700.47,002357,2023-02-28 21:34:19,synthetic-generator,202357,100359
302358,20796.29,2023-03-08 12:14:34,Synthetic payment record,AYA_PAY,RENEWAL,2023-03,7,,PENDING,20796.29,002358,2023-03-10 12:14:34,,202358,100360
302359,17383.36,2023-04-03 04:32:34,Synthetic payment record,BANK_TRANSFER,PREMIUM,2023-04,8,,VERIFIED,17383.36,002359,2023-04-05 04:32:34,synthetic-generator,202359,100361
302360,11259.19,2023-05-26 14:28:13,Synthetic payment record,KBZ_PAY,PREMIUM,2023-05,9,,VERIFIED,11259.19,002360,2023-05-28 14:28:13,synthetic-generator,202360,100362
302361,5957.97,2023-06-29 19:32:54,Synthetic payment record,WAVE_PAY,PREMIUM,2023-06,10,,VERIFIED,5957.97,002361,2023-07-02 19:32:54,synthetic-generator,202361,100363
302362,28925.02,2023-07-29 22:37:54,Synthetic payment record,AYA_PAY,PREMIUM,2023-07,11,,VERIFIED,28925.02,002362,2023-07-29 22:37:54,synthetic-generator,202362,100364
302363,38209.83,2023-08-20 02:56:26,Synthetic payment record,BANK_TRANSFER,RENEWAL,2023-08,12,,REJECTED,38209.83,002363,2023-08-23 02:56:26,,202363,100365
302364,4569.29,2023-09-03 03:13:38,Synthetic payment record,KBZ_PAY,PREMIUM,2023-09,1,,VERIFIED,4569.29,002364,2023-09-04 03:13:38,synthetic-generator,202364,100366
302365,10525.11,2023-10-04 13:06:02,Synthetic payment record,WAVE_PAY,PREMIUM,2023-10,2,,VERIFIED,10525.11,002365,2023-10-04 13:06:02,synthetic-generator,202365,100367
302366,39251.22,2023-11-18 15:09:28,Synthetic payment record,AYA_PAY,PREMIUM,2023-11,3,,VERIFIED,39251.22,002366,2023-11-20 15:09:28,synthetic-generator,202366,100368
302367,36366.99,2023-12-11 17:18:54,Synthetic payment record,BANK_TRANSFER,RENEWAL,2023-12,4,,VERIFIED,36366.99,002367,2023-12-14 17:18:54,synthetic-generator,202367,100369
302368,15090.52,2024-01-17 02:33:08,Synthetic payment record,KBZ_PAY,RENEWAL,2024-01,5,,VERIFIED,15090.52,002368,2024-01-20 02:33:08,synthetic-generator,202368,100370
302369,7379.20,2024-02-13 22:44:07,Synthetic payment record,WAVE_PAY,CLAIM_PAYOUT,2024-02,6,,REJECTED,7379.20,002369,2024-02-14 22:44:07,,202369,100371
302370,15470.13,2024-03-08 22:12:28,Synthetic payment record,AYA_PAY,PREMIUM,2024-03,7,,REJECTED,15470.13,002370,2024-03-11 22:12:28,,202370,100372
302371,24703.38,2024-04-15 08:23:22,Synthetic payment record,BANK_TRANSFER,PREMIUM,2024-04,8,,VERIFIED,24703.38,002371,2024-04-16 08:23:22,synthetic-generator,202371,100373
302372,12700.75,2024-05-26 10:34:40,Synthetic payment record,KBZ_PAY,PREMIUM,2024-05,9,,VERIFIED,12700.75,002372,2024-05-28 10:34:40,synthetic-generator,202372,100374
302373,22247.62,2024-06-19 20:51:38,Synthetic payment record,WAVE_PAY,RENEWAL,2024-06,10,,VERIFIED,22247.62,002373,2024-06-20 20:51:38,synthetic-generator,202373,100375
302374,23491.02,2024-07-12 03:05:38,Synthetic payment record,AYA_PAY,PREMIUM,2024-07,11,,VERIFIED,23491.02,002374,2024-07-14 03:05:38,synthetic-generator,202374,100376
302375,65222.35,2024-08-07 02:27:29,Synthetic payment record,BANK_TRANSFER,PREMIUM,2024-08,12,,VERIFIED,65222.35,002375,2024-08-07 02:27:29,synthetic-generator,202375,100377
302376,3348.80,2024-09-18 20:04:13,Synthetic payment record,KBZ_PAY,PREMIUM,2024-09,1,,VERIFIED,3348.80,002376,2024-09-18 20:04:13,synthetic-generator,202376,100378
302377,19751.33,2024-10-04 10:30:20,Synthetic payment record,WAVE_PAY,PREMIUM,2024-10,2,,VERIFIED,19751.33,002377,2024-10-06 10:30:20,synthetic-generator,202377,100379
302378,32904.44,2024-11-19 19:47:06,Synthetic payment record,AYA_PAY,PREMIUM,2024-11,3,,VERIFIED,32904.44,002378,2024-11-19 19:47:06,synthetic-generator,202378,100380
302379,30276.82,2024-12-09 16:04:17,Synthetic payment record,BANK_TRANSFER,PREMIUM,2024-12,4,,VERIFIED,30276.82,002379,2024-12-09 16:04:17,synthetic-generator,202379,100381
302380,28762.08,2025-01-03 17:05:23,Synthetic payment record,KBZ_PAY,CLAIM_PAYOUT,2025-01,5,,VERIFIED,28762.08,002380,2025-01-06 17:05:23,synthetic-generator,202380,100382
302381,11517.63,2025-02-02 17:30:23,Synthetic payment record,WAVE_PAY,RENEWAL,2025-02,6,,VERIFIED,11517.63,002381,2025-02-04 17:30:23,synthetic-generator,202381,100383
302382,25653.25,2025-03-14 08:39:47,Synthetic payment record,AYA_PAY,PREMIUM,2025-03,7,,VERIFIED,25653.25,002382,2025-03-16 08:39:47,synthetic-generator,202382,100384
302383,46699.64,2025-04-25 09:25:59,Synthetic payment record,BANK_TRANSFER,PREMIUM,2025-04,8,,VERIFIED,46699.64,002383,2025-04-28 09:25:59,synthetic-generator,202383,100385
302384,5385.12,2025-05-18 00:13:36,Synthetic payment record,KBZ_PAY,RENEWAL,2025-05,9,,VERIFIED,5385.12,002384,2025-05-20 00:13:36,synthetic-generator,202384,100386
302385,18667.69,2025-06-10 16:15:34,Synthetic payment record,WAVE_PAY,PREMIUM,2025-06,10,,PENDING,18667.69,002385,2025-06-10 16:15:34,,202385,100387
302386,20294.13,2025-07-08 04:22:57,Synthetic payment record,AYA_PAY,RENEWAL,2025-07,11,,VERIFIED,20294.13,002386,2025-07-11 04:22:57,synthetic-generator,202386,100388
302387,8057.95,2025-08-23 15:44:34,Synthetic payment record,BANK_TRANSFER,PREMIUM,2025-08,12,,VERIFIED,8057.95,002387,2025-08-26 15:44:34,synthetic-generator,202387,100389
302388,2868.12,2025-09-09 13:45:00,Synthetic payment record,KBZ_PAY,PREMIUM,2025-09,1,,VERIFIED,2868.12,002388,2025-09-11 13:45:00,synthetic-generator,202388,100390
302389,23274.86,2025-10-25 20:28:19,Synthetic payment record,WAVE_PAY,PREMIUM,2025-10,2,,VERIFIED,23274.86,002389,2025-10-25 20:28:19,synthetic-generator,202389,100391
302390,22544.04,2025-11-06 02:33:49,Synthetic payment record,AYA_PAY,PREMIUM,2025-11,3,,PENDING,22544.04,002390,2025-11-07 02:33:49,,202390,100392
302391,40308.83,2025-12-01 20:37:46,Synthetic payment record,BANK_TRANSFER,PREMIUM,2025-12,4,,VERIFIED,40308.83,002391,2025-12-01 20:37:46,synthetic-generator,202391,100393
302392,19806.69,2026-01-16 18:36:40,Synthetic payment record,KBZ_PAY,RENEWAL,2026-01,5,,REJECTED,19806.69,002392,2026-01-18 18:36:40,,202392,100394
302393,21435.84,2026-02-16 20:30:26,Synthetic payment record,WAVE_PAY,PREMIUM,2026-02,6,,VERIFIED,21435.84,002393,2026-02-17 20:30:26,synthetic-generator,202393,100395
302394,6151.47,2026-03-28 22:42:38,Synthetic payment record,AYA_PAY,RENEWAL,2026-03,7,,VERIFIED,6151.47,002394,2026-03-28 22:42:38,synthetic-generator,202394,100396
302395,14814.39,2026-04-23 03:11:05,Synthetic payment record,BANK_TRANSFER,PREMIUM,2026-04,8,,VERIFIED,14814.39,002395,2026-04-24 03:11:05,synthetic-generator,202395,100397
302396,9380.04,2026-05-24 12:16:06,Synthetic payment record,KBZ_PAY,PREMIUM,2026-05,9,,VERIFIED,9380.04,002396,2026-05-24 12:16:06,synthetic-generator,202396,100398
302397,20087.36,2026-06-10 05:01:01,Synthetic payment record,WAVE_PAY,PREMIUM,2026-06,10,,PENDING,20087.36,002397,2026-06-13 05:01:01,,202397,100399
302398,13173.73,2026-07-08 00:49:56,Synthetic payment record,AYA_PAY,PREMIUM,2026-07,11,,VERIFIED,13173.73,002398,2026-07-09 00:49:56,synthetic-generator,202398,100400
302399,50185.85,2026-08-23 10:04:46,Synthetic payment record,BANK_TRANSFER,RENEWAL,2026-08,12,,VERIFIED,50185.85,002399,2026-08-26 10:04:46,synthetic-generator,202399,100401
302400,9356.11,2021-09-12 10:49:43,Synthetic payment record,KBZ_PAY,PREMIUM,2021-09,1,,VERIFIED,9356.11,002400,2021-09-14 10:49:43,synthetic-generator,202400,100402
302401,11623.68,2021-10-21 16:53:51,Synthetic payment record,WAVE_PAY,PREMIUM,2021-10,2,,VERIFIED,11623.68,002401,2021-10-21 16:53:51,synthetic-generator,202401,100403
302402,10815.02,2021-11-13 03:00:05,Synthetic payment record,AYA_PAY,PREMIUM,2021-11,3,,PENDING,10815.02,002402,2021-11-15 03:00:05,,202402,100404
302403,8804.92,2021-12-31 21:27:26,Synthetic payment record,BANK_TRANSFER,PREMIUM,2021-12,4,,VERIFIED,8804.92,002403,2022-01-02 21:27:26,synthetic-generator,202403,100405
302404,24508.81,2022-01-28 15:41:45,Synthetic payment record,KBZ_PAY,PREMIUM,2022-01,5,,VERIFIED,24508.81,002404,2022-01-30 15:41:45,synthetic-generator,202404,100406
302405,6599.77,2022-02-15 10:04:24,Synthetic payment record,WAVE_PAY,PREMIUM,2022-02,6,,VERIFIED,6599.77,002405,2022-02-15 10:04:24,synthetic-generator,202405,100407
302406,7713.22,2022-03-25 22:12:24,Synthetic payment record,AYA_PAY,PREMIUM,2022-03,7,,VERIFIED,7713.22,002406,2022-03-28 22:12:24,synthetic-generator,202406,100408
302407,42607.71,2022-04-14 09:09:33,Synthetic payment record,BANK_TRANSFER,CLAIM_PAYOUT,2022-04,8,,VERIFIED,42607.71,002407,2022-04-16 09:09:33,synthetic-generator,202407,100409
302408,6407.47,2022-05-21 15:46:35,Synthetic payment record,KBZ_PAY,PREMIUM,2022-05,9,,VERIFIED,6407.47,002408,2022-05-21 15:46:35,synthetic-generator,202408,100410
302409,23419.04,2022-06-03 06:03:22,Synthetic payment record,WAVE_PAY,PREMIUM,2022-06,10,,PENDING,23419.04,002409,2022-06-05 06:03:22,,202409,100411
302410,17496.42,2022-07-20 05:03:54,Synthetic payment record,AYA_PAY,RENEWAL,2022-07,11,,VERIFIED,17496.42,002410,2022-07-20 05:03:54,synthetic-generator,202410,100412
302411,40222.28,2022-08-28 17:52:14,Synthetic payment record,BANK_TRANSFER,CLAIM_PAYOUT,2022-08,12,,VERIFIED,40222.28,002411,2022-08-28 17:52:14,synthetic-generator,202411,100413
302412,3968.00,2022-09-12 06:58:53,Synthetic payment record,KBZ_PAY,PREMIUM,2022-09,1,,VERIFIED,3968.00,002412,2022-09-12 06:58:53,synthetic-generator,202412,100414
302413,3081.46,2022-10-14 00:37:56,Synthetic payment record,WAVE_PAY,PREMIUM,2022-10,2,,VERIFIED,3081.46,002413,2022-10-16 00:37:56,synthetic-generator,202413,100415
302414,37934.09,2022-11-28 10:10:07,Synthetic payment record,AYA_PAY,RENEWAL,2022-11,3,,VERIFIED,37934.09,002414,2022-12-01 10:10:07,synthetic-generator,202414,100416
302415,37023.35,2022-12-28 18:50:32,Synthetic payment record,BANK_TRANSFER,PREMIUM,2022-12,4,,VERIFIED,37023.35,002415,2022-12-28 18:50:32,synthetic-generator,202415,100417
302416,19046.00,2023-01-03 06:56:23,Synthetic payment record,KBZ_PAY,PREMIUM,2023-01,5,,VERIFIED,19046.00,002416,2023-01-06 06:56:23,synthetic-generator,202416,100418
302417,40014.62,2023-02-07 18:47:40,Synthetic payment record,WAVE_PAY,PREMIUM,2023-02,6,,VERIFIED,40014.62,002417,2023-02-07 18:47:40,synthetic-generator,202417,100419
302418,12191.06,2023-03-18 15:51:08,Synthetic payment record,AYA_PAY,PREMIUM,2023-03,7,,VERIFIED,12191.06,002418,2023-03-21 15:51:08,synthetic-generator,202418,100420
302419,12900.97,2023-04-23 16:57:52,Synthetic payment record,BANK_TRANSFER,CLAIM_PAYOUT,2023-04,8,,VERIFIED,12900.97,002419,2023-04-24 16:57:52,synthetic-generator,202419,100421
302420,10157.75,2023-05-09 05:55:21,Synthetic payment record,KBZ_PAY,PREMIUM,2023-05,9,,VERIFIED,10157.75,002420,2023-05-09 05:55:21,synthetic-generator,202420,100422
302421,32368.22,2023-06-20 20:29:28,Synthetic payment record,WAVE_PAY,PREMIUM,2023-06,10,,VERIFIED,32368.22,002421,2023-06-20 20:29:28,synthetic-generator,202421,100423
302422,40351.91,2023-07-18 16:15:40,Synthetic payment record,AYA_PAY,PREMIUM,2023-07,11,,VERIFIED,40351.91,002422,2023-07-20 16:15:40,synthetic-generator,202422,100424
302423,50902.71,2023-08-10 12:45:47,Synthetic payment record,BANK_TRANSFER,PREMIUM,2023-08,12,,VERIFIED,50902.71,002423,2023-08-13 12:45:47,synthetic-generator,202423,100425
302424,4152.42,2023-09-24 21:25:51,Synthetic payment record,KBZ_PAY,PREMIUM,2023-09,1,,VERIFIED,4152.42,002424,2023-09-26 21:25:51,synthetic-generator,202424,100426
302425,16925.15,2023-10-28 12:37:08,Synthetic payment record,WAVE_PAY,PREMIUM,2023-10,2,,VERIFIED,16925.15,002425,2023-10-29 12:37:08,synthetic-generator,202425,100427
302426,33784.27,2023-11-18 02:12:00,Synthetic payment record,AYA_PAY,PREMIUM,2023-11,3,,VERIFIED,33784.27,002426,2023-11-19 02:12:00,synthetic-generator,202426,100428
302427,56982.40,2023-12-17 16:49:01,Synthetic payment record,BANK_TRANSFER,PREMIUM,2023-12,4,,VERIFIED,56982.40,002427,2023-12-20 16:49:01,synthetic-generator,202427,100429
302428,12855.61,2024-01-20 09:04:07,Synthetic payment record,KBZ_PAY,PREMIUM,2024-01,5,,VERIFIED,12855.61,002428,2024-01-21 09:04:07,synthetic-generator,202428,100430
302429,14992.80,2024-02-07 07:35:52,Synthetic payment record,WAVE_PAY,PREMIUM,2024-02,6,,VERIFIED,14992.80,002429,2024-02-09 07:35:52,synthetic-generator,202429,100431
302430,17069.04,2024-03-20 14:18:23,Synthetic payment record,AYA_PAY,PREMIUM,2024-03,7,,VERIFIED,17069.04,002430,2024-03-21 14:18:23,synthetic-generator,202430,100432
302431,8719.52,2024-04-13 09:18:45,Synthetic payment record,BANK_TRANSFER,PREMIUM,2024-04,8,,VERIFIED,8719.52,002431,2024-04-13 09:18:45,synthetic-generator,202431,100433
302432,4301.81,2024-05-23 17:17:04,Synthetic payment record,KBZ_PAY,PREMIUM,2024-05,9,,VERIFIED,4301.81,002432,2024-05-26 17:17:04,synthetic-generator,202432,100434
302433,36956.18,2024-06-27 06:25:47,Synthetic payment record,WAVE_PAY,RENEWAL,2024-06,10,,VERIFIED,36956.18,002433,2024-06-28 06:25:47,synthetic-generator,202433,100435
302434,42944.42,2024-07-21 14:16:00,Synthetic payment record,AYA_PAY,PREMIUM,2024-07,11,,VERIFIED,42944.42,002434,2024-07-22 14:16:00,synthetic-generator,202434,100436
302435,56440.76,2024-08-29 21:43:24,Synthetic payment record,BANK_TRANSFER,PREMIUM,2024-08,12,,VERIFIED,56440.76,002435,2024-08-30 21:43:24,synthetic-generator,202435,100437
302436,11279.91,2024-09-22 19:43:32,Synthetic payment record,KBZ_PAY,PREMIUM,2024-09,1,,VERIFIED,11279.91,002436,2024-09-22 19:43:32,synthetic-generator,202436,100438
302437,2611.75,2024-10-03 21:39:06,Synthetic payment record,WAVE_PAY,PREMIUM,2024-10,2,,VERIFIED,2611.75,002437,2024-10-05 21:39:06,synthetic-generator,202437,100439
302438,33855.05,2024-11-26 17:58:17,Synthetic payment record,AYA_PAY,RENEWAL,2024-11,3,,VERIFIED,33855.05,002438,2024-11-26 17:58:17,synthetic-generator,202438,100440
302439,20436.84,2024-12-08 14:58:41,Synthetic payment record,BANK_TRANSFER,PREMIUM,2024-12,4,,VERIFIED,20436.84,002439,2024-12-11 14:58:41,synthetic-generator,202439,100441
302440,11885.08,2025-01-03 16:13:20,Synthetic payment record,KBZ_PAY,PREMIUM,2025-01,5,,VERIFIED,11885.08,002440,2025-01-03 16:13:20,synthetic-generator,202440,100442
302441,38923.51,2025-02-12 00:01:20,Synthetic payment record,WAVE_PAY,CLAIM_PAYOUT,2025-02,6,,REJECTED,38923.51,002441,2025-02-13 00:01:20,,202441,100443
302442,27388.87,2025-03-16 01:57:53,Synthetic payment record,AYA_PAY,PREMIUM,2025-03,7,,VERIFIED,27388.87,002442,2025-03-18 01:57:53,synthetic-generator,202442,100444
302443,41990.10,2025-04-08 01:51:39,Synthetic payment record,BANK_TRANSFER,PREMIUM,2025-04,8,,VERIFIED,41990.10,002443,2025-04-09 01:51:39,synthetic-generator,202443,100445
302444,12284.09,2025-05-14 15:32:56,Synthetic payment record,KBZ_PAY,PREMIUM,2025-05,9,,VERIFIED,12284.09,002444,2025-05-15 15:32:56,synthetic-generator,202444,100446
302445,6303.06,2025-06-20 19:14:24,Synthetic payment record,WAVE_PAY,PREMIUM,2025-06,10,,VERIFIED,6303.06,002445,2025-06-21 19:14:24,synthetic-generator,202445,100447
302446,37077.17,2025-07-08 07:01:19,Synthetic payment record,AYA_PAY,RENEWAL,2025-07,11,,VERIFIED,37077.17,002446,2025-07-08 07:01:19,synthetic-generator,202446,100448
302447,52476.51,2025-08-24 05:10:02,Synthetic payment record,BANK_TRANSFER,PREMIUM,2025-08,12,,VERIFIED,52476.51,002447,2025-08-25 05:10:02,synthetic-generator,202447,100449
302448,10732.57,2025-09-16 11:25:32,Synthetic payment record,KBZ_PAY,PREMIUM,2025-09,1,,VERIFIED,10732.57,002448,2025-09-17 11:25:32,synthetic-generator,202448,100450
302449,8849.98,2025-10-15 08:38:41,Synthetic payment record,WAVE_PAY,PREMIUM,2025-10,2,,VERIFIED,8849.98,002449,2025-10-15 08:38:41,synthetic-generator,202449,100451
302450,37122.84,2025-11-16 18:51:09,Synthetic payment record,AYA_PAY,PREMIUM,2025-11,3,,VERIFIED,37122.84,002450,2025-11-17 18:51:09,synthetic-generator,202450,100452
302451,32992.56,2025-12-09 06:29:07,Synthetic payment record,BANK_TRANSFER,PREMIUM,2025-12,4,,REJECTED,32992.56,002451,2025-12-10 06:29:07,,202451,100453
302452,13052.05,2026-01-10 23:16:28,Synthetic payment record,KBZ_PAY,PREMIUM,2026-01,5,,VERIFIED,13052.05,002452,2026-01-13 23:16:28,synthetic-generator,202452,100454
302453,29056.14,2026-02-27 19:59:26,Synthetic payment record,WAVE_PAY,RENEWAL,2026-02,6,,VERIFIED,29056.14,002453,2026-03-02 19:59:26,synthetic-generator,202453,100455
302454,13586.78,2026-03-12 17:23:11,Synthetic payment record,AYA_PAY,RENEWAL,2026-03,7,,VERIFIED,13586.78,002454,2026-03-12 17:23:11,synthetic-generator,202454,100456
302455,19375.24,2026-04-01 02:44:38,Synthetic payment record,BANK_TRANSFER,PREMIUM,2026-04,8,,PENDING,19375.24,002455,2026-04-01 02:44:38,,202455,100457
302456,22730.33,2026-05-26 19:00:41,Synthetic payment record,KBZ_PAY,PREMIUM,2026-05,9,,VERIFIED,22730.33,002456,2026-05-28 19:00:41,synthetic-generator,202456,100458
302457,17253.86,2026-06-11 22:40:21,Synthetic payment record,WAVE_PAY,PREMIUM,2026-06,10,,VERIFIED,17253.86,002457,2026-06-14 22:40:21,synthetic-generator,202457,100459
302458,23939.99,2026-07-29 00:36:45,Synthetic payment record,AYA_PAY,PREMIUM,2026-07,11,,VERIFIED,23939.99,002458,2026-07-29 00:36:45,synthetic-generator,202458,100460
302459,35955.31,2026-08-01 00:12:09,Synthetic payment record,BANK_TRANSFER,PREMIUM,2026-08,12,,VERIFIED,35955.31,002459,2026-08-02 00:12:09,synthetic-generator,202459,100461
302460,10699.05,2021-09-16 06:06:34,Synthetic payment record,KBZ_PAY,PREMIUM,2021-09,1,,VERIFIED,10699.05,002460,2021-09-16 06:06:34,synthetic-generator,202460,100462
302461,5619.35,2021-10-03 20:29:53,Synthetic payment record,WAVE_PAY,PREMIUM,2021-10,2,,VERIFIED,5619.35,002461,2021-10-03 20:29:53,synthetic-generator,202461,100463
302462,32243.42,2021-11-21 21:50:18,Synthetic payment record,AYA_PAY,RENEWAL,2021-11,3,,VERIFIED,32243.42,002462,2021-11-23 21:50:18,synthetic-generator,202462,100464
302463,16303.67,2021-12-12 00:17:13,Synthetic payment record,BANK_TRANSFER,PREMIUM,2021-12,4,,PENDING,16303.67,002463,2021-12-13 00:17:13,,202463,100465
302464,14334.53,2022-01-20 07:50:02,Synthetic payment record,KBZ_PAY,PREMIUM,2022-01,5,,PENDING,14334.53,002464,2022-01-22 07:50:02,,202464,100466
302465,31255.48,2022-02-07 11:35:19,Synthetic payment record,WAVE_PAY,RENEWAL,2022-02,6,,VERIFIED,31255.48,002465,2022-02-08 11:35:19,synthetic-generator,202465,100467
302466,7166.99,2022-03-22 12:00:28,Synthetic payment record,AYA_PAY,PREMIUM,2022-03,7,,VERIFIED,7166.99,002466,2022-03-24 12:00:28,synthetic-generator,202466,100468
302467,5290.18,2022-04-21 15:56:12,Synthetic payment record,BANK_TRANSFER,PREMIUM,2022-04,8,,VERIFIED,5290.18,002467,2022-04-23 15:56:12,synthetic-generator,202467,100469
302468,4549.82,2022-05-27 00:18:40,Synthetic payment record,KBZ_PAY,CLAIM_PAYOUT,2022-05,9,,VERIFIED,4549.82,002468,2022-05-30 00:18:40,synthetic-generator,202468,100470
302469,26015.52,2022-06-05 21:05:22,Synthetic payment record,WAVE_PAY,PREMIUM,2022-06,10,,VERIFIED,26015.52,002469,2022-06-07 21:05:22,synthetic-generator,202469,100471
302470,18464.89,2022-07-17 19:49:40,Synthetic payment record,AYA_PAY,PREMIUM,2022-07,11,,VERIFIED,18464.89,002470,2022-07-17 19:49:40,synthetic-generator,202470,100472
302471,7599.14,2022-08-28 22:22:50,Synthetic payment record,BANK_TRANSFER,PREMIUM,2022-08,12,,VERIFIED,7599.14,002471,2022-08-28 22:22:50,synthetic-generator,202471,100473
302472,8275.85,2022-09-06 00:31:56,Synthetic payment record,KBZ_PAY,PREMIUM,2022-09,1,,VERIFIED,8275.85,002472,2022-09-09 00:31:56,synthetic-generator,202472,100474
302473,3090.48,2022-10-26 23:22:59,Synthetic payment record,WAVE_PAY,PREMIUM,2022-10,2,,VERIFIED,3090.48,002473,2022-10-29 23:22:59,synthetic-generator,202473,100475
302474,27596.62,2022-11-04 17:00:49,Synthetic payment record,AYA_PAY,PREMIUM,2022-11,3,,VERIFIED,27596.62,002474,2022-11-04 17:00:49,synthetic-generator,202474,100476
302475,8010.19,2022-12-28 09:56:47,Synthetic payment record,BANK_TRANSFER,PREMIUM,2022-12,4,,PENDING,8010.19,002475,2022-12-31 09:56:47,,202475,100477
302476,17340.91,2023-01-10 04:36:36,Synthetic payment record,KBZ_PAY,RENEWAL,2023-01,5,,VERIFIED,17340.91,002476,2023-01-12 04:36:36,synthetic-generator,202476,100478
302477,14429.69,2023-02-09 18:58:08,Synthetic payment record,WAVE_PAY,PREMIUM,2023-02,6,,VERIFIED,14429.69,002477,2023-02-11 18:58:08,synthetic-generator,202477,100479
302478,22555.34,2023-03-03 04:59:18,Synthetic payment record,AYA_PAY,PREMIUM,2023-03,7,,VERIFIED,22555.34,002478,2023-03-03 04:59:18,synthetic-generator,202478,100480
302479,7272.44,2023-04-19 18:24:18,Synthetic payment record,BANK_TRANSFER,PREMIUM,2023-04,8,,VERIFIED,7272.44,002479,2023-04-21 18:24:18,synthetic-generator,202479,100481
302480,9421.37,2023-05-31 07:01:36,Synthetic payment record,KBZ_PAY,RENEWAL,2023-05,9,,VERIFIED,9421.37,002480,2023-06-03 07:01:36,synthetic-generator,202480,100482
302481,13986.96,2023-06-19 19:15:20,Synthetic payment record,WAVE_PAY,PREMIUM,2023-06,10,,REJECTED,13986.96,002481,2023-06-20 19:15:20,,202481,100483
302482,38344.22,2023-07-28 16:53:54,Synthetic payment record,AYA_PAY,CLAIM_PAYOUT,2023-07,11,,VERIFIED,38344.22,002482,2023-07-28 16:53:54,synthetic-generator,202482,100484
302483,18679.09,2023-08-10 00:00:28,Synthetic payment record,BANK_TRANSFER,PREMIUM,2023-08,12,,VERIFIED,18679.09,002483,2023-08-12 00:00:28,synthetic-generator,202483,100485
302484,5544.39,2023-09-13 17:26:06,Synthetic payment record,KBZ_PAY,PREMIUM,2023-09,1,,VERIFIED,5544.39,002484,2023-09-16 17:26:06,synthetic-generator,202484,100486
302485,9151.65,2023-10-25 20:11:39,Synthetic payment record,WAVE_PAY,PREMIUM,2023-10,2,,VERIFIED,9151.65,002485,2023-10-27 20:11:39,synthetic-generator,202485,100487
302486,35893.20,2023-11-17 02:48:22,Synthetic payment record,AYA_PAY,PREMIUM,2023-11,3,,VERIFIED,35893.20,002486,2023-11-19 02:48:22,synthetic-generator,202486,100488
302487,23725.04,2023-12-14 05:24:02,Synthetic payment record,BANK_TRANSFER,PREMIUM,2023-12,4,,PENDING,23725.04,002487,2023-12-14 05:24:02,,202487,100489
302488,3268.72,2024-01-06 11:19:43,Synthetic payment record,KBZ_PAY,PREMIUM,2024-01,5,,VERIFIED,3268.72,002488,2024-01-08 11:19:43,synthetic-generator,202488,100490
302489,18525.18,2024-02-18 01:34:07,Synthetic payment record,WAVE_PAY,PREMIUM,2024-02,6,,VERIFIED,18525.18,002489,2024-02-21 01:34:07,synthetic-generator,202489,100491
302490,21399.50,2024-03-30 11:23:10,Synthetic payment record,AYA_PAY,RENEWAL,2024-03,7,,PENDING,21399.50,002490,2024-03-30 11:23:10,,202490,100492
302491,32714.27,2024-04-10 14:36:09,Synthetic payment record,BANK_TRANSFER,PREMIUM,2024-04,8,,VERIFIED,32714.27,002491,2024-04-12 14:36:09,synthetic-generator,202491,100493
302492,6629.06,2024-05-05 14:43:28,Synthetic payment record,KBZ_PAY,PREMIUM,2024-05,9,,VERIFIED,6629.06,002492,2024-05-08 14:43:28,synthetic-generator,202492,100494
302493,13395.82,2024-06-06 19:28:41,Synthetic payment record,WAVE_PAY,PREMIUM,2024-06,10,,PENDING,13395.82,002493,2024-06-07 19:28:41,,202493,100495
302494,43659.32,2024-07-22 04:27:01,Synthetic payment record,AYA_PAY,PREMIUM,2024-07,11,,VERIFIED,43659.32,002494,2024-07-24 04:27:01,synthetic-generator,202494,100496
302495,55088.78,2024-08-24 09:02:23,Synthetic payment record,BANK_TRANSFER,PREMIUM,2024-08,12,,VERIFIED,55088.78,002495,2024-08-25 09:02:23,synthetic-generator,202495,100497
302496,5526.13,2024-09-25 03:41:41,Synthetic payment record,KBZ_PAY,PREMIUM,2024-09,1,,PENDING,5526.13,002496,2024-09-25 03:41:41,,202496,100498
302497,18668.16,2024-10-10 16:42:01,Synthetic payment record,WAVE_PAY,RENEWAL,2024-10,2,,PENDING,18668.16,002497,2024-10-12 16:42:01,,202497,100499
302498,24497.92,2024-11-03 16:12:51,Synthetic payment record,AYA_PAY,PREMIUM,2024-11,3,,VERIFIED,24497.92,002498,2024-11-06 16:12:51,synthetic-generator,202498,100500
302499,21884.41,2024-12-08 11:23:14,Synthetic payment record,BANK_TRANSFER,PREMIUM,2024-12,4,,VERIFIED,21884.41,002499,2024-12-08 11:23:14,synthetic-generator,202499,100501
302500,17581.83,2025-01-13 04:24:34,Synthetic payment record,KBZ_PAY,RENEWAL,2025-01,5,,VERIFIED,17581.83,002500,2025-01-15 04:24:34,synthetic-generator,202500,100502
302501,27347.42,2025-02-22 20:25:19,Synthetic payment record,WAVE_PAY,PREMIUM,2025-02,6,,VERIFIED,27347.42,002501,2025-02-22 20:25:19,synthetic-generator,202501,100503
302502,7688.50,2025-03-08 09:15:08,Synthetic payment record,AYA_PAY,PREMIUM,2025-03,7,,VERIFIED,7688.50,002502,2025-03-10 09:15:08,synthetic-generator,202502,100504
302503,36845.32,2025-04-09 19:22:51,Synthetic payment record,BANK_TRANSFER,RENEWAL,2025-04,8,,VERIFIED,36845.32,002503,2025-04-09 19:22:51,synthetic-generator,202503,100505
302504,5863.77,2025-05-05 02:13:30,Synthetic payment record,KBZ_PAY,CLAIM_PAYOUT,2025-05,9,,REJECTED,5863.77,002504,2025-05-05 02:13:30,,202504,100506
302505,12090.54,2025-06-21 06:43:57,Synthetic payment record,WAVE_PAY,PREMIUM,2025-06,10,,VERIFIED,12090.54,002505,2025-06-24 06:43:57,synthetic-generator,202505,100507
302506,21696.40,2025-07-26 10:53:19,Synthetic payment record,AYA_PAY,PREMIUM,2025-07,11,,VERIFIED,21696.40,002506,2025-07-27 10:53:19,synthetic-generator,202506,100508
302507,15748.66,2025-08-24 03:02:29,Synthetic payment record,BANK_TRANSFER,PREMIUM,2025-08,12,,VERIFIED,15748.66,002507,2025-08-27 03:02:29,synthetic-generator,202507,100509
302508,2041.44,2025-09-07 13:52:44,Synthetic payment record,KBZ_PAY,PREMIUM,2025-09,1,,VERIFIED,2041.44,002508,2025-09-07 13:52:44,synthetic-generator,202508,100510
302509,6219.14,2025-10-08 09:32:07,Synthetic payment record,WAVE_PAY,PREMIUM,2025-10,2,,VERIFIED,6219.14,002509,2025-10-10 09:32:07,synthetic-generator,202509,100511
302510,21472.07,2025-11-16 01:56:06,Synthetic payment record,AYA_PAY,PREMIUM,2025-11,3,,PENDING,21472.07,002510,2025-11-18 01:56:06,,202510,100512
302511,42354.67,2025-12-11 07:56:46,Synthetic payment record,BANK_TRANSFER,PREMIUM,2025-12,4,,PENDING,42354.67,002511,2025-12-12 07:56:46,,202511,100513
302512,15417.32,2026-01-11 21:37:00,Synthetic payment record,KBZ_PAY,PREMIUM,2026-01,5,,VERIFIED,15417.32,002512,2026-01-13 21:37:00,synthetic-generator,202512,100514
302513,9906.32,2026-02-18 13:31:57,Synthetic payment record,WAVE_PAY,PREMIUM,2026-02,6,,VERIFIED,9906.32,002513,2026-02-20 13:31:57,synthetic-generator,202513,100515
302514,4820.74,2026-03-28 12:06:56,Synthetic payment record,AYA_PAY,RENEWAL,2026-03,7,,REJECTED,4820.74,002514,2026-03-30 12:06:56,,202514,100516
302515,19131.67,2026-04-18 19:19:21,Synthetic payment record,BANK_TRANSFER,PREMIUM,2026-04,8,,VERIFIED,19131.67,002515,2026-04-20 19:19:21,synthetic-generator,202515,100517
302516,12847.78,2026-05-11 14:10:03,Synthetic payment record,KBZ_PAY,PREMIUM,2026-05,9,,VERIFIED,12847.78,002516,2026-05-12 14:10:03,synthetic-generator,202516,100518
302517,13796.86,2026-06-12 03:58:36,Synthetic payment record,WAVE_PAY,PREMIUM,2026-06,10,,REJECTED,13796.86,002517,2026-06-14 03:58:36,,202517,100519
302518,10120.49,2026-07-20 16:46:04,Synthetic payment record,AYA_PAY,RENEWAL,2026-07,11,,VERIFIED,10120.49,002518,2026-07-21 16:46:04,synthetic-generator,202518,100520
302519,40215.16,2026-08-08 20:57:33,Synthetic payment record,BANK_TRANSFER,RENEWAL,2026-08,12,,VERIFIED,40215.16,002519,2026-08-10 20:57:33,synthetic-generator,202519,100521
302520,6479.63,2021-09-22 15:49:49,Synthetic payment record,KBZ_PAY,PREMIUM,2021-09,1,,VERIFIED,6479.63,002520,2021-09-24 15:49:49,synthetic-generator,202520,100522
302521,7990.01,2021-10-13 02:41:43,Synthetic payment record,WAVE_PAY,PREMIUM,2021-10,2,,VERIFIED,7990.01,002521,2021-10-14 02:41:43,synthetic-generator,202521,100523
302522,16557.13,2021-11-18 05:04:34,Synthetic payment record,AYA_PAY,PREMIUM,2021-11,3,,VERIFIED,16557.13,002522,2021-11-18 05:04:34,synthetic-generator,202522,100524
302523,38341.88,2021-12-26 05:21:01,Synthetic payment record,BANK_TRANSFER,PREMIUM,2021-12,4,,VERIFIED,38341.88,002523,2021-12-26 05:21:01,synthetic-generator,202523,100525
302524,9774.45,2022-01-02 00:20:52,Synthetic payment record,KBZ_PAY,CLAIM_PAYOUT,2022-01,5,,VERIFIED,9774.45,002524,2022-01-03 00:20:52,synthetic-generator,202524,100526
302525,12417.51,2022-02-03 04:32:32,Synthetic payment record,WAVE_PAY,PREMIUM,2022-02,6,,VERIFIED,12417.51,002525,2022-02-04 04:32:32,synthetic-generator,202525,100527
302526,5493.69,2022-03-05 22:43:46,Synthetic payment record,AYA_PAY,PREMIUM,2022-03,7,,VERIFIED,5493.69,002526,2022-03-08 22:43:46,synthetic-generator,202526,100528
302527,8528.59,2022-04-09 02:27:35,Synthetic payment record,BANK_TRANSFER,RENEWAL,2022-04,8,,VERIFIED,8528.59,002527,2022-04-09 02:27:35,synthetic-generator,202527,100529
302528,10025.41,2022-05-10 19:27:53,Synthetic payment record,KBZ_PAY,PREMIUM,2022-05,9,,VERIFIED,10025.41,002528,2022-05-13 19:27:53,synthetic-generator,202528,100530
302529,34776.74,2022-06-19 04:11:33,Synthetic payment record,WAVE_PAY,PREMIUM,2022-06,10,,VERIFIED,34776.74,002529,2022-06-21 04:11:33,synthetic-generator,202529,100531
302530,28884.05,2022-07-28 01:39:18,Synthetic payment record,AYA_PAY,CLAIM_PAYOUT,2022-07,11,,VERIFIED,28884.05,002530,2022-07-30 01:39:18,synthetic-generator,202530,100532
302531,43784.16,2022-08-16 06:28:56,Synthetic payment record,BANK_TRANSFER,PREMIUM,2022-08,12,,PENDING,43784.16,002531,2022-08-19 06:28:56,,202531,100533
302532,10659.78,2022-09-17 06:49:11,Synthetic payment record,KBZ_PAY,CLAIM_PAYOUT,2022-09,1,,VERIFIED,10659.78,002532,2022-09-18 06:49:11,synthetic-generator,202532,100534
302533,9557.66,2022-10-10 01:12:56,Synthetic payment record,WAVE_PAY,PREMIUM,2022-10,2,,VERIFIED,9557.66,002533,2022-10-12 01:12:56,synthetic-generator,202533,100535
302534,39480.63,2022-11-17 16:18:20,Synthetic payment record,AYA_PAY,PREMIUM,2022-11,3,,VERIFIED,39480.63,002534,2022-11-17 16:18:20,synthetic-generator,202534,100536
302535,28282.10,2022-12-15 05:02:05,Synthetic payment record,BANK_TRANSFER,RENEWAL,2022-12,4,,REJECTED,28282.10,002535,2022-12-16 05:02:05,,202535,100537
302536,3800.14,2023-01-23 15:39:27,Synthetic payment record,KBZ_PAY,PREMIUM,2023-01,5,,VERIFIED,3800.14,002536,2023-01-24 15:39:27,synthetic-generator,202536,100538
302537,41224.68,2023-02-25 01:25:14,Synthetic payment record,WAVE_PAY,PREMIUM,2023-02,6,,VERIFIED,41224.68,002537,2023-02-25 01:25:14,synthetic-generator,202537,100539
302538,7224.70,2023-03-01 08:20:28,Synthetic payment record,AYA_PAY,CLAIM_PAYOUT,2023-03,7,,REJECTED,7224.70,002538,2023-03-01 08:20:28,,202538,100540
302539,12977.55,2023-04-03 12:38:05,Synthetic payment record,BANK_TRANSFER,PREMIUM,2023-04,8,,VERIFIED,12977.55,002539,2023-04-03 12:38:05,synthetic-generator,202539,100541
302540,11288.96,2023-05-10 02:12:17,Synthetic payment record,KBZ_PAY,PREMIUM,2023-05,9,,VERIFIED,11288.96,002540,2023-05-10 02:12:17,synthetic-generator,202540,100542
302541,17699.34,2023-06-07 05:55:24,Synthetic payment record,WAVE_PAY,PREMIUM,2023-06,10,,VERIFIED,17699.34,002541,2023-06-08 05:55:24,synthetic-generator,202541,100543
302542,12509.60,2023-07-02 21:38:44,Synthetic payment record,AYA_PAY,PREMIUM,2023-07,11,,VERIFIED,12509.60,002542,2023-07-05 21:38:44,synthetic-generator,202542,100544
302543,50327.41,2023-08-21 08:37:08,Synthetic payment record,BANK_TRANSFER,PREMIUM,2023-08,12,,VERIFIED,50327.41,002543,2023-08-22 08:37:08,synthetic-generator,202543,100545
302544,1915.22,2023-09-16 10:21:58,Synthetic payment record,KBZ_PAY,PREMIUM,2023-09,1,,VERIFIED,1915.22,002544,2023-09-19 10:21:58,synthetic-generator,202544,100546
302545,11769.26,2023-10-12 20:17:08,Synthetic payment record,WAVE_PAY,PREMIUM,2023-10,2,,VERIFIED,11769.26,002545,2023-10-13 20:17:08,synthetic-generator,202545,100547
302546,19691.08,2023-11-28 14:38:52,Synthetic payment record,AYA_PAY,PREMIUM,2023-11,3,,VERIFIED,19691.08,002546,2023-12-01 14:38:52,synthetic-generator,202546,100548
302547,22167.53,2023-12-24 11:06:15,Synthetic payment record,BANK_TRANSFER,PREMIUM,2023-12,4,,VERIFIED,22167.53,002547,2023-12-26 11:06:15,synthetic-generator,202547,100549
302548,21404.35,2024-01-16 00:23:58,Synthetic payment record,KBZ_PAY,PREMIUM,2024-01,5,,PENDING,21404.35,002548,2024-01-18 00:23:58,,202548,100550
302549,6488.16,2024-02-10 07:04:52,Synthetic payment record,WAVE_PAY,PREMIUM,2024-02,6,,REJECTED,6488.16,002549,2024-02-11 07:04:52,,202549,100551
302550,23840.18,2024-03-06 13:14:26,Synthetic payment record,AYA_PAY,PREMIUM,2024-03,7,,VERIFIED,23840.18,002550,2024-03-06 13:14:26,synthetic-generator,202550,100552
302551,10926.94,2024-04-06 08:05:48,Synthetic payment record,BANK_TRANSFER,RENEWAL,2024-04,8,,VERIFIED,10926.94,002551,2024-04-09 08:05:48,synthetic-generator,202551,100553
302552,17206.35,2024-05-07 15:39:25,Synthetic payment record,KBZ_PAY,PREMIUM,2024-05,9,,VERIFIED,17206.35,002552,2024-05-07 15:39:25,synthetic-generator,202552,100554
302553,15473.81,2024-06-16 23:20:49,Synthetic payment record,WAVE_PAY,PREMIUM,2024-06,10,,VERIFIED,15473.81,002553,2024-06-16 23:20:49,synthetic-generator,202553,100555
302554,43340.53,2024-07-02 08:07:52,Synthetic payment record,AYA_PAY,PREMIUM,2024-07,11,,VERIFIED,43340.53,002554,2024-07-02 08:07:52,synthetic-generator,202554,100556
302555,25412.38,2024-08-15 11:58:01,Synthetic payment record,BANK_TRANSFER,PREMIUM,2024-08,12,,VERIFIED,25412.38,002555,2024-08-18 11:58:01,synthetic-generator,202555,100557
302556,6063.07,2024-09-08 12:49:16,Synthetic payment record,KBZ_PAY,PREMIUM,2024-09,1,,VERIFIED,6063.07,002556,2024-09-11 12:49:16,synthetic-generator,202556,100558
302557,12691.67,2024-10-08 14:41:55,Synthetic payment record,WAVE_PAY,CLAIM_PAYOUT,2024-10,2,,VERIFIED,12691.67,002557,2024-10-10 14:41:55,synthetic-generator,202557,100559
302558,39438.75,2024-11-15 03:25:43,Synthetic payment record,AYA_PAY,PREMIUM,2024-11,3,,PENDING,39438.75,002558,2024-11-16 03:25:43,,202558,100560
302559,43807.05,2024-12-12 02:44:29,Synthetic payment record,BANK_TRANSFER,RENEWAL,2024-12,4,,VERIFIED,43807.05,002559,2024-12-13 02:44:29,synthetic-generator,202559,100561
302560,4975.97,2025-01-26 23:26:17,Synthetic payment record,KBZ_PAY,PREMIUM,2025-01,5,,VERIFIED,4975.97,002560,2025-01-28 23:26:17,synthetic-generator,202560,100562
302561,12905.16,2025-02-11 02:54:10,Synthetic payment record,WAVE_PAY,PREMIUM,2025-02,6,,VERIFIED,12905.16,002561,2025-02-11 02:54:10,synthetic-generator,202561,100563
302562,13344.29,2025-03-08 13:32:37,Synthetic payment record,AYA_PAY,PREMIUM,2025-03,7,,REJECTED,13344.29,002562,2025-03-11 13:32:37,,202562,100564
302563,24473.15,2025-04-02 10:35:57,Synthetic payment record,BANK_TRANSFER,PREMIUM,2025-04,8,,VERIFIED,24473.15,002563,2025-04-04 10:35:57,synthetic-generator,202563,100565
302564,17139.04,2025-05-29 10:57:23,Synthetic payment record,KBZ_PAY,RENEWAL,2025-05,9,,PENDING,17139.04,002564,2025-06-01 10:57:23,,202564,100566
302565,12939.56,2025-06-24 22:04:29,Synthetic payment record,WAVE_PAY,PREMIUM,2025-06,10,,VERIFIED,12939.56,002565,2025-06-24 22:04:29,synthetic-generator,202565,100567
302566,19666.55,2025-07-07 11:23:56,Synthetic payment record,AYA_PAY,RENEWAL,2025-07,11,,VERIFIED,19666.55,002566,2025-07-10 11:23:56,synthetic-generator,202566,100568
302567,54289.46,2025-08-05 15:51:42,Synthetic payment record,BANK_TRANSFER,PREMIUM,2025-08,12,,VERIFIED,54289.46,002567,2025-08-05 15:51:42,synthetic-generator,202567,100569
302568,7191.89,2025-09-17 16:16:06,Synthetic payment record,KBZ_PAY,PREMIUM,2025-09,1,,VERIFIED,7191.89,002568,2025-09-20 16:16:06,synthetic-generator,202568,100570
302569,14101.79,2025-10-18 02:26:14,Synthetic payment record,WAVE_PAY,PREMIUM,2025-10,2,,VERIFIED,14101.79,002569,2025-10-21 02:26:14,synthetic-generator,202569,100571
302570,25930.99,2025-11-09 08:14:20,Synthetic payment record,AYA_PAY,PREMIUM,2025-11,3,,VERIFIED,25930.99,002570,2025-11-12 08:14:20,synthetic-generator,202570,100572
302571,38512.11,2025-12-18 18:46:03,Synthetic payment record,BANK_TRANSFER,PREMIUM,2025-12,4,,VERIFIED,38512.11,002571,2025-12-21 18:46:03,synthetic-generator,202571,100573
302572,11906.73,2026-01-17 20:13:58,Synthetic payment record,KBZ_PAY,PREMIUM,2026-01,5,,PENDING,11906.73,002572,2026-01-20 20:13:58,,202572,100574
302573,29560.70,2026-02-17 06:35:01,Synthetic payment record,WAVE_PAY,PREMIUM,2026-02,6,,VERIFIED,29560.70,002573,2026-02-19 06:35:01,synthetic-generator,202573,100575
302574,18874.01,2026-03-04 04:36:39,Synthetic payment record,AYA_PAY,PREMIUM,2026-03,7,,PENDING,18874.01,002574,2026-03-04 04:36:39,,202574,100576
302575,24061.70,2026-04-28 14:21:07,Synthetic payment record,BANK_TRANSFER,RENEWAL,2026-04,8,,VERIFIED,24061.70,002575,2026-04-30 14:21:07,synthetic-generator,202575,100577
302576,22281.29,2026-05-01 03:21:24,Synthetic payment record,KBZ_PAY,PREMIUM,2026-05,9,,VERIFIED,22281.29,002576,2026-05-02 03:21:24,synthetic-generator,202576,100578
302577,14644.21,2026-06-12 12:36:23,Synthetic payment record,WAVE_PAY,PREMIUM,2026-06,10,,PENDING,14644.21,002577,2026-06-13 12:36:23,,202577,100579
302578,10626.50,2026-07-08 01:54:15,Synthetic payment record,AYA_PAY,PREMIUM,2026-07,11,,VERIFIED,10626.50,002578,2026-07-08 01:54:15,synthetic-generator,202578,100580
302579,22300.20,2026-08-03 10:22:04,Synthetic payment record,BANK_TRANSFER,PREMIUM,2026-08,12,,VERIFIED,22300.20,002579,2026-08-04 10:22:04,synthetic-generator,202579,100581
302580,1506.45,2021-09-26 09:01:43,Synthetic payment record,KBZ_PAY,PREMIUM,2021-09,1,,VERIFIED,1506.45,002580,2021-09-27 09:01:43,synthetic-generator,202580,100582
302581,1944.84,2021-10-29 03:50:40,Synthetic payment record,WAVE_PAY,RENEWAL,2021-10,2,,VERIFIED,1944.84,002581,2021-10-29 03:50:40,synthetic-generator,202581,100583
302582,7491.55,2021-11-10 18:45:34,Synthetic payment record,AYA_PAY,PREMIUM,2021-11,3,,VERIFIED,7491.55,002582,2021-11-11 18:45:34,synthetic-generator,202582,100584
302583,29028.93,2021-12-13 19:41:20,Synthetic payment record,BANK_TRANSFER,PREMIUM,2021-12,4,,VERIFIED,29028.93,002583,2021-12-16 19:41:20,synthetic-generator,202583,100585
302584,5274.33,2022-01-15 16:42:43,Synthetic payment record,KBZ_PAY,PREMIUM,2022-01,5,,PENDING,5274.33,002584,2022-01-16 16:42:43,,202584,100586
302585,15751.86,2022-02-13 03:37:09,Synthetic payment record,WAVE_PAY,PREMIUM,2022-02,6,,PENDING,15751.86,002585,2022-02-13 03:37:09,,202585,100587
302586,26203.24,2022-03-18 01:58:07,Synthetic payment record,AYA_PAY,PREMIUM,2022-03,7,,VERIFIED,26203.24,002586,2022-03-21 01:58:07,synthetic-generator,202586,100588
302587,15636.02,2022-04-14 06:25:04,Synthetic payment record,BANK_TRANSFER,PREMIUM,2022-04,8,,VERIFIED,15636.02,002587,2022-04-16 06:25:04,synthetic-generator,202587,100589
302588,10326.80,2022-05-20 10:42:24,Synthetic payment record,KBZ_PAY,PREMIUM,2022-05,9,,VERIFIED,10326.80,002588,2022-05-22 10:42:24,synthetic-generator,202588,100590
302589,19450.72,2022-06-05 14:13:45,Synthetic payment record,WAVE_PAY,PREMIUM,2022-06,10,,PENDING,19450.72,002589,2022-06-05 14:13:45,,202589,100591
302590,18015.46,2022-07-06 20:36:15,Synthetic payment record,AYA_PAY,CLAIM_PAYOUT,2022-07,11,,VERIFIED,18015.46,002590,2022-07-08 20:36:15,synthetic-generator,202590,100592
302591,45908.72,2022-08-27 00:04:46,Synthetic payment record,BANK_TRANSFER,PREMIUM,2022-08,12,,VERIFIED,45908.72,002591,2022-08-30 00:04:46,synthetic-generator,202591,100593
302592,4673.92,2022-09-17 02:54:08,Synthetic payment record,KBZ_PAY,RENEWAL,2022-09,1,,VERIFIED,4673.92,002592,2022-09-20 02:54:08,synthetic-generator,202592,100594
302593,13824.03,2022-10-24 10:34:29,Synthetic payment record,WAVE_PAY,RENEWAL,2022-10,2,,PENDING,13824.03,002593,2022-10-26 10:34:29,,202593,100595
302594,3504.10,2022-11-30 18:10:23,Synthetic payment record,AYA_PAY,PREMIUM,2022-11,3,,VERIFIED,3504.10,002594,2022-11-30 18:10:23,synthetic-generator,202594,100596
302595,40074.26,2022-12-23 21:43:56,Synthetic payment record,BANK_TRANSFER,PREMIUM,2022-12,4,,VERIFIED,40074.26,002595,2022-12-23 21:43:56,synthetic-generator,202595,100597
302596,13068.62,2023-01-21 19:06:20,Synthetic payment record,KBZ_PAY,PREMIUM,2023-01,5,,PENDING,13068.62,002596,2023-01-21 19:06:20,,202596,100598
302597,30958.71,2023-02-13 02:12:54,Synthetic payment record,WAVE_PAY,PREMIUM,2023-02,6,,PENDING,30958.71,002597,2023-02-15 02:12:54,,202597,100599
302598,4694.68,2023-03-06 19:18:21,Synthetic payment record,AYA_PAY,RENEWAL,2023-03,7,,PENDING,4694.68,002598,2023-03-09 19:18:21,,202598,100600
302599,4338.73,2023-04-05 05:23:44,Synthetic payment record,BANK_TRANSFER,PREMIUM,2023-04,8,,VERIFIED,4338.73,002599,2023-04-07 05:23:44,synthetic-generator,202599,100601
302600,18177.11,2023-05-27 09:33:43,Synthetic payment record,KBZ_PAY,PREMIUM,2023-05,9,,VERIFIED,18177.11,002600,2023-05-30 09:33:43,synthetic-generator,202600,100602
302601,18814.61,2023-06-23 05:05:29,Synthetic payment record,WAVE_PAY,PREMIUM,2023-06,10,,REJECTED,18814.61,002601,2023-06-23 05:05:29,,202601,100603
302602,27288.12,2023-07-29 22:06:23,Synthetic payment record,AYA_PAY,RENEWAL,2023-07,11,,PENDING,27288.12,002602,2023-07-30 22:06:23,,202602,100604
302603,52869.51,2023-08-26 09:15:26,Synthetic payment record,BANK_TRANSFER,PREMIUM,2023-08,12,,VERIFIED,52869.51,002603,2023-08-27 09:15:26,synthetic-generator,202603,100605
302604,10750.38,2023-09-05 19:57:51,Synthetic payment record,KBZ_PAY,RENEWAL,2023-09,1,,VERIFIED,10750.38,002604,2023-09-06 19:57:51,synthetic-generator,202604,100606
302605,20431.17,2023-10-23 04:41:37,Synthetic payment record,WAVE_PAY,PREMIUM,2023-10,2,,VERIFIED,20431.17,002605,2023-10-25 04:41:37,synthetic-generator,202605,100607
302606,5957.08,2023-11-20 04:03:05,Synthetic payment record,AYA_PAY,PREMIUM,2023-11,3,,VERIFIED,5957.08,002606,2023-11-23 04:03:05,synthetic-generator,202606,100608
302607,39505.29,2023-12-16 04:18:51,Synthetic payment record,BANK_TRANSFER,PREMIUM,2023-12,4,,VERIFIED,39505.29,002607,2023-12-19 04:18:51,synthetic-generator,202607,100609
302608,20824.75,2024-01-15 01:46:49,Synthetic payment record,KBZ_PAY,PREMIUM,2024-01,5,,VERIFIED,20824.75,002608,2024-01-16 01:46:49,synthetic-generator,202608,100610
302609,21277.00,2024-02-01 04:15:31,Synthetic payment record,WAVE_PAY,RENEWAL,2024-02,6,,VERIFIED,21277.00,002609,2024-02-02 04:15:31,synthetic-generator,202609,100611
302610,7629.26,2024-03-05 16:49:08,Synthetic payment record,AYA_PAY,RENEWAL,2024-03,7,,VERIFIED,7629.26,002610,2024-03-06 16:49:08,synthetic-generator,202610,100612
302611,57261.37,2024-04-28 20:51:20,Synthetic payment record,BANK_TRANSFER,PREMIUM,2024-04,8,,VERIFIED,57261.37,002611,2024-05-01 20:51:20,synthetic-generator,202611,100613
302612,11969.54,2024-05-16 06:04:12,Synthetic payment record,KBZ_PAY,PREMIUM,2024-05,9,,VERIFIED,11969.54,002612,2024-05-19 06:04:12,synthetic-generator,202612,100614
302613,19999.93,2024-06-22 18:05:18,Synthetic payment record,WAVE_PAY,PREMIUM,2024-06,10,,VERIFIED,19999.93,002613,2024-06-23 18:05:18,synthetic-generator,202613,100615
302614,50650.63,2024-07-17 09:16:48,Synthetic payment record,AYA_PAY,PREMIUM,2024-07,11,,VERIFIED,50650.63,002614,2024-07-20 09:16:48,synthetic-generator,202614,100616
302615,61082.68,2024-08-20 19:45:24,Synthetic payment record,BANK_TRANSFER,PREMIUM,2024-08,12,,VERIFIED,61082.68,002615,2024-08-23 19:45:24,synthetic-generator,202615,100617
302616,11509.06,2024-09-19 14:25:10,Synthetic payment record,KBZ_PAY,PREMIUM,2024-09,1,,VERIFIED,11509.06,002616,2024-09-22 14:25:10,synthetic-generator,202616,100618
302617,20481.20,2024-10-17 00:49:17,Synthetic payment record,WAVE_PAY,PREMIUM,2024-10,2,,VERIFIED,20481.20,002617,2024-10-19 00:49:17,synthetic-generator,202617,100619
302618,10733.87,2024-11-30 08:19:05,Synthetic payment record,AYA_PAY,PREMIUM,2024-11,3,,REJECTED,10733.87,002618,2024-12-01 08:19:05,,202618,100620
302619,9859.79,2024-12-03 22:44:09,Synthetic payment record,BANK_TRANSFER,PREMIUM,2024-12,4,,VERIFIED,9859.79,002619,2024-12-04 22:44:09,synthetic-generator,202619,100621
302620,27970.90,2025-01-31 19:35:09,Synthetic payment record,KBZ_PAY,PREMIUM,2025-01,5,,VERIFIED,27970.90,002620,2025-02-01 19:35:09,synthetic-generator,202620,100622
302621,32278.22,2025-02-28 18:45:05,Synthetic payment record,WAVE_PAY,PREMIUM,2025-02,6,,PENDING,32278.22,002621,2025-02-28 18:45:05,,202621,100623
302622,11108.79,2025-03-19 14:24:01,Synthetic payment record,AYA_PAY,PREMIUM,2025-03,7,,VERIFIED,11108.79,002622,2025-03-22 14:24:01,synthetic-generator,202622,100624
302623,13753.51,2025-04-02 21:13:38,Synthetic payment record,BANK_TRANSFER,PREMIUM,2025-04,8,,PENDING,13753.51,002623,2025-04-03 21:13:38,,202623,100625
302624,13111.24,2025-05-25 12:53:19,Synthetic payment record,KBZ_PAY,PREMIUM,2025-05,9,,VERIFIED,13111.24,002624,2025-05-26 12:53:19,synthetic-generator,202624,100626
302625,34499.03,2025-06-11 12:20:30,Synthetic payment record,WAVE_PAY,CLAIM_PAYOUT,2025-06,10,,VERIFIED,34499.03,002625,2025-06-12 12:20:30,synthetic-generator,202625,100627
302626,11261.04,2025-07-07 06:17:38,Synthetic payment record,AYA_PAY,PREMIUM,2025-07,11,,VERIFIED,11261.04,002626,2025-07-09 06:17:38,synthetic-generator,202626,100628
302627,65698.09,2025-08-28 20:55:55,Synthetic payment record,BANK_TRANSFER,PREMIUM,2025-08,12,,VERIFIED,65698.09,002627,2025-08-29 20:55:55,synthetic-generator,202627,100629
302628,6850.81,2025-09-25 08:19:04,Synthetic payment record,KBZ_PAY,RENEWAL,2025-09,1,,VERIFIED,6850.81,002628,2025-09-27 08:19:04,synthetic-generator,202628,100630
302629,17412.44,2025-10-07 09:22:37,Synthetic payment record,WAVE_PAY,PREMIUM,2025-10,2,,VERIFIED,17412.44,002629,2025-10-07 09:22:37,synthetic-generator,202629,100631
302630,25923.11,2025-11-10 02:27:15,Synthetic payment record,AYA_PAY,RENEWAL,2025-11,3,,VERIFIED,25923.11,002630,2025-11-12 02:27:15,synthetic-generator,202630,100632
302631,19860.64,2025-12-24 02:32:24,Synthetic payment record,BANK_TRANSFER,PREMIUM,2025-12,4,,VERIFIED,19860.64,002631,2025-12-26 02:32:24,synthetic-generator,202631,100633
302632,8440.92,2026-01-20 19:56:28,Synthetic payment record,KBZ_PAY,PREMIUM,2026-01,5,,VERIFIED,8440.92,002632,2026-01-22 19:56:28,synthetic-generator,202632,100634
302633,15975.88,2026-02-05 03:49:37,Synthetic payment record,WAVE_PAY,PREMIUM,2026-02,6,,VERIFIED,15975.88,002633,2026-02-06 03:49:37,synthetic-generator,202633,100635
302634,37423.22,2026-03-05 22:35:16,Synthetic payment record,AYA_PAY,PREMIUM,2026-03,7,,VERIFIED,37423.22,002634,2026-03-06 22:35:16,synthetic-generator,202634,100636
302635,60887.76,2026-04-23 02:36:45,Synthetic payment record,BANK_TRANSFER,PREMIUM,2026-04,8,,VERIFIED,60887.76,002635,2026-04-23 02:36:45,synthetic-generator,202635,100637
302636,2736.19,2026-05-30 19:32:29,Synthetic payment record,KBZ_PAY,PREMIUM,2026-05,9,,VERIFIED,2736.19,002636,2026-05-30 19:32:29,synthetic-generator,202636,100638
302637,17858.53,2026-06-10 19:52:44,Synthetic payment record,WAVE_PAY,PREMIUM,2026-06,10,,VERIFIED,17858.53,002637,2026-06-13 19:52:44,synthetic-generator,202637,100639
302638,24841.72,2026-07-30 05:34:27,Synthetic payment record,AYA_PAY,PREMIUM,2026-07,11,,VERIFIED,24841.72,002638,2026-08-02 05:34:27,synthetic-generator,202638,100640
302639,56462.51,2026-08-24 10:53:48,Synthetic payment record,BANK_TRANSFER,PREMIUM,2026-08,12,,VERIFIED,56462.51,002639,2026-08-26 10:53:48,synthetic-generator,202639,100641
302640,7723.48,2021-09-10 14:44:23,Synthetic payment record,KBZ_PAY,PREMIUM,2021-09,1,,VERIFIED,7723.48,002640,2021-09-10 14:44:23,synthetic-generator,202640,100642
302641,16573.36,2021-10-16 12:08:38,Synthetic payment record,WAVE_PAY,CLAIM_PAYOUT,2021-10,2,,VERIFIED,16573.36,002641,2021-10-18 12:08:38,synthetic-generator,202641,100643
302642,4814.89,2021-11-15 20:10:35,Synthetic payment record,AYA_PAY,PREMIUM,2021-11,3,,VERIFIED,4814.89,002642,2021-11-17 20:10:35,synthetic-generator,202642,100644
302643,6222.63,2021-12-25 10:50:44,Synthetic payment record,BANK_TRANSFER,PREMIUM,2021-12,4,,VERIFIED,6222.63,002643,2021-12-28 10:50:44,synthetic-generator,202643,100645
302644,17676.39,2022-01-18 17:59:09,Synthetic payment record,KBZ_PAY,PREMIUM,2022-01,5,,VERIFIED,17676.39,002644,2022-01-20 17:59:09,synthetic-generator,202644,100646
302645,21813.22,2022-02-18 11:23:43,Synthetic payment record,WAVE_PAY,PREMIUM,2022-02,6,,VERIFIED,21813.22,002645,2022-02-18 11:23:43,synthetic-generator,202645,100647
302646,14003.89,2022-03-31 14:41:35,Synthetic payment record,AYA_PAY,RENEWAL,2022-03,7,,VERIFIED,14003.89,002646,2022-04-03 14:41:35,synthetic-generator,202646,100648
302647,19244.90,2022-04-03 13:35:35,Synthetic payment record,BANK_TRANSFER,RENEWAL,2022-04,8,,VERIFIED,19244.90,002647,2022-04-06 13:35:35,synthetic-generator,202647,100649
302648,7172.12,2022-05-24 12:01:41,Synthetic payment record,KBZ_PAY,PREMIUM,2022-05,9,,PENDING,7172.12,002648,2022-05-24 12:01:41,,202648,100650
302649,9010.17,2022-06-10 01:03:34,Synthetic payment record,WAVE_PAY,PREMIUM,2022-06,10,,VERIFIED,9010.17,002649,2022-06-10 01:03:34,synthetic-generator,202649,100651
302650,8185.47,2022-07-07 06:16:06,Synthetic payment record,AYA_PAY,PREMIUM,2022-07,11,,VERIFIED,8185.47,002650,2022-07-07 06:16:06,synthetic-generator,202650,100652
302651,39704.24,2022-08-08 22:41:39,Synthetic payment record,BANK_TRANSFER,PREMIUM,2022-08,12,,REJECTED,39704.24,002651,2022-08-10 22:41:39,,202651,100653
302652,11699.60,2022-09-28 06:08:17,Synthetic payment record,KBZ_PAY,RENEWAL,2022-09,1,,VERIFIED,11699.60,002652,2022-10-01 06:08:17,synthetic-generator,202652,100654
302653,25093.92,2022-10-28 09:11:57,Synthetic payment record,WAVE_PAY,RENEWAL,2022-10,2,,VERIFIED,25093.92,002653,2022-10-28 09:11:57,synthetic-generator,202653,100655
302654,4713.78,2022-11-09 17:12:36,Synthetic payment record,AYA_PAY,PREMIUM,2022-11,3,,VERIFIED,4713.78,002654,2022-11-09 17:12:36,synthetic-generator,202654,100656
302655,15536.66,2022-12-27 23:30:59,Synthetic payment record,BANK_TRANSFER,RENEWAL,2022-12,4,,VERIFIED,15536.66,002655,2022-12-28 23:30:59,synthetic-generator,202655,100657
302656,16260.13,2023-01-07 06:38:05,Synthetic payment record,KBZ_PAY,RENEWAL,2023-01,5,,VERIFIED,16260.13,002656,2023-01-08 06:38:05,synthetic-generator,202656,100658
302657,3620.16,2023-02-26 17:44:51,Synthetic payment record,WAVE_PAY,PREMIUM,2023-02,6,,VERIFIED,3620.16,002657,2023-02-26 17:44:51,synthetic-generator,202657,100659
302658,15982.21,2023-03-31 21:08:11,Synthetic payment record,AYA_PAY,RENEWAL,2023-03,7,,VERIFIED,15982.21,002658,2023-04-01 21:08:11,synthetic-generator,202658,100660
302659,43896.10,2023-04-24 19:05:57,Synthetic payment record,BANK_TRANSFER,PREMIUM,2023-04,8,,PENDING,43896.10,002659,2023-04-27 19:05:57,,202659,100661
302660,3111.79,2023-05-10 02:54:44,Synthetic payment record,KBZ_PAY,PREMIUM,2023-05,9,,VERIFIED,3111.79,002660,2023-05-11 02:54:44,synthetic-generator,202660,100662
302661,26521.56,2023-06-27 05:03:05,Synthetic payment record,WAVE_PAY,RENEWAL,2023-06,10,,VERIFIED,26521.56,002661,2023-06-28 05:03:05,synthetic-generator,202661,100663
302662,27806.05,2023-07-01 14:46:43,Synthetic payment record,AYA_PAY,PREMIUM,2023-07,11,,VERIFIED,27806.05,002662,2023-07-03 14:46:43,synthetic-generator,202662,100664
302663,10923.98,2023-08-17 21:58:51,Synthetic payment record,BANK_TRANSFER,PREMIUM,2023-08,12,,VERIFIED,10923.98,002663,2023-08-18 21:58:51,synthetic-generator,202663,100665
302664,1665.72,2023-09-25 22:12:44,Synthetic payment record,KBZ_PAY,PREMIUM,2023-09,1,,VERIFIED,1665.72,002664,2023-09-26 22:12:44,synthetic-generator,202664,100666
302665,5252.04,2023-10-17 14:49:55,Synthetic payment record,WAVE_PAY,PREMIUM,2023-10,2,,VERIFIED,5252.04,002665,2023-10-17 14:49:55,synthetic-generator,202665,100667
302666,8147.38,2023-11-29 21:53:03,Synthetic payment record,AYA_PAY,PREMIUM,2023-11,3,,VERIFIED,8147.38,002666,2023-12-01 21:53:03,synthetic-generator,202666,100668
302667,57221.00,2023-12-19 05:03:31,Synthetic payment record,BANK_TRANSFER,PREMIUM,2023-12,4,,VERIFIED,57221.00,002667,2023-12-22 05:03:31,synthetic-generator,202667,100669
302668,15256.16,2024-01-12 20:00:52,Synthetic payment record,KBZ_PAY,PREMIUM,2024-01,5,,VERIFIED,15256.16,002668,2024-01-13 20:00:52,synthetic-generator,202668,100670
302669,19746.52,2024-02-09 18:21:33,Synthetic payment record,WAVE_PAY,PREMIUM,2024-02,6,,VERIFIED,19746.52,002669,2024-02-10 18:21:33,synthetic-generator,202669,100671
302670,28146.22,2024-03-20 21:27:15,Synthetic payment record,AYA_PAY,PREMIUM,2024-03,7,,VERIFIED,28146.22,002670,2024-03-22 21:27:15,synthetic-generator,202670,100672
302671,33090.54,2024-04-16 02:31:42,Synthetic payment record,BANK_TRANSFER,PREMIUM,2024-04,8,,VERIFIED,33090.54,002671,2024-04-18 02:31:42,synthetic-generator,202671,100673
302672,4625.36,2024-05-26 09:42:48,Synthetic payment record,KBZ_PAY,PREMIUM,2024-05,9,,VERIFIED,4625.36,002672,2024-05-26 09:42:48,synthetic-generator,202672,100674
302673,23770.49,2024-06-23 21:46:34,Synthetic payment record,WAVE_PAY,PREMIUM,2024-06,10,,VERIFIED,23770.49,002673,2024-06-25 21:46:34,synthetic-generator,202673,100675
302674,39404.82,2024-07-05 03:45:01,Synthetic payment record,AYA_PAY,PREMIUM,2024-07,11,,VERIFIED,39404.82,002674,2024-07-07 03:45:01,synthetic-generator,202674,100676
302675,22796.64,2024-08-01 21:33:28,Synthetic payment record,BANK_TRANSFER,PREMIUM,2024-08,12,,VERIFIED,22796.64,002675,2024-08-04 21:33:28,synthetic-generator,202675,100677
302676,12463.64,2024-09-14 06:55:51,Synthetic payment record,KBZ_PAY,RENEWAL,2024-09,1,,VERIFIED,12463.64,002676,2024-09-16 06:55:51,synthetic-generator,202676,100678
302677,22132.19,2024-10-22 18:23:05,Synthetic payment record,WAVE_PAY,RENEWAL,2024-10,2,,VERIFIED,22132.19,002677,2024-10-23 18:23:05,synthetic-generator,202677,100679
302678,14358.53,2024-11-02 18:02:23,Synthetic payment record,AYA_PAY,RENEWAL,2024-11,3,,VERIFIED,14358.53,002678,2024-11-04 18:02:23,synthetic-generator,202678,100680
302679,6637.26,2024-12-20 16:18:48,Synthetic payment record,BANK_TRANSFER,RENEWAL,2024-12,4,,VERIFIED,6637.26,002679,2024-12-20 16:18:48,synthetic-generator,202679,100681
302680,17125.01,2025-01-23 21:53:45,Synthetic payment record,KBZ_PAY,PREMIUM,2025-01,5,,VERIFIED,17125.01,002680,2025-01-26 21:53:45,synthetic-generator,202680,100682
302681,36474.43,2025-02-22 17:40:46,Synthetic payment record,WAVE_PAY,PREMIUM,2025-02,6,,VERIFIED,36474.43,002681,2025-02-25 17:40:46,synthetic-generator,202681,100683
302682,27290.12,2025-03-16 21:05:09,Synthetic payment record,AYA_PAY,PREMIUM,2025-03,7,,VERIFIED,27290.12,002682,2025-03-18 21:05:09,synthetic-generator,202682,100684
302683,24817.73,2025-04-16 03:01:15,Synthetic payment record,BANK_TRANSFER,PREMIUM,2025-04,8,,REJECTED,24817.73,002683,2025-04-17 03:01:15,,202683,100685
302684,4427.10,2025-05-12 08:58:07,Synthetic payment record,KBZ_PAY,PREMIUM,2025-05,9,,REJECTED,4427.10,002684,2025-05-12 08:58:07,,202684,100686
302685,14579.57,2025-06-22 01:16:34,Synthetic payment record,WAVE_PAY,PREMIUM,2025-06,10,,VERIFIED,14579.57,002685,2025-06-22 01:16:34,synthetic-generator,202685,100687
302686,11476.24,2025-07-17 08:38:23,Synthetic payment record,AYA_PAY,PREMIUM,2025-07,11,,VERIFIED,11476.24,002686,2025-07-20 08:38:23,synthetic-generator,202686,100688
302687,20009.06,2025-08-29 00:37:04,Synthetic payment record,BANK_TRANSFER,RENEWAL,2025-08,12,,VERIFIED,20009.06,002687,2025-09-01 00:37:04,synthetic-generator,202687,100689
302688,8522.67,2025-09-29 02:49:46,Synthetic payment record,KBZ_PAY,PREMIUM,2025-09,1,,VERIFIED,8522.67,002688,2025-09-29 02:49:46,synthetic-generator,202688,100690
302689,14675.72,2025-10-23 11:34:05,Synthetic payment record,WAVE_PAY,PREMIUM,2025-10,2,,VERIFIED,14675.72,002689,2025-10-24 11:34:05,synthetic-generator,202689,100691
302690,34156.97,2025-11-18 10:19:58,Synthetic payment record,AYA_PAY,PREMIUM,2025-11,3,,VERIFIED,34156.97,002690,2025-11-19 10:19:58,synthetic-generator,202690,100692
302691,21346.50,2025-12-18 23:37:18,Synthetic payment record,BANK_TRANSFER,RENEWAL,2025-12,4,,VERIFIED,21346.50,002691,2025-12-21 23:37:18,synthetic-generator,202691,100693
302692,6107.01,2026-01-13 13:59:02,Synthetic payment record,KBZ_PAY,PREMIUM,2026-01,5,,VERIFIED,6107.01,002692,2026-01-15 13:59:02,synthetic-generator,202692,100694
302693,9851.88,2026-02-23 19:01:38,Synthetic payment record,WAVE_PAY,PREMIUM,2026-02,6,,VERIFIED,9851.88,002693,2026-02-23 19:01:38,synthetic-generator,202693,100695
302694,13085.10,2026-03-29 13:25:53,Synthetic payment record,AYA_PAY,RENEWAL,2026-03,7,,VERIFIED,13085.10,002694,2026-04-01 13:25:53,synthetic-generator,202694,100696
302695,17356.16,2026-04-27 22:27:22,Synthetic payment record,BANK_TRANSFER,PREMIUM,2026-04,8,,VERIFIED,17356.16,002695,2026-04-27 22:27:22,synthetic-generator,202695,100697
302696,13506.88,2026-05-15 09:19:43,Synthetic payment record,KBZ_PAY,PREMIUM,2026-05,9,,VERIFIED,13506.88,002696,2026-05-15 09:19:43,synthetic-generator,202696,100698
302697,10230.78,2026-06-12 23:42:02,Synthetic payment record,WAVE_PAY,PREMIUM,2026-06,10,,VERIFIED,10230.78,002697,2026-06-13 23:42:02,synthetic-generator,202697,100699
302698,42299.67,2026-07-30 12:46:07,Synthetic payment record,AYA_PAY,CLAIM_PAYOUT,2026-07,11,,VERIFIED,42299.67,002698,2026-08-01 12:46:07,synthetic-generator,202698,100700
302699,48919.02,2026-08-31 19:27:32,Synthetic payment record,BANK_TRANSFER,PREMIUM,2026-08,12,,PENDING,48919.02,002699,2026-09-01 19:27:32,,202699,100701
302700,7725.89,2021-09-15 07:41:58,Synthetic payment record,KBZ_PAY,PREMIUM,2021-09,1,,PENDING,7725.89,002700,2021-09-17 07:41:58,,202700,100702
302701,9338.59,2021-10-14 01:24:24,Synthetic payment record,WAVE_PAY,PREMIUM,2021-10,2,,VERIFIED,9338.59,002701,2021-10-16 01:24:24,synthetic-generator,202701,100703
302702,24517.41,2021-11-04 02:18:46,Synthetic payment record,AYA_PAY,RENEWAL,2021-11,3,,VERIFIED,24517.41,002702,2021-11-06 02:18:46,synthetic-generator,202702,100704
302703,10840.11,2021-12-29 00:41:58,Synthetic payment record,BANK_TRANSFER,PREMIUM,2021-12,4,,PENDING,10840.11,002703,2022-01-01 00:41:58,,202703,100705
302704,15207.72,2022-01-18 11:21:40,Synthetic payment record,KBZ_PAY,PREMIUM,2022-01,5,,VERIFIED,15207.72,002704,2022-01-19 11:21:40,synthetic-generator,202704,100706
302705,23279.82,2022-02-06 10:56:31,Synthetic payment record,WAVE_PAY,RENEWAL,2022-02,6,,VERIFIED,23279.82,002705,2022-02-07 10:56:31,synthetic-generator,202705,100707
302706,3943.86,2022-03-25 02:09:50,Synthetic payment record,AYA_PAY,PREMIUM,2022-03,7,,VERIFIED,3943.86,002706,2022-03-27 02:09:50,synthetic-generator,202706,100708
302707,46787.45,2022-04-29 16:00:55,Synthetic payment record,BANK_TRANSFER,RENEWAL,2022-04,8,,VERIFIED,46787.45,002707,2022-05-01 16:00:55,synthetic-generator,202707,100709
302708,11504.95,2022-05-04 06:55:30,Synthetic payment record,KBZ_PAY,PREMIUM,2022-05,9,,VERIFIED,11504.95,002708,2022-05-04 06:55:30,synthetic-generator,202708,100710
302709,13599.40,2022-06-26 04:56:11,Synthetic payment record,WAVE_PAY,PREMIUM,2022-06,10,,VERIFIED,13599.40,002709,2022-06-26 04:56:11,synthetic-generator,202709,100711
302710,6363.71,2022-07-22 16:35:07,Synthetic payment record,AYA_PAY,RENEWAL,2022-07,11,,VERIFIED,6363.71,002710,2022-07-22 16:35:07,synthetic-generator,202710,100712
302711,53013.76,2022-08-15 10:04:20,Synthetic payment record,BANK_TRANSFER,PREMIUM,2022-08,12,,VERIFIED,53013.76,002711,2022-08-15 10:04:20,synthetic-generator,202711,100713
302712,5834.77,2022-09-01 05:40:36,Synthetic payment record,KBZ_PAY,PREMIUM,2022-09,1,,VERIFIED,5834.77,002712,2022-09-03 05:40:36,synthetic-generator,202712,100714
302713,7947.07,2022-10-20 22:04:51,Synthetic payment record,WAVE_PAY,PREMIUM,2022-10,2,,VERIFIED,7947.07,002713,2022-10-20 22:04:51,synthetic-generator,202713,100715
302714,19892.31,2022-11-20 15:01:29,Synthetic payment record,AYA_PAY,PREMIUM,2022-11,3,,VERIFIED,19892.31,002714,2022-11-22 15:01:29,synthetic-generator,202714,100716
302715,29678.14,2022-12-16 21:19:35,Synthetic payment record,BANK_TRANSFER,CLAIM_PAYOUT,2022-12,4,,VERIFIED,29678.14,002715,2022-12-16 21:19:35,synthetic-generator,202715,100717
302716,8556.40,2023-01-07 23:56:03,Synthetic payment record,KBZ_PAY,CLAIM_PAYOUT,2023-01,5,,VERIFIED,8556.40,002716,2023-01-08 23:56:03,synthetic-generator,202716,100718
302717,20986.05,2023-02-24 00:54:30,Synthetic payment record,WAVE_PAY,CLAIM_PAYOUT,2023-02,6,,VERIFIED,20986.05,002717,2023-02-27 00:54:30,synthetic-generator,202717,100719
302718,20974.20,2023-03-18 15:22:12,Synthetic payment record,AYA_PAY,PREMIUM,2023-03,7,,VERIFIED,20974.20,002718,2023-03-20 15:22:12,synthetic-generator,202718,100720
302719,12508.16,2023-04-26 21:12:22,Synthetic payment record,BANK_TRANSFER,PREMIUM,2023-04,8,,REJECTED,12508.16,002719,2023-04-27 21:12:22,,202719,100721
302720,18706.64,2023-05-23 12:12:28,Synthetic payment record,KBZ_PAY,RENEWAL,2023-05,9,,PENDING,18706.64,002720,2023-05-23 12:12:28,,202720,100722
302721,15710.12,2023-06-15 14:04:57,Synthetic payment record,WAVE_PAY,PREMIUM,2023-06,10,,PENDING,15710.12,002721,2023-06-15 14:04:57,,202721,100723
302722,17437.20,2023-07-07 23:52:04,Synthetic payment record,AYA_PAY,PREMIUM,2023-07,11,,VERIFIED,17437.20,002722,2023-07-10 23:52:04,synthetic-generator,202722,100724
302723,16765.94,2023-08-25 10:12:42,Synthetic payment record,BANK_TRANSFER,PREMIUM,2023-08,12,,VERIFIED,16765.94,002723,2023-08-25 10:12:42,synthetic-generator,202723,100725
302724,5484.38,2023-09-09 00:11:55,Synthetic payment record,KBZ_PAY,PREMIUM,2023-09,1,,VERIFIED,5484.38,002724,2023-09-12 00:11:55,synthetic-generator,202724,100726
302725,17813.49,2023-10-15 02:32:31,Synthetic payment record,WAVE_PAY,CLAIM_PAYOUT,2023-10,2,,VERIFIED,17813.49,002725,2023-10-18 02:32:31,synthetic-generator,202725,100727
302726,20454.57,2023-11-04 05:55:31,Synthetic payment record,AYA_PAY,PREMIUM,2023-11,3,,VERIFIED,20454.57,002726,2023-11-06 05:55:31,synthetic-generator,202726,100728
302727,25404.70,2023-12-09 22:03:17,Synthetic payment record,BANK_TRANSFER,PREMIUM,2023-12,4,,REJECTED,25404.70,002727,2023-12-11 22:03:17,,202727,100729
302728,12978.35,2024-01-08 16:32:14,Synthetic payment record,KBZ_PAY,PREMIUM,2024-01,5,,VERIFIED,12978.35,002728,2024-01-10 16:32:14,synthetic-generator,202728,100730
302729,39379.60,2024-02-13 11:45:56,Synthetic payment record,WAVE_PAY,PREMIUM,2024-02,6,,VERIFIED,39379.60,002729,2024-02-13 11:45:56,synthetic-generator,202729,100731
302730,22978.64,2024-03-20 12:47:07,Synthetic payment record,AYA_PAY,PREMIUM,2024-03,7,,VERIFIED,22978.64,002730,2024-03-20 12:47:07,synthetic-generator,202730,100732
302731,23992.46,2024-04-26 15:57:46,Synthetic payment record,BANK_TRANSFER,CLAIM_PAYOUT,2024-04,8,,VERIFIED,23992.46,002731,2024-04-26 15:57:46,synthetic-generator,202731,100733
302732,3783.48,2024-05-20 00:53:43,Synthetic payment record,KBZ_PAY,CLAIM_PAYOUT,2024-05,9,,VERIFIED,3783.48,002732,2024-05-20 00:53:43,synthetic-generator,202732,100734
302733,15561.95,2024-06-30 09:17:01,Synthetic payment record,WAVE_PAY,PREMIUM,2024-06,10,,VERIFIED,15561.95,002733,2024-07-03 09:17:01,synthetic-generator,202733,100735
302734,20665.05,2024-07-31 05:54:34,Synthetic payment record,AYA_PAY,PREMIUM,2024-07,11,,PENDING,20665.05,002734,2024-08-01 05:54:34,,202734,100736
302735,33501.93,2024-08-21 12:14:20,Synthetic payment record,BANK_TRANSFER,PREMIUM,2024-08,12,,VERIFIED,33501.93,002735,2024-08-22 12:14:20,synthetic-generator,202735,100737
302736,10057.67,2024-09-24 09:39:25,Synthetic payment record,KBZ_PAY,PREMIUM,2024-09,1,,VERIFIED,10057.67,002736,2024-09-24 09:39:25,synthetic-generator,202736,100738
302737,14695.89,2024-10-01 00:11:27,Synthetic payment record,WAVE_PAY,RENEWAL,2024-10,2,,VERIFIED,14695.89,002737,2024-10-01 00:11:27,synthetic-generator,202737,100739
302738,22707.21,2024-11-07 01:56:19,Synthetic payment record,AYA_PAY,PREMIUM,2024-11,3,,PENDING,22707.21,002738,2024-11-09 01:56:19,,202738,100740
302739,11187.46,2024-12-30 10:04:49,Synthetic payment record,BANK_TRANSFER,PREMIUM,2024-12,4,,VERIFIED,11187.46,002739,2024-12-30 10:04:49,synthetic-generator,202739,100741
302740,12476.91,2025-01-25 18:46:50,Synthetic payment record,KBZ_PAY,PREMIUM,2025-01,5,,VERIFIED,12476.91,002740,2025-01-27 18:46:50,synthetic-generator,202740,100742
302741,19446.93,2025-02-04 18:10:42,Synthetic payment record,WAVE_PAY,RENEWAL,2025-02,6,,VERIFIED,19446.93,002741,2025-02-07 18:10:42,synthetic-generator,202741,100743
302742,6173.60,2025-03-28 20:07:45,Synthetic payment record,AYA_PAY,PREMIUM,2025-03,7,,PENDING,6173.60,002742,2025-03-30 20:07:45,,202742,100744
302743,38923.40,2025-04-22 06:25:10,Synthetic payment record,BANK_TRANSFER,PREMIUM,2025-04,8,,VERIFIED,38923.40,002743,2025-04-24 06:25:10,synthetic-generator,202743,100745
302744,12209.34,2025-05-28 11:07:11,Synthetic payment record,KBZ_PAY,CLAIM_PAYOUT,2025-05,9,,VERIFIED,12209.34,002744,2025-05-30 11:07:11,synthetic-generator,202744,100746
302745,23214.07,2025-06-07 09:52:47,Synthetic payment record,WAVE_PAY,PREMIUM,2025-06,10,,VERIFIED,23214.07,002745,2025-06-08 09:52:47,synthetic-generator,202745,100747
302746,15361.51,2025-07-13 22:44:30,Synthetic payment record,AYA_PAY,PREMIUM,2025-07,11,,VERIFIED,15361.51,002746,2025-07-14 22:44:30,synthetic-generator,202746,100748
302747,49502.09,2025-08-09 20:22:49,Synthetic payment record,BANK_TRANSFER,PREMIUM,2025-08,12,,VERIFIED,49502.09,002747,2025-08-10 20:22:49,synthetic-generator,202747,100749
302748,5375.35,2025-09-10 05:55:47,Synthetic payment record,KBZ_PAY,PREMIUM,2025-09,1,,VERIFIED,5375.35,002748,2025-09-12 05:55:47,synthetic-generator,202748,100750
302749,7807.58,2025-10-14 03:39:37,Synthetic payment record,WAVE_PAY,PREMIUM,2025-10,2,,VERIFIED,7807.58,002749,2025-10-15 03:39:37,synthetic-generator,202749,100751
302750,7582.21,2025-11-22 03:54:59,Synthetic payment record,AYA_PAY,RENEWAL,2025-11,3,,VERIFIED,7582.21,002750,2025-11-22 03:54:59,synthetic-generator,202750,100752
302751,14142.59,2025-12-16 01:53:49,Synthetic payment record,BANK_TRANSFER,PREMIUM,2025-12,4,,VERIFIED,14142.59,002751,2025-12-18 01:53:49,synthetic-generator,202751,100753
302752,2247.30,2026-01-25 10:16:59,Synthetic payment record,KBZ_PAY,RENEWAL,2026-01,5,,VERIFIED,2247.30,002752,2026-01-26 10:16:59,synthetic-generator,202752,100754
302753,24323.10,2026-02-16 14:55:59,Synthetic payment record,WAVE_PAY,PREMIUM,2026-02,6,,VERIFIED,24323.10,002753,2026-02-16 14:55:59,synthetic-generator,202753,100755
302754,13117.49,2026-03-25 22:47:59,Synthetic payment record,AYA_PAY,PREMIUM,2026-03,7,,PENDING,13117.49,002754,2026-03-26 22:47:59,,202754,100756
302755,45316.36,2026-04-18 04:00:40,Synthetic payment record,BANK_TRANSFER,PREMIUM,2026-04,8,,VERIFIED,45316.36,002755,2026-04-19 04:00:40,synthetic-generator,202755,100757
302756,2881.67,2026-05-21 04:10:49,Synthetic payment record,KBZ_PAY,PREMIUM,2026-05,9,,VERIFIED,2881.67,002756,2026-05-23 04:10:49,synthetic-generator,202756,100758
302757,22508.48,2026-06-01 11:51:42,Synthetic payment record,WAVE_PAY,PREMIUM,2026-06,10,,PENDING,22508.48,002757,2026-06-02 11:51:42,,202757,100759
302758,7293.68,2026-07-11 05:56:25,Synthetic payment record,AYA_PAY,PREMIUM,2026-07,11,,VERIFIED,7293.68,002758,2026-07-13 05:56:25,synthetic-generator,202758,100760
302759,69834.11,2026-08-02 12:00:44,Synthetic payment record,BANK_TRANSFER,PREMIUM,2026-08,12,,VERIFIED,69834.11,002759,2026-08-05 12:00:44,synthetic-generator,202759,100761
302760,5716.08,2021-09-06 07:40:55,Synthetic payment record,KBZ_PAY,PREMIUM,2021-09,1,,VERIFIED,5716.08,002760,2021-09-06 07:40:55,synthetic-generator,202760,100762
302761,15688.15,2021-10-01 22:31:22,Synthetic payment record,WAVE_PAY,PREMIUM,2021-10,2,,VERIFIED,15688.15,002761,2021-10-03 22:31:22,synthetic-generator,202761,100763
302762,25192.53,2021-11-01 22:47:06,Synthetic payment record,AYA_PAY,PREMIUM,2021-11,3,,VERIFIED,25192.53,002762,2021-11-02 22:47:06,synthetic-generator,202762,100764
302763,46882.71,2021-12-07 08:12:57,Synthetic payment record,BANK_TRANSFER,PREMIUM,2021-12,4,,VERIFIED,46882.71,002763,2021-12-10 08:12:57,synthetic-generator,202763,100765
302764,21496.20,2022-01-25 14:03:25,Synthetic payment record,KBZ_PAY,RENEWAL,2022-01,5,,VERIFIED,21496.20,002764,2022-01-28 14:03:25,synthetic-generator,202764,100766
302765,28416.63,2022-02-09 11:04:06,Synthetic payment record,WAVE_PAY,PREMIUM,2022-02,6,,PENDING,28416.63,002765,2022-02-11 11:04:06,,202765,100767
302766,10660.54,2022-03-10 01:06:53,Synthetic payment record,AYA_PAY,RENEWAL,2022-03,7,,VERIFIED,10660.54,002766,2022-03-10 01:06:53,synthetic-generator,202766,100768
302767,30238.98,2022-04-22 18:11:30,Synthetic payment record,BANK_TRANSFER,RENEWAL,2022-04,8,,VERIFIED,30238.98,002767,2022-04-22 18:11:30,synthetic-generator,202767,100769
302768,18765.92,2022-05-15 23:07:00,Synthetic payment record,KBZ_PAY,PREMIUM,2022-05,9,,VERIFIED,18765.92,002768,2022-05-17 23:07:00,synthetic-generator,202768,100770
302769,8794.57,2022-06-13 01:58:36,Synthetic payment record,WAVE_PAY,PREMIUM,2022-06,10,,VERIFIED,8794.57,002769,2022-06-14 01:58:36,synthetic-generator,202769,100771
302770,24068.32,2022-07-25 16:35:41,Synthetic payment record,AYA_PAY,RENEWAL,2022-07,11,,VERIFIED,24068.32,002770,2022-07-25 16:35:41,synthetic-generator,202770,100772
302771,9652.87,2022-08-24 11:02:49,Synthetic payment record,BANK_TRANSFER,PREMIUM,2022-08,12,,VERIFIED,9652.87,002771,2022-08-26 11:02:49,synthetic-generator,202771,100773
302772,1346.13,2022-09-21 09:49:56,Synthetic payment record,KBZ_PAY,PREMIUM,2022-09,1,,PENDING,1346.13,002772,2022-09-22 09:49:56,,202772,100774
302773,11564.53,2022-10-24 02:10:31,Synthetic payment record,WAVE_PAY,CLAIM_PAYOUT,2022-10,2,,VERIFIED,11564.53,002773,2022-10-25 02:10:31,synthetic-generator,202773,100775
302774,25522.93,2022-11-20 23:18:36,Synthetic payment record,AYA_PAY,PREMIUM,2022-11,3,,REJECTED,25522.93,002774,2022-11-23 23:18:36,,202774,100776
302775,29776.91,2022-12-05 02:07:10,Synthetic payment record,BANK_TRANSFER,RENEWAL,2022-12,4,,VERIFIED,29776.91,002775,2022-12-06 02:07:10,synthetic-generator,202775,100777
302776,10609.77,2023-01-15 00:47:15,Synthetic payment record,KBZ_PAY,PREMIUM,2023-01,5,,PENDING,10609.77,002776,2023-01-18 00:47:15,,202776,100778
302777,18254.22,2023-02-13 11:31:37,Synthetic payment record,WAVE_PAY,PREMIUM,2023-02,6,,PENDING,18254.22,002777,2023-02-13 11:31:37,,202777,100779
302778,5369.39,2023-03-22 04:41:35,Synthetic payment record,AYA_PAY,PREMIUM,2023-03,7,,VERIFIED,5369.39,002778,2023-03-25 04:41:35,synthetic-generator,202778,100780
302779,24334.95,2023-04-30 20:25:37,Synthetic payment record,BANK_TRANSFER,PREMIUM,2023-04,8,,REJECTED,24334.95,002779,2023-05-02 20:25:37,,202779,100781
302780,15973.72,2023-05-10 10:09:27,Synthetic payment record,KBZ_PAY,PREMIUM,2023-05,9,,VERIFIED,15973.72,002780,2023-05-12 10:09:27,synthetic-generator,202780,100782
302781,22069.84,2023-06-04 21:28:50,Synthetic payment record,WAVE_PAY,PREMIUM,2023-06,10,,VERIFIED,22069.84,002781,2023-06-04 21:28:50,synthetic-generator,202781,100783
302782,24422.01,2023-07-09 15:48:52,Synthetic payment record,AYA_PAY,CLAIM_PAYOUT,2023-07,11,,REJECTED,24422.01,002782,2023-07-12 15:48:52,,202782,100784
302783,12263.09,2023-08-26 11:53:23,Synthetic payment record,BANK_TRANSFER,PREMIUM,2023-08,12,,VERIFIED,12263.09,002783,2023-08-26 11:53:23,synthetic-generator,202783,100785
302784,3916.75,2023-09-04 00:30:33,Synthetic payment record,KBZ_PAY,PREMIUM,2023-09,1,,VERIFIED,3916.75,002784,2023-09-06 00:30:33,synthetic-generator,202784,100786
302785,10001.26,2023-10-10 23:52:34,Synthetic payment record,WAVE_PAY,PREMIUM,2023-10,2,,VERIFIED,10001.26,002785,2023-10-10 23:52:34,synthetic-generator,202785,100787
302786,31146.20,2023-11-30 00:54:44,Synthetic payment record,AYA_PAY,PREMIUM,2023-11,3,,VERIFIED,31146.20,002786,2023-12-03 00:54:44,synthetic-generator,202786,100788
302787,51087.40,2023-12-10 23:22:49,Synthetic payment record,BANK_TRANSFER,PREMIUM,2023-12,4,,VERIFIED,51087.40,002787,2023-12-12 23:22:49,synthetic-generator,202787,100789
302788,16054.56,2024-01-25 13:52:09,Synthetic payment record,KBZ_PAY,RENEWAL,2024-01,5,,VERIFIED,16054.56,002788,2024-01-27 13:52:09,synthetic-generator,202788,100790
302789,33495.68,2024-02-13 02:15:56,Synthetic payment record,WAVE_PAY,PREMIUM,2024-02,6,,VERIFIED,33495.68,002789,2024-02-14 02:15:56,synthetic-generator,202789,100791
302790,21863.39,2024-03-16 21:37:57,Synthetic payment record,AYA_PAY,PREMIUM,2024-03,7,,VERIFIED,21863.39,002790,2024-03-18 21:37:57,synthetic-generator,202790,100792
302791,39969.88,2024-04-29 12:34:37,Synthetic payment record,BANK_TRANSFER,PREMIUM,2024-04,8,,VERIFIED,39969.88,002791,2024-04-29 12:34:37,synthetic-generator,202791,100793
302792,8549.72,2024-05-26 09:26:00,Synthetic payment record,KBZ_PAY,PREMIUM,2024-05,9,,PENDING,8549.72,002792,2024-05-26 09:26:00,,202792,100794
302793,21733.19,2024-06-15 10:44:21,Synthetic payment record,WAVE_PAY,PREMIUM,2024-06,10,,VERIFIED,21733.19,002793,2024-06-17 10:44:21,synthetic-generator,202793,100795
302794,12920.16,2024-07-09 13:14:55,Synthetic payment record,AYA_PAY,PREMIUM,2024-07,11,,VERIFIED,12920.16,002794,2024-07-10 13:14:55,synthetic-generator,202794,100796
302795,26364.60,2024-08-07 12:01:06,Synthetic payment record,BANK_TRANSFER,PREMIUM,2024-08,12,,VERIFIED,26364.60,002795,2024-08-07 12:01:06,synthetic-generator,202795,100797
302796,4087.88,2024-09-26 12:34:32,Synthetic payment record,KBZ_PAY,PREMIUM,2024-09,1,,VERIFIED,4087.88,002796,2024-09-26 12:34:32,synthetic-generator,202796,100798
302797,7858.76,2024-10-18 05:47:38,Synthetic payment record,WAVE_PAY,PREMIUM,2024-10,2,,VERIFIED,7858.76,002797,2024-10-20 05:47:38,synthetic-generator,202797,100799
302798,17060.00,2024-11-26 20:17:54,Synthetic payment record,AYA_PAY,PREMIUM,2024-11,3,,VERIFIED,17060.00,002798,2024-11-28 20:17:54,synthetic-generator,202798,100800
302799,48652.23,2024-12-17 01:08:53,Synthetic payment record,BANK_TRANSFER,PREMIUM,2024-12,4,,VERIFIED,48652.23,002799,2024-12-17 01:08:53,synthetic-generator,202799,100801
302800,21082.63,2025-01-09 20:32:34,Synthetic payment record,KBZ_PAY,PREMIUM,2025-01,5,,VERIFIED,21082.63,002800,2025-01-09 20:32:34,synthetic-generator,202800,100802
302801,9514.81,2025-02-23 15:01:45,Synthetic payment record,WAVE_PAY,RENEWAL,2025-02,6,,VERIFIED,9514.81,002801,2025-02-24 15:01:45,synthetic-generator,202801,100803
302802,5301.63,2025-03-28 08:18:55,Synthetic payment record,AYA_PAY,PREMIUM,2025-03,7,,VERIFIED,5301.63,002802,2025-03-28 08:18:55,synthetic-generator,202802,100804
302803,8798.11,2025-04-23 10:09:00,Synthetic payment record,BANK_TRANSFER,PREMIUM,2025-04,8,,VERIFIED,8798.11,002803,2025-04-23 10:09:00,synthetic-generator,202803,100805
302804,7696.37,2025-05-10 14:21:56,Synthetic payment record,KBZ_PAY,PREMIUM,2025-05,9,,VERIFIED,7696.37,002804,2025-05-12 14:21:56,synthetic-generator,202804,100806
302805,14055.81,2025-06-16 16:29:20,Synthetic payment record,WAVE_PAY,CLAIM_PAYOUT,2025-06,10,,VERIFIED,14055.81,002805,2025-06-17 16:29:20,synthetic-generator,202805,100807
302806,54461.18,2025-07-09 01:15:17,Synthetic payment record,AYA_PAY,PREMIUM,2025-07,11,,VERIFIED,54461.18,002806,2025-07-11 01:15:17,synthetic-generator,202806,100808
302807,47676.31,2025-08-27 00:58:59,Synthetic payment record,BANK_TRANSFER,RENEWAL,2025-08,12,,VERIFIED,47676.31,002807,2025-08-28 00:58:59,synthetic-generator,202807,100809
302808,5341.53,2025-09-30 01:28:38,Synthetic payment record,KBZ_PAY,PREMIUM,2025-09,1,,VERIFIED,5341.53,002808,2025-10-01 01:28:38,synthetic-generator,202808,100810
302809,22617.80,2025-10-24 17:13:58,Synthetic payment record,WAVE_PAY,PREMIUM,2025-10,2,,VERIFIED,22617.80,002809,2025-10-24 17:13:58,synthetic-generator,202809,100811
302810,31292.28,2025-11-29 12:18:48,Synthetic payment record,AYA_PAY,PREMIUM,2025-11,3,,VERIFIED,31292.28,002810,2025-11-29 12:18:48,synthetic-generator,202810,100812
302811,12666.72,2025-12-27 14:32:30,Synthetic payment record,BANK_TRANSFER,CLAIM_PAYOUT,2025-12,4,,REJECTED,12666.72,002811,2025-12-30 14:32:30,,202811,100813
302812,12220.96,2026-01-11 14:56:06,Synthetic payment record,KBZ_PAY,PREMIUM,2026-01,5,,PENDING,12220.96,002812,2026-01-13 14:56:06,,202812,100814
302813,18264.59,2026-02-11 08:00:40,Synthetic payment record,WAVE_PAY,PREMIUM,2026-02,6,,VERIFIED,18264.59,002813,2026-02-14 08:00:40,synthetic-generator,202813,100815
302814,9125.64,2026-03-08 04:51:47,Synthetic payment record,AYA_PAY,RENEWAL,2026-03,7,,VERIFIED,9125.64,002814,2026-03-09 04:51:47,synthetic-generator,202814,100816
302815,42394.85,2026-04-08 02:13:53,Synthetic payment record,BANK_TRANSFER,PREMIUM,2026-04,8,,VERIFIED,42394.85,002815,2026-04-11 02:13:53,synthetic-generator,202815,100817
302816,4289.93,2026-05-18 21:42:02,Synthetic payment record,KBZ_PAY,PREMIUM,2026-05,9,,VERIFIED,4289.93,002816,2026-05-20 21:42:02,synthetic-generator,202816,100818
302817,35752.46,2026-06-14 21:33:37,Synthetic payment record,WAVE_PAY,PREMIUM,2026-06,10,,PENDING,35752.46,002817,2026-06-17 21:33:37,,202817,100819
302818,10707.79,2026-07-21 02:02:11,Synthetic payment record,AYA_PAY,PREMIUM,2026-07,11,,VERIFIED,10707.79,002818,2026-07-22 02:02:11,synthetic-generator,202818,100820
302819,7235.86,2026-08-01 13:40:00,Synthetic payment record,BANK_TRANSFER,PREMIUM,2026-08,12,,VERIFIED,7235.86,002819,2026-08-01 13:40:00,synthetic-generator,202819,100821
302820,10658.14,2021-09-22 20:15:16,Synthetic payment record,KBZ_PAY,CLAIM_PAYOUT,2021-09,1,,VERIFIED,10658.14,002820,2021-09-24 20:15:16,synthetic-generator,202820,100822
302821,14952.42,2021-10-31 09:08:18,Synthetic payment record,WAVE_PAY,PREMIUM,2021-10,2,,VERIFIED,14952.42,002821,2021-11-02 09:08:18,synthetic-generator,202821,100823
302822,21299.33,2021-11-28 13:56:30,Synthetic payment record,AYA_PAY,PREMIUM,2021-11,3,,VERIFIED,21299.33,002822,2021-11-29 13:56:30,synthetic-generator,202822,100824
302823,19008.05,2021-12-18 21:50:49,Synthetic payment record,BANK_TRANSFER,PREMIUM,2021-12,4,,VERIFIED,19008.05,002823,2021-12-18 21:50:49,synthetic-generator,202823,100825
302824,7129.32,2022-01-13 14:29:45,Synthetic payment record,KBZ_PAY,PREMIUM,2022-01,5,,VERIFIED,7129.32,002824,2022-01-16 14:29:45,synthetic-generator,202824,100826
302825,37454.59,2022-02-07 21:25:36,Synthetic payment record,WAVE_PAY,RENEWAL,2022-02,6,,VERIFIED,37454.59,002825,2022-02-09 21:25:36,synthetic-generator,202825,100827
302826,29788.16,2022-03-03 22:34:46,Synthetic payment record,AYA_PAY,PREMIUM,2022-03,7,,VERIFIED,29788.16,002826,2022-03-05 22:34:46,synthetic-generator,202826,100828
302827,3910.85,2022-04-12 23:40:46,Synthetic payment record,BANK_TRANSFER,PREMIUM,2022-04,8,,VERIFIED,3910.85,002827,2022-04-12 23:40:46,synthetic-generator,202827,100829
302828,4390.44,2022-05-10 00:09:45,Synthetic payment record,KBZ_PAY,PREMIUM,2022-05,9,,REJECTED,4390.44,002828,2022-05-12 00:09:45,,202828,100830
302829,15967.93,2022-06-17 11:03:47,Synthetic payment record,WAVE_PAY,PREMIUM,2022-06,10,,VERIFIED,15967.93,002829,2022-06-18 11:03:47,synthetic-generator,202829,100831
302830,38297.78,2022-07-30 23:37:15,Synthetic payment record,AYA_PAY,PREMIUM,2022-07,11,,VERIFIED,38297.78,002830,2022-08-01 23:37:15,synthetic-generator,202830,100832
302831,67371.61,2022-08-14 10:07:46,Synthetic payment record,BANK_TRANSFER,PREMIUM,2022-08,12,,VERIFIED,67371.61,002831,2022-08-14 10:07:46,synthetic-generator,202831,100833
302832,8575.72,2022-09-18 05:11:55,Synthetic payment record,KBZ_PAY,CLAIM_PAYOUT,2022-09,1,,VERIFIED,8575.72,002832,2022-09-20 05:11:55,synthetic-generator,202832,100834
302833,11505.87,2022-10-13 08:04:10,Synthetic payment record,WAVE_PAY,CLAIM_PAYOUT,2022-10,2,,PENDING,11505.87,002833,2022-10-15 08:04:10,,202833,100835
302834,32121.47,2022-11-09 04:32:32,Synthetic payment record,AYA_PAY,PREMIUM,2022-11,3,,VERIFIED,32121.47,002834,2022-11-10 04:32:32,synthetic-generator,202834,100836
302835,34240.17,2022-12-05 10:40:13,Synthetic payment record,BANK_TRANSFER,PREMIUM,2022-12,4,,VERIFIED,34240.17,002835,2022-12-08 10:40:13,synthetic-generator,202835,100837
302836,10643.74,2023-01-10 05:02:29,Synthetic payment record,KBZ_PAY,PREMIUM,2023-01,5,,PENDING,10643.74,002836,2023-01-10 05:02:29,,202836,100838
302837,28923.42,2023-02-17 08:51:42,Synthetic payment record,WAVE_PAY,PREMIUM,2023-02,6,,VERIFIED,28923.42,002837,2023-02-20 08:51:42,synthetic-generator,202837,100839
302838,11238.26,2023-03-19 11:30:44,Synthetic payment record,AYA_PAY,PREMIUM,2023-03,7,,VERIFIED,11238.26,002838,2023-03-22 11:30:44,synthetic-generator,202838,100840
302839,20547.35,2023-04-29 13:21:47,Synthetic payment record,BANK_TRANSFER,RENEWAL,2023-04,8,,VERIFIED,20547.35,002839,2023-04-30 13:21:47,synthetic-generator,202839,100841
302840,16139.46,2023-05-09 11:08:50,Synthetic payment record,KBZ_PAY,PREMIUM,2023-05,9,,VERIFIED,16139.46,002840,2023-05-12 11:08:50,synthetic-generator,202840,100842
302841,9451.17,2023-06-09 04:13:27,Synthetic payment record,WAVE_PAY,RENEWAL,2023-06,10,,VERIFIED,9451.17,002841,2023-06-10 04:13:27,synthetic-generator,202841,100843
302842,28775.29,2023-07-25 04:33:57,Synthetic payment record,AYA_PAY,RENEWAL,2023-07,11,,PENDING,28775.29,002842,2023-07-28 04:33:57,,202842,100844
302843,47490.08,2023-08-14 14:59:58,Synthetic payment record,BANK_TRANSFER,RENEWAL,2023-08,12,,PENDING,47490.08,002843,2023-08-17 14:59:58,,202843,100845
302844,8105.76,2023-09-11 21:57:57,Synthetic payment record,KBZ_PAY,CLAIM_PAYOUT,2023-09,1,,PENDING,8105.76,002844,2023-09-11 21:57:57,,202844,100846
302845,21247.96,2023-10-04 09:23:51,Synthetic payment record,WAVE_PAY,PREMIUM,2023-10,2,,VERIFIED,21247.96,002845,2023-10-07 09:23:51,synthetic-generator,202845,100847
302846,17138.02,2023-11-06 17:14:22,Synthetic payment record,AYA_PAY,PREMIUM,2023-11,3,,VERIFIED,17138.02,002846,2023-11-09 17:14:22,synthetic-generator,202846,100848
302847,40087.09,2023-12-24 14:06:35,Synthetic payment record,BANK_TRANSFER,PREMIUM,2023-12,4,,VERIFIED,40087.09,002847,2023-12-27 14:06:35,synthetic-generator,202847,100849
302848,19437.90,2024-01-05 13:24:48,Synthetic payment record,KBZ_PAY,PREMIUM,2024-01,5,,VERIFIED,19437.90,002848,2024-01-07 13:24:48,synthetic-generator,202848,100850
302849,14521.40,2024-02-12 04:23:52,Synthetic payment record,WAVE_PAY,PREMIUM,2024-02,6,,VERIFIED,14521.40,002849,2024-02-14 04:23:52,synthetic-generator,202849,100851
302850,30416.88,2024-03-08 15:51:07,Synthetic payment record,AYA_PAY,RENEWAL,2024-03,7,,VERIFIED,30416.88,002850,2024-03-09 15:51:07,synthetic-generator,202850,100852
302851,12921.52,2024-04-29 22:31:37,Synthetic payment record,BANK_TRANSFER,RENEWAL,2024-04,8,,VERIFIED,12921.52,002851,2024-05-02 22:31:37,synthetic-generator,202851,100853
302852,3714.15,2024-05-31 05:19:10,Synthetic payment record,KBZ_PAY,PREMIUM,2024-05,9,,VERIFIED,3714.15,002852,2024-06-03 05:19:10,synthetic-generator,202852,100854
302853,16214.73,2024-06-14 15:46:19,Synthetic payment record,WAVE_PAY,PREMIUM,2024-06,10,,VERIFIED,16214.73,002853,2024-06-14 15:46:19,synthetic-generator,202853,100855
302854,40916.55,2024-07-04 08:52:54,Synthetic payment record,AYA_PAY,PREMIUM,2024-07,11,,VERIFIED,40916.55,002854,2024-07-07 08:52:54,synthetic-generator,202854,100856
302855,30884.43,2024-08-19 23:57:03,Synthetic payment record,BANK_TRANSFER,PREMIUM,2024-08,12,,VERIFIED,30884.43,002855,2024-08-22 23:57:03,synthetic-generator,202855,100857
302856,7739.68,2024-09-03 16:11:40,Synthetic payment record,KBZ_PAY,RENEWAL,2024-09,1,,PENDING,7739.68,002856,2024-09-04 16:11:40,,202856,100858
302857,2071.35,2024-10-17 18:38:35,Synthetic payment record,WAVE_PAY,PREMIUM,2024-10,2,,PENDING,2071.35,002857,2024-10-20 18:38:35,,202857,100859
302858,28169.76,2024-11-05 15:38:07,Synthetic payment record,AYA_PAY,PREMIUM,2024-11,3,,VERIFIED,28169.76,002858,2024-11-06 15:38:07,synthetic-generator,202858,100860
302859,11417.10,2024-12-16 13:25:28,Synthetic payment record,BANK_TRANSFER,PREMIUM,2024-12,4,,VERIFIED,11417.10,002859,2024-12-18 13:25:28,synthetic-generator,202859,100861
302860,22192.75,2025-01-05 23:34:32,Synthetic payment record,KBZ_PAY,PREMIUM,2025-01,5,,VERIFIED,22192.75,002860,2025-01-08 23:34:32,synthetic-generator,202860,100862
302861,28397.24,2025-02-07 23:21:45,Synthetic payment record,WAVE_PAY,PREMIUM,2025-02,6,,VERIFIED,28397.24,002861,2025-02-09 23:21:45,synthetic-generator,202861,100863
302862,4047.89,2025-03-30 17:53:17,Synthetic payment record,AYA_PAY,PREMIUM,2025-03,7,,VERIFIED,4047.89,002862,2025-03-31 17:53:17,synthetic-generator,202862,100864
302863,4446.83,2025-04-23 01:28:46,Synthetic payment record,BANK_TRANSFER,PREMIUM,2025-04,8,,VERIFIED,4446.83,002863,2025-04-26 01:28:46,synthetic-generator,202863,100865
302864,21949.12,2025-05-04 05:02:54,Synthetic payment record,KBZ_PAY,PREMIUM,2025-05,9,,VERIFIED,21949.12,002864,2025-05-05 05:02:54,synthetic-generator,202864,100866
302865,8658.88,2025-06-21 19:48:17,Synthetic payment record,WAVE_PAY,PREMIUM,2025-06,10,,VERIFIED,8658.88,002865,2025-06-21 19:48:17,synthetic-generator,202865,100867
302866,36088.83,2025-07-03 00:32:21,Synthetic payment record,AYA_PAY,RENEWAL,2025-07,11,,PENDING,36088.83,002866,2025-07-05 00:32:21,,202866,100868
302867,54583.34,2025-08-25 23:00:39,Synthetic payment record,BANK_TRANSFER,PREMIUM,2025-08,12,,VERIFIED,54583.34,002867,2025-08-25 23:00:39,synthetic-generator,202867,100869
302868,6529.76,2025-09-03 19:39:44,Synthetic payment record,KBZ_PAY,PREMIUM,2025-09,1,,VERIFIED,6529.76,002868,2025-09-05 19:39:44,synthetic-generator,202868,100870
302869,5874.89,2025-10-04 01:21:35,Synthetic payment record,WAVE_PAY,RENEWAL,2025-10,2,,VERIFIED,5874.89,002869,2025-10-05 01:21:35,synthetic-generator,202869,100871
302870,34828.59,2025-11-10 16:55:42,Synthetic payment record,AYA_PAY,PREMIUM,2025-11,3,,VERIFIED,34828.59,002870,2025-11-10 16:55:42,synthetic-generator,202870,100872
302871,39308.14,2025-12-22 02:20:10,Synthetic payment record,BANK_TRANSFER,PREMIUM,2025-12,4,,VERIFIED,39308.14,002871,2025-12-23 02:20:10,synthetic-generator,202871,100873
302872,4431.99,2026-01-04 12:16:13,Synthetic payment record,KBZ_PAY,PREMIUM,2026-01,5,,VERIFIED,4431.99,002872,2026-01-05 12:16:13,synthetic-generator,202872,100874
302873,48389.00,2026-02-01 00:43:39,Synthetic payment record,WAVE_PAY,PREMIUM,2026-02,6,,PENDING,48389.00,002873,2026-02-03 00:43:39,,202873,100875
302874,3661.19,2026-03-18 03:50:21,Synthetic payment record,AYA_PAY,PREMIUM,2026-03,7,,VERIFIED,3661.19,002874,2026-03-20 03:50:21,synthetic-generator,202874,100876
302875,52726.16,2026-04-02 14:54:49,Synthetic payment record,BANK_TRANSFER,PREMIUM,2026-04,8,,VERIFIED,52726.16,002875,2026-04-04 14:54:49,synthetic-generator,202875,100877
302876,8158.59,2026-05-18 00:08:39,Synthetic payment record,KBZ_PAY,PREMIUM,2026-05,9,,VERIFIED,8158.59,002876,2026-05-20 00:08:39,synthetic-generator,202876,100878
302877,16468.40,2026-06-09 12:06:54,Synthetic payment record,WAVE_PAY,CLAIM_PAYOUT,2026-06,10,,VERIFIED,16468.40,002877,2026-06-12 12:06:54,synthetic-generator,202877,100879
302878,37463.68,2026-07-28 01:26:55,Synthetic payment record,AYA_PAY,PREMIUM,2026-07,11,,VERIFIED,37463.68,002878,2026-07-28 01:26:55,synthetic-generator,202878,100880
302879,72895.01,2026-08-19 19:24:38,Synthetic payment record,BANK_TRANSFER,PREMIUM,2026-08,12,,VERIFIED,72895.01,002879,2026-08-22 19:24:38,synthetic-generator,202879,100881
302880,4727.30,2021-09-03 12:01:59,Synthetic payment record,KBZ_PAY,PREMIUM,2021-09,1,,VERIFIED,4727.30,002880,2021-09-04 12:01:59,synthetic-generator,202880,100882
302881,4431.51,2021-10-13 12:37:25,Synthetic payment record,WAVE_PAY,CLAIM_PAYOUT,2021-10,2,,VERIFIED,4431.51,002881,2021-10-13 12:37:25,synthetic-generator,202881,100883
302882,3623.87,2021-11-06 21:55:09,Synthetic payment record,AYA_PAY,PREMIUM,2021-11,3,,VERIFIED,3623.87,002882,2021-11-07 21:55:09,synthetic-generator,202882,100884
302883,42506.61,2021-12-19 09:23:41,Synthetic payment record,BANK_TRANSFER,PREMIUM,2021-12,4,,VERIFIED,42506.61,002883,2021-12-22 09:23:41,synthetic-generator,202883,100885
302884,14349.56,2022-01-01 21:47:04,Synthetic payment record,KBZ_PAY,PREMIUM,2022-01,5,,PENDING,14349.56,002884,2022-01-03 21:47:04,,202884,100886
302885,20812.58,2022-02-16 10:41:01,Synthetic payment record,WAVE_PAY,PREMIUM,2022-02,6,,VERIFIED,20812.58,002885,2022-02-16 10:41:01,synthetic-generator,202885,100887
302886,5599.12,2022-03-10 09:24:34,Synthetic payment record,AYA_PAY,PREMIUM,2022-03,7,,VERIFIED,5599.12,002886,2022-03-10 09:24:34,synthetic-generator,202886,100888
302887,21442.29,2022-04-27 07:57:55,Synthetic payment record,BANK_TRANSFER,RENEWAL,2022-04,8,,VERIFIED,21442.29,002887,2022-04-27 07:57:55,synthetic-generator,202887,100889
302888,8907.80,2022-05-21 21:58:58,Synthetic payment record,KBZ_PAY,PREMIUM,2022-05,9,,VERIFIED,8907.80,002888,2022-05-23 21:58:58,synthetic-generator,202888,100890
302889,33939.11,2022-06-13 07:18:42,Synthetic payment record,WAVE_PAY,PREMIUM,2022-06,10,,VERIFIED,33939.11,002889,2022-06-16 07:18:42,synthetic-generator,202889,100891
302890,40146.44,2022-07-23 20:08:17,Synthetic payment record,AYA_PAY,PREMIUM,2022-07,11,,VERIFIED,40146.44,002890,2022-07-25 20:08:17,synthetic-generator,202890,100892
302891,22518.39,2022-08-06 21:06:06,Synthetic payment record,BANK_TRANSFER,CLAIM_PAYOUT,2022-08,12,,VERIFIED,22518.39,002891,2022-08-09 21:06:06,synthetic-generator,202891,100893
302892,10686.63,2022-09-12 06:56:53,Synthetic payment record,KBZ_PAY,PREMIUM,2022-09,1,,VERIFIED,10686.63,002892,2022-09-13 06:56:53,synthetic-generator,202892,100894
302893,6618.37,2022-10-31 15:29:59,Synthetic payment record,WAVE_PAY,PREMIUM,2022-10,2,,VERIFIED,6618.37,002893,2022-11-02 15:29:59,synthetic-generator,202893,100895
302894,6638.34,2022-11-11 02:08:09,Synthetic payment record,AYA_PAY,PREMIUM,2022-11,3,,VERIFIED,6638.34,002894,2022-11-14 02:08:09,synthetic-generator,202894,100896
302895,7224.46,2022-12-23 08:36:37,Synthetic payment record,BANK_TRANSFER,PREMIUM,2022-12,4,,VERIFIED,7224.46,002895,2022-12-26 08:36:37,synthetic-generator,202895,100897
302896,15536.27,2023-01-12 18:23:16,Synthetic payment record,KBZ_PAY,PREMIUM,2023-01,5,,PENDING,15536.27,002896,2023-01-14 18:23:16,,202896,100898
302897,37493.52,2023-02-12 22:34:30,Synthetic payment record,WAVE_PAY,PREMIUM,2023-02,6,,VERIFIED,37493.52,002897,2023-02-13 22:34:30,synthetic-generator,202897,100899
302898,6893.72,2023-03-11 00:51:17,Synthetic payment record,AYA_PAY,PREMIUM,2023-03,7,,VERIFIED,6893.72,002898,2023-03-11 00:51:17,synthetic-generator,202898,100900
302899,37275.31,2023-04-11 15:23:25,Synthetic payment record,BANK_TRANSFER,PREMIUM,2023-04,8,,VERIFIED,37275.31,002899,2023-04-13 15:23:25,synthetic-generator,202899,100901
302900,6665.11,2023-05-23 21:07:21,Synthetic payment record,KBZ_PAY,PREMIUM,2023-05,9,,VERIFIED,6665.11,002900,2023-05-26 21:07:21,synthetic-generator,202900,100902
302901,7348.74,2023-06-09 22:38:23,Synthetic payment record,WAVE_PAY,RENEWAL,2023-06,10,,VERIFIED,7348.74,002901,2023-06-10 22:38:23,synthetic-generator,202901,100903
302902,26382.56,2023-07-03 23:53:20,Synthetic payment record,AYA_PAY,PREMIUM,2023-07,11,,VERIFIED,26382.56,002902,2023-07-04 23:53:20,synthetic-generator,202902,100904
302903,61988.81,2023-08-18 23:09:01,Synthetic payment record,BANK_TRANSFER,PREMIUM,2023-08,12,,VERIFIED,61988.81,002903,2023-08-20 23:09:01,synthetic-generator,202903,100905
302904,7107.72,2023-09-01 07:38:28,Synthetic payment record,KBZ_PAY,PREMIUM,2023-09,1,,VERIFIED,7107.72,002904,2023-09-02 07:38:28,synthetic-generator,202904,100906
302905,10432.01,2023-10-11 13:52:49,Synthetic payment record,WAVE_PAY,PREMIUM,2023-10,2,,VERIFIED,10432.01,002905,2023-10-14 13:52:49,synthetic-generator,202905,100907
302906,3918.19,2023-11-04 04:17:43,Synthetic payment record,AYA_PAY,PREMIUM,2023-11,3,,VERIFIED,3918.19,002906,2023-11-07 04:17:43,synthetic-generator,202906,100908
302907,19178.76,2023-12-31 22:24:33,Synthetic payment record,BANK_TRANSFER,PREMIUM,2023-12,4,,VERIFIED,19178.76,002907,2024-01-02 22:24:33,synthetic-generator,202907,100909
302908,5235.86,2024-01-29 07:15:45,Synthetic payment record,KBZ_PAY,PREMIUM,2024-01,5,,VERIFIED,5235.86,002908,2024-01-31 07:15:45,synthetic-generator,202908,100910
302909,23477.86,2024-02-08 21:22:21,Synthetic payment record,WAVE_PAY,PREMIUM,2024-02,6,,VERIFIED,23477.86,002909,2024-02-10 21:22:21,synthetic-generator,202909,100911
302910,10553.03,2024-03-02 00:36:42,Synthetic payment record,AYA_PAY,RENEWAL,2024-03,7,,VERIFIED,10553.03,002910,2024-03-04 00:36:42,synthetic-generator,202910,100912
302911,18974.95,2024-04-11 06:18:03,Synthetic payment record,BANK_TRANSFER,PREMIUM,2024-04,8,,VERIFIED,18974.95,002911,2024-04-14 06:18:03,synthetic-generator,202911,100913
302912,8874.93,2024-05-15 10:19:31,Synthetic payment record,KBZ_PAY,PREMIUM,2024-05,9,,PENDING,8874.93,002912,2024-05-18 10:19:31,,202912,100914
302913,21519.84,2024-06-08 13:40:43,Synthetic payment record,WAVE_PAY,PREMIUM,2024-06,10,,VERIFIED,21519.84,002913,2024-06-09 13:40:43,synthetic-generator,202913,100915
302914,26173.79,2024-07-19 10:38:19,Synthetic payment record,AYA_PAY,PREMIUM,2024-07,11,,VERIFIED,26173.79,002914,2024-07-20 10:38:19,synthetic-generator,202914,100916
302915,16527.29,2024-08-19 19:59:40,Synthetic payment record,BANK_TRANSFER,PREMIUM,2024-08,12,,VERIFIED,16527.29,002915,2024-08-22 19:59:40,synthetic-generator,202915,100917
302916,4360.40,2024-09-20 22:40:30,Synthetic payment record,KBZ_PAY,PREMIUM,2024-09,1,,VERIFIED,4360.40,002916,2024-09-20 22:40:30,synthetic-generator,202916,100918
302917,18063.39,2024-10-22 07:13:38,Synthetic payment record,WAVE_PAY,RENEWAL,2024-10,2,,VERIFIED,18063.39,002917,2024-10-24 07:13:38,synthetic-generator,202917,100919
302918,18023.93,2024-11-30 02:02:14,Synthetic payment record,AYA_PAY,PREMIUM,2024-11,3,,VERIFIED,18023.93,002918,2024-12-01 02:02:14,synthetic-generator,202918,100920
302919,25811.76,2024-12-03 08:46:08,Synthetic payment record,BANK_TRANSFER,RENEWAL,2024-12,4,,REJECTED,25811.76,002919,2024-12-05 08:46:08,,202919,100921
302920,10213.99,2025-01-31 10:40:25,Synthetic payment record,KBZ_PAY,PREMIUM,2025-01,5,,VERIFIED,10213.99,002920,2025-02-01 10:40:25,synthetic-generator,202920,100922
302921,32845.29,2025-02-15 12:39:28,Synthetic payment record,WAVE_PAY,RENEWAL,2025-02,6,,VERIFIED,32845.29,002921,2025-02-18 12:39:28,synthetic-generator,202921,100923
302922,7605.81,2025-03-10 14:45:10,Synthetic payment record,AYA_PAY,PREMIUM,2025-03,7,,REJECTED,7605.81,002922,2025-03-10 14:45:10,,202922,100924
302923,33232.68,2025-04-06 14:47:57,Synthetic payment record,BANK_TRANSFER,PREMIUM,2025-04,8,,PENDING,33232.68,002923,2025-04-06 14:47:57,,202923,100925
302924,17770.24,2025-05-28 10:32:38,Synthetic payment record,KBZ_PAY,PREMIUM,2025-05,9,,VERIFIED,17770.24,002924,2025-05-31 10:32:38,synthetic-generator,202924,100926
302925,9170.81,2025-06-19 02:21:57,Synthetic payment record,WAVE_PAY,PREMIUM,2025-06,10,,VERIFIED,9170.81,002925,2025-06-19 02:21:57,synthetic-generator,202925,100927
302926,9080.30,2025-07-05 05:36:00,Synthetic payment record,AYA_PAY,PREMIUM,2025-07,11,,VERIFIED,9080.30,002926,2025-07-08 05:36:00,synthetic-generator,202926,100928
302927,69234.37,2025-08-16 05:14:08,Synthetic payment record,BANK_TRANSFER,PREMIUM,2025-08,12,,VERIFIED,69234.37,002927,2025-08-18 05:14:08,synthetic-generator,202927,100929
302928,2623.37,2025-09-04 14:44:44,Synthetic payment record,KBZ_PAY,PREMIUM,2025-09,1,,VERIFIED,2623.37,002928,2025-09-06 14:44:44,synthetic-generator,202928,100930
302929,11660.55,2025-10-23 03:57:57,Synthetic payment record,WAVE_PAY,PREMIUM,2025-10,2,,REJECTED,11660.55,002929,2025-10-26 03:57:57,,202929,100931
302930,34083.27,2025-11-16 03:38:07,Synthetic payment record,AYA_PAY,PREMIUM,2025-11,3,,VERIFIED,34083.27,002930,2025-11-17 03:38:07,synthetic-generator,202930,100932
302931,37931.01,2025-12-16 21:15:40,Synthetic payment record,BANK_TRANSFER,CLAIM_PAYOUT,2025-12,4,,PENDING,37931.01,002931,2025-12-16 21:15:40,,202931,100933
302932,29255.69,2026-01-22 06:58:24,Synthetic payment record,KBZ_PAY,PREMIUM,2026-01,5,,VERIFIED,29255.69,002932,2026-01-22 06:58:24,synthetic-generator,202932,100934
302933,41972.90,2026-02-22 19:48:31,Synthetic payment record,WAVE_PAY,PREMIUM,2026-02,6,,VERIFIED,41972.90,002933,2026-02-23 19:48:31,synthetic-generator,202933,100935
302934,12501.69,2026-03-28 17:01:36,Synthetic payment record,AYA_PAY,PREMIUM,2026-03,7,,VERIFIED,12501.69,002934,2026-03-30 17:01:36,synthetic-generator,202934,100936
302935,19018.58,2026-04-03 08:14:11,Synthetic payment record,BANK_TRANSFER,RENEWAL,2026-04,8,,REJECTED,19018.58,002935,2026-04-03 08:14:11,,202935,100937
302936,16452.80,2026-05-08 16:04:11,Synthetic payment record,KBZ_PAY,PREMIUM,2026-05,9,,VERIFIED,16452.80,002936,2026-05-10 16:04:11,synthetic-generator,202936,100938
302937,24880.14,2026-06-18 06:14:33,Synthetic payment record,WAVE_PAY,RENEWAL,2026-06,10,,PENDING,24880.14,002937,2026-06-18 06:14:33,,202937,100939
302938,18514.18,2026-07-28 21:25:38,Synthetic payment record,AYA_PAY,PREMIUM,2026-07,11,,VERIFIED,18514.18,002938,2026-07-28 21:25:38,synthetic-generator,202938,100940
302939,23699.50,2026-08-20 10:35:14,Synthetic payment record,BANK_TRANSFER,RENEWAL,2026-08,12,,VERIFIED,23699.50,002939,2026-08-21 10:35:14,synthetic-generator,202939,100941
302940,9882.84,2021-09-30 16:24:02,Synthetic payment record,KBZ_PAY,PREMIUM,2021-09,1,,PENDING,9882.84,002940,2021-10-03 16:24:02,,202940,100942
302941,16830.14,2021-10-25 18:55:20,Synthetic payment record,WAVE_PAY,PREMIUM,2021-10,2,,PENDING,16830.14,002941,2021-10-25 18:55:20,,202941,100943
302942,39327.87,2021-11-24 23:20:32,Synthetic payment record,AYA_PAY,PREMIUM,2021-11,3,,VERIFIED,39327.87,002942,2021-11-27 23:20:32,synthetic-generator,202942,100944
302943,20729.34,2021-12-26 21:52:52,Synthetic payment record,BANK_TRANSFER,PREMIUM,2021-12,4,,VERIFIED,20729.34,002943,2021-12-29 21:52:52,synthetic-generator,202943,100945
302944,14897.83,2022-01-25 11:23:10,Synthetic payment record,KBZ_PAY,RENEWAL,2022-01,5,,VERIFIED,14897.83,002944,2022-01-28 11:23:10,synthetic-generator,202944,100946
302945,18162.31,2022-02-08 05:00:57,Synthetic payment record,WAVE_PAY,PREMIUM,2022-02,6,,VERIFIED,18162.31,002945,2022-02-11 05:00:57,synthetic-generator,202945,100947
302946,19757.04,2022-03-22 19:48:42,Synthetic payment record,AYA_PAY,PREMIUM,2022-03,7,,VERIFIED,19757.04,002946,2022-03-22 19:48:42,synthetic-generator,202946,100948
302947,17354.31,2022-04-21 05:11:00,Synthetic payment record,BANK_TRANSFER,PREMIUM,2022-04,8,,VERIFIED,17354.31,002947,2022-04-24 05:11:00,synthetic-generator,202947,100949
302948,3285.43,2022-05-31 05:18:24,Synthetic payment record,KBZ_PAY,PREMIUM,2022-05,9,,VERIFIED,3285.43,002948,2022-06-01 05:18:24,synthetic-generator,202948,100950
302949,25608.79,2022-06-22 02:21:03,Synthetic payment record,WAVE_PAY,PREMIUM,2022-06,10,,VERIFIED,25608.79,002949,2022-06-23 02:21:03,synthetic-generator,202949,100951
302950,45657.97,2022-07-25 21:36:39,Synthetic payment record,AYA_PAY,PREMIUM,2022-07,11,,VERIFIED,45657.97,002950,2022-07-27 21:36:39,synthetic-generator,202950,100952
302951,20284.22,2022-08-23 12:31:51,Synthetic payment record,BANK_TRANSFER,PREMIUM,2022-08,12,,VERIFIED,20284.22,002951,2022-08-23 12:31:51,synthetic-generator,202951,100953
302952,8514.65,2022-09-05 02:10:37,Synthetic payment record,KBZ_PAY,PREMIUM,2022-09,1,,VERIFIED,8514.65,002952,2022-09-05 02:10:37,synthetic-generator,202952,100954
302953,21109.22,2022-10-31 05:58:44,Synthetic payment record,WAVE_PAY,PREMIUM,2022-10,2,,PENDING,21109.22,002953,2022-10-31 05:58:44,,202953,100955
302954,12898.43,2022-11-29 06:39:23,Synthetic payment record,AYA_PAY,PREMIUM,2022-11,3,,VERIFIED,12898.43,002954,2022-11-29 06:39:23,synthetic-generator,202954,100956
302955,44503.04,2022-12-10 15:42:43,Synthetic payment record,BANK_TRANSFER,PREMIUM,2022-12,4,,VERIFIED,44503.04,002955,2022-12-12 15:42:43,synthetic-generator,202955,100957
302956,6006.16,2023-01-02 18:34:55,Synthetic payment record,KBZ_PAY,PREMIUM,2023-01,5,,VERIFIED,6006.16,002956,2023-01-02 18:34:55,synthetic-generator,202956,100958
302957,19135.07,2023-02-02 11:59:07,Synthetic payment record,WAVE_PAY,PREMIUM,2023-02,6,,VERIFIED,19135.07,002957,2023-02-03 11:59:07,synthetic-generator,202957,100959
302958,23923.52,2023-03-16 06:46:14,Synthetic payment record,AYA_PAY,PREMIUM,2023-03,7,,VERIFIED,23923.52,002958,2023-03-17 06:46:14,synthetic-generator,202958,100960
302959,30079.52,2023-04-12 01:47:42,Synthetic payment record,BANK_TRANSFER,PREMIUM,2023-04,8,,REJECTED,30079.52,002959,2023-04-12 01:47:42,,202959,100961
302960,4301.17,2023-05-31 22:22:08,Synthetic payment record,KBZ_PAY,PREMIUM,2023-05,9,,VERIFIED,4301.17,002960,2023-06-01 22:22:08,synthetic-generator,202960,100962
302961,6464.37,2023-06-07 02:51:21,Synthetic payment record,WAVE_PAY,CLAIM_PAYOUT,2023-06,10,,VERIFIED,6464.37,002961,2023-06-09 02:51:21,synthetic-generator,202961,100963
302962,15252.46,2023-07-20 09:12:18,Synthetic payment record,AYA_PAY,RENEWAL,2023-07,11,,VERIFIED,15252.46,002962,2023-07-23 09:12:18,synthetic-generator,202962,100964
302963,41290.18,2023-08-14 06:06:47,Synthetic payment record,BANK_TRANSFER,PREMIUM,2023-08,12,,VERIFIED,41290.18,002963,2023-08-14 06:06:47,synthetic-generator,202963,100965
302964,2137.37,2023-09-18 21:57:18,Synthetic payment record,KBZ_PAY,PREMIUM,2023-09,1,,VERIFIED,2137.37,002964,2023-09-20 21:57:18,synthetic-generator,202964,100966
302965,3142.19,2023-10-28 11:40:38,Synthetic payment record,WAVE_PAY,PREMIUM,2023-10,2,,VERIFIED,3142.19,002965,2023-10-28 11:40:38,synthetic-generator,202965,100967
302966,8649.23,2023-11-25 01:59:49,Synthetic payment record,AYA_PAY,RENEWAL,2023-11,3,,PENDING,8649.23,002966,2023-11-27 01:59:49,,202966,100968
302967,21849.87,2023-12-10 01:53:11,Synthetic payment record,BANK_TRANSFER,PREMIUM,2023-12,4,,PENDING,21849.87,002967,2023-12-12 01:53:11,,202967,100969
302968,17776.96,2024-01-01 09:27:15,Synthetic payment record,KBZ_PAY,PREMIUM,2024-01,5,,VERIFIED,17776.96,002968,2024-01-01 09:27:15,synthetic-generator,202968,100970
302969,32687.63,2024-02-28 03:58:19,Synthetic payment record,WAVE_PAY,PREMIUM,2024-02,6,,PENDING,32687.63,002969,2024-03-02 03:58:19,,202969,100971
302970,18175.04,2024-03-03 05:24:56,Synthetic payment record,AYA_PAY,PREMIUM,2024-03,7,,VERIFIED,18175.04,002970,2024-03-04 05:24:56,synthetic-generator,202970,100972
302971,29003.04,2024-04-14 00:41:31,Synthetic payment record,BANK_TRANSFER,RENEWAL,2024-04,8,,VERIFIED,29003.04,002971,2024-04-14 00:41:31,synthetic-generator,202971,100973
302972,16138.94,2024-05-19 05:30:40,Synthetic payment record,KBZ_PAY,PREMIUM,2024-05,9,,VERIFIED,16138.94,002972,2024-05-22 05:30:40,synthetic-generator,202972,100974
302973,6408.34,2024-06-20 17:09:03,Synthetic payment record,WAVE_PAY,PREMIUM,2024-06,10,,VERIFIED,6408.34,002973,2024-06-23 17:09:03,synthetic-generator,202973,100975
302974,27205.60,2024-07-23 15:18:04,Synthetic payment record,AYA_PAY,PREMIUM,2024-07,11,,VERIFIED,27205.60,002974,2024-07-24 15:18:04,synthetic-generator,202974,100976
302975,28505.59,2024-08-06 19:01:39,Synthetic payment record,BANK_TRANSFER,PREMIUM,2024-08,12,,VERIFIED,28505.59,002975,2024-08-09 19:01:39,synthetic-generator,202975,100977
302976,10383.33,2024-09-29 19:53:56,Synthetic payment record,KBZ_PAY,RENEWAL,2024-09,1,,VERIFIED,10383.33,002976,2024-09-29 19:53:56,synthetic-generator,202976,100978
302977,17272.28,2024-10-03 08:57:52,Synthetic payment record,WAVE_PAY,PREMIUM,2024-10,2,,VERIFIED,17272.28,002977,2024-10-05 08:57:52,synthetic-generator,202977,100979
302978,33023.99,2024-11-05 22:20:49,Synthetic payment record,AYA_PAY,PREMIUM,2024-11,3,,VERIFIED,33023.99,002978,2024-11-07 22:20:49,synthetic-generator,202978,100980
302979,44397.20,2024-12-06 15:23:03,Synthetic payment record,BANK_TRANSFER,PREMIUM,2024-12,4,,VERIFIED,44397.20,002979,2024-12-08 15:23:03,synthetic-generator,202979,100981
302980,18954.36,2025-01-07 12:45:53,Synthetic payment record,KBZ_PAY,PREMIUM,2025-01,5,,VERIFIED,18954.36,002980,2025-01-10 12:45:53,synthetic-generator,202980,100982
302981,15182.97,2025-02-22 13:01:57,Synthetic payment record,WAVE_PAY,PREMIUM,2025-02,6,,PENDING,15182.97,002981,2025-02-22 13:01:57,,202981,100983
302982,15774.50,2025-03-30 06:45:59,Synthetic payment record,AYA_PAY,PREMIUM,2025-03,7,,PENDING,15774.50,002982,2025-04-02 06:45:59,,202982,100984
302983,7620.72,2025-04-19 07:45:44,Synthetic payment record,BANK_TRANSFER,PREMIUM,2025-04,8,,REJECTED,7620.72,002983,2025-04-21 07:45:44,,202983,100985
302984,18418.24,2025-05-02 12:05:56,Synthetic payment record,KBZ_PAY,PREMIUM,2025-05,9,,VERIFIED,18418.24,002984,2025-05-02 12:05:56,synthetic-generator,202984,100986
302985,42682.12,2025-06-25 08:15:23,Synthetic payment record,WAVE_PAY,PREMIUM,2025-06,10,,VERIFIED,42682.12,002985,2025-06-28 08:15:23,synthetic-generator,202985,100987
302986,42653.45,2025-07-06 18:13:45,Synthetic payment record,AYA_PAY,PREMIUM,2025-07,11,,VERIFIED,42653.45,002986,2025-07-07 18:13:45,synthetic-generator,202986,100988
302987,36749.70,2025-08-18 17:37:05,Synthetic payment record,BANK_TRANSFER,PREMIUM,2025-08,12,,PENDING,36749.70,002987,2025-08-20 17:37:05,,202987,100989
302988,14024.88,2025-09-21 08:23:34,Synthetic payment record,KBZ_PAY,PREMIUM,2025-09,1,,REJECTED,14024.88,002988,2025-09-23 08:23:34,,202988,100990
302989,2738.39,2025-10-26 23:13:14,Synthetic payment record,WAVE_PAY,PREMIUM,2025-10,2,,VERIFIED,2738.39,002989,2025-10-26 23:13:14,synthetic-generator,202989,100991
302990,38622.50,2025-11-29 21:17:27,Synthetic payment record,AYA_PAY,PREMIUM,2025-11,3,,VERIFIED,38622.50,002990,2025-12-01 21:17:27,synthetic-generator,202990,100992
302991,35450.77,2025-12-31 13:33:13,Synthetic payment record,BANK_TRANSFER,PREMIUM,2025-12,4,,VERIFIED,35450.77,002991,2026-01-02 13:33:13,synthetic-generator,202991,100993
302992,22376.33,2026-01-05 13:31:58,Synthetic payment record,KBZ_PAY,CLAIM_PAYOUT,2026-01,5,,VERIFIED,22376.33,002992,2026-01-08 13:31:58,synthetic-generator,202992,100994
302993,32260.98,2026-02-22 11:28:50,Synthetic payment record,WAVE_PAY,RENEWAL,2026-02,6,,VERIFIED,32260.98,002993,2026-02-22 11:28:50,synthetic-generator,202993,100995
302994,21131.60,2026-03-05 15:20:49,Synthetic payment record,AYA_PAY,PREMIUM,2026-03,7,,VERIFIED,21131.60,002994,2026-03-06 15:20:49,synthetic-generator,202994,100996
302995,49516.71,2026-04-23 12:18:29,Synthetic payment record,BANK_TRANSFER,PREMIUM,2026-04,8,,PENDING,49516.71,002995,2026-04-26 12:18:29,,202995,100997
302996,14026.63,2026-05-29 12:54:40,Synthetic payment record,KBZ_PAY,PREMIUM,2026-05,9,,VERIFIED,14026.63,002996,2026-05-30 12:54:40,synthetic-generator,202996,100998
302997,26877.13,2026-06-04 20:09:52,Synthetic payment record,WAVE_PAY,RENEWAL,2026-06,10,,VERIFIED,26877.13,002997,2026-06-07 20:09:52,synthetic-generator,202997,100999
302998,32400.27,2026-07-29 21:38:04,Synthetic payment record,AYA_PAY,PREMIUM,2026-07,11,,VERIFIED,32400.27,002998,2026-08-01 21:38:04,synthetic-generator,202998,101000
302999,46823.04,2026-08-18 21:50:58,Synthetic payment record,BANK_TRANSFER,PREMIUM,2026-08,12,,VERIFIED,46823.04,002999,2026-08-21 21:50:58,synthetic-generator,202999,101001
303000,2865.51,2021-09-17 21:35:33,Synthetic payment record,KBZ_PAY,PREMIUM,2021-09,1,,VERIFIED,2865.51,003000,2021-09-18 21:35:33,synthetic-generator,203000,101002
303001,5458.62,2021-10-08 09:19:27,Synthetic payment record,WAVE_PAY,PREMIUM,2021-10,2,,VERIFIED,5458.62,003001,2021-10-10 09:19:27,synthetic-generator,203001,101003
303002,3066.81,2021-11-06 18:02:55,Synthetic payment record,AYA_PAY,PREMIUM,2021-11,3,,VERIFIED,3066.81,003002,2021-11-06 18:02:55,synthetic-generator,203002,101004
303003,43802.33,2021-12-13 02:56:19,Synthetic payment record,BANK_TRANSFER,PREMIUM,2021-12,4,,VERIFIED,43802.33,003003,2021-12-16 02:56:19,synthetic-generator,203003,101005
303004,2340.80,2022-01-13 11:05:26,Synthetic payment record,KBZ_PAY,PREMIUM,2022-01,5,,VERIFIED,2340.80,003004,2022-01-14 11:05:26,synthetic-generator,203004,101006
303005,28689.22,2022-02-06 12:48:33,Synthetic payment record,WAVE_PAY,PREMIUM,2022-02,6,,VERIFIED,28689.22,003005,2022-02-08 12:48:33,synthetic-generator,203005,101007
303006,7617.58,2022-03-12 17:39:43,Synthetic payment record,AYA_PAY,CLAIM_PAYOUT,2022-03,7,,VERIFIED,7617.58,003006,2022-03-15 17:39:43,synthetic-generator,203006,101008
303007,10803.69,2022-04-10 10:26:44,Synthetic payment record,BANK_TRANSFER,PREMIUM,2022-04,8,,VERIFIED,10803.69,003007,2022-04-13 10:26:44,synthetic-generator,203007,101009
303008,6094.96,2022-05-10 01:51:34,Synthetic payment record,KBZ_PAY,RENEWAL,2022-05,9,,VERIFIED,6094.96,003008,2022-05-13 01:51:34,synthetic-generator,203008,101010
303009,35327.15,2022-06-30 04:34:54,Synthetic payment record,WAVE_PAY,CLAIM_PAYOUT,2022-06,10,,VERIFIED,35327.15,003009,2022-07-03 04:34:54,synthetic-generator,203009,101011
303010,33567.56,2022-07-16 01:23:14,Synthetic payment record,AYA_PAY,PREMIUM,2022-07,11,,VERIFIED,33567.56,003010,2022-07-18 01:23:14,synthetic-generator,203010,101012
303011,27805.58,2022-08-09 07:45:53,Synthetic payment record,BANK_TRANSFER,RENEWAL,2022-08,12,,VERIFIED,27805.58,003011,2022-08-09 07:45:53,synthetic-generator,203011,101013
303012,10532.59,2022-09-23 15:45:23,Synthetic payment record,KBZ_PAY,PREMIUM,2022-09,1,,VERIFIED,10532.59,003012,2022-09-25 15:45:23,synthetic-generator,203012,101014
303013,19655.15,2022-10-16 20:09:21,Synthetic payment record,WAVE_PAY,RENEWAL,2022-10,2,,VERIFIED,19655.15,003013,2022-10-16 20:09:21,synthetic-generator,203013,101015
303014,6830.65,2022-11-21 05:17:41,Synthetic payment record,AYA_PAY,PREMIUM,2022-11,3,,VERIFIED,6830.65,003014,2022-11-23 05:17:41,synthetic-generator,203014,101016
303015,4280.42,2022-12-23 16:27:11,Synthetic payment record,BANK_TRANSFER,PREMIUM,2022-12,4,,VERIFIED,4280.42,003015,2022-12-24 16:27:11,synthetic-generator,203015,101017
303016,7950.94,2023-01-04 10:39:52,Synthetic payment record,KBZ_PAY,RENEWAL,2023-01,5,,VERIFIED,7950.94,003016,2023-01-05 10:39:52,synthetic-generator,203016,101018
303017,31239.18,2023-02-25 18:30:46,Synthetic payment record,WAVE_PAY,PREMIUM,2023-02,6,,VERIFIED,31239.18,003017,2023-02-26 18:30:46,synthetic-generator,203017,101019
303018,17600.37,2023-03-15 20:32:53,Synthetic payment record,AYA_PAY,PREMIUM,2023-03,7,,VERIFIED,17600.37,003018,2023-03-17 20:32:53,synthetic-generator,203018,101020
303019,47277.85,2023-04-22 12:03:53,Synthetic payment record,BANK_TRANSFER,PREMIUM,2023-04,8,,VERIFIED,47277.85,003019,2023-04-25 12:03:53,synthetic-generator,203019,101021
303020,9344.51,2023-05-10 17:29:53,Synthetic payment record,KBZ_PAY,PREMIUM,2023-05,9,,VERIFIED,9344.51,003020,2023-05-12 17:29:53,synthetic-generator,203020,101022
303021,28247.06,2023-06-21 11:57:59,Synthetic payment record,WAVE_PAY,PREMIUM,2023-06,10,,PENDING,28247.06,003021,2023-06-23 11:57:59,,203021,101023
303022,38945.90,2023-07-21 20:17:27,Synthetic payment record,AYA_PAY,PREMIUM,2023-07,11,,VERIFIED,38945.90,003022,2023-07-24 20:17:27,synthetic-generator,203022,101024
303023,20098.81,2023-08-20 05:14:59,Synthetic payment record,BANK_TRANSFER,PREMIUM,2023-08,12,,VERIFIED,20098.81,003023,2023-08-21 05:14:59,synthetic-generator,203023,101025
303024,5913.74,2023-09-09 01:45:23,Synthetic payment record,KBZ_PAY,PREMIUM,2023-09,1,,VERIFIED,5913.74,003024,2023-09-10 01:45:23,synthetic-generator,203024,101026
303025,6769.54,2023-10-31 09:25:04,Synthetic payment record,WAVE_PAY,PREMIUM,2023-10,2,,VERIFIED,6769.54,003025,2023-10-31 09:25:04,synthetic-generator,203025,101027
303026,21451.45,2023-11-01 20:48:33,Synthetic payment record,AYA_PAY,PREMIUM,2023-11,3,,VERIFIED,21451.45,003026,2023-11-03 20:48:33,synthetic-generator,203026,101028
303027,39005.69,2023-12-14 23:06:17,Synthetic payment record,BANK_TRANSFER,PREMIUM,2023-12,4,,VERIFIED,39005.69,003027,2023-12-15 23:06:17,synthetic-generator,203027,101029
303028,16941.82,2024-01-26 16:08:54,Synthetic payment record,KBZ_PAY,PREMIUM,2024-01,5,,VERIFIED,16941.82,003028,2024-01-29 16:08:54,synthetic-generator,203028,101030
303029,20532.91,2024-02-22 16:41:26,Synthetic payment record,WAVE_PAY,PREMIUM,2024-02,6,,VERIFIED,20532.91,003029,2024-02-22 16:41:26,synthetic-generator,203029,101031
303030,22755.95,2024-03-06 01:05:49,Synthetic payment record,AYA_PAY,PREMIUM,2024-03,7,,PENDING,22755.95,003030,2024-03-08 01:05:49,,203030,101032
303031,8081.88,2024-04-12 01:13:42,Synthetic payment record,BANK_TRANSFER,RENEWAL,2024-04,8,,VERIFIED,8081.88,003031,2024-04-13 01:13:42,synthetic-generator,203031,101033
303032,21506.55,2024-05-01 17:54:24,Synthetic payment record,KBZ_PAY,PREMIUM,2024-05,9,,VERIFIED,21506.55,003032,2024-05-01 17:54:24,synthetic-generator,203032,101034
303033,4442.56,2024-06-29 00:11:47,Synthetic payment record,WAVE_PAY,PREMIUM,2024-06,10,,VERIFIED,4442.56,003033,2024-06-29 00:11:47,synthetic-generator,203033,101035
303034,30580.34,2024-07-15 00:47:48,Synthetic payment record,AYA_PAY,PREMIUM,2024-07,11,,VERIFIED,30580.34,003034,2024-07-15 00:47:48,synthetic-generator,203034,101036
303035,50329.80,2024-08-09 04:12:26,Synthetic payment record,BANK_TRANSFER,PREMIUM,2024-08,12,,VERIFIED,50329.80,003035,2024-08-12 04:12:26,synthetic-generator,203035,101037
303036,4144.10,2024-09-23 01:31:45,Synthetic payment record,KBZ_PAY,PREMIUM,2024-09,1,,VERIFIED,4144.10,003036,2024-09-26 01:31:45,synthetic-generator,203036,101038
303037,3583.83,2024-10-24 01:17:42,Synthetic payment record,WAVE_PAY,PREMIUM,2024-10,2,,VERIFIED,3583.83,003037,2024-10-27 01:17:42,synthetic-generator,203037,101039
303038,22276.04,2024-11-11 17:42:30,Synthetic payment record,AYA_PAY,PREMIUM,2024-11,3,,VERIFIED,22276.04,003038,2024-11-13 17:42:30,synthetic-generator,203038,101040
303039,25001.28,2024-12-12 07:28:50,Synthetic payment record,BANK_TRANSFER,PREMIUM,2024-12,4,,VERIFIED,25001.28,003039,2024-12-15 07:28:50,synthetic-generator,203039,101041
303040,5141.97,2025-01-19 16:59:53,Synthetic payment record,KBZ_PAY,PREMIUM,2025-01,5,,VERIFIED,5141.97,003040,2025-01-21 16:59:53,synthetic-generator,203040,101042
303041,29043.49,2025-02-22 10:39:10,Synthetic payment record,WAVE_PAY,PREMIUM,2025-02,6,,VERIFIED,29043.49,003041,2025-02-25 10:39:10,synthetic-generator,203041,101043
303042,24004.35,2025-03-20 19:08:23,Synthetic payment record,AYA_PAY,PREMIUM,2025-03,7,,VERIFIED,24004.35,003042,2025-03-22 19:08:23,synthetic-generator,203042,101044
303043,27328.79,2025-04-07 21:02:01,Synthetic payment record,BANK_TRANSFER,RENEWAL,2025-04,8,,PENDING,27328.79,003043,2025-04-10 21:02:01,,203043,101045
303044,13412.70,2025-05-02 00:51:13,Synthetic payment record,KBZ_PAY,RENEWAL,2025-05,9,,VERIFIED,13412.70,003044,2025-05-02 00:51:13,synthetic-generator,203044,101046
303045,22627.76,2025-06-15 20:10:38,Synthetic payment record,WAVE_PAY,RENEWAL,2025-06,10,,VERIFIED,22627.76,003045,2025-06-18 20:10:38,synthetic-generator,203045,101047
303046,41948.62,2025-07-13 02:14:51,Synthetic payment record,AYA_PAY,PREMIUM,2025-07,11,,VERIFIED,41948.62,003046,2025-07-14 02:14:51,synthetic-generator,203046,101048
303047,44170.24,2025-08-08 00:08:07,Synthetic payment record,BANK_TRANSFER,PREMIUM,2025-08,12,,PENDING,44170.24,003047,2025-08-08 00:08:07,,203047,101049
303048,4469.12,2025-09-06 14:12:31,Synthetic payment record,KBZ_PAY,PREMIUM,2025-09,1,,VERIFIED,4469.12,003048,2025-09-07 14:12:31,synthetic-generator,203048,101050
303049,11093.58,2025-10-05 06:00:52,Synthetic payment record,WAVE_PAY,CLAIM_PAYOUT,2025-10,2,,PENDING,11093.58,003049,2025-10-06 06:00:52,,203049,101051
303050,6080.70,2025-11-14 20:34:39,Synthetic payment record,AYA_PAY,PREMIUM,2025-11,3,,VERIFIED,6080.70,003050,2025-11-14 20:34:39,synthetic-generator,203050,101052
303051,57811.68,2025-12-25 12:34:16,Synthetic payment record,BANK_TRANSFER,PREMIUM,2025-12,4,,VERIFIED,57811.68,003051,2025-12-28 12:34:16,synthetic-generator,203051,101053
303052,30704.29,2026-01-01 23:12:35,Synthetic payment record,KBZ_PAY,PREMIUM,2026-01,5,,VERIFIED,30704.29,003052,2026-01-03 23:12:35,synthetic-generator,203052,101054
303053,42730.42,2026-02-03 15:56:53,Synthetic payment record,WAVE_PAY,PREMIUM,2026-02,6,,VERIFIED,42730.42,003053,2026-02-05 15:56:53,synthetic-generator,203053,101055
303054,4298.35,2026-03-01 08:05:46,Synthetic payment record,AYA_PAY,PREMIUM,2026-03,7,,VERIFIED,4298.35,003054,2026-03-04 08:05:46,synthetic-generator,203054,101056
303055,12545.42,2026-04-16 00:11:16,Synthetic payment record,BANK_TRANSFER,PREMIUM,2026-04,8,,VERIFIED,12545.42,003055,2026-04-18 00:11:16,synthetic-generator,203055,101057
303056,26408.06,2026-05-13 11:16:48,Synthetic payment record,KBZ_PAY,PREMIUM,2026-05,9,,VERIFIED,26408.06,003056,2026-05-14 11:16:48,synthetic-generator,203056,101058
303057,43328.66,2026-06-16 02:04:21,Synthetic payment record,WAVE_PAY,PREMIUM,2026-06,10,,VERIFIED,43328.66,003057,2026-06-19 02:04:21,synthetic-generator,203057,101059
303058,15059.92,2026-07-12 06:48:19,Synthetic payment record,AYA_PAY,PREMIUM,2026-07,11,,VERIFIED,15059.92,003058,2026-07-13 06:48:19,synthetic-generator,203058,101060
303059,56656.95,2026-08-16 17:16:09,Synthetic payment record,BANK_TRANSFER,PREMIUM,2026-08,12,,VERIFIED,56656.95,003059,2026-08-17 17:16:09,synthetic-generator,203059,101061
303060,8844.91,2021-09-26 20:27:41,Synthetic payment record,KBZ_PAY,PREMIUM,2021-09,1,,PENDING,8844.91,003060,2021-09-29 20:27:41,,203060,101062
303061,21032.34,2021-10-04 07:01:06,Synthetic payment record,WAVE_PAY,PREMIUM,2021-10,2,,REJECTED,21032.34,003061,2021-10-06 07:01:06,,203061,101063
303062,23618.55,2021-11-03 15:48:20,Synthetic payment record,AYA_PAY,PREMIUM,2021-11,3,,PENDING,23618.55,003062,2021-11-06 15:48:20,,203062,101064
303063,20124.28,2021-12-07 16:58:25,Synthetic payment record,BANK_TRANSFER,PREMIUM,2021-12,4,,VERIFIED,20124.28,003063,2021-12-10 16:58:25,synthetic-generator,203063,101065
303064,15092.45,2022-01-01 14:18:13,Synthetic payment record,KBZ_PAY,PREMIUM,2022-01,5,,VERIFIED,15092.45,003064,2022-01-02 14:18:13,synthetic-generator,203064,101066
303065,11560.59,2022-02-01 05:21:16,Synthetic payment record,WAVE_PAY,PREMIUM,2022-02,6,,VERIFIED,11560.59,003065,2022-02-02 05:21:16,synthetic-generator,203065,101067
303066,7848.78,2022-03-20 19:54:40,Synthetic payment record,AYA_PAY,CLAIM_PAYOUT,2022-03,7,,REJECTED,7848.78,003066,2022-03-21 19:54:40,,203066,101068
303067,6452.89,2022-04-12 18:47:01,Synthetic payment record,BANK_TRANSFER,RENEWAL,2022-04,8,,VERIFIED,6452.89,003067,2022-04-13 18:47:01,synthetic-generator,203067,101069
303068,9038.74,2022-05-14 07:56:28,Synthetic payment record,KBZ_PAY,PREMIUM,2022-05,9,,VERIFIED,9038.74,003068,2022-05-17 07:56:28,synthetic-generator,203068,101070
303069,27530.62,2022-06-17 16:59:04,Synthetic payment record,WAVE_PAY,PREMIUM,2022-06,10,,VERIFIED,27530.62,003069,2022-06-17 16:59:04,synthetic-generator,203069,101071
303070,40111.20,2022-07-23 11:32:32,Synthetic payment record,AYA_PAY,PREMIUM,2022-07,11,,VERIFIED,40111.20,003070,2022-07-26 11:32:32,synthetic-generator,203070,101072
303071,36327.43,2022-08-30 06:30:25,Synthetic payment record,BANK_TRANSFER,PREMIUM,2022-08,12,,PENDING,36327.43,003071,2022-09-02 06:30:25,,203071,101073
303072,6509.78,2022-09-17 23:22:52,Synthetic payment record,KBZ_PAY,PREMIUM,2022-09,1,,VERIFIED,6509.78,003072,2022-09-18 23:22:52,synthetic-generator,203072,101074
303073,18611.33,2022-10-26 23:11:58,Synthetic payment record,WAVE_PAY,PREMIUM,2022-10,2,,VERIFIED,18611.33,003073,2022-10-27 23:11:58,synthetic-generator,203073,101075
303074,31227.15,2022-11-24 12:35:38,Synthetic payment record,AYA_PAY,PREMIUM,2022-11,3,,VERIFIED,31227.15,003074,2022-11-25 12:35:38,synthetic-generator,203074,101076
303075,11988.46,2022-12-28 02:00:39,Synthetic payment record,BANK_TRANSFER,PREMIUM,2022-12,4,,VERIFIED,11988.46,003075,2022-12-29 02:00:39,synthetic-generator,203075,101077
303076,4796.76,2023-01-29 22:59:05,Synthetic payment record,KBZ_PAY,CLAIM_PAYOUT,2023-01,5,,PENDING,4796.76,003076,2023-01-31 22:59:05,,203076,101078
303077,29018.20,2023-02-14 13:47:35,Synthetic payment record,WAVE_PAY,PREMIUM,2023-02,6,,VERIFIED,29018.20,003077,2023-02-14 13:47:35,synthetic-generator,203077,101079
303078,4851.43,2023-03-01 11:02:39,Synthetic payment record,AYA_PAY,RENEWAL,2023-03,7,,PENDING,4851.43,003078,2023-03-03 11:02:39,,203078,101080
303079,6311.46,2023-04-10 13:09:46,Synthetic payment record,BANK_TRANSFER,PREMIUM,2023-04,8,,VERIFIED,6311.46,003079,2023-04-13 13:09:46,synthetic-generator,203079,101081
303080,4018.18,2023-05-10 19:09:51,Synthetic payment record,KBZ_PAY,PREMIUM,2023-05,9,,VERIFIED,4018.18,003080,2023-05-10 19:09:51,synthetic-generator,203080,101082
303081,23866.89,2023-06-23 17:48:22,Synthetic payment record,WAVE_PAY,PREMIUM,2023-06,10,,VERIFIED,23866.89,003081,2023-06-25 17:48:22,synthetic-generator,203081,101083
303082,42880.48,2023-07-15 06:45:12,Synthetic payment record,AYA_PAY,PREMIUM,2023-07,11,,VERIFIED,42880.48,003082,2023-07-15 06:45:12,synthetic-generator,203082,101084
303083,52052.79,2023-08-05 14:23:08,Synthetic payment record,BANK_TRANSFER,PREMIUM,2023-08,12,,VERIFIED,52052.79,003083,2023-08-07 14:23:08,synthetic-generator,203083,101085
303084,2929.70,2023-09-17 15:38:15,Synthetic payment record,KBZ_PAY,RENEWAL,2023-09,1,,VERIFIED,2929.70,003084,2023-09-18 15:38:15,synthetic-generator,203084,101086
303085,13431.89,2023-10-14 07:12:44,Synthetic payment record,WAVE_PAY,RENEWAL,2023-10,2,,VERIFIED,13431.89,003085,2023-10-16 07:12:44,synthetic-generator,203085,101087
303086,41784.62,2023-11-24 15:40:00,Synthetic payment record,AYA_PAY,PREMIUM,2023-11,3,,VERIFIED,41784.62,003086,2023-11-25 15:40:00,synthetic-generator,203086,101088
303087,45645.84,2023-12-16 07:10:25,Synthetic payment record,BANK_TRANSFER,PREMIUM,2023-12,4,,VERIFIED,45645.84,003087,2023-12-17 07:10:25,synthetic-generator,203087,101089
303088,7088.60,2024-01-17 10:45:44,Synthetic payment record,KBZ_PAY,RENEWAL,2024-01,5,,VERIFIED,7088.60,003088,2024-01-17 10:45:44,synthetic-generator,203088,101090
303089,18122.34,2024-02-27 06:06:59,Synthetic payment record,WAVE_PAY,PREMIUM,2024-02,6,,VERIFIED,18122.34,003089,2024-02-29 06:06:59,synthetic-generator,203089,101091
303090,7115.58,2024-03-19 18:20:57,Synthetic payment record,AYA_PAY,CLAIM_PAYOUT,2024-03,7,,VERIFIED,7115.58,003090,2024-03-21 18:20:57,synthetic-generator,203090,101092
303091,25653.19,2024-04-19 10:50:34,Synthetic payment record,BANK_TRANSFER,PREMIUM,2024-04,8,,VERIFIED,25653.19,003091,2024-04-19 10:50:34,synthetic-generator,203091,101093
303092,18680.11,2024-05-02 18:54:56,Synthetic payment record,KBZ_PAY,PREMIUM,2024-05,9,,VERIFIED,18680.11,003092,2024-05-02 18:54:56,synthetic-generator,203092,101094
303093,21075.34,2024-06-12 00:19:36,Synthetic payment record,WAVE_PAY,PREMIUM,2024-06,10,,PENDING,21075.34,003093,2024-06-13 00:19:36,,203093,101095
303094,34065.82,2024-07-09 06:32:20,Synthetic payment record,AYA_PAY,PREMIUM,2024-07,11,,VERIFIED,34065.82,003094,2024-07-11 06:32:20,synthetic-generator,203094,101096
303095,65526.98,2024-08-08 18:12:52,Synthetic payment record,BANK_TRANSFER,PREMIUM,2024-08,12,,VERIFIED,65526.98,003095,2024-08-10 18:12:52,synthetic-generator,203095,101097
303096,4679.24,2024-09-20 08:19:40,Synthetic payment record,KBZ_PAY,PREMIUM,2024-09,1,,PENDING,4679.24,003096,2024-09-21 08:19:40,,203096,101098
303097,7666.02,2024-10-01 09:42:38,Synthetic payment record,WAVE_PAY,PREMIUM,2024-10,2,,VERIFIED,7666.02,003097,2024-10-01 09:42:38,synthetic-generator,203097,101099
303098,17128.07,2024-11-11 12:53:45,Synthetic payment record,AYA_PAY,PREMIUM,2024-11,3,,VERIFIED,17128.07,003098,2024-11-11 12:53:45,synthetic-generator,203098,101100
303099,8458.12,2024-12-26 02:07:35,Synthetic payment record,BANK_TRANSFER,RENEWAL,2024-12,4,,VERIFIED,8458.12,003099,2024-12-29 02:07:35,synthetic-generator,203099,101101
303100,10323.60,2025-01-16 04:30:42,Synthetic payment record,KBZ_PAY,RENEWAL,2025-01,5,,VERIFIED,10323.60,003100,2025-01-16 04:30:42,synthetic-generator,203100,101102
303101,18496.76,2025-02-11 17:32:54,Synthetic payment record,WAVE_PAY,PREMIUM,2025-02,6,,VERIFIED,18496.76,003101,2025-02-14 17:32:54,synthetic-generator,203101,101103
303102,20663.18,2025-03-01 08:48:45,Synthetic payment record,AYA_PAY,PREMIUM,2025-03,7,,VERIFIED,20663.18,003102,2025-03-02 08:48:45,synthetic-generator,203102,101104
303103,4320.39,2025-04-20 18:12:05,Synthetic payment record,BANK_TRANSFER,PREMIUM,2025-04,8,,VERIFIED,4320.39,003103,2025-04-23 18:12:05,synthetic-generator,203103,101105
303104,10504.56,2025-05-30 09:22:32,Synthetic payment record,KBZ_PAY,PREMIUM,2025-05,9,,VERIFIED,10504.56,003104,2025-06-01 09:22:32,synthetic-generator,203104,101106
303105,11039.57,2025-06-18 13:55:29,Synthetic payment record,WAVE_PAY,PREMIUM,2025-06,10,,VERIFIED,11039.57,003105,2025-06-19 13:55:29,synthetic-generator,203105,101107
303106,31352.33,2025-07-24 04:35:42,Synthetic payment record,AYA_PAY,CLAIM_PAYOUT,2025-07,11,,VERIFIED,31352.33,003106,2025-07-25 04:35:42,synthetic-generator,203106,101108
303107,14968.20,2025-08-15 23:51:06,Synthetic payment record,BANK_TRANSFER,RENEWAL,2025-08,12,,VERIFIED,14968.20,003107,2025-08-17 23:51:06,synthetic-generator,203107,101109
303108,7967.37,2025-09-20 08:14:34,Synthetic payment record,KBZ_PAY,RENEWAL,2025-09,1,,PENDING,7967.37,003108,2025-09-21 08:14:34,,203108,101110
303109,25694.83,2025-10-02 05:37:40,Synthetic payment record,WAVE_PAY,PREMIUM,2025-10,2,,VERIFIED,25694.83,003109,2025-10-04 05:37:40,synthetic-generator,203109,101111
303110,33740.44,2025-11-12 21:55:53,Synthetic payment record,AYA_PAY,PREMIUM,2025-11,3,,PENDING,33740.44,003110,2025-11-15 21:55:53,,203110,101112
303111,32527.48,2025-12-15 02:19:23,Synthetic payment record,BANK_TRANSFER,PREMIUM,2025-12,4,,VERIFIED,32527.48,003111,2025-12-17 02:19:23,synthetic-generator,203111,101113
303112,23307.30,2026-01-23 01:39:26,Synthetic payment record,KBZ_PAY,PREMIUM,2026-01,5,,VERIFIED,23307.30,003112,2026-01-23 01:39:26,synthetic-generator,203112,101114
303113,8574.80,2026-02-22 10:51:31,Synthetic payment record,WAVE_PAY,PREMIUM,2026-02,6,,VERIFIED,8574.80,003113,2026-02-23 10:51:31,synthetic-generator,203113,101115
303114,11400.17,2026-03-30 14:23:56,Synthetic payment record,AYA_PAY,PREMIUM,2026-03,7,,VERIFIED,11400.17,003114,2026-04-01 14:23:56,synthetic-generator,203114,101116
303115,11337.93,2026-04-30 10:09:14,Synthetic payment record,BANK_TRANSFER,RENEWAL,2026-04,8,,VERIFIED,11337.93,003115,2026-04-30 10:09:14,synthetic-generator,203115,101117
303116,5069.55,2026-05-27 19:48:16,Synthetic payment record,KBZ_PAY,PREMIUM,2026-05,9,,VERIFIED,5069.55,003116,2026-05-27 19:48:16,synthetic-generator,203116,101118
303117,4051.43,2026-06-30 22:53:39,Synthetic payment record,WAVE_PAY,PREMIUM,2026-06,10,,VERIFIED,4051.43,003117,2026-06-30 22:53:39,synthetic-generator,203117,101119
303118,30006.06,2026-07-27 22:16:35,Synthetic payment record,AYA_PAY,RENEWAL,2026-07,11,,PENDING,30006.06,003118,2026-07-30 22:16:35,,203118,101120
303119,76043.30,2026-08-10 09:58:24,Synthetic payment record,BANK_TRANSFER,PREMIUM,2026-08,12,,VERIFIED,76043.30,003119,2026-08-12 09:58:24,synthetic-generator,203119,101121
303120,6006.61,2021-09-27 06:04:22,Synthetic payment record,KBZ_PAY,PREMIUM,2021-09,1,,VERIFIED,6006.61,003120,2021-09-27 06:04:22,synthetic-generator,203120,101122
303121,8616.35,2021-10-10 07:08:19,Synthetic payment record,WAVE_PAY,PREMIUM,2021-10,2,,VERIFIED,8616.35,003121,2021-10-13 07:08:19,synthetic-generator,203121,101123
303122,20966.68,2021-11-01 10:57:52,Synthetic payment record,AYA_PAY,PREMIUM,2021-11,3,,PENDING,20966.68,003122,2021-11-04 10:57:52,,203122,101124
303123,37603.02,2021-12-03 14:38:46,Synthetic payment record,BANK_TRANSFER,PREMIUM,2021-12,4,,VERIFIED,37603.02,003123,2021-12-05 14:38:46,synthetic-generator,203123,101125
303124,6754.81,2022-01-05 13:41:57,Synthetic payment record,KBZ_PAY,RENEWAL,2022-01,5,,VERIFIED,6754.81,003124,2022-01-05 13:41:57,synthetic-generator,203124,101126
303125,25114.47,2022-02-08 21:56:29,Synthetic payment record,WAVE_PAY,PREMIUM,2022-02,6,,VERIFIED,25114.47,003125,2022-02-10 21:56:29,synthetic-generator,203125,101127
303126,7203.31,2022-03-14 00:21:25,Synthetic payment record,AYA_PAY,RENEWAL,2022-03,7,,VERIFIED,7203.31,003126,2022-03-17 00:21:25,synthetic-generator,203126,101128
303127,23878.67,2022-04-19 21:41:59,Synthetic payment record,BANK_TRANSFER,RENEWAL,2022-04,8,,REJECTED,23878.67,003127,2022-04-22 21:41:59,,203127,101129
303128,10733.51,2022-05-14 16:48:01,Synthetic payment record,KBZ_PAY,RENEWAL,2022-05,9,,VERIFIED,10733.51,003128,2022-05-17 16:48:01,synthetic-generator,203128,101130
303129,29678.02,2022-06-18 01:24:47,Synthetic payment record,WAVE_PAY,PREMIUM,2022-06,10,,VERIFIED,29678.02,003129,2022-06-21 01:24:47,synthetic-generator,203129,101131
303130,27100.71,2022-07-05 12:59:32,Synthetic payment record,AYA_PAY,PREMIUM,2022-07,11,,VERIFIED,27100.71,003130,2022-07-07 12:59:32,synthetic-generator,203130,101132
303131,31202.14,2022-08-22 23:49:45,Synthetic payment record,BANK_TRANSFER,PREMIUM,2022-08,12,,VERIFIED,31202.14,003131,2022-08-23 23:49:45,synthetic-generator,203131,101133
303132,8550.67,2022-09-12 18:10:44,Synthetic payment record,KBZ_PAY,PREMIUM,2022-09,1,,VERIFIED,8550.67,003132,2022-09-13 18:10:44,synthetic-generator,203132,101134
303133,4506.83,2022-10-11 16:11:58,Synthetic payment record,WAVE_PAY,PREMIUM,2022-10,2,,VERIFIED,4506.83,003133,2022-10-12 16:11:58,synthetic-generator,203133,101135
303134,9199.30,2022-11-05 23:42:16,Synthetic payment record,AYA_PAY,CLAIM_PAYOUT,2022-11,3,,VERIFIED,9199.30,003134,2022-11-08 23:42:16,synthetic-generator,203134,101136
303135,19535.60,2022-12-16 04:33:49,Synthetic payment record,BANK_TRANSFER,PREMIUM,2022-12,4,,VERIFIED,19535.60,003135,2022-12-19 04:33:49,synthetic-generator,203135,101137
303136,21865.07,2023-01-08 18:08:26,Synthetic payment record,KBZ_PAY,RENEWAL,2023-01,5,,VERIFIED,21865.07,003136,2023-01-11 18:08:26,synthetic-generator,203136,101138
303137,22228.46,2023-02-17 11:02:31,Synthetic payment record,WAVE_PAY,PREMIUM,2023-02,6,,REJECTED,22228.46,003137,2023-02-20 11:02:31,,203137,101139
303138,4006.23,2023-03-25 11:57:26,Synthetic payment record,AYA_PAY,PREMIUM,2023-03,7,,VERIFIED,4006.23,003138,2023-03-28 11:57:26,synthetic-generator,203138,101140
303139,16669.50,2023-04-20 00:40:38,Synthetic payment record,BANK_TRANSFER,PREMIUM,2023-04,8,,VERIFIED,16669.50,003139,2023-04-22 00:40:38,synthetic-generator,203139,101141
303140,10514.43,2023-05-23 23:24:07,Synthetic payment record,KBZ_PAY,PREMIUM,2023-05,9,,REJECTED,10514.43,003140,2023-05-23 23:24:07,,203140,101142
303141,18369.16,2023-06-17 12:56:33,Synthetic payment record,WAVE_PAY,PREMIUM,2023-06,10,,VERIFIED,18369.16,003141,2023-06-17 12:56:33,synthetic-generator,203141,101143
303142,22548.33,2023-07-11 09:38:23,Synthetic payment record,AYA_PAY,PREMIUM,2023-07,11,,VERIFIED,22548.33,003142,2023-07-11 09:38:23,synthetic-generator,203142,101144
303143,54199.22,2023-08-05 22:59:21,Synthetic payment record,BANK_TRANSFER,PREMIUM,2023-08,12,,VERIFIED,54199.22,003143,2023-08-06 22:59:21,synthetic-generator,203143,101145
303144,1588.56,2023-09-12 06:55:24,Synthetic payment record,KBZ_PAY,PREMIUM,2023-09,1,,VERIFIED,1588.56,003144,2023-09-14 06:55:24,synthetic-generator,203144,101146
303145,5714.45,2023-10-05 08:49:16,Synthetic payment record,WAVE_PAY,PREMIUM,2023-10,2,,VERIFIED,5714.45,003145,2023-10-07 08:49:16,synthetic-generator,203145,101147
303146,20710.18,2023-11-26 01:23:18,Synthetic payment record,AYA_PAY,PREMIUM,2023-11,3,,VERIFIED,20710.18,003146,2023-11-27 01:23:18,synthetic-generator,203146,101148
303147,5268.98,2023-12-15 12:20:08,Synthetic payment record,BANK_TRANSFER,CLAIM_PAYOUT,2023-12,4,,VERIFIED,5268.98,003147,2023-12-17 12:20:08,synthetic-generator,203147,101149
303148,29503.32,2024-01-24 17:53:38,Synthetic payment record,KBZ_PAY,PREMIUM,2024-01,5,,VERIFIED,29503.32,003148,2024-01-24 17:53:38,synthetic-generator,203148,101150
303149,22239.56,2024-02-26 17:39:33,Synthetic payment record,WAVE_PAY,PREMIUM,2024-02,6,,VERIFIED,22239.56,003149,2024-02-27 17:39:33,synthetic-generator,203149,101151
303150,2739.29,2024-03-10 23:27:45,Synthetic payment record,AYA_PAY,PREMIUM,2024-03,7,,PENDING,2739.29,003150,2024-03-11 23:27:45,,203150,101152
303151,4625.33,2024-04-22 20:39:38,Synthetic payment record,BANK_TRANSFER,PREMIUM,2024-04,8,,VERIFIED,4625.33,003151,2024-04-22 20:39:38,synthetic-generator,203151,101153
303152,17967.36,2024-05-16 15:14:24,Synthetic payment record,KBZ_PAY,PREMIUM,2024-05,9,,PENDING,17967.36,003152,2024-05-18 15:14:24,,203152,101154
303153,40408.72,2024-06-18 23:21:56,Synthetic payment record,WAVE_PAY,RENEWAL,2024-06,10,,VERIFIED,40408.72,003153,2024-06-18 23:21:56,synthetic-generator,203153,101155
303154,12350.15,2024-07-19 13:24:29,Synthetic payment record,AYA_PAY,CLAIM_PAYOUT,2024-07,11,,VERIFIED,12350.15,003154,2024-07-21 13:24:29,synthetic-generator,203154,101156
303155,46448.17,2024-08-08 10:33:30,Synthetic payment record,BANK_TRANSFER,PREMIUM,2024-08,12,,VERIFIED,46448.17,003155,2024-08-08 10:33:30,synthetic-generator,203155,101157
303156,9721.32,2024-09-18 08:29:11,Synthetic payment record,KBZ_PAY,PREMIUM,2024-09,1,,VERIFIED,9721.32,003156,2024-09-18 08:29:11,synthetic-generator,203156,101158
303157,24970.60,2024-10-23 19:30:13,Synthetic payment record,WAVE_PAY,PREMIUM,2024-10,2,,PENDING,24970.60,003157,2024-10-26 19:30:13,,203157,101159
303158,28950.95,2024-11-26 19:28:08,Synthetic payment record,AYA_PAY,RENEWAL,2024-11,3,,VERIFIED,28950.95,003158,2024-11-28 19:28:08,synthetic-generator,203158,101160
303159,25019.07,2024-12-11 21:16:43,Synthetic payment record,BANK_TRANSFER,PREMIUM,2024-12,4,,PENDING,25019.07,003159,2024-12-14 21:16:43,,203159,101161
303160,3881.93,2025-01-09 21:37:52,Synthetic payment record,KBZ_PAY,PREMIUM,2025-01,5,,VERIFIED,3881.93,003160,2025-01-10 21:37:52,synthetic-generator,203160,101162
303161,13986.96,2025-02-26 14:17:00,Synthetic payment record,WAVE_PAY,PREMIUM,2025-02,6,,VERIFIED,13986.96,003161,2025-02-28 14:17:00,synthetic-generator,203161,101163
303162,16972.93,2025-03-19 18:57:48,Synthetic payment record,AYA_PAY,PREMIUM,2025-03,7,,PENDING,16972.93,003162,2025-03-19 18:57:48,,203162,101164
303163,33030.99,2025-04-03 00:12:54,Synthetic payment record,BANK_TRANSFER,PREMIUM,2025-04,8,,VERIFIED,33030.99,003163,2025-04-05 00:12:54,synthetic-generator,203163,101165
303164,11662.49,2025-05-28 06:47:15,Synthetic payment record,KBZ_PAY,PREMIUM,2025-05,9,,VERIFIED,11662.49,003164,2025-05-30 06:47:15,synthetic-generator,203164,101166
303165,16544.63,2025-06-05 17:59:03,Synthetic payment record,WAVE_PAY,RENEWAL,2025-06,10,,VERIFIED,16544.63,003165,2025-06-05 17:59:03,synthetic-generator,203165,101167
303166,9074.29,2025-07-26 15:25:49,Synthetic payment record,AYA_PAY,CLAIM_PAYOUT,2025-07,11,,REJECTED,9074.29,003166,2025-07-26 15:25:49,,203166,101168
303167,14977.25,2025-08-26 03:38:10,Synthetic payment record,BANK_TRANSFER,RENEWAL,2025-08,12,,PENDING,14977.25,003167,2025-08-29 03:38:10,,203167,101169
303168,1625.64,2025-09-26 00:20:32,Synthetic payment record,KBZ_PAY,PREMIUM,2025-09,1,,PENDING,1625.64,003168,2025-09-27 00:20:32,,203168,101170
303169,3177.75,2025-10-17 05:15:19,Synthetic payment record,WAVE_PAY,CLAIM_PAYOUT,2025-10,2,,PENDING,3177.75,003169,2025-10-17 05:15:19,,203169,101171
303170,17182.09,2025-11-09 09:27:47,Synthetic payment record,AYA_PAY,PREMIUM,2025-11,3,,VERIFIED,17182.09,003170,2025-11-10 09:27:47,synthetic-generator,203170,101172
303171,8842.92,2025-12-09 13:47:42,Synthetic payment record,BANK_TRANSFER,PREMIUM,2025-12,4,,VERIFIED,8842.92,003171,2025-12-12 13:47:42,synthetic-generator,203171,101173
303172,23165.17,2026-01-22 22:56:26,Synthetic payment record,KBZ_PAY,PREMIUM,2026-01,5,,PENDING,23165.17,003172,2026-01-25 22:56:26,,203172,101174
303173,37697.36,2026-02-27 22:04:58,Synthetic payment record,WAVE_PAY,PREMIUM,2026-02,6,,VERIFIED,37697.36,003173,2026-03-01 22:04:58,synthetic-generator,203173,101175
303174,6110.81,2026-03-19 16:50:00,Synthetic payment record,AYA_PAY,PREMIUM,2026-03,7,,PENDING,6110.81,003174,2026-03-21 16:50:00,,203174,101176
303175,9477.73,2026-04-02 13:58:23,Synthetic payment record,BANK_TRANSFER,PREMIUM,2026-04,8,,VERIFIED,9477.73,003175,2026-04-04 13:58:23,synthetic-generator,203175,101177
303176,18588.35,2026-05-11 08:15:20,Synthetic payment record,KBZ_PAY,PREMIUM,2026-05,9,,VERIFIED,18588.35,003176,2026-05-11 08:15:20,synthetic-generator,203176,101178
303177,13011.14,2026-06-27 17:08:43,Synthetic payment record,WAVE_PAY,PREMIUM,2026-06,10,,VERIFIED,13011.14,003177,2026-06-27 17:08:43,synthetic-generator,203177,101179
303178,38990.05,2026-07-23 15:25:44,Synthetic payment record,AYA_PAY,PREMIUM,2026-07,11,,PENDING,38990.05,003178,2026-07-26 15:25:44,,203178,101180
303179,33235.69,2026-08-25 04:39:06,Synthetic payment record,BANK_TRANSFER,PREMIUM,2026-08,12,,PENDING,33235.69,003179,2026-08-28 04:39:06,,203179,101181
303180,5758.00,2021-09-12 19:04:36,Synthetic payment record,KBZ_PAY,PREMIUM,2021-09,1,,VERIFIED,5758.00,003180,2021-09-13 19:04:36,synthetic-generator,203180,101182
303181,18929.46,2021-10-05 10:45:50,Synthetic payment record,WAVE_PAY,RENEWAL,2021-10,2,,VERIFIED,18929.46,003181,2021-10-08 10:45:50,synthetic-generator,203181,101183
303182,10908.69,2021-11-13 12:26:48,Synthetic payment record,AYA_PAY,PREMIUM,2021-11,3,,REJECTED,10908.69,003182,2021-11-14 12:26:48,,203182,101184
303183,9469.74,2021-12-09 04:49:51,Synthetic payment record,BANK_TRANSFER,PREMIUM,2021-12,4,,VERIFIED,9469.74,003183,2021-12-09 04:49:51,synthetic-generator,203183,101185
303184,16087.05,2022-01-05 00:16:32,Synthetic payment record,KBZ_PAY,PREMIUM,2022-01,5,,VERIFIED,16087.05,003184,2022-01-08 00:16:32,synthetic-generator,203184,101186
303185,29314.34,2022-02-18 21:20:38,Synthetic payment record,WAVE_PAY,RENEWAL,2022-02,6,,PENDING,29314.34,003185,2022-02-19 21:20:38,,203185,101187
303186,21390.90,2022-03-20 17:34:04,Synthetic payment record,AYA_PAY,PREMIUM,2022-03,7,,VERIFIED,21390.90,003186,2022-03-21 17:34:04,synthetic-generator,203186,101188
303187,20880.10,2022-04-26 23:29:12,Synthetic payment record,BANK_TRANSFER,PREMIUM,2022-04,8,,VERIFIED,20880.10,003187,2022-04-29 23:29:12,synthetic-generator,203187,101189
303188,3179.77,2022-05-19 20:47:22,Synthetic payment record,KBZ_PAY,PREMIUM,2022-05,9,,VERIFIED,3179.77,003188,2022-05-22 20:47:22,synthetic-generator,203188,101190
303189,20198.93,2022-06-11 09:30:10,Synthetic payment record,WAVE_PAY,PREMIUM,2022-06,10,,VERIFIED,20198.93,003189,2022-06-11 09:30:10,synthetic-generator,203189,101191
303190,23127.70,2022-07-18 16:03:47,Synthetic payment record,AYA_PAY,PREMIUM,2022-07,11,,VERIFIED,23127.70,003190,2022-07-20 16:03:47,synthetic-generator,203190,101192
303191,35633.97,2022-08-15 19:51:08,Synthetic payment record,BANK_TRANSFER,PREMIUM,2022-08,12,,VERIFIED,35633.97,003191,2022-08-16 19:51:08,synthetic-generator,203191,101193
303192,4457.92,2022-09-05 02:13:17,Synthetic payment record,KBZ_PAY,PREMIUM,2022-09,1,,VERIFIED,4457.92,003192,2022-09-06 02:13:17,synthetic-generator,203192,101194
303193,6562.68,2022-10-08 13:52:27,Synthetic payment record,WAVE_PAY,PREMIUM,2022-10,2,,REJECTED,6562.68,003193,2022-10-08 13:52:27,,203193,101195
303194,5603.13,2022-11-16 05:02:15,Synthetic payment record,AYA_PAY,RENEWAL,2022-11,3,,PENDING,5603.13,003194,2022-11-17 05:02:15,,203194,101196
303195,43212.09,2022-12-14 14:34:10,Synthetic payment record,BANK_TRANSFER,PREMIUM,2022-12,4,,VERIFIED,43212.09,003195,2022-12-16 14:34:10,synthetic-generator,203195,101197
303196,14546.54,2023-01-06 08:16:29,Synthetic payment record,KBZ_PAY,PREMIUM,2023-01,5,,VERIFIED,14546.54,003196,2023-01-06 08:16:29,synthetic-generator,203196,101198
303197,16040.00,2023-02-25 13:45:54,Synthetic payment record,WAVE_PAY,PREMIUM,2023-02,6,,VERIFIED,16040.00,003197,2023-02-27 13:45:54,synthetic-generator,203197,101199
303198,26308.30,2023-03-18 11:56:35,Synthetic payment record,AYA_PAY,PREMIUM,2023-03,7,,VERIFIED,26308.30,003198,2023-03-19 11:56:35,synthetic-generator,203198,101200
303199,35729.69,2023-04-04 12:28:24,Synthetic payment record,BANK_TRANSFER,RENEWAL,2023-04,8,,VERIFIED,35729.69,003199,2023-04-06 12:28:24,synthetic-generator,203199,101201
303200,11533.44,2023-05-12 03:46:28,Synthetic payment record,KBZ_PAY,PREMIUM,2023-05,9,,VERIFIED,11533.44,003200,2023-05-13 03:46:28,synthetic-generator,203200,101202
303201,9916.59,2023-06-06 00:06:13,Synthetic payment record,WAVE_PAY,PREMIUM,2023-06,10,,PENDING,9916.59,003201,2023-06-09 00:06:13,,203201,101203
303202,27616.48,2023-07-09 03:15:18,Synthetic payment record,AYA_PAY,PREMIUM,2023-07,11,,VERIFIED,27616.48,003202,2023-07-12 03:15:18,synthetic-generator,203202,101204
303203,21720.38,2023-08-22 16:18:32,Synthetic payment record,BANK_TRANSFER,PREMIUM,2023-08,12,,VERIFIED,21720.38,003203,2023-08-25 16:18:32,synthetic-generator,203203,101205
303204,7789.98,2023-09-24 13:16:42,Synthetic payment record,KBZ_PAY,PREMIUM,2023-09,1,,VERIFIED,7789.98,003204,2023-09-26 13:16:42,synthetic-generator,203204,101206
303205,23528.62,2023-10-14 13:52:35,Synthetic payment record,WAVE_PAY,PREMIUM,2023-10,2,,VERIFIED,23528.62,003205,2023-10-17 13:52:35,synthetic-generator,203205,101207
303206,6205.05,2023-11-26 17:47:23,Synthetic payment record,AYA_PAY,RENEWAL,2023-11,3,,VERIFIED,6205.05,003206,2023-11-27 17:47:23,synthetic-generator,203206,101208
303207,6660.90,2023-12-11 18:33:04,Synthetic payment record,BANK_TRANSFER,PREMIUM,2023-12,4,,VERIFIED,6660.90,003207,2023-12-14 18:33:04,synthetic-generator,203207,101209
303208,10004.70,2024-01-08 07:36:30,Synthetic payment record,KBZ_PAY,PREMIUM,2024-01,5,,VERIFIED,10004.70,003208,2024-01-10 07:36:30,synthetic-generator,203208,101210
303209,43430.77,2024-02-29 19:44:47,Synthetic payment record,WAVE_PAY,CLAIM_PAYOUT,2024-02,6,,VERIFIED,43430.77,003209,2024-03-02 19:44:47,synthetic-generator,203209,101211
303210,9164.90,2024-03-14 14:39:10,Synthetic payment record,AYA_PAY,PREMIUM,2024-03,7,,VERIFIED,9164.90,003210,2024-03-17 14:39:10,synthetic-generator,203210,101212
303211,4348.16,2024-04-21 03:15:36,Synthetic payment record,BANK_TRANSFER,PREMIUM,2024-04,8,,PENDING,4348.16,003211,2024-04-21 03:15:36,,203211,101213
303212,2103.09,2024-05-24 08:44:59,Synthetic payment record,KBZ_PAY,PREMIUM,2024-05,9,,VERIFIED,2103.09,003212,2024-05-27 08:44:59,synthetic-generator,203212,101214
303213,18472.45,2024-06-19 04:46:26,Synthetic payment record,WAVE_PAY,RENEWAL,2024-06,10,,VERIFIED,18472.45,003213,2024-06-20 04:46:26,synthetic-generator,203213,101215
303214,37720.42,2024-07-19 06:06:31,Synthetic payment record,AYA_PAY,CLAIM_PAYOUT,2024-07,11,,PENDING,37720.42,003214,2024-07-21 06:06:31,,203214,101216
303215,21253.54,2024-08-13 02:32:49,Synthetic payment record,BANK_TRANSFER,PREMIUM,2024-08,12,,VERIFIED,21253.54,003215,2024-08-15 02:32:49,synthetic-generator,203215,101217
303216,6197.93,2024-09-15 18:25:52,Synthetic payment record,KBZ_PAY,PREMIUM,2024-09,1,,VERIFIED,6197.93,003216,2024-09-18 18:25:52,synthetic-generator,203216,101218
303217,8230.48,2024-10-25 12:20:50,Synthetic payment record,WAVE_PAY,PREMIUM,2024-10,2,,VERIFIED,8230.48,003217,2024-10-26 12:20:50,synthetic-generator,203217,101219
303218,5806.14,2024-11-18 00:46:51,Synthetic payment record,AYA_PAY,RENEWAL,2024-11,3,,VERIFIED,5806.14,003218,2024-11-20 00:46:51,synthetic-generator,203218,101220
303219,50170.09,2024-12-19 13:36:27,Synthetic payment record,BANK_TRANSFER,PREMIUM,2024-12,4,,VERIFIED,50170.09,003219,2024-12-21 13:36:27,synthetic-generator,203219,101221
303220,22577.30,2025-01-13 08:46:24,Synthetic payment record,KBZ_PAY,CLAIM_PAYOUT,2025-01,5,,VERIFIED,22577.30,003220,2025-01-14 08:46:24,synthetic-generator,203220,101222
303221,34365.14,2025-02-24 14:57:46,Synthetic payment record,WAVE_PAY,PREMIUM,2025-02,6,,PENDING,34365.14,003221,2025-02-25 14:57:46,,203221,101223
303222,13273.34,2025-03-18 19:35:32,Synthetic payment record,AYA_PAY,RENEWAL,2025-03,7,,PENDING,13273.34,003222,2025-03-18 19:35:32,,203222,101224
303223,21003.62,2025-04-16 11:18:44,Synthetic payment record,BANK_TRANSFER,PREMIUM,2025-04,8,,PENDING,21003.62,003223,2025-04-18 11:18:44,,203223,101225
303224,23308.16,2025-05-25 10:28:41,Synthetic payment record,KBZ_PAY,PREMIUM,2025-05,9,,VERIFIED,23308.16,003224,2025-05-26 10:28:41,synthetic-generator,203224,101226
303225,27098.98,2025-06-29 03:33:36,Synthetic payment record,WAVE_PAY,PREMIUM,2025-06,10,,VERIFIED,27098.98,003225,2025-07-01 03:33:36,synthetic-generator,203225,101227
303226,47928.53,2025-07-13 01:42:09,Synthetic payment record,AYA_PAY,RENEWAL,2025-07,11,,VERIFIED,47928.53,003226,2025-07-13 01:42:09,synthetic-generator,203226,101228
303227,41287.11,2025-08-17 15:10:15,Synthetic payment record,BANK_TRANSFER,PREMIUM,2025-08,12,,VERIFIED,41287.11,003227,2025-08-20 15:10:15,synthetic-generator,203227,101229
303228,8914.15,2025-09-25 14:48:08,Synthetic payment record,KBZ_PAY,PREMIUM,2025-09,1,,VERIFIED,8914.15,003228,2025-09-25 14:48:08,synthetic-generator,203228,101230
303229,20780.80,2025-10-05 22:15:45,Synthetic payment record,WAVE_PAY,PREMIUM,2025-10,2,,VERIFIED,20780.80,003229,2025-10-07 22:15:45,synthetic-generator,203229,101231
303230,46596.33,2025-11-09 08:17:53,Synthetic payment record,AYA_PAY,PREMIUM,2025-11,3,,VERIFIED,46596.33,003230,2025-11-12 08:17:53,synthetic-generator,203230,101232
303231,44756.31,2025-12-06 08:05:18,Synthetic payment record,BANK_TRANSFER,PREMIUM,2025-12,4,,VERIFIED,44756.31,003231,2025-12-08 08:05:18,synthetic-generator,203231,101233
303232,4313.13,2026-01-17 02:31:43,Synthetic payment record,KBZ_PAY,PREMIUM,2026-01,5,,VERIFIED,4313.13,003232,2026-01-19 02:31:43,synthetic-generator,203232,101234
303233,8894.53,2026-02-16 03:26:10,Synthetic payment record,WAVE_PAY,PREMIUM,2026-02,6,,VERIFIED,8894.53,003233,2026-02-18 03:26:10,synthetic-generator,203233,101235
303234,8874.88,2026-03-23 19:01:57,Synthetic payment record,AYA_PAY,PREMIUM,2026-03,7,,VERIFIED,8874.88,003234,2026-03-25 19:01:57,synthetic-generator,203234,101236
303235,29103.61,2026-04-29 18:40:04,Synthetic payment record,BANK_TRANSFER,PREMIUM,2026-04,8,,VERIFIED,29103.61,003235,2026-05-02 18:40:04,synthetic-generator,203235,101237
303236,6389.85,2026-05-27 01:59:55,Synthetic payment record,KBZ_PAY,PREMIUM,2026-05,9,,VERIFIED,6389.85,003236,2026-05-29 01:59:55,synthetic-generator,203236,101238
303237,9372.17,2026-06-12 01:31:24,Synthetic payment record,WAVE_PAY,PREMIUM,2026-06,10,,VERIFIED,9372.17,003237,2026-06-15 01:31:24,synthetic-generator,203237,101239
303238,36866.67,2026-07-04 12:42:42,Synthetic payment record,AYA_PAY,PREMIUM,2026-07,11,,VERIFIED,36866.67,003238,2026-07-06 12:42:42,synthetic-generator,203238,101240
303239,33714.98,2026-08-20 07:45:16,Synthetic payment record,BANK_TRANSFER,PREMIUM,2026-08,12,,VERIFIED,33714.98,003239,2026-08-21 07:45:16,synthetic-generator,203239,101241
303240,2924.63,2021-09-23 04:47:40,Synthetic payment record,KBZ_PAY,PREMIUM,2021-09,1,,VERIFIED,2924.63,003240,2021-09-26 04:47:40,synthetic-generator,203240,101242
303241,9793.92,2021-10-24 07:18:39,Synthetic payment record,WAVE_PAY,PREMIUM,2021-10,2,,VERIFIED,9793.92,003241,2021-10-24 07:18:39,synthetic-generator,203241,101243
303242,20158.89,2021-11-02 03:32:14,Synthetic payment record,AYA_PAY,PREMIUM,2021-11,3,,VERIFIED,20158.89,003242,2021-11-04 03:32:14,synthetic-generator,203242,101244
303243,51526.74,2021-12-31 22:12:52,Synthetic payment record,BANK_TRANSFER,CLAIM_PAYOUT,2021-12,4,,VERIFIED,51526.74,003243,2022-01-01 22:12:52,synthetic-generator,203243,101245
303244,3587.54,2022-01-26 14:03:27,Synthetic payment record,KBZ_PAY,RENEWAL,2022-01,5,,VERIFIED,3587.54,003244,2022-01-27 14:03:27,synthetic-generator,203244,101246
303245,22892.31,2022-02-12 03:06:44,Synthetic payment record,WAVE_PAY,PREMIUM,2022-02,6,,VERIFIED,22892.31,003245,2022-02-13 03:06:44,synthetic-generator,203245,101247
303246,2988.81,2022-03-14 09:28:02,Synthetic payment record,AYA_PAY,PREMIUM,2022-03,7,,VERIFIED,2988.81,003246,2022-03-17 09:28:02,synthetic-generator,203246,101248
303247,35615.88,2022-04-20 11:12:14,Synthetic payment record,BANK_TRANSFER,PREMIUM,2022-04,8,,REJECTED,35615.88,003247,2022-04-20 11:12:14,,203247,101249
303248,14428.08,2022-05-07 22:37:30,Synthetic payment record,KBZ_PAY,PREMIUM,2022-05,9,,VERIFIED,14428.08,003248,2022-05-10 22:37:30,synthetic-generator,203248,101250
303249,19595.92,2022-06-11 20:17:56,Synthetic payment record,WAVE_PAY,PREMIUM,2022-06,10,,VERIFIED,19595.92,003249,2022-06-13 20:17:56,synthetic-generator,203249,101251
303250,6989.85,2022-07-31 09:45:36,Synthetic payment record,AYA_PAY,RENEWAL,2022-07,11,,REJECTED,6989.85,003250,2022-07-31 09:45:36,,203250,101252
303251,51078.88,2022-08-22 18:10:09,Synthetic payment record,BANK_TRANSFER,PREMIUM,2022-08,12,,VERIFIED,51078.88,003251,2022-08-23 18:10:09,synthetic-generator,203251,101253
303252,3218.64,2022-09-26 05:45:40,Synthetic payment record,KBZ_PAY,PREMIUM,2022-09,1,,PENDING,3218.64,003252,2022-09-27 05:45:40,,203252,101254
303253,18405.04,2022-10-16 12:32:14,Synthetic payment record,WAVE_PAY,PREMIUM,2022-10,2,,VERIFIED,18405.04,003253,2022-10-18 12:32:14,synthetic-generator,203253,101255
303254,11822.91,2022-11-01 15:51:45,Synthetic payment record,AYA_PAY,PREMIUM,2022-11,3,,VERIFIED,11822.91,003254,2022-11-03 15:51:45,synthetic-generator,203254,101256
303255,46129.33,2022-12-21 03:45:05,Synthetic payment record,BANK_TRANSFER,PREMIUM,2022-12,4,,VERIFIED,46129.33,003255,2022-12-22 03:45:05,synthetic-generator,203255,101257
303256,22252.74,2023-01-21 10:24:28,Synthetic payment record,KBZ_PAY,PREMIUM,2023-01,5,,VERIFIED,22252.74,003256,2023-01-23 10:24:28,synthetic-generator,203256,101258
303257,10925.02,2023-02-19 12:54:32,Synthetic payment record,WAVE_PAY,PREMIUM,2023-02,6,,REJECTED,10925.02,003257,2023-02-20 12:54:32,,203257,101259
303258,5374.43,2023-03-12 06:23:38,Synthetic payment record,AYA_PAY,PREMIUM,2023-03,7,,REJECTED,5374.43,003258,2023-03-15 06:23:38,,203258,101260
303259,26558.31,2023-04-24 11:15:48,Synthetic payment record,BANK_TRANSFER,PREMIUM,2023-04,8,,VERIFIED,26558.31,003259,2023-04-25 11:15:48,synthetic-generator,203259,101261
303260,2646.10,2023-05-31 12:54:36,Synthetic payment record,KBZ_PAY,RENEWAL,2023-05,9,,VERIFIED,2646.10,003260,2023-06-03 12:54:36,synthetic-generator,203260,101262
303261,19809.74,2023-06-26 17:24:10,Synthetic payment record,WAVE_PAY,CLAIM_PAYOUT,2023-06,10,,VERIFIED,19809.74,003261,2023-06-29 17:24:10,synthetic-generator,203261,101263
303262,42467.55,2023-07-04 02:36:09,Synthetic payment record,AYA_PAY,PREMIUM,2023-07,11,,PENDING,42467.55,003262,2023-07-07 02:36:09,,203262,101264
303263,55879.22,2023-08-08 00:04:21,Synthetic payment record,BANK_TRANSFER,PREMIUM,2023-08,12,,REJECTED,55879.22,003263,2023-08-08 00:04:21,,203263,101265
303264,1793.12,2023-09-13 13:04:24,Synthetic payment record,KBZ_PAY,RENEWAL,2023-09,1,,VERIFIED,1793.12,003264,2023-09-13 13:04:24,synthetic-generator,203264,101266
303265,21271.76,2023-10-14 21:26:53,Synthetic payment record,WAVE_PAY,PREMIUM,2023-10,2,,VERIFIED,21271.76,003265,2023-10-15 21:26:53,synthetic-generator,203265,101267
303266,17132.17,2023-11-09 20:53:21,Synthetic payment record,AYA_PAY,CLAIM_PAYOUT,2023-11,3,,VERIFIED,17132.17,003266,2023-11-10 20:53:21,synthetic-generator,203266,101268
303267,46852.19,2023-12-16 06:21:42,Synthetic payment record,BANK_TRANSFER,PREMIUM,2023-12,4,,VERIFIED,46852.19,003267,2023-12-19 06:21:42,synthetic-generator,203267,101269
303268,23338.01,2024-01-22 23:29:26,Synthetic payment record,KBZ_PAY,PREMIUM,2024-01,5,,PENDING,23338.01,003268,2024-01-25 23:29:26,,203268,101270
303269,29246.11,2024-02-07 12:18:44,Synthetic payment record,WAVE_PAY,PREMIUM,2024-02,6,,VERIFIED,29246.11,003269,2024-02-10 12:18:44,synthetic-generator,203269,101271
303270,25182.80,2024-03-10 10:37:20,Synthetic payment record,AYA_PAY,PREMIUM,2024-03,7,,VERIFIED,25182.80,003270,2024-03-10 10:37:20,synthetic-generator,203270,101272
303271,33084.01,2024-04-14 21:36:08,Synthetic payment record,BANK_TRANSFER,PREMIUM,2024-04,8,,VERIFIED,33084.01,003271,2024-04-16 21:36:08,synthetic-generator,203271,101273
303272,16354.84,2024-05-21 16:05:19,Synthetic payment record,KBZ_PAY,PREMIUM,2024-05,9,,VERIFIED,16354.84,003272,2024-05-22 16:05:19,synthetic-generator,203272,101274
303273,39273.00,2024-06-15 10:44:38,Synthetic payment record,WAVE_PAY,PREMIUM,2024-06,10,,VERIFIED,39273.00,003273,2024-06-16 10:44:38,synthetic-generator,203273,101275
303274,20435.15,2024-07-27 08:52:00,Synthetic payment record,AYA_PAY,PREMIUM,2024-07,11,,VERIFIED,20435.15,003274,2024-07-30 08:52:00,synthetic-generator,203274,101276
303275,54038.31,2024-08-19 03:40:47,Synthetic payment record,BANK_TRANSFER,CLAIM_PAYOUT,2024-08,12,,PENDING,54038.31,003275,2024-08-20 03:40:47,,203275,101277
303276,12031.18,2024-09-08 22:00:02,Synthetic payment record,KBZ_PAY,PREMIUM,2024-09,1,,VERIFIED,12031.18,003276,2024-09-09 22:00:02,synthetic-generator,203276,101278
303277,14126.96,2024-10-14 13:04:04,Synthetic payment record,WAVE_PAY,PREMIUM,2024-10,2,,VERIFIED,14126.96,003277,2024-10-15 13:04:04,synthetic-generator,203277,101279
303278,38480.71,2024-11-11 17:46:12,Synthetic payment record,AYA_PAY,PREMIUM,2024-11,3,,PENDING,38480.71,003278,2024-11-14 17:46:12,,203278,101280
303279,19391.25,2024-12-13 08:10:38,Synthetic payment record,BANK_TRANSFER,PREMIUM,2024-12,4,,VERIFIED,19391.25,003279,2024-12-14 08:10:38,synthetic-generator,203279,101281
303280,4706.33,2025-01-04 10:03:26,Synthetic payment record,KBZ_PAY,RENEWAL,2025-01,5,,VERIFIED,4706.33,003280,2025-01-05 10:03:26,synthetic-generator,203280,101282
303281,36053.65,2025-02-28 01:19:30,Synthetic payment record,WAVE_PAY,RENEWAL,2025-02,6,,VERIFIED,36053.65,003281,2025-02-28 01:19:30,synthetic-generator,203281,101283
303282,20102.10,2025-03-30 10:25:40,Synthetic payment record,AYA_PAY,PREMIUM,2025-03,7,,VERIFIED,20102.10,003282,2025-03-31 10:25:40,synthetic-generator,203282,101284
303283,18807.77,2025-04-12 20:14:17,Synthetic payment record,BANK_TRANSFER,CLAIM_PAYOUT,2025-04,8,,VERIFIED,18807.77,003283,2025-04-12 20:14:17,synthetic-generator,203283,101285
303284,6332.57,2025-05-31 20:59:11,Synthetic payment record,KBZ_PAY,PREMIUM,2025-05,9,,VERIFIED,6332.57,003284,2025-05-31 20:59:11,synthetic-generator,203284,101286
303285,10454.80,2025-06-01 17:18:28,Synthetic payment record,WAVE_PAY,PREMIUM,2025-06,10,,VERIFIED,10454.80,003285,2025-06-02 17:18:28,synthetic-generator,203285,101287
303286,34036.96,2025-07-17 12:25:09,Synthetic payment record,AYA_PAY,RENEWAL,2025-07,11,,VERIFIED,34036.96,003286,2025-07-20 12:25:09,synthetic-generator,203286,101288
303287,51227.99,2025-08-28 16:33:07,Synthetic payment record,BANK_TRANSFER,PREMIUM,2025-08,12,,VERIFIED,51227.99,003287,2025-08-31 16:33:07,synthetic-generator,203287,101289
303288,2294.70,2025-09-01 03:30:36,Synthetic payment record,KBZ_PAY,PREMIUM,2025-09,1,,VERIFIED,2294.70,003288,2025-09-04 03:30:36,synthetic-generator,203288,101290
303289,18745.96,2025-10-26 16:47:41,Synthetic payment record,WAVE_PAY,PREMIUM,2025-10,2,,REJECTED,18745.96,003289,2025-10-26 16:47:41,,203289,101291
303290,16890.82,2025-11-20 10:17:49,Synthetic payment record,AYA_PAY,RENEWAL,2025-11,3,,VERIFIED,16890.82,003290,2025-11-20 10:17:49,synthetic-generator,203290,101292
303291,49936.27,2025-12-16 14:47:00,Synthetic payment record,BANK_TRANSFER,RENEWAL,2025-12,4,,VERIFIED,49936.27,003291,2025-12-18 14:47:00,synthetic-generator,203291,101293
303292,11981.71,2026-01-21 14:38:59,Synthetic payment record,KBZ_PAY,PREMIUM,2026-01,5,,VERIFIED,11981.71,003292,2026-01-21 14:38:59,synthetic-generator,203292,101294
303293,12755.97,2026-02-18 18:07:11,Synthetic payment record,WAVE_PAY,RENEWAL,2026-02,6,,PENDING,12755.97,003293,2026-02-20 18:07:11,,203293,101295
303294,24231.39,2026-03-04 07:28:22,Synthetic payment record,AYA_PAY,RENEWAL,2026-03,7,,VERIFIED,24231.39,003294,2026-03-06 07:28:22,synthetic-generator,203294,101296
303295,26841.41,2026-04-20 06:38:31,Synthetic payment record,BANK_TRANSFER,PREMIUM,2026-04,8,,VERIFIED,26841.41,003295,2026-04-21 06:38:31,synthetic-generator,203295,101297
303296,24307.87,2026-05-23 09:43:26,Synthetic payment record,KBZ_PAY,PREMIUM,2026-05,9,,PENDING,24307.87,003296,2026-05-25 09:43:26,,203296,101298
303297,32793.55,2026-06-03 01:09:32,Synthetic payment record,WAVE_PAY,RENEWAL,2026-06,10,,VERIFIED,32793.55,003297,2026-06-06 01:09:32,synthetic-generator,203297,101299
303298,30104.53,2026-07-25 13:54:32,Synthetic payment record,AYA_PAY,PREMIUM,2026-07,11,,VERIFIED,30104.53,003298,2026-07-25 13:54:32,synthetic-generator,203298,101300
303299,30639.38,2026-08-15 03:11:46,Synthetic payment record,BANK_TRANSFER,PREMIUM,2026-08,12,,REJECTED,30639.38,003299,2026-08-15 03:11:46,,203299,101301
303300,10563.61,2021-09-23 10:59:56,Synthetic payment record,KBZ_PAY,RENEWAL,2021-09,1,,VERIFIED,10563.61,003300,2021-09-25 10:59:56,synthetic-generator,203300,101302
303301,9787.47,2021-10-18 09:04:57,Synthetic payment record,WAVE_PAY,PREMIUM,2021-10,2,,PENDING,9787.47,003301,2021-10-19 09:04:57,,203301,101303
303302,22684.59,2021-11-11 11:02:36,Synthetic payment record,AYA_PAY,PREMIUM,2021-11,3,,VERIFIED,22684.59,003302,2021-11-12 11:02:36,synthetic-generator,203302,101304
303303,31279.38,2021-12-21 00:59:15,Synthetic payment record,BANK_TRANSFER,PREMIUM,2021-12,4,,VERIFIED,31279.38,003303,2021-12-22 00:59:15,synthetic-generator,203303,101305
303304,13371.67,2022-01-26 05:25:53,Synthetic payment record,KBZ_PAY,PREMIUM,2022-01,5,,VERIFIED,13371.67,003304,2022-01-29 05:25:53,synthetic-generator,203304,101306
303305,41836.77,2022-02-25 03:24:26,Synthetic payment record,WAVE_PAY,PREMIUM,2022-02,6,,VERIFIED,41836.77,003305,2022-02-28 03:24:26,synthetic-generator,203305,101307
303306,28290.76,2022-03-09 17:47:46,Synthetic payment record,AYA_PAY,PREMIUM,2022-03,7,,VERIFIED,28290.76,003306,2022-03-11 17:47:46,synthetic-generator,203306,101308
303307,28821.31,2022-04-07 10:30:03,Synthetic payment record,BANK_TRANSFER,CLAIM_PAYOUT,2022-04,8,,VERIFIED,28821.31,003307,2022-04-07 10:30:03,synthetic-generator,203307,101309
303308,3483.62,2022-05-04 12:14:12,Synthetic payment record,KBZ_PAY,CLAIM_PAYOUT,2022-05,9,,REJECTED,3483.62,003308,2022-05-04 12:14:12,,203308,101310
303309,27915.90,2022-06-15 06:01:21,Synthetic payment record,WAVE_PAY,RENEWAL,2022-06,10,,VERIFIED,27915.90,003309,2022-06-18 06:01:21,synthetic-generator,203309,101311
303310,47359.00,2022-07-10 18:09:49,Synthetic payment record,AYA_PAY,PREMIUM,2022-07,11,,VERIFIED,47359.00,003310,2022-07-12 18:09:49,synthetic-generator,203310,101312
303311,58411.78,2022-08-25 15:05:25,Synthetic payment record,BANK_TRANSFER,PREMIUM,2022-08,12,,VERIFIED,58411.78,003311,2022-08-26 15:05:25,synthetic-generator,203311,101313
303312,2117.67,2022-09-03 04:58:29,Synthetic payment record,KBZ_PAY,PREMIUM,2022-09,1,,VERIFIED,2117.67,003312,2022-09-05 04:58:29,synthetic-generator,203312,101314
303313,5684.07,2022-10-22 02:30:56,Synthetic payment record,WAVE_PAY,PREMIUM,2022-10,2,,VERIFIED,5684.07,003313,2022-10-25 02:30:56,synthetic-generator,203313,101315
303314,21035.08,2022-11-11 16:02:47,Synthetic payment record,AYA_PAY,PREMIUM,2022-11,3,,VERIFIED,21035.08,003314,2022-11-13 16:02:47,synthetic-generator,203314,101316
303315,33974.21,2022-12-02 01:53:00,Synthetic payment record,BANK_TRANSFER,PREMIUM,2022-12,4,,VERIFIED,33974.21,003315,2022-12-02 01:53:00,synthetic-generator,203315,101317
303316,9068.08,2023-01-20 12:03:31,Synthetic payment record,KBZ_PAY,PREMIUM,2023-01,5,,VERIFIED,9068.08,003316,2023-01-23 12:03:31,synthetic-generator,203316,101318
303317,33659.52,2023-02-12 22:10:39,Synthetic payment record,WAVE_PAY,PREMIUM,2023-02,6,,REJECTED,33659.52,003317,2023-02-13 22:10:39,,203317,101319
303318,19218.00,2023-03-04 10:11:09,Synthetic payment record,AYA_PAY,PREMIUM,2023-03,7,,VERIFIED,19218.00,003318,2023-03-05 10:11:09,synthetic-generator,203318,101320
303319,28898.94,2023-04-19 18:17:25,Synthetic payment record,BANK_TRANSFER,PREMIUM,2023-04,8,,VERIFIED,28898.94,003319,2023-04-19 18:17:25,synthetic-generator,203319,101321
303320,17690.22,2023-05-05 10:09:23,Synthetic payment record,KBZ_PAY,RENEWAL,2023-05,9,,VERIFIED,17690.22,003320,2023-05-05 10:09:23,synthetic-generator,203320,101322
303321,24617.37,2023-06-08 03:07:19,Synthetic payment record,WAVE_PAY,PREMIUM,2023-06,10,,VERIFIED,24617.37,003321,2023-06-10 03:07:19,synthetic-generator,203321,101323
303322,15884.44,2023-07-11 15:21:33,Synthetic payment record,AYA_PAY,PREMIUM,2023-07,11,,REJECTED,15884.44,003322,2023-07-12 15:21:33,,203322,101324
303323,15436.19,2023-08-14 11:12:36,Synthetic payment record,BANK_TRANSFER,PREMIUM,2023-08,12,,VERIFIED,15436.19,003323,2023-08-14 11:12:36,synthetic-generator,203323,101325
303324,9056.01,2023-09-04 20:40:16,Synthetic payment record,KBZ_PAY,PREMIUM,2023-09,1,,VERIFIED,9056.01,003324,2023-09-05 20:40:16,synthetic-generator,203324,101326
303325,15649.96,2023-10-23 00:23:39,Synthetic payment record,WAVE_PAY,PREMIUM,2023-10,2,,VERIFIED,15649.96,003325,2023-10-26 00:23:39,synthetic-generator,203325,101327
303326,33091.89,2023-11-08 15:45:12,Synthetic payment record,AYA_PAY,PREMIUM,2023-11,3,,VERIFIED,33091.89,003326,2023-11-11 15:45:12,synthetic-generator,203326,101328
303327,40169.09,2023-12-23 05:01:19,Synthetic payment record,BANK_TRANSFER,RENEWAL,2023-12,4,,VERIFIED,40169.09,003327,2023-12-23 05:01:19,synthetic-generator,203327,101329
303328,8065.26,2024-01-09 12:36:11,Synthetic payment record,KBZ_PAY,PREMIUM,2024-01,5,,VERIFIED,8065.26,003328,2024-01-10 12:36:11,synthetic-generator,203328,101330
303329,27016.11,2024-02-04 07:23:32,Synthetic payment record,WAVE_PAY,CLAIM_PAYOUT,2024-02,6,,VERIFIED,27016.11,003329,2024-02-05 07:23:32,synthetic-generator,203329,101331
303330,26043.02,2024-03-24 06:16:15,Synthetic payment record,AYA_PAY,PREMIUM,2024-03,7,,VERIFIED,26043.02,003330,2024-03-26 06:16:15,synthetic-generator,203330,101332
303331,20951.53,2024-04-28 10:07:31,Synthetic payment record,BANK_TRANSFER,CLAIM_PAYOUT,2024-04,8,,PENDING,20951.53,003331,2024-05-01 10:07:31,,203331,101333
303332,6673.63,2024-05-11 06:53:33,Synthetic payment record,KBZ_PAY,PREMIUM,2024-05,9,,PENDING,6673.63,003332,2024-05-11 06:53:33,,203332,101334
303333,11684.61,2024-06-09 20:45:02,Synthetic payment record,WAVE_PAY,PREMIUM,2024-06,10,,VERIFIED,11684.61,003333,2024-06-10 20:45:02,synthetic-generator,203333,101335
303334,6741.61,2024-07-04 14:28:46,Synthetic payment record,AYA_PAY,PREMIUM,2024-07,11,,VERIFIED,6741.61,003334,2024-07-04 14:28:46,synthetic-generator,203334,101336
303335,5917.02,2024-08-06 06:17:13,Synthetic payment record,BANK_TRANSFER,PREMIUM,2024-08,12,,VERIFIED,5917.02,003335,2024-08-07 06:17:13,synthetic-generator,203335,101337
303336,8884.87,2024-09-28 19:46:04,Synthetic payment record,KBZ_PAY,PREMIUM,2024-09,1,,VERIFIED,8884.87,003336,2024-09-29 19:46:04,synthetic-generator,203336,101338
303337,17399.61,2024-10-02 04:38:35,Synthetic payment record,WAVE_PAY,RENEWAL,2024-10,2,,VERIFIED,17399.61,003337,2024-10-03 04:38:35,synthetic-generator,203337,101339
303338,26303.80,2024-11-03 11:03:20,Synthetic payment record,AYA_PAY,CLAIM_PAYOUT,2024-11,3,,VERIFIED,26303.80,003338,2024-11-04 11:03:20,synthetic-generator,203338,101340
303339,57951.68,2024-12-02 02:28:21,Synthetic payment record,BANK_TRANSFER,PREMIUM,2024-12,4,,VERIFIED,57951.68,003339,2024-12-04 02:28:21,synthetic-generator,203339,101341
303340,10843.46,2025-01-11 14:23:10,Synthetic payment record,KBZ_PAY,PREMIUM,2025-01,5,,PENDING,10843.46,003340,2025-01-11 14:23:10,,203340,101342
303341,24613.26,2025-02-01 04:12:06,Synthetic payment record,WAVE_PAY,RENEWAL,2025-02,6,,VERIFIED,24613.26,003341,2025-02-01 04:12:06,synthetic-generator,203341,101343
303342,19014.45,2025-03-04 11:30:15,Synthetic payment record,AYA_PAY,PREMIUM,2025-03,7,,VERIFIED,19014.45,003342,2025-03-07 11:30:15,synthetic-generator,203342,101344
303343,35767.58,2025-04-29 00:13:44,Synthetic payment record,BANK_TRANSFER,PREMIUM,2025-04,8,,REJECTED,35767.58,003343,2025-05-01 00:13:44,,203343,101345
303344,6284.14,2025-05-14 17:18:24,Synthetic payment record,KBZ_PAY,RENEWAL,2025-05,9,,VERIFIED,6284.14,003344,2025-05-17 17:18:24,synthetic-generator,203344,101346
303345,20817.99,2025-06-03 11:37:08,Synthetic payment record,WAVE_PAY,CLAIM_PAYOUT,2025-06,10,,VERIFIED,20817.99,003345,2025-06-04 11:37:08,synthetic-generator,203345,101347
303346,40024.42,2025-07-10 04:04:03,Synthetic payment record,AYA_PAY,PREMIUM,2025-07,11,,VERIFIED,40024.42,003346,2025-07-10 04:04:03,synthetic-generator,203346,101348
303347,12843.14,2025-08-25 15:34:47,Synthetic payment record,BANK_TRANSFER,PREMIUM,2025-08,12,,PENDING,12843.14,003347,2025-08-28 15:34:47,,203347,101349
303348,1740.98,2025-09-05 21:35:37,Synthetic payment record,KBZ_PAY,PREMIUM,2025-09,1,,VERIFIED,1740.98,003348,2025-09-06 21:35:37,synthetic-generator,203348,101350
303349,25760.56,2025-10-25 15:26:13,Synthetic payment record,WAVE_PAY,RENEWAL,2025-10,2,,VERIFIED,25760.56,003349,2025-10-25 15:26:13,synthetic-generator,203349,101351
303350,38608.96,2025-11-19 16:02:25,Synthetic payment record,AYA_PAY,PREMIUM,2025-11,3,,VERIFIED,38608.96,003350,2025-11-19 16:02:25,synthetic-generator,203350,101352
303351,52230.31,2025-12-06 21:47:54,Synthetic payment record,BANK_TRANSFER,PREMIUM,2025-12,4,,PENDING,52230.31,003351,2025-12-07 21:47:54,,203351,101353
303352,18210.90,2026-01-03 00:32:41,Synthetic payment record,KBZ_PAY,PREMIUM,2026-01,5,,VERIFIED,18210.90,003352,2026-01-04 00:32:41,synthetic-generator,203352,101354
303353,10056.95,2026-02-07 19:47:21,Synthetic payment record,WAVE_PAY,PREMIUM,2026-02,6,,PENDING,10056.95,003353,2026-02-08 19:47:21,,203353,101355
303354,32699.16,2026-03-08 04:23:54,Synthetic payment record,AYA_PAY,PREMIUM,2026-03,7,,VERIFIED,32699.16,003354,2026-03-10 04:23:54,synthetic-generator,203354,101356
303355,52565.66,2026-04-22 19:27:42,Synthetic payment record,BANK_TRANSFER,RENEWAL,2026-04,8,,VERIFIED,52565.66,003355,2026-04-25 19:27:42,synthetic-generator,203355,101357
303356,18015.45,2026-05-11 08:54:52,Synthetic payment record,KBZ_PAY,PREMIUM,2026-05,9,,VERIFIED,18015.45,003356,2026-05-14 08:54:52,synthetic-generator,203356,101358
303357,16833.17,2026-06-12 09:24:07,Synthetic payment record,WAVE_PAY,PREMIUM,2026-06,10,,REJECTED,16833.17,003357,2026-06-12 09:24:07,,203357,101359
303358,39521.46,2026-07-22 03:09:20,Synthetic payment record,AYA_PAY,PREMIUM,2026-07,11,,VERIFIED,39521.46,003358,2026-07-22 03:09:20,synthetic-generator,203358,101360
303359,61651.48,2026-08-22 22:15:43,Synthetic payment record,BANK_TRANSFER,PREMIUM,2026-08,12,,PENDING,61651.48,003359,2026-08-22 22:15:43,,203359,101361
303360,3386.90,2021-09-02 10:12:19,Synthetic payment record,KBZ_PAY,RENEWAL,2021-09,1,,VERIFIED,3386.90,003360,2021-09-05 10:12:19,synthetic-generator,203360,101362
303361,5690.61,2021-10-05 22:50:37,Synthetic payment record,WAVE_PAY,RENEWAL,2021-10,2,,VERIFIED,5690.61,003361,2021-10-06 22:50:37,synthetic-generator,203361,101363
303362,22693.05,2021-11-11 20:23:40,Synthetic payment record,AYA_PAY,RENEWAL,2021-11,3,,VERIFIED,22693.05,003362,2021-11-11 20:23:40,synthetic-generator,203362,101364
303363,43375.02,2021-12-10 10:08:10,Synthetic payment record,BANK_TRANSFER,PREMIUM,2021-12,4,,VERIFIED,43375.02,003363,2021-12-12 10:08:10,synthetic-generator,203363,101365
303364,22731.19,2022-01-18 10:54:47,Synthetic payment record,KBZ_PAY,PREMIUM,2022-01,5,,VERIFIED,22731.19,003364,2022-01-20 10:54:47,synthetic-generator,203364,101366
303365,23781.98,2022-02-11 19:13:06,Synthetic payment record,WAVE_PAY,RENEWAL,2022-02,6,,VERIFIED,23781.98,003365,2022-02-13 19:13:06,synthetic-generator,203365,101367
303366,13281.11,2022-03-03 21:12:46,Synthetic payment record,AYA_PAY,PREMIUM,2022-03,7,,VERIFIED,13281.11,003366,2022-03-04 21:12:46,synthetic-generator,203366,101368
303367,20660.32,2022-04-06 00:44:57,Synthetic payment record,BANK_TRANSFER,RENEWAL,2022-04,8,,VERIFIED,20660.32,003367,2022-04-09 00:44:57,synthetic-generator,203367,101369
303368,7113.99,2022-05-01 21:18:19,Synthetic payment record,KBZ_PAY,RENEWAL,2022-05,9,,VERIFIED,7113.99,003368,2022-05-03 21:18:19,synthetic-generator,203368,101370
303369,12707.03,2022-06-27 07:56:18,Synthetic payment record,WAVE_PAY,PREMIUM,2022-06,10,,VERIFIED,12707.03,003369,2022-06-29 07:56:18,synthetic-generator,203369,101371
303370,27125.86,2022-07-15 19:23:56,Synthetic payment record,AYA_PAY,RENEWAL,2022-07,11,,VERIFIED,27125.86,003370,2022-07-18 19:23:56,synthetic-generator,203370,101372
303371,45017.18,2022-08-24 07:40:43,Synthetic payment record,BANK_TRANSFER,PREMIUM,2022-08,12,,VERIFIED,45017.18,003371,2022-08-24 07:40:43,synthetic-generator,203371,101373
303372,6036.08,2022-09-21 17:29:06,Synthetic payment record,KBZ_PAY,PREMIUM,2022-09,1,,VERIFIED,6036.08,003372,2022-09-23 17:29:06,synthetic-generator,203372,101374
303373,13633.76,2022-10-03 14:24:21,Synthetic payment record,WAVE_PAY,RENEWAL,2022-10,2,,VERIFIED,13633.76,003373,2022-10-03 14:24:21,synthetic-generator,203373,101375
303374,15513.25,2022-11-04 04:27:56,Synthetic payment record,AYA_PAY,PREMIUM,2022-11,3,,VERIFIED,15513.25,003374,2022-11-06 04:27:56,synthetic-generator,203374,101376
303375,17437.48,2022-12-06 10:41:34,Synthetic payment record,BANK_TRANSFER,PREMIUM,2022-12,4,,VERIFIED,17437.48,003375,2022-12-08 10:41:34,synthetic-generator,203375,101377
303376,19002.53,2023-01-24 01:26:26,Synthetic payment record,KBZ_PAY,PREMIUM,2023-01,5,,VERIFIED,19002.53,003376,2023-01-26 01:26:26,synthetic-generator,203376,101378
303377,11739.20,2023-02-28 03:03:49,Synthetic payment record,WAVE_PAY,CLAIM_PAYOUT,2023-02,6,,VERIFIED,11739.20,003377,2023-02-28 03:03:49,synthetic-generator,203377,101379
303378,23695.97,2023-03-31 07:45:49,Synthetic payment record,AYA_PAY,PREMIUM,2023-03,7,,VERIFIED,23695.97,003378,2023-04-03 07:45:49,synthetic-generator,203378,101380
303379,21908.37,2023-04-28 23:52:13,Synthetic payment record,BANK_TRANSFER,PREMIUM,2023-04,8,,VERIFIED,21908.37,003379,2023-04-30 23:52:13,synthetic-generator,203379,101381
303380,16688.22,2023-05-17 21:16:29,Synthetic payment record,KBZ_PAY,PREMIUM,2023-05,9,,VERIFIED,16688.22,003380,2023-05-20 21:16:29,synthetic-generator,203380,101382
303381,27828.39,2023-06-25 00:12:54,Synthetic payment record,WAVE_PAY,PREMIUM,2023-06,10,,VERIFIED,27828.39,003381,2023-06-25 00:12:54,synthetic-generator,203381,101383
303382,45559.34,2023-07-11 21:14:30,Synthetic payment record,AYA_PAY,PREMIUM,2023-07,11,,PENDING,45559.34,003382,2023-07-11 21:14:30,,203382,101384
303383,48395.98,2023-08-09 08:24:47,Synthetic payment record,BANK_TRANSFER,PREMIUM,2023-08,12,,VERIFIED,48395.98,003383,2023-08-11 08:24:47,synthetic-generator,203383,101385
303384,6147.54,2023-09-16 00:31:14,Synthetic payment record,KBZ_PAY,PREMIUM,2023-09,1,,PENDING,6147.54,003384,2023-09-16 00:31:14,,203384,101386
303385,20440.95,2023-10-25 17:24:03,Synthetic payment record,WAVE_PAY,PREMIUM,2023-10,2,,PENDING,20440.95,003385,2023-10-28 17:24:03,,203385,101387
303386,15057.93,2023-11-25 13:02:48,Synthetic payment record,AYA_PAY,PREMIUM,2023-11,3,,VERIFIED,15057.93,003386,2023-11-25 13:02:48,synthetic-generator,203386,101388
303387,42602.30,2023-12-14 04:55:59,Synthetic payment record,BANK_TRANSFER,PREMIUM,2023-12,4,,VERIFIED,42602.30,003387,2023-12-16 04:55:59,synthetic-generator,203387,101389
303388,24759.38,2024-01-21 09:41:07,Synthetic payment record,KBZ_PAY,PREMIUM,2024-01,5,,PENDING,24759.38,003388,2024-01-22 09:41:07,,203388,101390
303389,29545.68,2024-02-03 10:10:28,Synthetic payment record,WAVE_PAY,PREMIUM,2024-02,6,,VERIFIED,29545.68,003389,2024-02-05 10:10:28,synthetic-generator,203389,101391
303390,5798.11,2024-03-02 14:20:12,Synthetic payment record,AYA_PAY,PREMIUM,2024-03,7,,VERIFIED,5798.11,003390,2024-03-05 14:20:12,synthetic-generator,203390,101392
303391,25892.70,2024-04-06 10:23:34,Synthetic payment record,BANK_TRANSFER,PREMIUM,2024-04,8,,VERIFIED,25892.70,003391,2024-04-07 10:23:34,synthetic-generator,203391,101393
303392,21549.03,2024-05-26 03:41:49,Synthetic payment record,KBZ_PAY,CLAIM_PAYOUT,2024-05,9,,VERIFIED,21549.03,003392,2024-05-28 03:41:49,synthetic-generator,203392,101394
303393,32260.21,2024-06-19 04:10:57,Synthetic payment record,WAVE_PAY,PREMIUM,2024-06,10,,VERIFIED,32260.21,003393,2024-06-20 04:10:57,synthetic-generator,203393,101395
303394,40161.65,2024-07-31 09:26:53,Synthetic payment record,AYA_PAY,CLAIM_PAYOUT,2024-07,11,,VERIFIED,40161.65,003394,2024-07-31 09:26:53,synthetic-generator,203394,101396
303395,29639.59,2024-08-19 11:52:11,Synthetic payment record,BANK_TRANSFER,PREMIUM,2024-08,12,,VERIFIED,29639.59,003395,2024-08-21 11:52:11,synthetic-generator,203395,101397
303396,13005.38,2024-09-18 07:41:24,Synthetic payment record,KBZ_PAY,PREMIUM,2024-09,1,,VERIFIED,13005.38,003396,2024-09-19 07:41:24,synthetic-generator,203396,101398
303397,15920.91,2024-10-09 00:22:38,Synthetic payment record,WAVE_PAY,PREMIUM,2024-10,2,,REJECTED,15920.91,003397,2024-10-09 00:22:38,,203397,101399
303398,6836.71,2024-11-13 08:13:24,Synthetic payment record,AYA_PAY,PREMIUM,2024-11,3,,VERIFIED,6836.71,003398,2024-11-15 08:13:24,synthetic-generator,203398,101400
303399,21850.45,2024-12-31 20:56:35,Synthetic payment record,BANK_TRANSFER,RENEWAL,2024-12,4,,VERIFIED,21850.45,003399,2025-01-02 20:56:35,synthetic-generator,203399,101401
303400,3005.50,2025-01-08 11:14:56,Synthetic payment record,KBZ_PAY,PREMIUM,2025-01,5,,PENDING,3005.50,003400,2025-01-08 11:14:56,,203400,101402
303401,24847.17,2025-02-25 00:13:12,Synthetic payment record,WAVE_PAY,PREMIUM,2025-02,6,,VERIFIED,24847.17,003401,2025-02-28 00:13:12,synthetic-generator,203401,101403
303402,24193.08,2025-03-27 05:19:53,Synthetic payment record,AYA_PAY,PREMIUM,2025-03,7,,VERIFIED,24193.08,003402,2025-03-28 05:19:53,synthetic-generator,203402,101404
303403,19843.10,2025-04-14 22:21:34,Synthetic payment record,BANK_TRANSFER,PREMIUM,2025-04,8,,VERIFIED,19843.10,003403,2025-04-15 22:21:34,synthetic-generator,203403,101405
303404,12221.25,2025-05-23 08:59:14,Synthetic payment record,KBZ_PAY,PREMIUM,2025-05,9,,REJECTED,12221.25,003404,2025-05-25 08:59:14,,203404,101406
303405,11069.81,2025-06-16 05:25:38,Synthetic payment record,WAVE_PAY,PREMIUM,2025-06,10,,VERIFIED,11069.81,003405,2025-06-16 05:25:38,synthetic-generator,203405,101407
303406,28746.31,2025-07-21 08:20:01,Synthetic payment record,AYA_PAY,RENEWAL,2025-07,11,,VERIFIED,28746.31,003406,2025-07-23 08:20:01,synthetic-generator,203406,101408
303407,72962.77,2025-08-24 01:27:54,Synthetic payment record,BANK_TRANSFER,PREMIUM,2025-08,12,,VERIFIED,72962.77,003407,2025-08-27 01:27:54,synthetic-generator,203407,101409
303408,11466.58,2025-09-06 02:03:58,Synthetic payment record,KBZ_PAY,PREMIUM,2025-09,1,,VERIFIED,11466.58,003408,2025-09-08 02:03:58,synthetic-generator,203408,101410
303409,9648.36,2025-10-24 23:05:07,Synthetic payment record,WAVE_PAY,PREMIUM,2025-10,2,,VERIFIED,9648.36,003409,2025-10-26 23:05:07,synthetic-generator,203409,101411
303410,22018.99,2025-11-06 02:50:31,Synthetic payment record,AYA_PAY,PREMIUM,2025-11,3,,PENDING,22018.99,003410,2025-11-08 02:50:31,,203410,101412
303411,20956.40,2025-12-27 17:41:12,Synthetic payment record,BANK_TRANSFER,PREMIUM,2025-12,4,,VERIFIED,20956.40,003411,2025-12-29 17:41:12,synthetic-generator,203411,101413
303412,10064.49,2026-01-20 17:59:25,Synthetic payment record,KBZ_PAY,PREMIUM,2026-01,5,,VERIFIED,10064.49,003412,2026-01-20 17:59:25,synthetic-generator,203412,101414
303413,19728.11,2026-02-06 09:35:21,Synthetic payment record,WAVE_PAY,PREMIUM,2026-02,6,,VERIFIED,19728.11,003413,2026-02-08 09:35:21,synthetic-generator,203413,101415
303414,14850.95,2026-03-17 18:06:42,Synthetic payment record,AYA_PAY,PREMIUM,2026-03,7,,VERIFIED,14850.95,003414,2026-03-18 18:06:42,synthetic-generator,203414,101416
303415,6048.96,2026-04-19 17:47:43,Synthetic payment record,BANK_TRANSFER,PREMIUM,2026-04,8,,PENDING,6048.96,003415,2026-04-21 17:47:43,,203415,101417
303416,16833.68,2026-05-24 14:12:08,Synthetic payment record,KBZ_PAY,PREMIUM,2026-05,9,,VERIFIED,16833.68,003416,2026-05-27 14:12:08,synthetic-generator,203416,101418
303417,48490.94,2026-06-24 23:28:13,Synthetic payment record,WAVE_PAY,PREMIUM,2026-06,10,,VERIFIED,48490.94,003417,2026-06-27 23:28:13,synthetic-generator,203417,101419
303418,25326.01,2026-07-24 02:31:46,Synthetic payment record,AYA_PAY,PREMIUM,2026-07,11,,VERIFIED,25326.01,003418,2026-07-27 02:31:46,synthetic-generator,203418,101420
303419,62914.27,2026-08-05 01:19:32,Synthetic payment record,BANK_TRANSFER,RENEWAL,2026-08,12,,VERIFIED,62914.27,003419,2026-08-08 01:19:32,synthetic-generator,203419,101421
303420,1000.00,2021-09-05 06:33:27,Synthetic payment record,KBZ_PAY,RENEWAL,2021-09,1,,VERIFIED,1000.00,003420,2021-09-05 06:33:27,synthetic-generator,203420,101422
303421,3365.98,2021-10-03 02:58:31,Synthetic payment record,WAVE_PAY,PREMIUM,2021-10,2,,VERIFIED,3365.98,003421,2021-10-04 02:58:31,synthetic-generator,203421,101423
303422,5847.53,2021-11-02 02:20:10,Synthetic payment record,AYA_PAY,PREMIUM,2021-11,3,,VERIFIED,5847.53,003422,2021-11-04 02:20:10,synthetic-generator,203422,101424
303423,14398.72,2021-12-08 10:32:29,Synthetic payment record,BANK_TRANSFER,PREMIUM,2021-12,4,,VERIFIED,14398.72,003423,2021-12-10 10:32:29,synthetic-generator,203423,101425
303424,15111.63,2022-01-25 11:21:28,Synthetic payment record,KBZ_PAY,PREMIUM,2022-01,5,,VERIFIED,15111.63,003424,2022-01-27 11:21:28,synthetic-generator,203424,101426
303425,32246.42,2022-02-03 06:22:27,Synthetic payment record,WAVE_PAY,PREMIUM,2022-02,6,,REJECTED,32246.42,003425,2022-02-06 06:22:27,,203425,101427
303426,15641.97,2022-03-03 06:11:08,Synthetic payment record,AYA_PAY,PREMIUM,2022-03,7,,VERIFIED,15641.97,003426,2022-03-06 06:11:08,synthetic-generator,203426,101428
303427,30931.39,2022-04-17 21:51:39,Synthetic payment record,BANK_TRANSFER,PREMIUM,2022-04,8,,VERIFIED,30931.39,003427,2022-04-19 21:51:39,synthetic-generator,203427,101429
303428,12220.55,2022-05-13 20:17:06,Synthetic payment record,KBZ_PAY,PREMIUM,2022-05,9,,VERIFIED,12220.55,003428,2022-05-13 20:17:06,synthetic-generator,203428,101430
303429,23142.48,2022-06-03 09:19:16,Synthetic payment record,WAVE_PAY,PREMIUM,2022-06,10,,VERIFIED,23142.48,003429,2022-06-05 09:19:16,synthetic-generator,203429,101431
303430,44085.30,2022-07-16 08:01:37,Synthetic payment record,AYA_PAY,PREMIUM,2022-07,11,,VERIFIED,44085.30,003430,2022-07-16 08:01:37,synthetic-generator,203430,101432
303431,16039.80,2022-08-30 23:28:35,Synthetic payment record,BANK_TRANSFER,PREMIUM,2022-08,12,,VERIFIED,16039.80,003431,2022-09-02 23:28:35,synthetic-generator,203431,101433
303432,4461.09,2022-09-28 03:30:13,Synthetic payment record,KBZ_PAY,PREMIUM,2022-09,1,,VERIFIED,4461.09,003432,2022-09-30 03:30:13,synthetic-generator,203432,101434
303433,9215.37,2022-10-07 18:12:20,Synthetic payment record,WAVE_PAY,PREMIUM,2022-10,2,,VERIFIED,9215.37,003433,2022-10-10 18:12:20,synthetic-generator,203433,101435
303434,27759.53,2022-11-20 11:59:02,Synthetic payment record,AYA_PAY,PREMIUM,2022-11,3,,VERIFIED,27759.53,003434,2022-11-22 11:59:02,synthetic-generator,203434,101436
303435,34745.10,2022-12-14 21:16:45,Synthetic payment record,BANK_TRANSFER,PREMIUM,2022-12,4,,VERIFIED,34745.10,003435,2022-12-14 21:16:45,synthetic-generator,203435,101437
303436,7591.14,2023-01-24 22:23:12,Synthetic payment record,KBZ_PAY,RENEWAL,2023-01,5,,VERIFIED,7591.14,003436,2023-01-25 22:23:12,synthetic-generator,203436,101438
303437,8164.22,2023-02-23 05:24:07,Synthetic payment record,WAVE_PAY,PREMIUM,2023-02,6,,VERIFIED,8164.22,003437,2023-02-23 05:24:07,synthetic-generator,203437,101439
303438,22106.23,2023-03-23 14:12:31,Synthetic payment record,AYA_PAY,PREMIUM,2023-03,7,,VERIFIED,22106.23,003438,2023-03-23 14:12:31,synthetic-generator,203438,101440
303439,44437.07,2023-04-21 15:08:45,Synthetic payment record,BANK_TRANSFER,RENEWAL,2023-04,8,,VERIFIED,44437.07,003439,2023-04-21 15:08:45,synthetic-generator,203439,101441
303440,3031.67,2023-05-13 01:04:53,Synthetic payment record,KBZ_PAY,PREMIUM,2023-05,9,,PENDING,3031.67,003440,2023-05-15 01:04:53,,203440,101442
303441,28204.34,2023-06-24 13:35:35,Synthetic payment record,WAVE_PAY,PREMIUM,2023-06,10,,PENDING,28204.34,003441,2023-06-24 13:35:35,,203441,101443
303442,8577.87,2023-07-27 05:34:13,Synthetic payment record,AYA_PAY,PREMIUM,2023-07,11,,VERIFIED,8577.87,003442,2023-07-29 05:34:13,synthetic-generator,203442,101444
303443,58897.49,2023-08-11 12:53:36,Synthetic payment record,BANK_TRANSFER,PREMIUM,2023-08,12,,VERIFIED,58897.49,003443,2023-08-13 12:53:36,synthetic-generator,203443,101445
303444,5328.13,2023-09-12 22:43:56,Synthetic payment record,KBZ_PAY,RENEWAL,2023-09,1,,VERIFIED,5328.13,003444,2023-09-13 22:43:56,synthetic-generator,203444,101446
303445,8518.35,2023-10-11 19:20:46,Synthetic payment record,WAVE_PAY,PREMIUM,2023-10,2,,VERIFIED,8518.35,003445,2023-10-12 19:20:46,synthetic-generator,203445,101447
303446,37278.83,2023-11-27 12:26:39,Synthetic payment record,AYA_PAY,PREMIUM,2023-11,3,,VERIFIED,37278.83,003446,2023-11-29 12:26:39,synthetic-generator,203446,101448
303447,10667.16,2023-12-28 03:11:37,Synthetic payment record,BANK_TRANSFER,RENEWAL,2023-12,4,,VERIFIED,10667.16,003447,2023-12-31 03:11:37,synthetic-generator,203447,101449
303448,22630.10,2024-01-26 01:40:09,Synthetic payment record,KBZ_PAY,RENEWAL,2024-01,5,,VERIFIED,22630.10,003448,2024-01-26 01:40:09,synthetic-generator,203448,101450
303449,27853.91,2024-02-09 13:25:19,Synthetic payment record,WAVE_PAY,PREMIUM,2024-02,6,,VERIFIED,27853.91,003449,2024-02-11 13:25:19,synthetic-generator,203449,101451
303450,29781.67,2024-03-27 02:01:52,Synthetic payment record,AYA_PAY,PREMIUM,2024-03,7,,VERIFIED,29781.67,003450,2024-03-27 02:01:52,synthetic-generator,203450,101452
303451,41074.15,2024-04-09 09:10:53,Synthetic payment record,BANK_TRANSFER,PREMIUM,2024-04,8,,VERIFIED,41074.15,003451,2024-04-12 09:10:53,synthetic-generator,203451,101453
303452,12598.18,2024-05-04 03:46:56,Synthetic payment record,KBZ_PAY,PREMIUM,2024-05,9,,VERIFIED,12598.18,003452,2024-05-06 03:46:56,synthetic-generator,203452,101454
303453,3569.80,2024-06-25 13:21:11,Synthetic payment record,WAVE_PAY,PREMIUM,2024-06,10,,VERIFIED,3569.80,003453,2024-06-25 13:21:11,synthetic-generator,203453,101455
303454,39952.50,2024-07-11 17:31:40,Synthetic payment record,AYA_PAY,PREMIUM,2024-07,11,,VERIFIED,39952.50,003454,2024-07-12 17:31:40,synthetic-generator,203454,101456
303455,32278.85,2024-08-11 19:53:08,Synthetic payment record,BANK_TRANSFER,PREMIUM,2024-08,12,,VERIFIED,32278.85,003455,2024-08-13 19:53:08,synthetic-generator,203455,101457
303456,2365.53,2024-09-28 19:25:00,Synthetic payment record,KBZ_PAY,PREMIUM,2024-09,1,,VERIFIED,2365.53,003456,2024-09-28 19:25:00,synthetic-generator,203456,101458
303457,18637.32,2024-10-06 14:26:10,Synthetic payment record,WAVE_PAY,PREMIUM,2024-10,2,,VERIFIED,18637.32,003457,2024-10-08 14:26:10,synthetic-generator,203457,101459
303458,23962.60,2024-11-24 00:22:06,Synthetic payment record,AYA_PAY,PREMIUM,2024-11,3,,VERIFIED,23962.60,003458,2024-11-26 00:22:06,synthetic-generator,203458,101460
303459,37207.30,2024-12-03 18:10:22,Synthetic payment record,BANK_TRANSFER,PREMIUM,2024-12,4,,VERIFIED,37207.30,003459,2024-12-05 18:10:22,synthetic-generator,203459,101461
303460,30365.11,2025-01-31 06:27:48,Synthetic payment record,KBZ_PAY,PREMIUM,2025-01,5,,VERIFIED,30365.11,003460,2025-02-03 06:27:48,synthetic-generator,203460,101462
303461,29530.11,2025-02-27 06:50:21,Synthetic payment record,WAVE_PAY,PREMIUM,2025-02,6,,VERIFIED,29530.11,003461,2025-03-01 06:50:21,synthetic-generator,203461,101463
303462,4766.94,2025-03-16 18:22:58,Synthetic payment record,AYA_PAY,RENEWAL,2025-03,7,,VERIFIED,4766.94,003462,2025-03-18 18:22:58,synthetic-generator,203462,101464
303463,43928.91,2025-04-14 11:43:35,Synthetic payment record,BANK_TRANSFER,PREMIUM,2025-04,8,,VERIFIED,43928.91,003463,2025-04-16 11:43:35,synthetic-generator,203463,101465
303464,17511.38,2025-05-27 06:47:17,Synthetic payment record,KBZ_PAY,PREMIUM,2025-05,9,,VERIFIED,17511.38,003464,2025-05-27 06:47:17,synthetic-generator,203464,101466
303465,3485.39,2025-06-22 16:20:41,Synthetic payment record,WAVE_PAY,PREMIUM,2025-06,10,,VERIFIED,3485.39,003465,2025-06-25 16:20:41,synthetic-generator,203465,101467
303466,32671.20,2025-07-19 12:50:50,Synthetic payment record,AYA_PAY,PREMIUM,2025-07,11,,VERIFIED,32671.20,003466,2025-07-22 12:50:50,synthetic-generator,203466,101468
303467,36147.61,2025-08-23 18:50:55,Synthetic payment record,BANK_TRANSFER,RENEWAL,2025-08,12,,PENDING,36147.61,003467,2025-08-25 18:50:55,,203467,101469
303468,11572.03,2025-09-06 14:03:05,Synthetic payment record,KBZ_PAY,PREMIUM,2025-09,1,,VERIFIED,11572.03,003468,2025-09-09 14:03:05,synthetic-generator,203468,101470
303469,15601.67,2025-10-20 11:50:59,Synthetic payment record,WAVE_PAY,PREMIUM,2025-10,2,,PENDING,15601.67,003469,2025-10-21 11:50:59,,203469,101471
303470,34340.67,2025-11-09 04:48:22,Synthetic payment record,AYA_PAY,CLAIM_PAYOUT,2025-11,3,,VERIFIED,34340.67,003470,2025-11-12 04:48:22,synthetic-generator,203470,101472
303471,12717.47,2025-12-15 07:03:28,Synthetic payment record,BANK_TRANSFER,RENEWAL,2025-12,4,,REJECTED,12717.47,003471,2025-12-15 07:03:28,,203471,101473
303472,14048.31,2026-01-26 01:35:11,Synthetic payment record,KBZ_PAY,CLAIM_PAYOUT,2026-01,5,,VERIFIED,14048.31,003472,2026-01-29 01:35:11,synthetic-generator,203472,101474
303473,38072.42,2026-02-28 18:59:06,Synthetic payment record,WAVE_PAY,PREMIUM,2026-02,6,,PENDING,38072.42,003473,2026-02-28 18:59:06,,203473,101475
303474,35612.22,2026-03-24 20:38:10,Synthetic payment record,AYA_PAY,PREMIUM,2026-03,7,,VERIFIED,35612.22,003474,2026-03-27 20:38:10,synthetic-generator,203474,101476
303475,37942.61,2026-04-12 17:21:36,Synthetic payment record,BANK_TRANSFER,RENEWAL,2026-04,8,,VERIFIED,37942.61,003475,2026-04-14 17:21:36,synthetic-generator,203475,101477
303476,6269.67,2026-05-10 00:32:51,Synthetic payment record,KBZ_PAY,PREMIUM,2026-05,9,,VERIFIED,6269.67,003476,2026-05-10 00:32:51,synthetic-generator,203476,101478
303477,29145.03,2026-06-07 15:32:00,Synthetic payment record,WAVE_PAY,CLAIM_PAYOUT,2026-06,10,,PENDING,29145.03,003477,2026-06-09 15:32:00,,203477,101479
303478,14549.65,2026-07-13 17:17:54,Synthetic payment record,AYA_PAY,PREMIUM,2026-07,11,,VERIFIED,14549.65,003478,2026-07-16 17:17:54,synthetic-generator,203478,101480
303479,60820.53,2026-08-28 05:25:08,Synthetic payment record,BANK_TRANSFER,PREMIUM,2026-08,12,,VERIFIED,60820.53,003479,2026-08-31 05:25:08,synthetic-generator,203479,101481
303480,5916.05,2021-09-15 05:38:32,Synthetic payment record,KBZ_PAY,PREMIUM,2021-09,1,,VERIFIED,5916.05,003480,2021-09-15 05:38:32,synthetic-generator,203480,101482
303481,5594.81,2021-10-28 20:24:26,Synthetic payment record,WAVE_PAY,PREMIUM,2021-10,2,,VERIFIED,5594.81,003481,2021-10-29 20:24:26,synthetic-generator,203481,101483
303482,13881.26,2021-11-15 15:02:59,Synthetic payment record,AYA_PAY,RENEWAL,2021-11,3,,VERIFIED,13881.26,003482,2021-11-17 15:02:59,synthetic-generator,203482,101484
303483,28597.15,2021-12-18 16:41:45,Synthetic payment record,BANK_TRANSFER,PREMIUM,2021-12,4,,VERIFIED,28597.15,003483,2021-12-18 16:41:45,synthetic-generator,203483,101485
303484,19571.20,2022-01-14 06:55:16,Synthetic payment record,KBZ_PAY,PREMIUM,2022-01,5,,VERIFIED,19571.20,003484,2022-01-16 06:55:16,synthetic-generator,203484,101486
303485,28117.72,2022-02-22 03:38:32,Synthetic payment record,WAVE_PAY,PREMIUM,2022-02,6,,PENDING,28117.72,003485,2022-02-23 03:38:32,,203485,101487
303486,13374.23,2022-03-27 05:30:01,Synthetic payment record,AYA_PAY,PREMIUM,2022-03,7,,PENDING,13374.23,003486,2022-03-28 05:30:01,,203486,101488
303487,5392.65,2022-04-27 06:00:20,Synthetic payment record,BANK_TRANSFER,RENEWAL,2022-04,8,,REJECTED,5392.65,003487,2022-04-28 06:00:20,,203487,101489
303488,20320.57,2022-05-07 21:07:49,Synthetic payment record,KBZ_PAY,CLAIM_PAYOUT,2022-05,9,,VERIFIED,20320.57,003488,2022-05-08 21:07:49,synthetic-generator,203488,101490
303489,10349.65,2022-06-29 22:51:27,Synthetic payment record,WAVE_PAY,PREMIUM,2022-06,10,,VERIFIED,10349.65,003489,2022-07-02 22:51:27,synthetic-generator,203489,101491
303490,11159.25,2022-07-13 18:21:07,Synthetic payment record,AYA_PAY,PREMIUM,2022-07,11,,VERIFIED,11159.25,003490,2022-07-15 18:21:07,synthetic-generator,203490,101492
303491,41331.84,2022-08-29 23:55:37,Synthetic payment record,BANK_TRANSFER,PREMIUM,2022-08,12,,VERIFIED,41331.84,003491,2022-08-31 23:55:37,synthetic-generator,203491,101493
303492,5565.10,2022-09-21 06:21:36,Synthetic payment record,KBZ_PAY,PREMIUM,2022-09,1,,REJECTED,5565.10,003492,2022-09-24 06:21:36,,203492,101494
303493,21540.65,2022-10-24 09:03:22,Synthetic payment record,WAVE_PAY,RENEWAL,2022-10,2,,VERIFIED,21540.65,003493,2022-10-24 09:03:22,synthetic-generator,203493,101495
303494,15838.76,2022-11-18 01:34:54,Synthetic payment record,AYA_PAY,PREMIUM,2022-11,3,,VERIFIED,15838.76,003494,2022-11-19 01:34:54,synthetic-generator,203494,101496
303495,9453.15,2022-12-27 01:04:04,Synthetic payment record,BANK_TRANSFER,PREMIUM,2022-12,4,,PENDING,9453.15,003495,2022-12-29 01:04:04,,203495,101497
303496,19376.30,2023-01-27 18:59:58,Synthetic payment record,KBZ_PAY,RENEWAL,2023-01,5,,PENDING,19376.30,003496,2023-01-28 18:59:58,,203496,101498
303497,25966.56,2023-02-21 19:57:30,Synthetic payment record,WAVE_PAY,PREMIUM,2023-02,6,,VERIFIED,25966.56,003497,2023-02-21 19:57:30,synthetic-generator,203497,101499
303498,28540.18,2023-03-20 03:50:12,Synthetic payment record,AYA_PAY,PREMIUM,2023-03,7,,REJECTED,28540.18,003498,2023-03-20 03:50:12,,203498,101500
303499,38245.95,2023-04-24 21:38:54,Synthetic payment record,BANK_TRANSFER,PREMIUM,2023-04,8,,VERIFIED,38245.95,003499,2023-04-26 21:38:54,synthetic-generator,203499,101501
303500,9314.50,2023-05-14 14:25:20,Synthetic payment record,KBZ_PAY,CLAIM_PAYOUT,2023-05,9,,VERIFIED,9314.50,003500,2023-05-17 14:25:20,synthetic-generator,200000,100251
303501,5984.33,2023-06-09 04:12:16,Synthetic payment record,WAVE_PAY,PREMIUM,2023-06,10,,VERIFIED,5984.33,003501,2023-06-11 04:12:16,synthetic-generator,200001,100252
303502,16029.69,2023-07-05 16:35:29,Synthetic payment record,AYA_PAY,PREMIUM,2023-07,11,,VERIFIED,16029.69,003502,2023-07-05 16:35:29,synthetic-generator,200002,100253
303503,49878.48,2023-08-26 17:43:01,Synthetic payment record,BANK_TRANSFER,PREMIUM,2023-08,12,,VERIFIED,49878.48,003503,2023-08-26 17:43:01,synthetic-generator,200003,100254
303504,23718.48,2023-09-16 07:36:08,Synthetic payment record,KBZ_PAY,PREMIUM,2023-09,1,,VERIFIED,23718.48,003504,2023-09-18 07:36:08,synthetic-generator,200004,100255
303505,3513.66,2023-10-11 05:42:16,Synthetic payment record,WAVE_PAY,RENEWAL,2023-10,2,,VERIFIED,3513.66,003505,2023-10-12 05:42:16,synthetic-generator,200005,100256
303506,7286.53,2023-11-20 22:01:37,Synthetic payment record,AYA_PAY,PREMIUM,2023-11,3,,VERIFIED,7286.53,003506,2023-11-23 22:01:37,synthetic-generator,200006,100257
303507,10241.30,2023-12-07 18:43:26,Synthetic payment record,BANK_TRANSFER,PREMIUM,2023-12,4,,VERIFIED,10241.30,003507,2023-12-07 18:43:26,synthetic-generator,200007,100258
303508,5962.07,2024-01-17 22:17:36,Synthetic payment record,KBZ_PAY,PREMIUM,2024-01,5,,VERIFIED,5962.07,003508,2024-01-17 22:17:36,synthetic-generator,200008,100259
303509,28983.13,2024-02-02 18:51:51,Synthetic payment record,WAVE_PAY,PREMIUM,2024-02,6,,VERIFIED,28983.13,003509,2024-02-02 18:51:51,synthetic-generator,200009,100260
303510,37639.29,2024-03-26 03:47:48,Synthetic payment record,AYA_PAY,PREMIUM,2024-03,7,,VERIFIED,37639.29,003510,2024-03-27 03:47:48,synthetic-generator,200010,100261
303511,28618.51,2024-04-17 08:36:57,Synthetic payment record,BANK_TRANSFER,PREMIUM,2024-04,8,,VERIFIED,28618.51,003511,2024-04-20 08:36:57,synthetic-generator,200011,100262
303512,1318.65,2024-05-14 12:22:50,Synthetic payment record,KBZ_PAY,PREMIUM,2024-05,9,,VERIFIED,1318.65,003512,2024-05-17 12:22:50,synthetic-generator,200012,100263
303513,21727.95,2024-06-20 04:52:11,Synthetic payment record,WAVE_PAY,RENEWAL,2024-06,10,,VERIFIED,21727.95,003513,2024-06-20 04:52:11,synthetic-generator,200013,100264
303514,11732.00,2024-07-07 04:29:32,Synthetic payment record,AYA_PAY,PREMIUM,2024-07,11,,REJECTED,11732.00,003514,2024-07-09 04:29:32,,200014,100265
303515,45077.01,2024-08-10 05:18:16,Synthetic payment record,BANK_TRANSFER,PREMIUM,2024-08,12,,REJECTED,45077.01,003515,2024-08-13 05:18:16,,200015,100266
303516,13319.04,2024-09-16 08:34:29,Synthetic payment record,KBZ_PAY,PREMIUM,2024-09,1,,VERIFIED,13319.04,003516,2024-09-19 08:34:29,synthetic-generator,200016,100267
303517,21653.53,2024-10-11 08:06:32,Synthetic payment record,WAVE_PAY,RENEWAL,2024-10,2,,VERIFIED,21653.53,003517,2024-10-11 08:06:32,synthetic-generator,200017,100268
303518,23054.16,2024-11-17 06:12:10,Synthetic payment record,AYA_PAY,RENEWAL,2024-11,3,,VERIFIED,23054.16,003518,2024-11-17 06:12:10,synthetic-generator,200018,100269
303519,37011.49,2024-12-07 04:20:23,Synthetic payment record,BANK_TRANSFER,PREMIUM,2024-12,4,,VERIFIED,37011.49,003519,2024-12-09 04:20:23,synthetic-generator,200019,100270
303520,12924.21,2025-01-27 09:42:08,Synthetic payment record,KBZ_PAY,RENEWAL,2025-01,5,,VERIFIED,12924.21,003520,2025-01-30 09:42:08,synthetic-generator,200020,100271
303521,19629.15,2025-02-11 07:34:59,Synthetic payment record,WAVE_PAY,PREMIUM,2025-02,6,,VERIFIED,19629.15,003521,2025-02-14 07:34:59,synthetic-generator,200021,100272
303522,35223.47,2025-03-04 18:12:06,Synthetic payment record,AYA_PAY,PREMIUM,2025-03,7,,VERIFIED,35223.47,003522,2025-03-05 18:12:06,synthetic-generator,200022,100273
303523,9574.99,2025-04-27 22:05:16,Synthetic payment record,BANK_TRANSFER,PREMIUM,2025-04,8,,REJECTED,9574.99,003523,2025-04-28 22:05:16,,200023,100274
303524,9143.08,2025-05-08 10:32:39,Synthetic payment record,KBZ_PAY,PREMIUM,2025-05,9,,VERIFIED,9143.08,003524,2025-05-10 10:32:39,synthetic-generator,200024,100275
303525,8936.43,2025-06-18 20:50:36,Synthetic payment record,WAVE_PAY,PREMIUM,2025-06,10,,REJECTED,8936.43,003525,2025-06-19 20:50:36,,200025,100276
303526,31757.70,2025-07-23 01:09:08,Synthetic payment record,AYA_PAY,PREMIUM,2025-07,11,,VERIFIED,31757.70,003526,2025-07-23 01:09:08,synthetic-generator,200026,100277
303527,49794.50,2025-08-26 16:35:59,Synthetic payment record,BANK_TRANSFER,PREMIUM,2025-08,12,,VERIFIED,49794.50,003527,2025-08-29 16:35:59,synthetic-generator,200027,100278
303528,7575.79,2025-09-20 10:21:03,Synthetic payment record,KBZ_PAY,PREMIUM,2025-09,1,,VERIFIED,7575.79,003528,2025-09-21 10:21:03,synthetic-generator,200028,100279
303529,19385.08,2025-10-24 11:36:18,Synthetic payment record,WAVE_PAY,PREMIUM,2025-10,2,,VERIFIED,19385.08,003529,2025-10-27 11:36:18,synthetic-generator,200029,100280
303530,6141.25,2025-11-21 01:19:45,Synthetic payment record,AYA_PAY,PREMIUM,2025-11,3,,VERIFIED,6141.25,003530,2025-11-24 01:19:45,synthetic-generator,200030,100281
303531,27924.66,2025-12-05 06:29:41,Synthetic payment record,BANK_TRANSFER,CLAIM_PAYOUT,2025-12,4,,VERIFIED,27924.66,003531,2025-12-08 06:29:41,synthetic-generator,200031,100282
303532,20634.73,2026-01-28 22:01:34,Synthetic payment record,KBZ_PAY,PREMIUM,2026-01,5,,VERIFIED,20634.73,003532,2026-01-28 22:01:34,synthetic-generator,200032,100283
303533,30437.40,2026-02-16 17:40:48,Synthetic payment record,WAVE_PAY,PREMIUM,2026-02,6,,VERIFIED,30437.40,003533,2026-02-16 17:40:48,synthetic-generator,200033,100284
303534,9978.62,2026-03-22 21:51:28,Synthetic payment record,AYA_PAY,PREMIUM,2026-03,7,,VERIFIED,9978.62,003534,2026-03-25 21:51:28,synthetic-generator,200034,100285
303535,48694.48,2026-04-01 00:39:27,Synthetic payment record,BANK_TRANSFER,PREMIUM,2026-04,8,,VERIFIED,48694.48,003535,2026-04-02 00:39:27,synthetic-generator,200035,100286
303536,13710.60,2026-05-23 11:59:19,Synthetic payment record,KBZ_PAY,PREMIUM,2026-05,9,,VERIFIED,13710.60,003536,2026-05-25 11:59:19,synthetic-generator,200036,100287
303537,6093.64,2026-06-24 12:37:58,Synthetic payment record,WAVE_PAY,PREMIUM,2026-06,10,,VERIFIED,6093.64,003537,2026-06-26 12:37:58,synthetic-generator,200037,100288
303538,49721.38,2026-07-18 03:22:18,Synthetic payment record,AYA_PAY,PREMIUM,2026-07,11,,VERIFIED,49721.38,003538,2026-07-18 03:22:18,synthetic-generator,200038,100289
303539,29640.75,2026-08-30 19:23:05,Synthetic payment record,BANK_TRANSFER,PREMIUM,2026-08,12,,VERIFIED,29640.75,003539,2026-08-30 19:23:05,synthetic-generator,200039,100290
303540,12392.40,2021-09-13 06:32:02,Synthetic payment record,KBZ_PAY,PREMIUM,2021-09,1,,VERIFIED,12392.40,003540,2021-09-13 06:32:02,synthetic-generator,200040,100291
303541,6013.27,2021-10-07 01:17:29,Synthetic payment record,WAVE_PAY,RENEWAL,2021-10,2,,VERIFIED,6013.27,003541,2021-10-09 01:17:29,synthetic-generator,200041,100292
303542,15341.86,2021-11-04 02:59:07,Synthetic payment record,AYA_PAY,CLAIM_PAYOUT,2021-11,3,,VERIFIED,15341.86,003542,2021-11-06 02:59:07,synthetic-generator,200042,100293
303543,24695.42,2021-12-06 22:28:07,Synthetic payment record,BANK_TRANSFER,PREMIUM,2021-12,4,,VERIFIED,24695.42,003543,2021-12-08 22:28:07,synthetic-generator,200043,100294
303544,8985.46,2022-01-13 00:25:03,Synthetic payment record,KBZ_PAY,PREMIUM,2022-01,5,,VERIFIED,8985.46,003544,2022-01-14 00:25:03,synthetic-generator,200044,100295
303545,16904.46,2022-02-24 03:02:46,Synthetic payment record,WAVE_PAY,PREMIUM,2022-02,6,,VERIFIED,16904.46,003545,2022-02-26 03:02:46,synthetic-generator,200045,100296
303546,12422.20,2022-03-09 06:18:03,Synthetic payment record,AYA_PAY,CLAIM_PAYOUT,2022-03,7,,REJECTED,12422.20,003546,2022-03-12 06:18:03,,200046,100297
303547,40987.79,2022-04-26 23:29:37,Synthetic payment record,BANK_TRANSFER,PREMIUM,2022-04,8,,VERIFIED,40987.79,003547,2022-04-28 23:29:37,synthetic-generator,200047,100298
303548,3394.20,2022-05-12 09:19:01,Synthetic payment record,KBZ_PAY,PREMIUM,2022-05,9,,VERIFIED,3394.20,003548,2022-05-14 09:19:01,synthetic-generator,200048,100299
303549,11085.32,2022-06-30 22:24:10,Synthetic payment record,WAVE_PAY,PREMIUM,2022-06,10,,VERIFIED,11085.32,003549,2022-07-03 22:24:10,synthetic-generator,200049,100300
303550,32854.03,2022-07-03 04:23:53,Synthetic payment record,AYA_PAY,RENEWAL,2022-07,11,,VERIFIED,32854.03,003550,2022-07-05 04:23:53,synthetic-generator,200050,100301
303551,31309.37,2022-08-27 06:35:26,Synthetic payment record,BANK_TRANSFER,PREMIUM,2022-08,12,,VERIFIED,31309.37,003551,2022-08-27 06:35:26,synthetic-generator,200051,100302
303552,5148.90,2022-09-13 08:59:47,Synthetic payment record,KBZ_PAY,PREMIUM,2022-09,1,,VERIFIED,5148.90,003552,2022-09-13 08:59:47,synthetic-generator,200052,100303
303553,8256.29,2022-10-06 01:16:01,Synthetic payment record,WAVE_PAY,PREMIUM,2022-10,2,,VERIFIED,8256.29,003553,2022-10-07 01:16:01,synthetic-generator,200053,100304
303554,23455.86,2022-11-02 03:21:19,Synthetic payment record,AYA_PAY,PREMIUM,2022-11,3,,VERIFIED,23455.86,003554,2022-11-04 03:21:19,synthetic-generator,200054,100305
303555,25694.75,2022-12-10 16:14:57,Synthetic payment record,BANK_TRANSFER,PREMIUM,2022-12,4,,VERIFIED,25694.75,003555,2022-12-10 16:14:57,synthetic-generator,200055,100306
303556,3003.00,2023-01-08 00:28:45,Synthetic payment record,KBZ_PAY,PREMIUM,2023-01,5,,VERIFIED,3003.00,003556,2023-01-10 00:28:45,synthetic-generator,200056,100307
303557,9780.76,2023-02-20 19:23:26,Synthetic payment record,WAVE_PAY,PREMIUM,2023-02,6,,REJECTED,9780.76,003557,2023-02-23 19:23:26,,200057,100308
303558,43432.16,2023-03-03 22:20:48,Synthetic payment record,AYA_PAY,PREMIUM,2023-03,7,,VERIFIED,43432.16,003558,2023-03-04 22:20:48,synthetic-generator,200058,100309
303559,55786.81,2023-04-15 01:30:33,Synthetic payment record,BANK_TRANSFER,PREMIUM,2023-04,8,,PENDING,55786.81,003559,2023-04-18 01:30:33,,200059,100310
303560,6623.89,2023-05-24 09:12:14,Synthetic payment record,KBZ_PAY,RENEWAL,2023-05,9,,VERIFIED,6623.89,003560,2023-05-26 09:12:14,synthetic-generator,200060,100311
303561,17309.41,2023-06-04 18:32:14,Synthetic payment record,WAVE_PAY,PREMIUM,2023-06,10,,VERIFIED,17309.41,003561,2023-06-07 18:32:14,synthetic-generator,200061,100312
303562,18678.87,2023-07-04 16:22:05,Synthetic payment record,AYA_PAY,PREMIUM,2023-07,11,,VERIFIED,18678.87,003562,2023-07-07 16:22:05,synthetic-generator,200062,100313
303563,11768.92,2023-08-01 00:08:51,Synthetic payment record,BANK_TRANSFER,PREMIUM,2023-08,12,,PENDING,11768.92,003563,2023-08-03 00:08:51,,200063,100314
303564,15558.13,2023-09-19 07:53:04,Synthetic payment record,KBZ_PAY,RENEWAL,2023-09,1,,VERIFIED,15558.13,003564,2023-09-21 07:53:04,synthetic-generator,200064,100315
303565,30988.71,2023-10-22 13:52:39,Synthetic payment record,WAVE_PAY,PREMIUM,2023-10,2,,VERIFIED,30988.71,003565,2023-10-24 13:52:39,synthetic-generator,200065,100316
303566,3476.85,2023-11-27 08:46:57,Synthetic payment record,AYA_PAY,PREMIUM,2023-11,3,,VERIFIED,3476.85,003566,2023-11-27 08:46:57,synthetic-generator,200066,100317
303567,31797.43,2023-12-16 17:32:15,Synthetic payment record,BANK_TRANSFER,RENEWAL,2023-12,4,,VERIFIED,31797.43,003567,2023-12-19 17:32:15,synthetic-generator,200067,100318
303568,4608.86,2024-01-09 21:42:07,Synthetic payment record,KBZ_PAY,PREMIUM,2024-01,5,,VERIFIED,4608.86,003568,2024-01-10 21:42:07,synthetic-generator,200068,100319
303569,5965.97,2024-02-25 22:51:23,Synthetic payment record,WAVE_PAY,PREMIUM,2024-02,6,,VERIFIED,5965.97,003569,2024-02-28 22:51:23,synthetic-generator,200069,100320
303570,26596.38,2024-03-07 08:42:30,Synthetic payment record,AYA_PAY,PREMIUM,2024-03,7,,VERIFIED,26596.38,003570,2024-03-09 08:42:30,synthetic-generator,200070,100321
303571,65094.63,2024-04-04 10:46:45,Synthetic payment record,BANK_TRANSFER,PREMIUM,2024-04,8,,PENDING,65094.63,003571,2024-04-04 10:46:45,,200071,100322
303572,2173.33,2024-05-23 18:02:04,Synthetic payment record,KBZ_PAY,PREMIUM,2024-05,9,,REJECTED,2173.33,003572,2024-05-26 18:02:04,,200072,100323
303573,18902.46,2024-06-17 16:17:15,Synthetic payment record,WAVE_PAY,PREMIUM,2024-06,10,,VERIFIED,18902.46,003573,2024-06-17 16:17:15,synthetic-generator,200073,100324
303574,5975.25,2024-07-13 13:22:32,Synthetic payment record,AYA_PAY,CLAIM_PAYOUT,2024-07,11,,VERIFIED,5975.25,003574,2024-07-15 13:22:32,synthetic-generator,200074,100325
303575,40082.25,2024-08-08 09:23:18,Synthetic payment record,BANK_TRANSFER,PREMIUM,2024-08,12,,VERIFIED,40082.25,003575,2024-08-10 09:23:18,synthetic-generator,200075,100326
303576,7464.62,2024-09-30 02:54:32,Synthetic payment record,KBZ_PAY,CLAIM_PAYOUT,2024-09,1,,VERIFIED,7464.62,003576,2024-10-03 02:54:32,synthetic-generator,200076,100327
303577,11310.67,2024-10-27 02:21:53,Synthetic payment record,WAVE_PAY,PREMIUM,2024-10,2,,VERIFIED,11310.67,003577,2024-10-28 02:21:53,synthetic-generator,200077,100328
303578,19506.51,2024-11-17 00:29:09,Synthetic payment record,AYA_PAY,PREMIUM,2024-11,3,,VERIFIED,19506.51,003578,2024-11-17 00:29:09,synthetic-generator,200078,100329
303579,37679.21,2024-12-06 13:22:39,Synthetic payment record,BANK_TRANSFER,PREMIUM,2024-12,4,,VERIFIED,37679.21,003579,2024-12-06 13:22:39,synthetic-generator,200079,100330
303580,20856.64,2025-01-01 17:44:38,Synthetic payment record,KBZ_PAY,RENEWAL,2025-01,5,,PENDING,20856.64,003580,2025-01-04 17:44:38,,200080,100331
303581,31962.47,2025-02-25 03:38:17,Synthetic payment record,WAVE_PAY,PREMIUM,2025-02,6,,VERIFIED,31962.47,003581,2025-02-25 03:38:17,synthetic-generator,200081,100332
303582,14410.95,2025-03-29 16:11:37,Synthetic payment record,AYA_PAY,CLAIM_PAYOUT,2025-03,7,,REJECTED,14410.95,003582,2025-03-30 16:11:37,,200082,100333
303583,66559.70,2025-04-25 18:48:27,Synthetic payment record,BANK_TRANSFER,PREMIUM,2025-04,8,,VERIFIED,66559.70,003583,2025-04-25 18:48:27,synthetic-generator,200083,100334
303584,5586.53,2025-05-25 12:25:17,Synthetic payment record,KBZ_PAY,PREMIUM,2025-05,9,,VERIFIED,5586.53,003584,2025-05-27 12:25:17,synthetic-generator,200084,100335
303585,18085.98,2025-06-20 17:31:41,Synthetic payment record,WAVE_PAY,PREMIUM,2025-06,10,,VERIFIED,18085.98,003585,2025-06-21 17:31:41,synthetic-generator,200085,100336
303586,9807.85,2025-07-28 11:06:24,Synthetic payment record,AYA_PAY,PREMIUM,2025-07,11,,VERIFIED,9807.85,003586,2025-07-28 11:06:24,synthetic-generator,200086,100337
303587,27334.59,2025-08-08 10:53:12,Synthetic payment record,BANK_TRANSFER,RENEWAL,2025-08,12,,VERIFIED,27334.59,003587,2025-08-08 10:53:12,synthetic-generator,200087,100338
303588,5910.95,2025-09-23 01:22:49,Synthetic payment record,KBZ_PAY,PREMIUM,2025-09,1,,VERIFIED,5910.95,003588,2025-09-23 01:22:49,synthetic-generator,200088,100339
303589,25295.46,2025-10-14 18:04:39,Synthetic payment record,WAVE_PAY,PREMIUM,2025-10,2,,VERIFIED,25295.46,003589,2025-10-16 18:04:39,synthetic-generator,200089,100340
303590,4094.30,2025-11-07 16:19:46,Synthetic payment record,AYA_PAY,PREMIUM,2025-11,3,,VERIFIED,4094.30,003590,2025-11-09 16:19:46,synthetic-generator,200090,100341
303591,34214.65,2025-12-20 03:18:56,Synthetic payment record,BANK_TRANSFER,RENEWAL,2025-12,4,,VERIFIED,34214.65,003591,2025-12-23 03:18:56,synthetic-generator,200091,100342
303592,6122.13,2026-01-03 08:20:09,Synthetic payment record,KBZ_PAY,PREMIUM,2026-01,5,,VERIFIED,6122.13,003592,2026-01-04 08:20:09,synthetic-generator,200092,100343
303593,30493.41,2026-02-22 11:54:25,Synthetic payment record,WAVE_PAY,PREMIUM,2026-02,6,,VERIFIED,30493.41,003593,2026-02-25 11:54:25,synthetic-generator,200093,100344
303594,50022.23,2026-03-06 19:28:10,Synthetic payment record,AYA_PAY,PREMIUM,2026-03,7,,VERIFIED,50022.23,003594,2026-03-08 19:28:10,synthetic-generator,200094,100345
303595,8402.34,2026-04-09 08:48:40,Synthetic payment record,BANK_TRANSFER,CLAIM_PAYOUT,2026-04,8,,VERIFIED,8402.34,003595,2026-04-11 08:48:40,synthetic-generator,200095,100346
303596,4770.03,2026-05-27 05:07:12,Synthetic payment record,KBZ_PAY,PREMIUM,2026-05,9,,VERIFIED,4770.03,003596,2026-05-30 05:07:12,synthetic-generator,200096,100347
303597,15880.45,2026-06-29 10:16:55,Synthetic payment record,WAVE_PAY,RENEWAL,2026-06,10,,VERIFIED,15880.45,003597,2026-06-29 10:16:55,synthetic-generator,200097,100348
303598,35929.00,2026-07-26 02:33:49,Synthetic payment record,AYA_PAY,PREMIUM,2026-07,11,,VERIFIED,35929.00,003598,2026-07-26 02:33:49,synthetic-generator,200098,100349
303599,6855.30,2026-08-03 19:03:11,Synthetic payment record,BANK_TRANSFER,PREMIUM,2026-08,12,,REJECTED,6855.30,003599,2026-08-06 19:03:11,,200099,100350
303600,6978.20,2021-09-24 07:35:03,Synthetic payment record,KBZ_PAY,RENEWAL,2021-09,1,,VERIFIED,6978.20,003600,2021-09-27 07:35:03,synthetic-generator,200100,100351
303601,15025.42,2021-10-07 11:09:29,Synthetic payment record,WAVE_PAY,PREMIUM,2021-10,2,,VERIFIED,15025.42,003601,2021-10-09 11:09:29,synthetic-generator,200101,100352
303602,7425.60,2021-11-06 10:25:08,Synthetic payment record,AYA_PAY,PREMIUM,2021-11,3,,VERIFIED,7425.60,003602,2021-11-06 10:25:08,synthetic-generator,200102,100353
303603,32706.23,2021-12-15 00:15:43,Synthetic payment record,BANK_TRANSFER,PREMIUM,2021-12,4,,VERIFIED,32706.23,003603,2021-12-15 00:15:43,synthetic-generator,200103,100354
303604,11162.50,2022-01-04 19:22:33,Synthetic payment record,KBZ_PAY,PREMIUM,2022-01,5,,VERIFIED,11162.50,003604,2022-01-06 19:22:33,synthetic-generator,200104,100355
303605,31817.12,2022-02-09 17:42:57,Synthetic payment record,WAVE_PAY,PREMIUM,2022-02,6,,REJECTED,31817.12,003605,2022-02-09 17:42:57,,200105,100356
303606,31447.39,2022-03-07 07:00:39,Synthetic payment record,AYA_PAY,PREMIUM,2022-03,7,,VERIFIED,31447.39,003606,2022-03-07 07:00:39,synthetic-generator,200106,100357
303607,59401.17,2022-04-14 17:41:57,Synthetic payment record,BANK_TRANSFER,PREMIUM,2022-04,8,,VERIFIED,59401.17,003607,2022-04-14 17:41:57,synthetic-generator,200107,100358
303608,1310.54,2022-05-06 06:51:09,Synthetic payment record,KBZ_PAY,PREMIUM,2022-05,9,,PENDING,1310.54,003608,2022-05-06 06:51:09,,200108,100359
303609,19401.74,2022-06-01 23:31:28,Synthetic payment record,WAVE_PAY,RENEWAL,2022-06,10,,VERIFIED,19401.74,003609,2022-06-02 23:31:28,synthetic-generator,200109,100360
303610,19752.75,2022-07-27 11:34:21,Synthetic payment record,AYA_PAY,PREMIUM,2022-07,11,,VERIFIED,19752.75,003610,2022-07-28 11:34:21,synthetic-generator,200110,100361
303611,28703.73,2022-08-21 01:24:43,Synthetic payment record,BANK_TRANSFER,PREMIUM,2022-08,12,,VERIFIED,28703.73,003611,2022-08-22 01:24:43,synthetic-generator,200111,100362
303612,18238.10,2022-09-30 20:20:58,Synthetic payment record,KBZ_PAY,CLAIM_PAYOUT,2022-09,1,,REJECTED,18238.10,003612,2022-10-01 20:20:58,,200112,100363
303613,5022.75,2022-10-09 12:42:39,Synthetic payment record,WAVE_PAY,CLAIM_PAYOUT,2022-10,2,,PENDING,5022.75,003613,2022-10-09 12:42:39,,200113,100364
303614,15445.91,2022-11-19 14:25:53,Synthetic payment record,AYA_PAY,PREMIUM,2022-11,3,,VERIFIED,15445.91,003614,2022-11-19 14:25:53,synthetic-generator,200114,100365
303615,30003.63,2022-12-10 13:44:03,Synthetic payment record,BANK_TRANSFER,PREMIUM,2022-12,4,,VERIFIED,30003.63,003615,2022-12-13 13:44:03,synthetic-generator,200115,100366
303616,12389.89,2023-01-07 22:19:47,Synthetic payment record,KBZ_PAY,PREMIUM,2023-01,5,,REJECTED,12389.89,003616,2023-01-09 22:19:47,,200116,100367
303617,8184.55,2023-02-08 20:43:35,Synthetic payment record,WAVE_PAY,PREMIUM,2023-02,6,,VERIFIED,8184.55,003617,2023-02-11 20:43:35,synthetic-generator,200117,100368
303618,15030.70,2023-03-30 19:36:08,Synthetic payment record,AYA_PAY,RENEWAL,2023-03,7,,VERIFIED,15030.70,003618,2023-03-30 19:36:08,synthetic-generator,200118,100369
303619,62471.35,2023-04-03 12:56:42,Synthetic payment record,BANK_TRANSFER,PREMIUM,2023-04,8,,VERIFIED,62471.35,003619,2023-04-05 12:56:42,synthetic-generator,200119,100370
303620,1348.45,2023-05-07 08:05:58,Synthetic payment record,KBZ_PAY,CLAIM_PAYOUT,2023-05,9,,VERIFIED,1348.45,003620,2023-05-09 08:05:58,synthetic-generator,200120,100371
303621,19105.73,2023-06-18 13:09:00,Synthetic payment record,WAVE_PAY,PREMIUM,2023-06,10,,VERIFIED,19105.73,003621,2023-06-19 13:09:00,synthetic-generator,200121,100372
303622,20229.51,2023-07-22 18:20:31,Synthetic payment record,AYA_PAY,PREMIUM,2023-07,11,,REJECTED,20229.51,003622,2023-07-24 18:20:31,,200122,100373
303623,30388.30,2023-08-29 18:07:28,Synthetic payment record,BANK_TRANSFER,PREMIUM,2023-08,12,,VERIFIED,30388.30,003623,2023-08-30 18:07:28,synthetic-generator,200123,100374
303624,18758.77,2023-09-02 19:04:32,Synthetic payment record,KBZ_PAY,PREMIUM,2023-09,1,,PENDING,18758.77,003624,2023-09-03 19:04:32,,200124,100375
303625,15137.31,2023-10-07 19:39:24,Synthetic payment record,WAVE_PAY,PREMIUM,2023-10,2,,PENDING,15137.31,003625,2023-10-07 19:39:24,,200125,100376
303626,16816.72,2023-11-06 10:16:35,Synthetic payment record,AYA_PAY,PREMIUM,2023-11,3,,VERIFIED,16816.72,003626,2023-11-09 10:16:35,synthetic-generator,200126,100377
303627,12756.83,2023-12-03 13:06:05,Synthetic payment record,BANK_TRANSFER,PREMIUM,2023-12,4,,VERIFIED,12756.83,003627,2023-12-06 13:06:05,synthetic-generator,200127,100378
303628,16813.31,2024-01-04 07:59:44,Synthetic payment record,KBZ_PAY,PREMIUM,2024-01,5,,PENDING,16813.31,003628,2024-01-05 07:59:44,,200128,100379
303629,32736.42,2024-02-14 23:06:12,Synthetic payment record,WAVE_PAY,PREMIUM,2024-02,6,,VERIFIED,32736.42,003629,2024-02-17 23:06:12,synthetic-generator,200129,100380
303630,18355.76,2024-03-27 05:30:17,Synthetic payment record,AYA_PAY,PREMIUM,2024-03,7,,VERIFIED,18355.76,003630,2024-03-27 05:30:17,synthetic-generator,200130,100381
303631,14261.20,2024-04-07 13:40:12,Synthetic payment record,BANK_TRANSFER,RENEWAL,2024-04,8,,VERIFIED,14261.20,003631,2024-04-07 13:40:12,synthetic-generator,200131,100382
303632,5286.03,2024-05-15 16:27:12,Synthetic payment record,KBZ_PAY,PREMIUM,2024-05,9,,VERIFIED,5286.03,003632,2024-05-17 16:27:12,synthetic-generator,200132,100383
303633,17546.60,2024-06-29 13:57:34,Synthetic payment record,WAVE_PAY,PREMIUM,2024-06,10,,VERIFIED,17546.60,003633,2024-07-01 13:57:34,synthetic-generator,200133,100384
303634,28085.71,2024-07-01 18:10:19,Synthetic payment record,AYA_PAY,RENEWAL,2024-07,11,,VERIFIED,28085.71,003634,2024-07-02 18:10:19,synthetic-generator,200134,100385
303635,30533.56,2024-08-22 12:14:29,Synthetic payment record,BANK_TRANSFER,PREMIUM,2024-08,12,,VERIFIED,30533.56,003635,2024-08-25 12:14:29,synthetic-generator,200135,100386
303636,17229.29,2024-09-04 17:31:19,Synthetic payment record,KBZ_PAY,PREMIUM,2024-09,1,,VERIFIED,17229.29,003636,2024-09-07 17:31:19,synthetic-generator,200136,100387
303637,31868.95,2024-10-21 19:01:14,Synthetic payment record,WAVE_PAY,RENEWAL,2024-10,2,,VERIFIED,31868.95,003637,2024-10-24 19:01:14,synthetic-generator,200137,100388
303638,8903.63,2024-11-27 22:42:02,Synthetic payment record,AYA_PAY,PREMIUM,2024-11,3,,VERIFIED,8903.63,003638,2024-11-27 22:42:02,synthetic-generator,200138,100389
303639,39177.78,2024-12-24 13:54:19,Synthetic payment record,BANK_TRANSFER,PREMIUM,2024-12,4,,VERIFIED,39177.78,003639,2024-12-26 13:54:19,synthetic-generator,200139,100390
303640,13758.35,2025-01-04 11:13:34,Synthetic payment record,KBZ_PAY,PREMIUM,2025-01,5,,VERIFIED,13758.35,003640,2025-01-05 11:13:34,synthetic-generator,200140,100391
303641,28979.98,2025-02-22 19:11:37,Synthetic payment record,WAVE_PAY,CLAIM_PAYOUT,2025-02,6,,VERIFIED,28979.98,003641,2025-02-25 19:11:37,synthetic-generator,200141,100392
303642,24528.36,2025-03-14 05:24:19,Synthetic payment record,AYA_PAY,PREMIUM,2025-03,7,,VERIFIED,24528.36,003642,2025-03-16 05:24:19,synthetic-generator,200142,100393
303643,49110.61,2025-04-10 12:10:06,Synthetic payment record,BANK_TRANSFER,PREMIUM,2025-04,8,,VERIFIED,49110.61,003643,2025-04-10 12:10:06,synthetic-generator,200143,100394
303644,8915.15,2025-05-14 05:11:23,Synthetic payment record,KBZ_PAY,RENEWAL,2025-05,9,,VERIFIED,8915.15,003644,2025-05-14 05:11:23,synthetic-generator,200144,100395
303645,20248.58,2025-06-07 23:03:04,Synthetic payment record,WAVE_PAY,RENEWAL,2025-06,10,,VERIFIED,20248.58,003645,2025-06-07 23:03:04,synthetic-generator,200145,100396
303646,31264.74,2025-07-16 17:25:58,Synthetic payment record,AYA_PAY,PREMIUM,2025-07,11,,VERIFIED,31264.74,003646,2025-07-16 17:25:58,synthetic-generator,200146,100397
303647,40727.74,2025-08-26 02:29:56,Synthetic payment record,BANK_TRANSFER,PREMIUM,2025-08,12,,VERIFIED,40727.74,003647,2025-08-29 02:29:56,synthetic-generator,200147,100398
303648,15412.17,2025-09-25 15:44:24,Synthetic payment record,KBZ_PAY,PREMIUM,2025-09,1,,VERIFIED,15412.17,003648,2025-09-27 15:44:24,synthetic-generator,200148,100399
303649,35965.56,2025-10-06 00:41:27,Synthetic payment record,WAVE_PAY,PREMIUM,2025-10,2,,VERIFIED,35965.56,003649,2025-10-07 00:41:27,synthetic-generator,200149,100400
303650,17800.60,2025-11-13 23:00:41,Synthetic payment record,AYA_PAY,PREMIUM,2025-11,3,,VERIFIED,17800.60,003650,2025-11-13 23:00:41,synthetic-generator,200150,100401
303651,5691.31,2025-12-06 09:48:38,Synthetic payment record,BANK_TRANSFER,PREMIUM,2025-12,4,,VERIFIED,5691.31,003651,2025-12-06 09:48:38,synthetic-generator,200151,100402
303652,8417.74,2026-01-22 05:22:30,Synthetic payment record,KBZ_PAY,PREMIUM,2026-01,5,,VERIFIED,8417.74,003652,2026-01-22 05:22:30,synthetic-generator,200152,100403
303653,24617.99,2026-02-26 05:17:29,Synthetic payment record,WAVE_PAY,PREMIUM,2026-02,6,,VERIFIED,24617.99,003653,2026-02-26 05:17:29,synthetic-generator,200153,100404
303654,15760.30,2026-03-29 22:30:31,Synthetic payment record,AYA_PAY,PREMIUM,2026-03,7,,REJECTED,15760.30,003654,2026-04-01 22:30:31,,200154,100405
303655,71524.79,2026-04-14 00:04:17,Synthetic payment record,BANK_TRANSFER,RENEWAL,2026-04,8,,VERIFIED,71524.79,003655,2026-04-16 00:04:17,synthetic-generator,200155,100406
303656,4476.18,2026-05-30 03:35:15,Synthetic payment record,KBZ_PAY,PREMIUM,2026-05,9,,REJECTED,4476.18,003656,2026-06-02 03:35:15,,200156,100407
303657,30337.22,2026-06-21 15:38:23,Synthetic payment record,WAVE_PAY,PREMIUM,2026-06,10,,VERIFIED,30337.22,003657,2026-06-21 15:38:23,synthetic-generator,200157,100408
303658,29614.62,2026-07-05 04:00:34,Synthetic payment record,AYA_PAY,PREMIUM,2026-07,11,,PENDING,29614.62,003658,2026-07-06 04:00:34,,200158,100409
303659,44461.07,2026-08-28 03:32:56,Synthetic payment record,BANK_TRANSFER,PREMIUM,2026-08,12,,VERIFIED,44461.07,003659,2026-08-28 03:32:56,synthetic-generator,200159,100410
303660,6807.48,2021-09-01 10:15:18,Synthetic payment record,KBZ_PAY,PREMIUM,2021-09,1,,VERIFIED,6807.48,003660,2021-09-01 10:15:18,synthetic-generator,200160,100411
303661,9549.94,2021-10-25 12:30:52,Synthetic payment record,WAVE_PAY,PREMIUM,2021-10,2,,VERIFIED,9549.94,003661,2021-10-25 12:30:52,synthetic-generator,200161,100412
303662,13548.16,2021-11-08 16:15:59,Synthetic payment record,AYA_PAY,PREMIUM,2021-11,3,,REJECTED,13548.16,003662,2021-11-09 16:15:59,,200162,100413
303663,5110.03,2021-12-12 18:57:00,Synthetic payment record,BANK_TRANSFER,CLAIM_PAYOUT,2021-12,4,,VERIFIED,5110.03,003663,2021-12-15 18:57:00,synthetic-generator,200163,100414
303664,14174.66,2022-01-22 22:57:11,Synthetic payment record,KBZ_PAY,RENEWAL,2022-01,5,,VERIFIED,14174.66,003664,2022-01-22 22:57:11,synthetic-generator,200164,100415
303665,10147.17,2022-02-10 13:14:06,Synthetic payment record,WAVE_PAY,PREMIUM,2022-02,6,,REJECTED,10147.17,003665,2022-02-13 13:14:06,,200165,100416
303666,12479.50,2022-03-04 12:29:53,Synthetic payment record,AYA_PAY,RENEWAL,2022-03,7,,PENDING,12479.50,003666,2022-03-07 12:29:53,,200166,100417
303667,39286.64,2022-04-10 08:52:36,Synthetic payment record,BANK_TRANSFER,PREMIUM,2022-04,8,,PENDING,39286.64,003667,2022-04-11 08:52:36,,200167,100418
303668,1116.57,2022-05-05 06:36:02,Synthetic payment record,KBZ_PAY,PREMIUM,2022-05,9,,VERIFIED,1116.57,003668,2022-05-07 06:36:02,synthetic-generator,200168,100419
303669,4845.06,2022-06-19 18:13:51,Synthetic payment record,WAVE_PAY,RENEWAL,2022-06,10,,VERIFIED,4845.06,003669,2022-06-20 18:13:51,synthetic-generator,200169,100420
303670,23643.89,2022-07-23 09:37:44,Synthetic payment record,AYA_PAY,RENEWAL,2022-07,11,,VERIFIED,23643.89,003670,2022-07-24 09:37:44,synthetic-generator,200170,100421
303671,33500.68,2022-08-27 05:39:16,Synthetic payment record,BANK_TRANSFER,PREMIUM,2022-08,12,,PENDING,33500.68,003671,2022-08-28 05:39:16,,200171,100422
303672,9042.94,2022-09-16 18:47:11,Synthetic payment record,KBZ_PAY,RENEWAL,2022-09,1,,VERIFIED,9042.94,003672,2022-09-16 18:47:11,synthetic-generator,200172,100423
303673,8966.36,2022-10-09 07:07:52,Synthetic payment record,WAVE_PAY,PREMIUM,2022-10,2,,VERIFIED,8966.36,003673,2022-10-09 07:07:52,synthetic-generator,200173,100424
303674,16318.21,2022-11-11 00:44:38,Synthetic payment record,AYA_PAY,PREMIUM,2022-11,3,,VERIFIED,16318.21,003674,2022-11-14 00:44:38,synthetic-generator,200174,100425
303675,15314.37,2022-12-16 09:09:45,Synthetic payment record,BANK_TRANSFER,PREMIUM,2022-12,4,,VERIFIED,15314.37,003675,2022-12-16 09:09:45,synthetic-generator,200175,100426
303676,9536.32,2023-01-12 02:56:16,Synthetic payment record,KBZ_PAY,PREMIUM,2023-01,5,,VERIFIED,9536.32,003676,2023-01-14 02:56:16,synthetic-generator,200176,100427
303677,24487.09,2023-02-17 18:05:00,Synthetic payment record,WAVE_PAY,PREMIUM,2023-02,6,,VERIFIED,24487.09,003677,2023-02-19 18:05:00,synthetic-generator,200177,100428
303678,38608.11,2023-03-07 00:47:13,Synthetic payment record,AYA_PAY,PREMIUM,2023-03,7,,PENDING,38608.11,003678,2023-03-07 00:47:13,,200178,100429
303679,29883.88,2023-04-11 10:06:12,Synthetic payment record,BANK_TRANSFER,PREMIUM,2023-04,8,,PENDING,29883.88,003679,2023-04-13 10:06:12,,200179,100430
303680,9344.10,2023-05-06 13:21:20,Synthetic payment record,KBZ_PAY,PREMIUM,2023-05,9,,VERIFIED,9344.10,003680,2023-05-09 13:21:20,synthetic-generator,200180,100431
303681,13503.22,2023-06-21 23:30:56,Synthetic payment record,WAVE_PAY,PREMIUM,2023-06,10,,VERIFIED,13503.22,003681,2023-06-23 23:30:56,synthetic-generator,200181,100432
303682,41917.37,2023-07-13 21:16:21,Synthetic payment record,AYA_PAY,PREMIUM,2023-07,11,,VERIFIED,41917.37,003682,2023-07-14 21:16:21,synthetic-generator,200182,100433
303683,29646.57,2023-08-28 15:49:08,Synthetic payment record,BANK_TRANSFER,PREMIUM,2023-08,12,,VERIFIED,29646.57,003683,2023-08-31 15:49:08,synthetic-generator,200183,100434
303684,4396.63,2023-09-04 04:09:32,Synthetic payment record,KBZ_PAY,PREMIUM,2023-09,1,,VERIFIED,4396.63,003684,2023-09-04 04:09:32,synthetic-generator,200184,100435
303685,4138.56,2023-10-03 19:23:01,Synthetic payment record,WAVE_PAY,RENEWAL,2023-10,2,,VERIFIED,4138.56,003685,2023-10-03 19:23:01,synthetic-generator,200185,100436
303686,9441.36,2023-11-18 20:46:30,Synthetic payment record,AYA_PAY,RENEWAL,2023-11,3,,VERIFIED,9441.36,003686,2023-11-20 20:46:30,synthetic-generator,200186,100437
303687,13311.77,2023-12-16 14:58:45,Synthetic payment record,BANK_TRANSFER,PREMIUM,2023-12,4,,VERIFIED,13311.77,003687,2023-12-16 14:58:45,synthetic-generator,200187,100438
303688,15412.48,2024-01-15 09:48:21,Synthetic payment record,KBZ_PAY,PREMIUM,2024-01,5,,PENDING,15412.48,003688,2024-01-15 09:48:21,,200188,100439
303689,15303.61,2024-02-04 07:30:58,Synthetic payment record,WAVE_PAY,PREMIUM,2024-02,6,,VERIFIED,15303.61,003689,2024-02-04 07:30:58,synthetic-generator,200189,100440
303690,25858.68,2024-03-25 08:06:50,Synthetic payment record,AYA_PAY,PREMIUM,2024-03,7,,VERIFIED,25858.68,003690,2024-03-25 08:06:50,synthetic-generator,200190,100441
303691,21675.06,2024-04-29 17:22:07,Synthetic payment record,BANK_TRANSFER,CLAIM_PAYOUT,2024-04,8,,VERIFIED,21675.06,003691,2024-05-02 17:22:07,synthetic-generator,200191,100442
303692,5640.05,2024-05-16 18:26:24,Synthetic payment record,KBZ_PAY,PREMIUM,2024-05,9,,VERIFIED,5640.05,003692,2024-05-19 18:26:24,synthetic-generator,200192,100443
303693,14469.47,2024-06-27 15:59:13,Synthetic payment record,WAVE_PAY,PREMIUM,2024-06,10,,VERIFIED,14469.47,003693,2024-06-27 15:59:13,synthetic-generator,200193,100444
303694,24819.73,2024-07-23 22:57:47,Synthetic payment record,AYA_PAY,RENEWAL,2024-07,11,,VERIFIED,24819.73,003694,2024-07-25 22:57:47,synthetic-generator,200194,100445
303695,31403.10,2024-08-29 16:02:32,Synthetic payment record,BANK_TRANSFER,PREMIUM,2024-08,12,,VERIFIED,31403.10,003695,2024-08-29 16:02:32,synthetic-generator,200195,100446
303696,8420.41,2024-09-24 11:10:37,Synthetic payment record,KBZ_PAY,PREMIUM,2024-09,1,,PENDING,8420.41,003696,2024-09-25 11:10:37,,200196,100447
303697,12186.10,2024-10-16 15:46:13,Synthetic payment record,WAVE_PAY,RENEWAL,2024-10,2,,VERIFIED,12186.10,003697,2024-10-17 15:46:13,synthetic-generator,200197,100448
303698,18202.15,2024-11-23 09:38:38,Synthetic payment record,AYA_PAY,PREMIUM,2024-11,3,,VERIFIED,18202.15,003698,2024-11-25 09:38:38,synthetic-generator,200198,100449
303699,36340.31,2024-12-04 00:04:29,Synthetic payment record,BANK_TRANSFER,CLAIM_PAYOUT,2024-12,4,,PENDING,36340.31,003699,2024-12-04 00:04:29,,200199,100450
303700,4441.58,2025-01-26 04:49:18,Synthetic payment record,KBZ_PAY,CLAIM_PAYOUT,2025-01,5,,REJECTED,4441.58,003700,2025-01-26 04:49:18,,200200,100451
303701,21229.44,2025-02-19 21:33:51,Synthetic payment record,WAVE_PAY,PREMIUM,2025-02,6,,VERIFIED,21229.44,003701,2025-02-19 21:33:51,synthetic-generator,200201,100452
303702,30143.20,2025-03-14 11:03:16,Synthetic payment record,AYA_PAY,PREMIUM,2025-03,7,,REJECTED,30143.20,003702,2025-03-15 11:03:16,,200202,100453
303703,27889.31,2025-04-08 00:18:16,Synthetic payment record,BANK_TRANSFER,PREMIUM,2025-04,8,,VERIFIED,27889.31,003703,2025-04-08 00:18:16,synthetic-generator,200203,100454
303704,14018.26,2025-05-14 03:50:41,Synthetic payment record,KBZ_PAY,PREMIUM,2025-05,9,,VERIFIED,14018.26,003704,2025-05-15 03:50:41,synthetic-generator,200204,100455
303705,30196.02,2025-06-07 15:34:59,Synthetic payment record,WAVE_PAY,RENEWAL,2025-06,10,,VERIFIED,30196.02,003705,2025-06-10 15:34:59,synthetic-generator,200205,100456
303706,30687.13,2025-07-29 19:05:10,Synthetic payment record,AYA_PAY,PREMIUM,2025-07,11,,PENDING,30687.13,003706,2025-07-30 19:05:10,,200206,100457
303707,11443.83,2025-08-24 11:14:19,Synthetic payment record,BANK_TRANSFER,PREMIUM,2025-08,12,,PENDING,11443.83,003707,2025-08-27 11:14:19,,200207,100458
303708,14197.86,2025-09-20 00:14:52,Synthetic payment record,KBZ_PAY,PREMIUM,2025-09,1,,VERIFIED,14197.86,003708,2025-09-23 00:14:52,synthetic-generator,200208,100459
303709,38559.76,2025-10-30 04:57:30,Synthetic payment record,WAVE_PAY,PREMIUM,2025-10,2,,VERIFIED,38559.76,003709,2025-11-01 04:57:30,synthetic-generator,200209,100460
303710,7897.14,2025-11-24 02:41:54,Synthetic payment record,AYA_PAY,PREMIUM,2025-11,3,,VERIFIED,7897.14,003710,2025-11-27 02:41:54,synthetic-generator,200210,100461
303711,39513.64,2025-12-08 14:22:36,Synthetic payment record,BANK_TRANSFER,PREMIUM,2025-12,4,,REJECTED,39513.64,003711,2025-12-08 14:22:36,,200211,100462
303712,15726.59,2026-01-04 09:07:04,Synthetic payment record,KBZ_PAY,PREMIUM,2026-01,5,,PENDING,15726.59,003712,2026-01-06 09:07:04,,200212,100463
303713,35612.18,2026-02-21 03:18:04,Synthetic payment record,WAVE_PAY,PREMIUM,2026-02,6,,VERIFIED,35612.18,003713,2026-02-23 03:18:04,synthetic-generator,200213,100464
303714,14777.86,2026-03-24 01:14:50,Synthetic payment record,AYA_PAY,PREMIUM,2026-03,7,,VERIFIED,14777.86,003714,2026-03-26 01:14:50,synthetic-generator,200214,100465
303715,15273.24,2026-04-27 03:34:42,Synthetic payment record,BANK_TRANSFER,PREMIUM,2026-04,8,,VERIFIED,15273.24,003715,2026-04-29 03:34:42,synthetic-generator,200215,100466
303716,10479.43,2026-05-01 02:54:03,Synthetic payment record,KBZ_PAY,PREMIUM,2026-05,9,,VERIFIED,10479.43,003716,2026-05-01 02:54:03,synthetic-generator,200216,100467
303717,19070.52,2026-06-12 19:47:22,Synthetic payment record,WAVE_PAY,PREMIUM,2026-06,10,,VERIFIED,19070.52,003717,2026-06-15 19:47:22,synthetic-generator,200217,100468
303718,16820.42,2026-07-28 07:44:43,Synthetic payment record,AYA_PAY,PREMIUM,2026-07,11,,VERIFIED,16820.42,003718,2026-07-28 07:44:43,synthetic-generator,200218,100469
303719,55997.14,2026-08-22 13:54:04,Synthetic payment record,BANK_TRANSFER,RENEWAL,2026-08,12,,PENDING,55997.14,003719,2026-08-23 13:54:04,,200219,100470
303720,17480.43,2021-09-02 09:43:20,Synthetic payment record,KBZ_PAY,RENEWAL,2021-09,1,,VERIFIED,17480.43,003720,2021-09-02 09:43:20,synthetic-generator,200220,100471
303721,17406.41,2021-10-04 19:50:19,Synthetic payment record,WAVE_PAY,PREMIUM,2021-10,2,,VERIFIED,17406.41,003721,2021-10-04 19:50:19,synthetic-generator,200221,100472
303722,14311.20,2021-11-05 05:54:02,Synthetic payment record,AYA_PAY,PREMIUM,2021-11,3,,VERIFIED,14311.20,003722,2021-11-07 05:54:02,synthetic-generator,200222,100473
303723,32189.60,2021-12-30 13:21:56,Synthetic payment record,BANK_TRANSFER,PREMIUM,2021-12,4,,VERIFIED,32189.60,003723,2021-12-30 13:21:56,synthetic-generator,200223,100474
303724,12975.61,2022-01-09 23:17:07,Synthetic payment record,KBZ_PAY,PREMIUM,2022-01,5,,VERIFIED,12975.61,003724,2022-01-11 23:17:07,synthetic-generator,200224,100475
303725,31357.91,2022-02-06 10:20:00,Synthetic payment record,WAVE_PAY,PREMIUM,2022-02,6,,VERIFIED,31357.91,003725,2022-02-08 10:20:00,synthetic-generator,200225,100476
303726,13761.80,2022-03-25 23:40:22,Synthetic payment record,AYA_PAY,PREMIUM,2022-03,7,,VERIFIED,13761.80,003726,2022-03-26 23:40:22,synthetic-generator,200226,100477
303727,20533.84,2022-04-04 07:59:43,Synthetic payment record,BANK_TRANSFER,PREMIUM,2022-04,8,,VERIFIED,20533.84,003727,2022-04-06 07:59:43,synthetic-generator,200227,100478
303728,6971.15,2022-05-20 06:51:21,Synthetic payment record,KBZ_PAY,PREMIUM,2022-05,9,,VERIFIED,6971.15,003728,2022-05-22 06:51:21,synthetic-generator,200228,100479
303729,9305.36,2022-06-22 14:17:13,Synthetic payment record,WAVE_PAY,PREMIUM,2022-06,10,,VERIFIED,9305.36,003729,2022-06-23 14:17:13,synthetic-generator,200229,100480
303730,11552.58,2022-07-13 08:04:57,Synthetic payment record,AYA_PAY,PREMIUM,2022-07,11,,VERIFIED,11552.58,003730,2022-07-13 08:04:57,synthetic-generator,200230,100481
303731,18278.79,2022-08-07 07:09:30,Synthetic payment record,BANK_TRANSFER,PREMIUM,2022-08,12,,VERIFIED,18278.79,003731,2022-08-10 07:09:30,synthetic-generator,200231,100482
303732,16720.57,2022-09-27 10:47:51,Synthetic payment record,KBZ_PAY,PREMIUM,2022-09,1,,PENDING,16720.57,003732,2022-09-30 10:47:51,,200232,100483
303733,17098.70,2022-10-11 01:30:01,Synthetic payment record,WAVE_PAY,PREMIUM,2022-10,2,,REJECTED,17098.70,003733,2022-10-14 01:30:01,,200233,100484
303734,12673.51,2022-11-25 02:07:33,Synthetic payment record,AYA_PAY,PREMIUM,2022-11,3,,VERIFIED,12673.51,003734,2022-11-26 02:07:33,synthetic-generator,200234,100485
303735,18470.44,2022-12-18 23:24:56,Synthetic payment record,BANK_TRANSFER,PREMIUM,2022-12,4,,VERIFIED,18470.44,003735,2022-12-18 23:24:56,synthetic-generator,200235,100486
303736,15972.76,2023-01-07 20:09:03,Synthetic payment record,KBZ_PAY,PREMIUM,2023-01,5,,VERIFIED,15972.76,003736,2023-01-10 20:09:03,synthetic-generator,200236,100487
303737,15971.26,2023-02-22 09:05:19,Synthetic payment record,WAVE_PAY,PREMIUM,2023-02,6,,PENDING,15971.26,003737,2023-02-23 09:05:19,,200237,100488
303738,38514.05,2023-03-05 00:24:45,Synthetic payment record,AYA_PAY,PREMIUM,2023-03,7,,PENDING,38514.05,003738,2023-03-05 00:24:45,,200238,100489
303739,74872.40,2023-04-19 09:55:42,Synthetic payment record,BANK_TRANSFER,RENEWAL,2023-04,8,,REJECTED,74872.40,003739,2023-04-22 09:55:42,,200239,100490
303740,11817.08,2023-05-16 05:25:48,Synthetic payment record,KBZ_PAY,CLAIM_PAYOUT,2023-05,9,,VERIFIED,11817.08,003740,2023-05-19 05:25:48,synthetic-generator,200240,100491
303741,9760.67,2023-06-22 04:28:03,Synthetic payment record,WAVE_PAY,PREMIUM,2023-06,10,,VERIFIED,9760.67,003741,2023-06-22 04:28:03,synthetic-generator,200241,100492
303742,20873.73,2023-07-11 16:19:19,Synthetic payment record,AYA_PAY,PREMIUM,2023-07,11,,VERIFIED,20873.73,003742,2023-07-12 16:19:19,synthetic-generator,200242,100493
303743,45721.54,2023-08-07 00:47:58,Synthetic payment record,BANK_TRANSFER,PREMIUM,2023-08,12,,VERIFIED,45721.54,003743,2023-08-08 00:47:58,synthetic-generator,200243,100494
303744,5595.54,2023-09-15 01:31:12,Synthetic payment record,KBZ_PAY,PREMIUM,2023-09,1,,VERIFIED,5595.54,003744,2023-09-18 01:31:12,synthetic-generator,200244,100495
303745,4888.88,2023-10-01 23:31:46,Synthetic payment record,WAVE_PAY,PREMIUM,2023-10,2,,VERIFIED,4888.88,003745,2023-10-03 23:31:46,synthetic-generator,200245,100496
303746,20794.33,2023-11-09 14:18:54,Synthetic payment record,AYA_PAY,PREMIUM,2023-11,3,,VERIFIED,20794.33,003746,2023-11-10 14:18:54,synthetic-generator,200246,100497
303747,32009.73,2023-12-29 04:56:40,Synthetic payment record,BANK_TRANSFER,RENEWAL,2023-12,4,,VERIFIED,32009.73,003747,2023-12-31 04:56:40,synthetic-generator,200247,100498
303748,6410.14,2024-01-27 22:10:16,Synthetic payment record,KBZ_PAY,PREMIUM,2024-01,5,,VERIFIED,6410.14,003748,2024-01-29 22:10:16,synthetic-generator,200248,100499
303749,27027.89,2024-02-09 11:17:45,Synthetic payment record,WAVE_PAY,PREMIUM,2024-02,6,,VERIFIED,27027.89,003749,2024-02-12 11:17:45,synthetic-generator,200249,100500
303750,17196.28,2024-03-26 22:31:43,Synthetic payment record,AYA_PAY,PREMIUM,2024-03,7,,VERIFIED,17196.28,003750,2024-03-29 22:31:43,synthetic-generator,200250,100501
303751,9808.94,2024-04-10 04:57:36,Synthetic payment record,BANK_TRANSFER,PREMIUM,2024-04,8,,VERIFIED,9808.94,003751,2024-04-12 04:57:36,synthetic-generator,200251,100502
303752,9140.26,2024-05-02 18:12:02,Synthetic payment record,KBZ_PAY,PREMIUM,2024-05,9,,REJECTED,9140.26,003752,2024-05-05 18:12:02,,200252,100503
303753,5879.64,2024-06-21 20:26:43,Synthetic payment record,WAVE_PAY,PREMIUM,2024-06,10,,PENDING,5879.64,003753,2024-06-22 20:26:43,,200253,100504
303754,6754.51,2024-07-13 15:49:16,Synthetic payment record,AYA_PAY,RENEWAL,2024-07,11,,VERIFIED,6754.51,003754,2024-07-16 15:49:16,synthetic-generator,200254,100505
303755,44982.12,2024-08-07 16:14:52,Synthetic payment record,BANK_TRANSFER,RENEWAL,2024-08,12,,VERIFIED,44982.12,003755,2024-08-10 16:14:52,synthetic-generator,200255,100506
303756,14775.03,2024-09-02 19:28:54,Synthetic payment record,KBZ_PAY,PREMIUM,2024-09,1,,REJECTED,14775.03,003756,2024-09-04 19:28:54,,200256,100507
303757,27744.08,2024-10-07 19:51:18,Synthetic payment record,WAVE_PAY,PREMIUM,2024-10,2,,VERIFIED,27744.08,003757,2024-10-09 19:51:18,synthetic-generator,200257,100508
303758,5914.26,2024-11-19 02:31:24,Synthetic payment record,AYA_PAY,RENEWAL,2024-11,3,,PENDING,5914.26,003758,2024-11-22 02:31:24,,200258,100509
303759,31161.37,2024-12-16 17:43:02,Synthetic payment record,BANK_TRANSFER,PREMIUM,2024-12,4,,PENDING,31161.37,003759,2024-12-18 17:43:02,,200259,100510
303760,2053.13,2025-01-26 22:15:00,Synthetic payment record,KBZ_PAY,CLAIM_PAYOUT,2025-01,5,,VERIFIED,2053.13,003760,2025-01-29 22:15:00,synthetic-generator,200260,100511
303761,5997.12,2025-02-02 03:25:03,Synthetic payment record,WAVE_PAY,PREMIUM,2025-02,6,,VERIFIED,5997.12,003761,2025-02-02 03:25:03,synthetic-generator,200261,100512
303762,18982.42,2025-03-22 11:27:48,Synthetic payment record,AYA_PAY,PREMIUM,2025-03,7,,VERIFIED,18982.42,003762,2025-03-25 11:27:48,synthetic-generator,200262,100513
303763,8431.25,2025-04-11 11:58:51,Synthetic payment record,BANK_TRANSFER,PREMIUM,2025-04,8,,VERIFIED,8431.25,003763,2025-04-12 11:58:51,synthetic-generator,200263,100514
303764,9989.27,2025-05-27 14:20:18,Synthetic payment record,KBZ_PAY,CLAIM_PAYOUT,2025-05,9,,VERIFIED,9989.27,003764,2025-05-27 14:20:18,synthetic-generator,200264,100515
303765,13699.14,2025-06-13 12:48:19,Synthetic payment record,WAVE_PAY,PREMIUM,2025-06,10,,VERIFIED,13699.14,003765,2025-06-13 12:48:19,synthetic-generator,200265,100516
303766,31907.86,2025-07-07 07:33:48,Synthetic payment record,AYA_PAY,RENEWAL,2025-07,11,,VERIFIED,31907.86,003766,2025-07-10 07:33:48,synthetic-generator,200266,100517
303767,12643.61,2025-08-08 22:38:49,Synthetic payment record,BANK_TRANSFER,PREMIUM,2025-08,12,,VERIFIED,12643.61,003767,2025-08-10 22:38:49,synthetic-generator,200267,100518
303768,29799.78,2025-09-23 06:30:17,Synthetic payment record,KBZ_PAY,PREMIUM,2025-09,1,,PENDING,29799.78,003768,2025-09-24 06:30:17,,200268,100519
303769,23706.58,2025-10-29 15:56:30,Synthetic payment record,WAVE_PAY,PREMIUM,2025-10,2,,VERIFIED,23706.58,003769,2025-10-30 15:56:30,synthetic-generator,200269,100520
303770,4343.45,2025-11-22 03:18:18,Synthetic payment record,AYA_PAY,PREMIUM,2025-11,3,,VERIFIED,4343.45,003770,2025-11-25 03:18:18,synthetic-generator,200270,100521
303771,32874.28,2025-12-06 08:54:48,Synthetic payment record,BANK_TRANSFER,PREMIUM,2025-12,4,,VERIFIED,32874.28,003771,2025-12-08 08:54:48,synthetic-generator,200271,100522
303772,7119.43,2026-01-06 19:34:03,Synthetic payment record,KBZ_PAY,PREMIUM,2026-01,5,,VERIFIED,7119.43,003772,2026-01-09 19:34:03,synthetic-generator,200272,100523
303773,36377.90,2026-02-23 06:53:00,Synthetic payment record,WAVE_PAY,PREMIUM,2026-02,6,,VERIFIED,36377.90,003773,2026-02-23 06:53:00,synthetic-generator,200273,100524
303774,25185.79,2026-03-08 18:53:45,Synthetic payment record,AYA_PAY,PREMIUM,2026-03,7,,VERIFIED,25185.79,003774,2026-03-11 18:53:45,synthetic-generator,200274,100525
303775,79327.82,2026-04-29 17:12:55,Synthetic payment record,BANK_TRANSFER,PREMIUM,2026-04,8,,PENDING,79327.82,003775,2026-04-30 17:12:55,,200275,100526
303776,1772.81,2026-05-30 13:32:43,Synthetic payment record,KBZ_PAY,PREMIUM,2026-05,9,,PENDING,1772.81,003776,2026-05-30 13:32:43,,200276,100527
303777,8008.58,2026-06-24 08:26:19,Synthetic payment record,WAVE_PAY,PREMIUM,2026-06,10,,PENDING,8008.58,003777,2026-06-25 08:26:19,,200277,100528
303778,26987.61,2026-07-18 19:20:15,Synthetic payment record,AYA_PAY,PREMIUM,2026-07,11,,VERIFIED,26987.61,003778,2026-07-19 19:20:15,synthetic-generator,200278,100529
303779,42969.50,2026-08-25 05:02:01,Synthetic payment record,BANK_TRANSFER,PREMIUM,2026-08,12,,VERIFIED,42969.50,003779,2026-08-26 05:02:01,synthetic-generator,200279,100530
303780,9360.82,2021-09-13 14:50:23,Synthetic payment record,KBZ_PAY,PREMIUM,2021-09,1,,VERIFIED,9360.82,003780,2021-09-14 14:50:23,synthetic-generator,200280,100531
303781,19173.33,2021-10-02 20:33:54,Synthetic payment record,WAVE_PAY,PREMIUM,2021-10,2,,REJECTED,19173.33,003781,2021-10-02 20:33:54,,200281,100532
303782,22500.55,2021-11-30 03:42:11,Synthetic payment record,AYA_PAY,CLAIM_PAYOUT,2021-11,3,,VERIFIED,22500.55,003782,2021-12-01 03:42:11,synthetic-generator,200282,100533
303783,19326.04,2021-12-17 20:07:46,Synthetic payment record,BANK_TRANSFER,PREMIUM,2021-12,4,,VERIFIED,19326.04,003783,2021-12-19 20:07:46,synthetic-generator,200283,100534
303784,4105.69,2022-01-20 10:16:52,Synthetic payment record,KBZ_PAY,PREMIUM,2022-01,5,,VERIFIED,4105.69,003784,2022-01-20 10:16:52,synthetic-generator,200284,100535
303785,25350.30,2022-02-28 10:48:10,Synthetic payment record,WAVE_PAY,PREMIUM,2022-02,6,,REJECTED,25350.30,003785,2022-02-28 10:48:10,,200285,100536
303786,19788.21,2022-03-16 09:25:39,Synthetic payment record,AYA_PAY,RENEWAL,2022-03,7,,VERIFIED,19788.21,003786,2022-03-17 09:25:39,synthetic-generator,200286,100537
303787,56605.39,2022-04-27 13:08:09,Synthetic payment record,BANK_TRANSFER,PREMIUM,2022-04,8,,PENDING,56605.39,003787,2022-04-29 13:08:09,,200287,100538
303788,2983.43,2022-05-26 20:06:27,Synthetic payment record,KBZ_PAY,PREMIUM,2022-05,9,,VERIFIED,2983.43,003788,2022-05-29 20:06:27,synthetic-generator,200288,100539
303789,9189.08,2022-06-15 14:04:08,Synthetic payment record,WAVE_PAY,PREMIUM,2022-06,10,,VERIFIED,9189.08,003789,2022-06-17 14:04:08,synthetic-generator,200289,100540
303790,29386.08,2022-07-21 22:09:29,Synthetic payment record,AYA_PAY,CLAIM_PAYOUT,2022-07,11,,VERIFIED,29386.08,003790,2022-07-24 22:09:29,synthetic-generator,200290,100541
303791,29901.66,2022-08-10 03:02:39,Synthetic payment record,BANK_TRANSFER,RENEWAL,2022-08,12,,VERIFIED,29901.66,003791,2022-08-13 03:02:39,synthetic-generator,200291,100542
303792,2941.91,2022-09-21 09:27:45,Synthetic payment record,KBZ_PAY,PREMIUM,2022-09,1,,VERIFIED,2941.91,003792,2022-09-22 09:27:45,synthetic-generator,200292,100543
303793,11972.05,2022-10-29 04:28:44,Synthetic payment record,WAVE_PAY,RENEWAL,2022-10,2,,VERIFIED,11972.05,003793,2022-10-29 04:28:44,synthetic-generator,200293,100544
303794,19762.40,2022-11-21 13:04:56,Synthetic payment record,AYA_PAY,PREMIUM,2022-11,3,,VERIFIED,19762.40,003794,2022-11-24 13:04:56,synthetic-generator,200294,100545
303795,10438.69,2022-12-06 19:42:28,Synthetic payment record,BANK_TRANSFER,PREMIUM,2022-12,4,,VERIFIED,10438.69,003795,2022-12-09 19:42:28,synthetic-generator,200295,100546
303796,5601.91,2023-01-27 15:54:22,Synthetic payment record,KBZ_PAY,PREMIUM,2023-01,5,,VERIFIED,5601.91,003796,2023-01-30 15:54:22,synthetic-generator,200296,100547
303797,39531.76,2023-02-28 05:17:53,Synthetic payment record,WAVE_PAY,PREMIUM,2023-02,6,,VERIFIED,39531.76,003797,2023-03-02 05:17:53,synthetic-generator,200297,100548
303798,13825.43,2023-03-14 19:26:12,Synthetic payment record,AYA_PAY,RENEWAL,2023-03,7,,VERIFIED,13825.43,003798,2023-03-15 19:26:12,synthetic-generator,200298,100549
303799,10342.41,2023-04-01 18:55:09,Synthetic payment record,BANK_TRANSFER,PREMIUM,2023-04,8,,VERIFIED,10342.41,003799,2023-04-04 18:55:09,synthetic-generator,200299,100550
303800,7612.03,2023-05-30 02:45:10,Synthetic payment record,KBZ_PAY,PREMIUM,2023-05,9,,VERIFIED,7612.03,003800,2023-06-02 02:45:10,synthetic-generator,200300,100551
303801,17311.44,2023-06-04 14:17:43,Synthetic payment record,WAVE_PAY,PREMIUM,2023-06,10,,PENDING,17311.44,003801,2023-06-04 14:17:43,,200301,100552
303802,37653.64,2023-07-22 07:12:50,Synthetic payment record,AYA_PAY,PREMIUM,2023-07,11,,VERIFIED,37653.64,003802,2023-07-24 07:12:50,synthetic-generator,200302,100553
303803,41524.48,2023-08-08 02:17:32,Synthetic payment record,BANK_TRANSFER,PREMIUM,2023-08,12,,VERIFIED,41524.48,003803,2023-08-11 02:17:32,synthetic-generator,200303,100554
303804,6446.67,2023-09-30 02:49:00,Synthetic payment record,KBZ_PAY,RENEWAL,2023-09,1,,VERIFIED,6446.67,003804,2023-10-03 02:49:00,synthetic-generator,200304,100555
303805,3092.91,2023-10-24 16:35:46,Synthetic payment record,WAVE_PAY,PREMIUM,2023-10,2,,VERIFIED,3092.91,003805,2023-10-26 16:35:46,synthetic-generator,200305,100556
303806,17694.56,2023-11-28 22:05:59,Synthetic payment record,AYA_PAY,PREMIUM,2023-11,3,,VERIFIED,17694.56,003806,2023-11-28 22:05:59,synthetic-generator,200306,100557
303807,37052.54,2023-12-29 00:35:43,Synthetic payment record,BANK_TRANSFER,PREMIUM,2023-12,4,,VERIFIED,37052.54,003807,2024-01-01 00:35:43,synthetic-generator,200307,100558
303808,3449.13,2024-01-25 05:09:35,Synthetic payment record,KBZ_PAY,PREMIUM,2024-01,5,,VERIFIED,3449.13,003808,2024-01-27 05:09:35,synthetic-generator,200308,100559
303809,29301.48,2024-02-08 13:55:24,Synthetic payment record,WAVE_PAY,PREMIUM,2024-02,6,,VERIFIED,29301.48,003809,2024-02-08 13:55:24,synthetic-generator,200309,100560
303810,13304.01,2024-03-10 09:59:01,Synthetic payment record,AYA_PAY,PREMIUM,2024-03,7,,VERIFIED,13304.01,003810,2024-03-12 09:59:01,synthetic-generator,200310,100561
303811,59853.59,2024-04-02 06:24:38,Synthetic payment record,BANK_TRANSFER,CLAIM_PAYOUT,2024-04,8,,VERIFIED,59853.59,003811,2024-04-03 06:24:38,synthetic-generator,200311,100562
303812,7789.17,2024-05-26 08:45:00,Synthetic payment record,KBZ_PAY,PREMIUM,2024-05,9,,VERIFIED,7789.17,003812,2024-05-29 08:45:00,synthetic-generator,200312,100563
303813,4717.38,2024-06-29 18:25:29,Synthetic payment record,WAVE_PAY,PREMIUM,2024-06,10,,VERIFIED,4717.38,003813,2024-06-30 18:25:29,synthetic-generator,200313,100564
303814,16310.86,2024-07-23 02:24:49,Synthetic payment record,AYA_PAY,PREMIUM,2024-07,11,,VERIFIED,16310.86,003814,2024-07-25 02:24:49,synthetic-generator,200314,100565
303815,40157.47,2024-08-01 16:09:27,Synthetic payment record,BANK_TRANSFER,PREMIUM,2024-08,12,,VERIFIED,40157.47,003815,2024-08-04 16:09:27,synthetic-generator,200315,100566
303816,12392.91,2024-09-04 01:07:17,Synthetic payment record,KBZ_PAY,RENEWAL,2024-09,1,,PENDING,12392.91,003816,2024-09-07 01:07:17,,200316,100567
303817,18731.76,2024-10-23 19:05:47,Synthetic payment record,WAVE_PAY,PREMIUM,2024-10,2,,VERIFIED,18731.76,003817,2024-10-24 19:05:47,synthetic-generator,200317,100568
303818,8248.11,2024-11-07 07:40:07,Synthetic payment record,AYA_PAY,PREMIUM,2024-11,3,,VERIFIED,8248.11,003818,2024-11-09 07:40:07,synthetic-generator,200318,100569
303819,35495.43,2024-12-04 13:06:04,Synthetic payment record,BANK_TRANSFER,PREMIUM,2024-12,4,,VERIFIED,35495.43,003819,2024-12-04 13:06:04,synthetic-generator,200319,100570
303820,5466.74,2025-01-03 06:41:49,Synthetic payment record,KBZ_PAY,PREMIUM,2025-01,5,,VERIFIED,5466.74,003820,2025-01-05 06:41:49,synthetic-generator,200320,100571
303821,18877.24,2025-02-19 02:56:52,Synthetic payment record,WAVE_PAY,PREMIUM,2025-02,6,,VERIFIED,18877.24,003821,2025-02-22 02:56:52,synthetic-generator,200321,100572
303822,28502.68,2025-03-23 02:14:20,Synthetic payment record,AYA_PAY,PREMIUM,2025-03,7,,VERIFIED,28502.68,003822,2025-03-23 02:14:20,synthetic-generator,200322,100573
303823,32208.50,2025-04-20 01:31:07,Synthetic payment record,BANK_TRANSFER,PREMIUM,2025-04,8,,VERIFIED,32208.50,003823,2025-04-20 01:31:07,synthetic-generator,200323,100574
303824,5952.93,2025-05-20 15:16:25,Synthetic payment record,KBZ_PAY,RENEWAL,2025-05,9,,VERIFIED,5952.93,003824,2025-05-21 15:16:25,synthetic-generator,200324,100575
303825,8700.47,2025-06-28 11:49:24,Synthetic payment record,WAVE_PAY,PREMIUM,2025-06,10,,VERIFIED,8700.47,003825,2025-06-29 11:49:24,synthetic-generator,200325,100576
303826,33091.14,2025-07-16 02:00:53,Synthetic payment record,AYA_PAY,PREMIUM,2025-07,11,,VERIFIED,33091.14,003826,2025-07-17 02:00:53,synthetic-generator,200326,100577
303827,41835.31,2025-08-14 13:29:28,Synthetic payment record,BANK_TRANSFER,PREMIUM,2025-08,12,,VERIFIED,41835.31,003827,2025-08-16 13:29:28,synthetic-generator,200327,100578
303828,13628.50,2025-09-05 19:08:39,Synthetic payment record,KBZ_PAY,PREMIUM,2025-09,1,,PENDING,13628.50,003828,2025-09-07 19:08:39,,200328,100579
303829,17504.87,2025-10-19 16:14:28,Synthetic payment record,WAVE_PAY,RENEWAL,2025-10,2,,VERIFIED,17504.87,003829,2025-10-22 16:14:28,synthetic-generator,200329,100580
303830,7135.50,2025-11-18 04:33:24,Synthetic payment record,AYA_PAY,PREMIUM,2025-11,3,,VERIFIED,7135.50,003830,2025-11-18 04:33:24,synthetic-generator,200330,100581
303831,46021.03,2025-12-17 02:02:01,Synthetic payment record,BANK_TRANSFER,PREMIUM,2025-12,4,,VERIFIED,46021.03,003831,2025-12-18 02:02:01,synthetic-generator,200331,100582
303832,14558.59,2026-01-04 16:21:32,Synthetic payment record,KBZ_PAY,PREMIUM,2026-01,5,,VERIFIED,14558.59,003832,2026-01-06 16:21:32,synthetic-generator,200332,100583
303833,21640.00,2026-02-24 22:02:43,Synthetic payment record,WAVE_PAY,PREMIUM,2026-02,6,,VERIFIED,21640.00,003833,2026-02-24 22:02:43,synthetic-generator,200333,100584
303834,24898.36,2026-03-17 14:20:25,Synthetic payment record,AYA_PAY,PREMIUM,2026-03,7,,VERIFIED,24898.36,003834,2026-03-18 14:20:25,synthetic-generator,200334,100585
303835,83782.00,2026-04-05 23:49:09,Synthetic payment record,BANK_TRANSFER,RENEWAL,2026-04,8,,VERIFIED,83782.00,003835,2026-04-08 23:49:09,synthetic-generator,200335,100586
303836,9833.09,2026-05-21 08:57:57,Synthetic payment record,KBZ_PAY,PREMIUM,2026-05,9,,VERIFIED,9833.09,003836,2026-05-22 08:57:57,synthetic-generator,200336,100587
303837,12852.31,2026-06-21 07:35:51,Synthetic payment record,WAVE_PAY,PREMIUM,2026-06,10,,VERIFIED,12852.31,003837,2026-06-22 07:35:51,synthetic-generator,200337,100588
303838,12511.66,2026-07-15 11:19:06,Synthetic payment record,AYA_PAY,PREMIUM,2026-07,11,,VERIFIED,12511.66,003838,2026-07-15 11:19:06,synthetic-generator,200338,100589
303839,41887.32,2026-08-17 13:23:02,Synthetic payment record,BANK_TRANSFER,PREMIUM,2026-08,12,,VERIFIED,41887.32,003839,2026-08-20 13:23:02,synthetic-generator,200339,100590
303840,17812.73,2021-09-28 14:00:30,Synthetic payment record,KBZ_PAY,PREMIUM,2021-09,1,,VERIFIED,17812.73,003840,2021-09-28 14:00:30,synthetic-generator,200340,100591
303841,9877.64,2021-10-03 10:22:39,Synthetic payment record,WAVE_PAY,PREMIUM,2021-10,2,,VERIFIED,9877.64,003841,2021-10-06 10:22:39,synthetic-generator,200341,100592
303842,7343.81,2021-11-19 17:33:51,Synthetic payment record,AYA_PAY,PREMIUM,2021-11,3,,VERIFIED,7343.81,003842,2021-11-21 17:33:51,synthetic-generator,200342,100593
303843,37790.71,2021-12-21 06:58:55,Synthetic payment record,BANK_TRANSFER,RENEWAL,2021-12,4,,REJECTED,37790.71,003843,2021-12-24 06:58:55,,200343,100594
303844,1716.08,2022-01-04 12:52:48,Synthetic payment record,KBZ_PAY,PREMIUM,2022-01,5,,VERIFIED,1716.08,003844,2022-01-04 12:52:48,synthetic-generator,200344,100595
303845,6921.41,2022-02-17 21:59:58,Synthetic payment record,WAVE_PAY,PREMIUM,2022-02,6,,VERIFIED,6921.41,003845,2022-02-18 21:59:58,synthetic-generator,200345,100596
303846,32838.82,2022-03-22 17:06:50,Synthetic payment record,AYA_PAY,PREMIUM,2022-03,7,,VERIFIED,32838.82,003846,2022-03-22 17:06:50,synthetic-generator,200346,100597
303847,34178.73,2022-04-23 16:00:04,Synthetic payment record,BANK_TRANSFER,PREMIUM,2022-04,8,,VERIFIED,34178.73,003847,2022-04-23 16:00:04,synthetic-generator,200347,100598
303848,10854.03,2022-05-29 04:01:34,Synthetic payment record,KBZ_PAY,PREMIUM,2022-05,9,,VERIFIED,10854.03,003848,2022-05-31 04:01:34,synthetic-generator,200348,100599
303849,26916.69,2022-06-28 07:13:39,Synthetic payment record,WAVE_PAY,PREMIUM,2022-06,10,,VERIFIED,26916.69,003849,2022-06-30 07:13:39,synthetic-generator,200349,100600
303850,21157.51,2022-07-07 12:03:42,Synthetic payment record,AYA_PAY,RENEWAL,2022-07,11,,PENDING,21157.51,003850,2022-07-09 12:03:42,,200350,100601
303851,10671.45,2022-08-23 04:22:50,Synthetic payment record,BANK_TRANSFER,PREMIUM,2022-08,12,,VERIFIED,10671.45,003851,2022-08-26 04:22:50,synthetic-generator,200351,100602
303852,17285.53,2022-09-25 08:53:05,Synthetic payment record,KBZ_PAY,RENEWAL,2022-09,1,,VERIFIED,17285.53,003852,2022-09-26 08:53:05,synthetic-generator,200352,100603
303853,19250.81,2022-10-12 10:46:37,Synthetic payment record,WAVE_PAY,PREMIUM,2022-10,2,,VERIFIED,19250.81,003853,2022-10-15 10:46:37,synthetic-generator,200353,100604
303854,19447.57,2022-11-24 15:02:32,Synthetic payment record,AYA_PAY,PREMIUM,2022-11,3,,VERIFIED,19447.57,003854,2022-11-27 15:02:32,synthetic-generator,200354,100605
303855,6353.32,2022-12-16 05:10:44,Synthetic payment record,BANK_TRANSFER,PREMIUM,2022-12,4,,VERIFIED,6353.32,003855,2022-12-17 05:10:44,synthetic-generator,200355,100606
303856,2717.44,2023-01-24 23:01:41,Synthetic payment record,KBZ_PAY,PREMIUM,2023-01,5,,VERIFIED,2717.44,003856,2023-01-24 23:01:41,synthetic-generator,200356,100607
303857,20289.66,2023-02-22 04:30:13,Synthetic payment record,WAVE_PAY,PREMIUM,2023-02,6,,REJECTED,20289.66,003857,2023-02-23 04:30:13,,200357,100608
303858,47217.41,2023-03-27 09:47:20,Synthetic payment record,AYA_PAY,PREMIUM,2023-03,7,,PENDING,47217.41,003858,2023-03-29 09:47:20,,200358,100609
303859,78707.87,2023-04-16 03:18:16,Synthetic payment record,BANK_TRANSFER,PREMIUM,2023-04,8,,VERIFIED,78707.87,003859,2023-04-18 03:18:16,synthetic-generator,200359,100610
303860,3836.51,2023-05-22 02:00:09,Synthetic payment record,KBZ_PAY,PREMIUM,2023-05,9,,REJECTED,3836.51,003860,2023-05-22 02:00:09,,200360,100611
303861,17599.74,2023-06-21 15:24:09,Synthetic payment record,WAVE_PAY,RENEWAL,2023-06,10,,VERIFIED,17599.74,003861,2023-06-21 15:24:09,synthetic-generator,200361,100612
303862,3928.33,2023-07-14 07:44:41,Synthetic payment record,AYA_PAY,PREMIUM,2023-07,11,,VERIFIED,3928.33,003862,2023-07-15 07:44:41,synthetic-generator,200362,100613
303863,16060.97,2023-08-25 07:39:26,Synthetic payment record,BANK_TRANSFER,PREMIUM,2023-08,12,,VERIFIED,16060.97,003863,2023-08-26 07:39:26,synthetic-generator,200363,100614
303864,12271.44,2023-09-13 11:12:17,Synthetic payment record,KBZ_PAY,PREMIUM,2023-09,1,,PENDING,12271.44,003864,2023-09-15 11:12:17,,200364,100615
303865,19384.99,2023-10-09 20:02:43,Synthetic payment record,WAVE_PAY,PREMIUM,2023-10,2,,VERIFIED,19384.99,003865,2023-10-12 20:02:43,synthetic-generator,200365,100616
303866,22889.29,2023-11-24 21:35:02,Synthetic payment record,AYA_PAY,PREMIUM,2023-11,3,,VERIFIED,22889.29,003866,2023-11-26 21:35:02,synthetic-generator,200366,100617
303867,4016.21,2023-12-15 10:11:26,Synthetic payment record,BANK_TRANSFER,PREMIUM,2023-12,4,,VERIFIED,4016.21,003867,2023-12-18 10:11:26,synthetic-generator,200367,100618
303868,14932.15,2024-01-22 14:31:18,Synthetic payment record,KBZ_PAY,PREMIUM,2024-01,5,,REJECTED,14932.15,003868,2024-01-25 14:31:18,,200368,100619
303869,29489.97,2024-02-18 04:31:40,Synthetic payment record,WAVE_PAY,RENEWAL,2024-02,6,,VERIFIED,29489.97,003869,2024-02-18 04:31:40,synthetic-generator,200369,100620
303870,11689.42,2024-03-13 20:33:39,Synthetic payment record,AYA_PAY,PREMIUM,2024-03,7,,VERIFIED,11689.42,003870,2024-03-16 20:33:39,synthetic-generator,200370,100621
303871,25467.44,2024-04-11 12:27:40,Synthetic payment record,BANK_TRANSFER,PREMIUM,2024-04,8,,REJECTED,25467.44,003871,2024-04-14 12:27:40,,200371,100622
303872,2971.98,2024-05-06 07:42:59,Synthetic payment record,KBZ_PAY,CLAIM_PAYOUT,2024-05,9,,VERIFIED,2971.98,003872,2024-05-08 07:42:59,synthetic-generator,200372,100623
303873,8837.24,2024-06-20 03:13:46,Synthetic payment record,WAVE_PAY,PREMIUM,2024-06,10,,VERIFIED,8837.24,003873,2024-06-20 03:13:46,synthetic-generator,200373,100624
303874,29330.67,2024-07-15 07:51:42,Synthetic payment record,AYA_PAY,RENEWAL,2024-07,11,,REJECTED,29330.67,003874,2024-07-17 07:51:42,,200374,100625
303875,20843.16,2024-08-14 02:53:04,Synthetic payment record,BANK_TRANSFER,RENEWAL,2024-08,12,,VERIFIED,20843.16,003875,2024-08-14 02:53:04,synthetic-generator,200375,100626
303876,17715.21,2024-09-24 10:00:23,Synthetic payment record,KBZ_PAY,RENEWAL,2024-09,1,,VERIFIED,17715.21,003876,2024-09-27 10:00:23,synthetic-generator,200376,100627
303877,34748.27,2024-10-10 13:40:45,Synthetic payment record,WAVE_PAY,PREMIUM,2024-10,2,,REJECTED,34748.27,003877,2024-10-10 13:40:45,,200377,100628
303878,16100.31,2024-11-22 20:14:55,Synthetic payment record,AYA_PAY,RENEWAL,2024-11,3,,VERIFIED,16100.31,003878,2024-11-23 20:14:55,synthetic-generator,200378,100629
303879,37963.80,2024-12-21 19:12:11,Synthetic payment record,BANK_TRANSFER,PREMIUM,2024-12,4,,VERIFIED,37963.80,003879,2024-12-24 19:12:11,synthetic-generator,200379,100630
303880,13520.42,2025-01-09 12:40:43,Synthetic payment record,KBZ_PAY,PREMIUM,2025-01,5,,PENDING,13520.42,003880,2025-01-10 12:40:43,,200380,100631
303881,28163.81,2025-02-21 00:20:30,Synthetic payment record,WAVE_PAY,PREMIUM,2025-02,6,,REJECTED,28163.81,003881,2025-02-22 00:20:30,,200381,100632
303882,22416.89,2025-03-31 14:10:38,Synthetic payment record,AYA_PAY,PREMIUM,2025-03,7,,REJECTED,22416.89,003882,2025-03-31 14:10:38,,200382,100633
303883,35422.93,2025-04-22 16:45:14,Synthetic payment record,BANK_TRANSFER,PREMIUM,2025-04,8,,VERIFIED,35422.93,003883,2025-04-24 16:45:14,synthetic-generator,200383,100634
303884,11151.77,2025-05-05 20:24:47,Synthetic payment record,KBZ_PAY,PREMIUM,2025-05,9,,VERIFIED,11151.77,003884,2025-05-05 20:24:47,synthetic-generator,200384,100635
303885,8771.26,2025-06-05 02:27:35,Synthetic payment record,WAVE_PAY,RENEWAL,2025-06,10,,VERIFIED,8771.26,003885,2025-06-08 02:27:35,synthetic-generator,200385,100636
303886,42843.22,2025-07-04 22:23:45,Synthetic payment record,AYA_PAY,RENEWAL,2025-07,11,,VERIFIED,42843.22,003886,2025-07-04 22:23:45,synthetic-generator,200386,100637
303887,42268.73,2025-08-11 09:12:05,Synthetic payment record,BANK_TRANSFER,PREMIUM,2025-08,12,,VERIFIED,42268.73,003887,2025-08-11 09:12:05,synthetic-generator,200387,100638
303888,20048.49,2025-09-07 00:54:07,Synthetic payment record,KBZ_PAY,PREMIUM,2025-09,1,,VERIFIED,20048.49,003888,2025-09-07 00:54:07,synthetic-generator,200388,100639
303889,29556.67,2025-10-24 03:07:59,Synthetic payment record,WAVE_PAY,RENEWAL,2025-10,2,,PENDING,29556.67,003889,2025-10-27 03:07:59,,200389,100640
303890,10368.79,2025-11-13 01:29:26,Synthetic payment record,AYA_PAY,RENEWAL,2025-11,3,,VERIFIED,10368.79,003890,2025-11-13 01:29:26,synthetic-generator,200390,100641
303891,33623.69,2025-12-08 02:49:53,Synthetic payment record,BANK_TRANSFER,RENEWAL,2025-12,4,,VERIFIED,33623.69,003891,2025-12-09 02:49:53,synthetic-generator,200391,100642
303892,22494.13,2026-01-30 21:40:30,Synthetic payment record,KBZ_PAY,PREMIUM,2026-01,5,,VERIFIED,22494.13,003892,2026-02-02 21:40:30,synthetic-generator,200392,100643
303893,18886.86,2026-02-14 03:15:02,Synthetic payment record,WAVE_PAY,PREMIUM,2026-02,6,,VERIFIED,18886.86,003893,2026-02-15 03:15:02,synthetic-generator,200393,100644
303894,41478.94,2026-03-23 01:42:13,Synthetic payment record,AYA_PAY,RENEWAL,2026-03,7,,VERIFIED,41478.94,003894,2026-03-24 01:42:13,synthetic-generator,200394,100645
303895,30251.98,2026-04-25 00:20:59,Synthetic payment record,BANK_TRANSFER,PREMIUM,2026-04,8,,PENDING,30251.98,003895,2026-04-25 00:20:59,,200395,100646
303896,4880.52,2026-05-23 11:47:28,Synthetic payment record,KBZ_PAY,PREMIUM,2026-05,9,,VERIFIED,4880.52,003896,2026-05-25 11:47:28,synthetic-generator,200396,100647
303897,5869.57,2026-06-27 07:45:25,Synthetic payment record,WAVE_PAY,PREMIUM,2026-06,10,,VERIFIED,5869.57,003897,2026-06-29 07:45:25,synthetic-generator,200397,100648
303898,35922.34,2026-07-26 15:45:07,Synthetic payment record,AYA_PAY,PREMIUM,2026-07,11,,VERIFIED,35922.34,003898,2026-07-28 15:45:07,synthetic-generator,200398,100649
303899,19759.04,2026-08-01 13:35:52,Synthetic payment record,BANK_TRANSFER,RENEWAL,2026-08,12,,VERIFIED,19759.04,003899,2026-08-02 13:35:52,synthetic-generator,200399,100650
303900,9919.82,2021-09-13 23:45:19,Synthetic payment record,KBZ_PAY,RENEWAL,2021-09,1,,VERIFIED,9919.82,003900,2021-09-15 23:45:19,synthetic-generator,200400,100651
303901,18304.49,2021-10-03 01:01:43,Synthetic payment record,WAVE_PAY,PREMIUM,2021-10,2,,PENDING,18304.49,003901,2021-10-03 01:01:43,,200401,100652
303902,14016.65,2021-11-22 04:08:27,Synthetic payment record,AYA_PAY,PREMIUM,2021-11,3,,VERIFIED,14016.65,003902,2021-11-22 04:08:27,synthetic-generator,200402,100653
303903,18901.50,2021-12-03 16:07:30,Synthetic payment record,BANK_TRANSFER,PREMIUM,2021-12,4,,VERIFIED,18901.50,003903,2021-12-04 16:07:30,synthetic-generator,200403,100654
303904,11400.76,2022-01-10 15:16:02,Synthetic payment record,KBZ_PAY,PREMIUM,2022-01,5,,VERIFIED,11400.76,003904,2022-01-12 15:16:02,synthetic-generator,200404,100655
303905,6049.48,2022-02-22 03:38:53,Synthetic payment record,WAVE_PAY,PREMIUM,2022-02,6,,VERIFIED,6049.48,003905,2022-02-22 03:38:53,synthetic-generator,200405,100656
303906,25522.89,2022-03-26 07:39:21,Synthetic payment record,AYA_PAY,RENEWAL,2022-03,7,,VERIFIED,25522.89,003906,2022-03-26 07:39:21,synthetic-generator,200406,100657
303907,62157.84,2022-04-27 10:21:46,Synthetic payment record,BANK_TRANSFER,PREMIUM,2022-04,8,,PENDING,62157.84,003907,2022-04-30 10:21:46,,200407,100658
303908,6366.56,2022-05-08 08:26:27,Synthetic payment record,KBZ_PAY,PREMIUM,2022-05,9,,VERIFIED,6366.56,003908,2022-05-10 08:26:27,synthetic-generator,200408,100659
303909,17877.09,2022-06-11 15:05:53,Synthetic payment record,WAVE_PAY,RENEWAL,2022-06,10,,VERIFIED,17877.09,003909,2022-06-13 15:05:53,synthetic-generator,200409,100660
303910,26685.43,2022-07-22 09:54:57,Synthetic payment record,AYA_PAY,PREMIUM,2022-07,11,,VERIFIED,26685.43,003910,2022-07-23 09:54:57,synthetic-generator,200410,100661
303911,32484.00,2022-08-16 07:51:57,Synthetic payment record,BANK_TRANSFER,PREMIUM,2022-08,12,,VERIFIED,32484.00,003911,2022-08-18 07:51:57,synthetic-generator,200411,100662
303912,12499.62,2022-09-21 07:25:10,Synthetic payment record,KBZ_PAY,RENEWAL,2022-09,1,,VERIFIED,12499.62,003912,2022-09-22 07:25:10,synthetic-generator,200412,100663
303913,26095.32,2022-10-28 02:41:05,Synthetic payment record,WAVE_PAY,PREMIUM,2022-10,2,,VERIFIED,26095.32,003913,2022-10-28 02:41:05,synthetic-generator,200413,100664
303914,11558.21,2022-11-12 11:48:54,Synthetic payment record,AYA_PAY,PREMIUM,2022-11,3,,PENDING,11558.21,003914,2022-11-13 11:48:54,,200414,100665
303915,28787.11,2022-12-13 00:16:27,Synthetic payment record,BANK_TRANSFER,PREMIUM,2022-12,4,,VERIFIED,28787.11,003915,2022-12-13 00:16:27,synthetic-generator,200415,100666
303916,5719.37,2023-01-31 12:17:51,Synthetic payment record,KBZ_PAY,PREMIUM,2023-01,5,,VERIFIED,5719.37,003916,2023-02-01 12:17:51,synthetic-generator,200416,100667
303917,21521.18,2023-02-06 19:09:39,Synthetic payment record,WAVE_PAY,PREMIUM,2023-02,6,,REJECTED,21521.18,003917,2023-02-09 19:09:39,,200417,100668
303918,23438.99,2023-03-29 18:40:58,Synthetic payment record,AYA_PAY,CLAIM_PAYOUT,2023-03,7,,VERIFIED,23438.99,003918,2023-03-31 18:40:58,synthetic-generator,200418,100669
303919,43992.00,2023-04-24 23:36:46,Synthetic payment record,BANK_TRANSFER,PREMIUM,2023-04,8,,VERIFIED,43992.00,003919,2023-04-24 23:36:46,synthetic-generator,200419,100670
303920,3000.06,2023-05-19 11:08:30,Synthetic payment record,KBZ_PAY,PREMIUM,2023-05,9,,VERIFIED,3000.06,003920,2023-05-22 11:08:30,synthetic-generator,200420,100671
303921,19130.52,2023-06-08 13:56:43,Synthetic payment record,WAVE_PAY,PREMIUM,2023-06,10,,REJECTED,19130.52,003921,2023-06-10 13:56:43,,200421,100672
303922,41118.58,2023-07-12 21:17:56,Synthetic payment record,AYA_PAY,PREMIUM,2023-07,11,,PENDING,41118.58,003922,2023-07-13 21:17:56,,200422,100673
303923,23188.05,2023-08-06 08:28:11,Synthetic payment record,BANK_TRANSFER,PREMIUM,2023-08,12,,VERIFIED,23188.05,003923,2023-08-06 08:28:11,synthetic-generator,200423,100674
303924,7420.05,2023-09-03 02:20:45,Synthetic payment record,KBZ_PAY,CLAIM_PAYOUT,2023-09,1,,VERIFIED,7420.05,003924,2023-09-06 02:20:45,synthetic-generator,200424,100675
303925,29127.42,2023-10-12 23:26:36,Synthetic payment record,WAVE_PAY,RENEWAL,2023-10,2,,VERIFIED,29127.42,003925,2023-10-13 23:26:36,synthetic-generator,200425,100676
303926,16642.15,2023-11-24 06:45:11,Synthetic payment record,AYA_PAY,RENEWAL,2023-11,3,,VERIFIED,16642.15,003926,2023-11-25 06:45:11,synthetic-generator,200426,100677
303927,47452.54,2023-12-30 10:58:34,Synthetic payment record,BANK_TRANSFER,PREMIUM,2023-12,4,,VERIFIED,47452.54,003927,2024-01-01 10:58:34,synthetic-generator,200427,100678
303928,3400.22,2024-01-11 04:48:48,Synthetic payment record,KBZ_PAY,PREMIUM,2024-01,5,,REJECTED,3400.22,003928,2024-01-12 04:48:48,,200428,100679
303929,17804.90,2024-02-22 11:18:38,Synthetic payment record,WAVE_PAY,PREMIUM,2024-02,6,,VERIFIED,17804.90,003929,2024-02-25 11:18:38,synthetic-generator,200429,100680
303930,47454.71,2024-03-24 21:24:30,Synthetic payment record,AYA_PAY,PREMIUM,2024-03,7,,VERIFIED,47454.71,003930,2024-03-26 21:24:30,synthetic-generator,200430,100681
303931,39415.99,2024-04-25 17:42:53,Synthetic payment record,BANK_TRANSFER,PREMIUM,2024-04,8,,PENDING,39415.99,003931,2024-04-26 17:42:53,,200431,100682
303932,13074.16,2024-05-13 18:40:54,Synthetic payment record,KBZ_PAY,PREMIUM,2024-05,9,,VERIFIED,13074.16,003932,2024-05-13 18:40:54,synthetic-generator,200432,100683
303933,9871.57,2024-06-29 21:00:52,Synthetic payment record,WAVE_PAY,PREMIUM,2024-06,10,,VERIFIED,9871.57,003933,2024-06-29 21:00:52,synthetic-generator,200433,100684
303934,30452.23,2024-07-16 13:34:30,Synthetic payment record,AYA_PAY,RENEWAL,2024-07,11,,VERIFIED,30452.23,003934,2024-07-17 13:34:30,synthetic-generator,200434,100685
303935,14631.51,2024-08-18 05:05:31,Synthetic payment record,BANK_TRANSFER,PREMIUM,2024-08,12,,VERIFIED,14631.51,003935,2024-08-19 05:05:31,synthetic-generator,200435,100686
303936,8329.27,2024-09-26 08:20:14,Synthetic payment record,KBZ_PAY,PREMIUM,2024-09,1,,PENDING,8329.27,003936,2024-09-28 08:20:14,,200436,100687
303937,11503.07,2024-10-05 14:10:06,Synthetic payment record,WAVE_PAY,RENEWAL,2024-10,2,,VERIFIED,11503.07,003937,2024-10-05 14:10:06,synthetic-generator,200437,100688
303938,8988.78,2024-11-18 22:34:50,Synthetic payment record,AYA_PAY,PREMIUM,2024-11,3,,VERIFIED,8988.78,003938,2024-11-20 22:34:50,synthetic-generator,200438,100689
303939,34747.27,2024-12-25 14:27:30,Synthetic payment record,BANK_TRANSFER,CLAIM_PAYOUT,2024-12,4,,PENDING,34747.27,003939,2024-12-25 14:27:30,,200439,100690
303940,15647.94,2025-01-07 08:46:25,Synthetic payment record,KBZ_PAY,RENEWAL,2025-01,5,,VERIFIED,15647.94,003940,2025-01-07 08:46:25,synthetic-generator,200440,100691
303941,27376.76,2025-02-01 23:52:45,Synthetic payment record,WAVE_PAY,PREMIUM,2025-02,6,,VERIFIED,27376.76,003941,2025-02-04 23:52:45,synthetic-generator,200441,100692
303942,26756.71,2025-03-12 04:00:01,Synthetic payment record,AYA_PAY,PREMIUM,2025-03,7,,VERIFIED,26756.71,003942,2025-03-13 04:00:01,synthetic-generator,200442,100693
303943,43915.67,2025-04-28 00:11:09,Synthetic payment record,BANK_TRANSFER,PREMIUM,2025-04,8,,VERIFIED,43915.67,003943,2025-04-29 00:11:09,synthetic-generator,200443,100694
303944,5750.73,2025-05-22 22:31:54,Synthetic payment record,KBZ_PAY,RENEWAL,2025-05,9,,VERIFIED,5750.73,003944,2025-05-23 22:31:54,synthetic-generator,200444,100695
303945,3803.05,2025-06-25 16:36:31,Synthetic payment record,WAVE_PAY,RENEWAL,2025-06,10,,VERIFIED,3803.05,003945,2025-06-26 16:36:31,synthetic-generator,200445,100696
303946,32041.75,2025-07-04 03:25:35,Synthetic payment record,AYA_PAY,PREMIUM,2025-07,11,,VERIFIED,32041.75,003946,2025-07-06 03:25:35,synthetic-generator,200446,100697
303947,31468.81,2025-08-26 14:26:51,Synthetic payment record,BANK_TRANSFER,RENEWAL,2025-08,12,,VERIFIED,31468.81,003947,2025-08-29 14:26:51,synthetic-generator,200447,100698
303948,20539.39,2025-09-06 14:45:03,Synthetic payment record,KBZ_PAY,PREMIUM,2025-09,1,,VERIFIED,20539.39,003948,2025-09-07 14:45:03,synthetic-generator,200448,100699
303949,9362.19,2025-10-22 18:35:33,Synthetic payment record,WAVE_PAY,RENEWAL,2025-10,2,,VERIFIED,9362.19,003949,2025-10-25 18:35:33,synthetic-generator,200449,100700
303950,29238.70,2025-11-11 15:42:41,Synthetic payment record,AYA_PAY,PREMIUM,2025-11,3,,VERIFIED,29238.70,003950,2025-11-14 15:42:41,synthetic-generator,200450,100701
303951,9010.96,2025-12-11 11:36:41,Synthetic payment record,BANK_TRANSFER,PREMIUM,2025-12,4,,PENDING,9010.96,003951,2025-12-14 11:36:41,,200451,100702
303952,16769.36,2026-01-18 12:12:02,Synthetic payment record,KBZ_PAY,PREMIUM,2026-01,5,,VERIFIED,16769.36,003952,2026-01-21 12:12:02,synthetic-generator,200452,100703
303953,23194.33,2026-02-28 01:11:04,Synthetic payment record,WAVE_PAY,PREMIUM,2026-02,6,,VERIFIED,23194.33,003953,2026-03-02 01:11:04,synthetic-generator,200453,100704
303954,13654.67,2026-03-20 18:34:31,Synthetic payment record,AYA_PAY,PREMIUM,2026-03,7,,VERIFIED,13654.67,003954,2026-03-20 18:34:31,synthetic-generator,200454,100705
303955,23110.83,2026-04-03 21:15:23,Synthetic payment record,BANK_TRANSFER,RENEWAL,2026-04,8,,VERIFIED,23110.83,003955,2026-04-04 21:15:23,synthetic-generator,200455,100706
303956,1686.64,2026-05-29 05:11:17,Synthetic payment record,KBZ_PAY,PREMIUM,2026-05,9,,VERIFIED,1686.64,003956,2026-05-29 05:11:17,synthetic-generator,200456,100707
303957,26865.28,2026-06-12 15:42:41,Synthetic payment record,WAVE_PAY,RENEWAL,2026-06,10,,VERIFIED,26865.28,003957,2026-06-15 15:42:41,synthetic-generator,200457,100708
303958,39495.44,2026-07-17 01:25:13,Synthetic payment record,AYA_PAY,PREMIUM,2026-07,11,,VERIFIED,39495.44,003958,2026-07-17 01:25:13,synthetic-generator,200458,100709
303959,36286.84,2026-08-14 20:17:51,Synthetic payment record,BANK_TRANSFER,PREMIUM,2026-08,12,,VERIFIED,36286.84,003959,2026-08-16 20:17:51,synthetic-generator,200459,100710
303960,12930.40,2021-09-30 11:20:16,Synthetic payment record,KBZ_PAY,PREMIUM,2021-09,1,,VERIFIED,12930.40,003960,2021-10-03 11:20:16,synthetic-generator,200460,100711
303961,14985.57,2021-10-17 12:20:30,Synthetic payment record,WAVE_PAY,PREMIUM,2021-10,2,,VERIFIED,14985.57,003961,2021-10-17 12:20:30,synthetic-generator,200461,100712
303962,16695.76,2021-11-07 07:01:30,Synthetic payment record,AYA_PAY,RENEWAL,2021-11,3,,VERIFIED,16695.76,003962,2021-11-10 07:01:30,synthetic-generator,200462,100713
303963,12925.04,2021-12-18 20:24:34,Synthetic payment record,BANK_TRANSFER,RENEWAL,2021-12,4,,VERIFIED,12925.04,003963,2021-12-19 20:24:34,synthetic-generator,200463,100714
303964,11817.36,2022-01-18 05:24:30,Synthetic payment record,KBZ_PAY,PREMIUM,2022-01,5,,REJECTED,11817.36,003964,2022-01-18 05:24:30,,200464,100715
303965,6310.28,2022-02-15 08:48:42,Synthetic payment record,WAVE_PAY,PREMIUM,2022-02,6,,VERIFIED,6310.28,003965,2022-02-17 08:48:42,synthetic-generator,200465,100716
303966,21841.31,2022-03-08 11:30:41,Synthetic payment record,AYA_PAY,PREMIUM,2022-03,7,,VERIFIED,21841.31,003966,2022-03-09 11:30:41,synthetic-generator,200466,100717
303967,6506.41,2022-04-27 17:37:08,Synthetic payment record,BANK_TRANSFER,PREMIUM,2022-04,8,,VERIFIED,6506.41,003967,2022-04-27 17:37:08,synthetic-generator,200467,100718
303968,13274.35,2022-05-11 23:42:04,Synthetic payment record,KBZ_PAY,PREMIUM,2022-05,9,,VERIFIED,13274.35,003968,2022-05-13 23:42:04,synthetic-generator,200468,100719
303969,23054.55,2022-06-17 08:45:19,Synthetic payment record,WAVE_PAY,PREMIUM,2022-06,10,,VERIFIED,23054.55,003969,2022-06-19 08:45:19,synthetic-generator,200469,100720
303970,26085.76,2022-07-19 15:36:40,Synthetic payment record,AYA_PAY,PREMIUM,2022-07,11,,VERIFIED,26085.76,003970,2022-07-21 15:36:40,synthetic-generator,200470,100721
303971,23395.56,2022-08-06 19:45:12,Synthetic payment record,BANK_TRANSFER,PREMIUM,2022-08,12,,REJECTED,23395.56,003971,2022-08-08 19:45:12,,200471,100722
303972,15232.81,2022-09-02 07:03:41,Synthetic payment record,KBZ_PAY,PREMIUM,2022-09,1,,VERIFIED,15232.81,003972,2022-09-04 07:03:41,synthetic-generator,200472,100723
303973,8377.91,2022-10-07 02:06:30,Synthetic payment record,WAVE_PAY,PREMIUM,2022-10,2,,VERIFIED,8377.91,003973,2022-10-09 02:06:30,synthetic-generator,200473,100724
303974,9854.87,2022-11-10 17:27:28,Synthetic payment record,AYA_PAY,PREMIUM,2022-11,3,,VERIFIED,9854.87,003974,2022-11-13 17:27:28,synthetic-generator,200474,100725
303975,41992.77,2022-12-20 05:04:06,Synthetic payment record,BANK_TRANSFER,PREMIUM,2022-12,4,,VERIFIED,41992.77,003975,2022-12-20 05:04:06,synthetic-generator,200475,100726
303976,3605.01,2023-01-28 12:36:24,Synthetic payment record,KBZ_PAY,CLAIM_PAYOUT,2023-01,5,,VERIFIED,3605.01,003976,2023-01-29 12:36:24,synthetic-generator,200476,100727
303977,15433.80,2023-02-27 14:35:40,Synthetic payment record,WAVE_PAY,PREMIUM,2023-02,6,,VERIFIED,15433.80,003977,2023-02-27 14:35:40,synthetic-generator,200477,100728
303978,30282.71,2023-03-07 22:30:09,Synthetic payment record,AYA_PAY,PREMIUM,2023-03,7,,VERIFIED,30282.71,003978,2023-03-08 22:30:09,synthetic-generator,200478,100729
303979,45497.82,2023-04-07 14:36:50,Synthetic payment record,BANK_TRANSFER,PREMIUM,2023-04,8,,VERIFIED,45497.82,003979,2023-04-08 14:36:50,synthetic-generator,200479,100730
303980,10862.72,2023-05-08 15:19:58,Synthetic payment record,KBZ_PAY,PREMIUM,2023-05,9,,VERIFIED,10862.72,003980,2023-05-09 15:19:58,synthetic-generator,200480,100731
303981,10574.30,2023-06-11 02:22:01,Synthetic payment record,WAVE_PAY,RENEWAL,2023-06,10,,PENDING,10574.30,003981,2023-06-14 02:22:01,,200481,100732
303982,6557.84,2023-07-08 10:42:30,Synthetic payment record,AYA_PAY,PREMIUM,2023-07,11,,VERIFIED,6557.84,003982,2023-07-08 10:42:30,synthetic-generator,200482,100733
303983,45496.26,2023-08-28 14:07:03,Synthetic payment record,BANK_TRANSFER,RENEWAL,2023-08,12,,PENDING,45496.26,003983,2023-08-31 14:07:03,,200483,100734
303984,26747.25,2023-09-11 04:23:16,Synthetic payment record,KBZ_PAY,PREMIUM,2023-09,1,,PENDING,26747.25,003984,2023-09-13 04:23:16,,200484,100735
303985,6411.24,2023-10-29 11:40:54,Synthetic payment record,WAVE_PAY,PREMIUM,2023-10,2,,VERIFIED,6411.24,003985,2023-10-31 11:40:54,synthetic-generator,200485,100736
303986,18010.86,2023-11-18 03:08:55,Synthetic payment record,AYA_PAY,PREMIUM,2023-11,3,,VERIFIED,18010.86,003986,2023-11-19 03:08:55,synthetic-generator,200486,100737
303987,35971.29,2023-12-18 03:59:55,Synthetic payment record,BANK_TRANSFER,PREMIUM,2023-12,4,,VERIFIED,35971.29,003987,2023-12-19 03:59:55,synthetic-generator,200487,100738
303988,5810.59,2024-01-20 17:02:27,Synthetic payment record,KBZ_PAY,PREMIUM,2024-01,5,,VERIFIED,5810.59,003988,2024-01-22 17:02:27,synthetic-generator,200488,100739
303989,30124.74,2024-02-03 04:58:46,Synthetic payment record,WAVE_PAY,RENEWAL,2024-02,6,,VERIFIED,30124.74,003989,2024-02-03 04:58:46,synthetic-generator,200489,100740
303990,14586.82,2024-03-03 13:57:29,Synthetic payment record,AYA_PAY,RENEWAL,2024-03,7,,VERIFIED,14586.82,003990,2024-03-03 13:57:29,synthetic-generator,200490,100741
303991,34024.52,2024-04-21 06:08:20,Synthetic payment record,BANK_TRANSFER,PREMIUM,2024-04,8,,REJECTED,34024.52,003991,2024-04-23 06:08:20,,200491,100742
303992,4447.62,2024-05-04 03:28:57,Synthetic payment record,KBZ_PAY,PREMIUM,2024-05,9,,VERIFIED,4447.62,003992,2024-05-06 03:28:57,synthetic-generator,200492,100743
303993,28898.97,2024-06-22 08:23:06,Synthetic payment record,WAVE_PAY,PREMIUM,2024-06,10,,VERIFIED,28898.97,003993,2024-06-24 08:23:06,synthetic-generator,200493,100744
303994,47530.78,2024-07-19 19:30:38,Synthetic payment record,AYA_PAY,PREMIUM,2024-07,11,,VERIFIED,47530.78,003994,2024-07-22 19:30:38,synthetic-generator,200494,100745
303995,8004.39,2024-08-22 22:18:59,Synthetic payment record,BANK_TRANSFER,PREMIUM,2024-08,12,,REJECTED,8004.39,003995,2024-08-24 22:18:59,,200495,100746
303996,14951.20,2024-09-18 23:03:05,Synthetic payment record,KBZ_PAY,PREMIUM,2024-09,1,,VERIFIED,14951.20,003996,2024-09-20 23:03:05,synthetic-generator,200496,100747
303997,8892.39,2024-10-30 23:41:52,Synthetic payment record,WAVE_PAY,PREMIUM,2024-10,2,,VERIFIED,8892.39,003997,2024-10-31 23:41:52,synthetic-generator,200497,100748
303998,10919.12,2024-11-01 14:36:22,Synthetic payment record,AYA_PAY,PREMIUM,2024-11,3,,VERIFIED,10919.12,003998,2024-11-04 14:36:22,synthetic-generator,200498,100749
303999,38108.71,2024-12-30 05:49:13,Synthetic payment record,BANK_TRANSFER,PREMIUM,2024-12,4,,VERIFIED,38108.71,003999,2024-12-30 05:49:13,synthetic-generator,200499,100750
304000,14219.03,2025-01-15 01:40:02,Synthetic payment record,KBZ_PAY,CLAIM_PAYOUT,2025-01,5,,VERIFIED,14219.03,004000,2025-01-16 01:40:02,synthetic-generator,200500,100751
304001,7741.89,2025-02-23 22:51:19,Synthetic payment record,WAVE_PAY,RENEWAL,2025-02,6,,VERIFIED,7741.89,004001,2025-02-23 22:51:19,synthetic-generator,200501,100752
304002,58493.44,2025-03-23 19:21:59,Synthetic payment record,AYA_PAY,PREMIUM,2025-03,7,,VERIFIED,58493.44,004002,2025-03-23 19:21:59,synthetic-generator,200502,100753
304003,15910.58,2025-04-19 21:08:18,Synthetic payment record,BANK_TRANSFER,PREMIUM,2025-04,8,,VERIFIED,15910.58,004003,2025-04-20 21:08:18,synthetic-generator,200503,100754
304004,8597.14,2025-05-14 04:15:41,Synthetic payment record,KBZ_PAY,PREMIUM,2025-05,9,,PENDING,8597.14,004004,2025-05-16 04:15:41,,200504,100755
304005,4786.14,2025-06-09 06:28:34,Synthetic payment record,WAVE_PAY,RENEWAL,2025-06,10,,VERIFIED,4786.14,004005,2025-06-10 06:28:34,synthetic-generator,200505,100756
304006,11543.78,2025-07-03 17:59:08,Synthetic payment record,AYA_PAY,PREMIUM,2025-07,11,,VERIFIED,11543.78,004006,2025-07-03 17:59:08,synthetic-generator,200506,100757
304007,15295.38,2025-08-16 10:04:05,Synthetic payment record,BANK_TRANSFER,PREMIUM,2025-08,12,,VERIFIED,15295.38,004007,2025-08-17 10:04:05,synthetic-generator,200507,100758
304008,4911.48,2025-09-02 17:26:45,Synthetic payment record,KBZ_PAY,PREMIUM,2025-09,1,,VERIFIED,4911.48,004008,2025-09-02 17:26:45,synthetic-generator,200508,100759
304009,13530.26,2025-10-12 08:35:11,Synthetic payment record,WAVE_PAY,PREMIUM,2025-10,2,,REJECTED,13530.26,004009,2025-10-15 08:35:11,,200509,100760
304010,5626.79,2025-11-25 00:51:07,Synthetic payment record,AYA_PAY,PREMIUM,2025-11,3,,VERIFIED,5626.79,004010,2025-11-27 00:51:07,synthetic-generator,200510,100761
304011,38767.57,2025-12-23 04:31:10,Synthetic payment record,BANK_TRANSFER,PREMIUM,2025-12,4,,VERIFIED,38767.57,004011,2025-12-23 04:31:10,synthetic-generator,200511,100762
304012,19117.26,2026-01-06 17:24:25,Synthetic payment record,KBZ_PAY,CLAIM_PAYOUT,2026-01,5,,VERIFIED,19117.26,004012,2026-01-08 17:24:25,synthetic-generator,200512,100763
304013,34320.61,2026-02-26 09:40:44,Synthetic payment record,WAVE_PAY,PREMIUM,2026-02,6,,VERIFIED,34320.61,004013,2026-03-01 09:40:44,synthetic-generator,200513,100764
304014,14430.66,2026-03-20 12:55:28,Synthetic payment record,AYA_PAY,RENEWAL,2026-03,7,,VERIFIED,14430.66,004014,2026-03-20 12:55:28,synthetic-generator,200514,100765
304015,47670.51,2026-04-03 19:29:15,Synthetic payment record,BANK_TRANSFER,PREMIUM,2026-04,8,,PENDING,47670.51,004015,2026-04-03 19:29:15,,200515,100766
304016,11461.43,2026-05-30 02:58:38,Synthetic payment record,KBZ_PAY,PREMIUM,2026-05,9,,PENDING,11461.43,004016,2026-06-01 02:58:38,,200516,100767
304017,6700.22,2026-06-20 14:37:00,Synthetic payment record,WAVE_PAY,PREMIUM,2026-06,10,,VERIFIED,6700.22,004017,2026-06-23 14:37:00,synthetic-generator,200517,100768
304018,16121.73,2026-07-02 20:53:08,Synthetic payment record,AYA_PAY,PREMIUM,2026-07,11,,REJECTED,16121.73,004018,2026-07-04 20:53:08,,200518,100769
304019,19702.47,2026-08-20 11:12:21,Synthetic payment record,BANK_TRANSFER,PREMIUM,2026-08,12,,VERIFIED,19702.47,004019,2026-08-23 11:12:21,synthetic-generator,200519,100770
304020,6065.22,2021-09-27 23:53:26,Synthetic payment record,KBZ_PAY,PREMIUM,2021-09,1,,PENDING,6065.22,004020,2021-09-28 23:53:26,,200520,100771
304021,36593.91,2021-10-19 04:51:06,Synthetic payment record,WAVE_PAY,PREMIUM,2021-10,2,,REJECTED,36593.91,004021,2021-10-19 04:51:06,,200521,100772
304022,22525.70,2021-11-04 01:35:06,Synthetic payment record,AYA_PAY,PREMIUM,2021-11,3,,VERIFIED,22525.70,004022,2021-11-04 01:35:06,synthetic-generator,200522,100773
304023,35360.58,2021-12-06 21:40:27,Synthetic payment record,BANK_TRANSFER,RENEWAL,2021-12,4,,VERIFIED,35360.58,004023,2021-12-07 21:40:27,synthetic-generator,200523,100774
304024,8515.02,2022-01-21 16:48:17,Synthetic payment record,KBZ_PAY,PREMIUM,2022-01,5,,VERIFIED,8515.02,004024,2022-01-23 16:48:17,synthetic-generator,200524,100775
304025,18311.28,2022-02-05 08:09:00,Synthetic payment record,WAVE_PAY,PREMIUM,2022-02,6,,VERIFIED,18311.28,004025,2022-02-08 08:09:00,synthetic-generator,200525,100776
304026,34156.52,2022-03-27 10:09:05,Synthetic payment record,AYA_PAY,RENEWAL,2022-03,7,,VERIFIED,34156.52,004026,2022-03-29 10:09:05,synthetic-generator,200526,100777
304027,43119.50,2022-04-23 03:40:13,Synthetic payment record,BANK_TRANSFER,PREMIUM,2022-04,8,,VERIFIED,43119.50,004027,2022-04-23 03:40:13,synthetic-generator,200527,100778
304028,7441.90,2022-05-16 19:27:30,Synthetic payment record,KBZ_PAY,PREMIUM,2022-05,9,,PENDING,7441.90,004028,2022-05-19 19:27:30,,200528,100779
304029,9561.49,2022-06-15 03:49:55,Synthetic payment record,WAVE_PAY,RENEWAL,2022-06,10,,REJECTED,9561.49,004029,2022-06-15 03:49:55,,200529,100780
304030,31051.63,2022-07-26 20:26:04,Synthetic payment record,AYA_PAY,PREMIUM,2022-07,11,,VERIFIED,31051.63,004030,2022-07-28 20:26:04,synthetic-generator,200530,100781
304031,10065.34,2022-08-19 12:56:26,Synthetic payment record,BANK_TRANSFER,PREMIUM,2022-08,12,,VERIFIED,10065.34,004031,2022-08-20 12:56:26,synthetic-generator,200531,100782
304032,15328.45,2022-09-17 09:24:43,Synthetic payment record,KBZ_PAY,PREMIUM,2022-09,1,,VERIFIED,15328.45,004032,2022-09-19 09:24:43,synthetic-generator,200532,100783
304033,15459.12,2022-10-26 07:39:31,Synthetic payment record,WAVE_PAY,PREMIUM,2022-10,2,,VERIFIED,15459.12,004033,2022-10-29 07:39:31,synthetic-generator,200533,100784
304034,13006.03,2022-11-21 08:32:55,Synthetic payment record,AYA_PAY,PREMIUM,2022-11,3,,VERIFIED,13006.03,004034,2022-11-23 08:32:55,synthetic-generator,200534,100785
304035,17815.52,2022-12-25 04:07:39,Synthetic payment record,BANK_TRANSFER,PREMIUM,2022-12,4,,PENDING,17815.52,004035,2022-12-28 04:07:39,,200535,100786
304036,9266.81,2023-01-28 13:50:02,Synthetic payment record,KBZ_PAY,PREMIUM,2023-01,5,,PENDING,9266.81,004036,2023-01-31 13:50:02,,200536,100787
304037,4849.11,2023-02-22 14:50:39,Synthetic payment record,WAVE_PAY,PREMIUM,2023-02,6,,VERIFIED,4849.11,004037,2023-02-24 14:50:39,synthetic-generator,200537,100788
304038,30313.84,2023-03-02 05:23:54,Synthetic payment record,AYA_PAY,PREMIUM,2023-03,7,,VERIFIED,30313.84,004038,2023-03-03 05:23:54,synthetic-generator,200538,100789
304039,35679.85,2023-04-25 01:55:20,Synthetic payment record,BANK_TRANSFER,PREMIUM,2023-04,8,,VERIFIED,35679.85,004039,2023-04-26 01:55:20,synthetic-generator,200539,100790
304040,2533.29,2023-05-03 03:29:43,Synthetic payment record,KBZ_PAY,RENEWAL,2023-05,9,,VERIFIED,2533.29,004040,2023-05-03 03:29:43,synthetic-generator,200540,100791
304041,2375.72,2023-06-23 22:01:30,Synthetic payment record,WAVE_PAY,PREMIUM,2023-06,10,,VERIFIED,2375.72,004041,2023-06-26 22:01:30,synthetic-generator,200541,100792
304042,37418.54,2023-07-31 02:30:18,Synthetic payment record,AYA_PAY,PREMIUM,2023-07,11,,VERIFIED,37418.54,004042,2023-07-31 02:30:18,synthetic-generator,200542,100793
304043,18696.59,2023-08-15 06:10:12,Synthetic payment record,BANK_TRANSFER,PREMIUM,2023-08,12,,VERIFIED,18696.59,004043,2023-08-15 06:10:12,synthetic-generator,200543,100794
304044,13144.11,2023-09-07 18:26:15,Synthetic payment record,KBZ_PAY,PREMIUM,2023-09,1,,VERIFIED,13144.11,004044,2023-09-08 18:26:15,synthetic-generator,200544,100795
304045,33179.61,2023-10-13 22:16:54,Synthetic payment record,WAVE_PAY,RENEWAL,2023-10,2,,VERIFIED,33179.61,004045,2023-10-15 22:16:54,synthetic-generator,200545,100796
304046,12740.70,2023-11-08 15:15:29,Synthetic payment record,AYA_PAY,PREMIUM,2023-11,3,,VERIFIED,12740.70,004046,2023-11-08 15:15:29,synthetic-generator,200546,100797
304047,27771.36,2023-12-09 21:44:29,Synthetic payment record,BANK_TRANSFER,PREMIUM,2023-12,4,,PENDING,27771.36,004047,2023-12-09 21:44:29,,200547,100798
304048,5736.96,2024-01-09 14:11:50,Synthetic payment record,KBZ_PAY,PREMIUM,2024-01,5,,VERIFIED,5736.96,004048,2024-01-12 14:11:50,synthetic-generator,200548,100799
304049,23159.24,2024-02-10 22:24:10,Synthetic payment record,WAVE_PAY,PREMIUM,2024-02,6,,VERIFIED,23159.24,004049,2024-02-12 22:24:10,synthetic-generator,200549,100800
304050,27054.80,2024-03-16 22:07:41,Synthetic payment record,AYA_PAY,PREMIUM,2024-03,7,,VERIFIED,27054.80,004050,2024-03-19 22:07:41,synthetic-generator,200550,100801
304051,72144.47,2024-04-15 01:38:05,Synthetic payment record,BANK_TRANSFER,PREMIUM,2024-04,8,,VERIFIED,72144.47,004051,2024-04-17 01:38:05,synthetic-generator,200551,100802
304052,8002.94,2024-05-26 02:44:32,Synthetic payment record,KBZ_PAY,PREMIUM,2024-05,9,,VERIFIED,8002.94,004052,2024-05-29 02:44:32,synthetic-generator,200552,100803
304053,3811.64,2024-06-24 03:14:36,Synthetic payment record,WAVE_PAY,PREMIUM,2024-06,10,,VERIFIED,3811.64,004053,2024-06-27 03:14:36,synthetic-generator,200553,100804
304054,5067.84,2024-07-24 20:41:15,Synthetic payment record,AYA_PAY,PREMIUM,2024-07,11,,VERIFIED,5067.84,004054,2024-07-26 20:41:15,synthetic-generator,200554,100805
304055,30355.21,2024-08-27 17:38:54,Synthetic payment record,BANK_TRANSFER,PREMIUM,2024-08,12,,VERIFIED,30355.21,004055,2024-08-30 17:38:54,synthetic-generator,200555,100806
304056,9580.36,2024-09-29 00:29:20,Synthetic payment record,KBZ_PAY,PREMIUM,2024-09,1,,VERIFIED,9580.36,004056,2024-10-01 00:29:20,synthetic-generator,200556,100807
304057,20275.69,2024-10-30 13:31:02,Synthetic payment record,WAVE_PAY,PREMIUM,2024-10,2,,VERIFIED,20275.69,004057,2024-10-30 13:31:02,synthetic-generator,200557,100808
304058,14271.03,2024-11-02 19:05:52,Synthetic payment record,AYA_PAY,RENEWAL,2024-11,3,,VERIFIED,14271.03,004058,2024-11-05 19:05:52,synthetic-generator,200558,100809
304059,37839.67,2024-12-07 10:45:48,Synthetic payment record,BANK_TRANSFER,PREMIUM,2024-12,4,,PENDING,37839.67,004059,2024-12-07 10:45:48,,200559,100810
304060,22422.34,2025-01-06 16:14:58,Synthetic payment record,KBZ_PAY,PREMIUM,2025-01,5,,VERIFIED,22422.34,004060,2025-01-06 16:14:58,synthetic-generator,200560,100811
304061,42564.76,2025-02-16 17:55:14,Synthetic payment record,WAVE_PAY,PREMIUM,2025-02,6,,VERIFIED,42564.76,004061,2025-02-18 17:55:14,synthetic-generator,200561,100812
304062,19944.22,2025-03-21 21:55:51,Synthetic payment record,AYA_PAY,PREMIUM,2025-03,7,,VERIFIED,19944.22,004062,2025-03-22 21:55:51,synthetic-generator,200562,100813
304063,49052.53,2025-04-03 01:29:13,Synthetic payment record,BANK_TRANSFER,PREMIUM,2025-04,8,,VERIFIED,49052.53,004063,2025-04-05 01:29:13,synthetic-generator,200563,100814
304064,13226.63,2025-05-20 01:12:52,Synthetic payment record,KBZ_PAY,PREMIUM,2025-05,9,,VERIFIED,13226.63,004064,2025-05-20 01:12:52,synthetic-generator,200564,100815
304065,6806.57,2025-06-19 17:07:04,Synthetic payment record,WAVE_PAY,PREMIUM,2025-06,10,,VERIFIED,6806.57,004065,2025-06-19 17:07:04,synthetic-generator,200565,100816
304066,41630.53,2025-07-07 08:53:20,Synthetic payment record,AYA_PAY,PREMIUM,2025-07,11,,VERIFIED,41630.53,004066,2025-07-09 08:53:20,synthetic-generator,200566,100817
304067,8145.89,2025-08-13 23:22:19,Synthetic payment record,BANK_TRANSFER,CLAIM_PAYOUT,2025-08,12,,VERIFIED,8145.89,004067,2025-08-14 23:22:19,synthetic-generator,200567,100818
304068,16040.49,2025-09-19 15:23:42,Synthetic payment record,KBZ_PAY,PREMIUM,2025-09,1,,VERIFIED,16040.49,004068,2025-09-19 15:23:42,synthetic-generator,200568,100819
304069,17839.13,2025-10-19 14:57:48,Synthetic payment record,WAVE_PAY,PREMIUM,2025-10,2,,VERIFIED,17839.13,004069,2025-10-20 14:57:48,synthetic-generator,200569,100820
304070,18497.79,2025-11-02 20:54:27,Synthetic payment record,AYA_PAY,RENEWAL,2025-11,3,,VERIFIED,18497.79,004070,2025-11-02 20:54:27,synthetic-generator,200570,100821
304071,5746.38,2025-12-16 01:58:22,Synthetic payment record,BANK_TRANSFER,CLAIM_PAYOUT,2025-12,4,,VERIFIED,5746.38,004071,2025-12-16 01:58:22,synthetic-generator,200571,100822
304072,9317.81,2026-01-13 22:17:55,Synthetic payment record,KBZ_PAY,PREMIUM,2026-01,5,,VERIFIED,9317.81,004072,2026-01-16 22:17:55,synthetic-generator,200572,100823
304073,33785.92,2026-02-28 03:47:34,Synthetic payment record,WAVE_PAY,PREMIUM,2026-02,6,,VERIFIED,33785.92,004073,2026-03-02 03:47:34,synthetic-generator,200573,100824
304074,8958.86,2026-03-13 10:57:28,Synthetic payment record,AYA_PAY,PREMIUM,2026-03,7,,VERIFIED,8958.86,004074,2026-03-16 10:57:28,synthetic-generator,200574,100825
304075,71418.87,2026-04-26 05:50:03,Synthetic payment record,BANK_TRANSFER,PREMIUM,2026-04,8,,VERIFIED,71418.87,004075,2026-04-29 05:50:03,synthetic-generator,200575,100826
304076,9588.70,2026-05-16 13:55:30,Synthetic payment record,KBZ_PAY,RENEWAL,2026-05,9,,VERIFIED,9588.70,004076,2026-05-16 13:55:30,synthetic-generator,200576,100827
304077,3841.14,2026-06-17 01:09:56,Synthetic payment record,WAVE_PAY,PREMIUM,2026-06,10,,REJECTED,3841.14,004077,2026-06-18 01:09:56,,200577,100828
304078,19038.51,2026-07-24 19:46:32,Synthetic payment record,AYA_PAY,PREMIUM,2026-07,11,,VERIFIED,19038.51,004078,2026-07-25 19:46:32,synthetic-generator,200578,100829
304079,60006.20,2026-08-07 06:15:28,Synthetic payment record,BANK_TRANSFER,PREMIUM,2026-08,12,,VERIFIED,60006.20,004079,2026-08-07 06:15:28,synthetic-generator,200579,100830
304080,6333.80,2021-09-26 10:50:03,Synthetic payment record,KBZ_PAY,PREMIUM,2021-09,1,,PENDING,6333.80,004080,2021-09-29 10:50:03,,200580,100831
304081,25064.36,2021-10-30 07:54:09,Synthetic payment record,WAVE_PAY,RENEWAL,2021-10,2,,VERIFIED,25064.36,004081,2021-11-02 07:54:09,synthetic-generator,200581,100832
304082,20681.39,2021-11-25 19:20:22,Synthetic payment record,AYA_PAY,PREMIUM,2021-11,3,,VERIFIED,20681.39,004082,2021-11-28 19:20:22,synthetic-generator,200582,100833
304083,4980.68,2021-12-26 19:38:47,Synthetic payment record,BANK_TRANSFER,RENEWAL,2021-12,4,,VERIFIED,4980.68,004083,2021-12-26 19:38:47,synthetic-generator,200583,100834
304084,13823.37,2022-01-24 11:50:10,Synthetic payment record,KBZ_PAY,PREMIUM,2022-01,5,,PENDING,13823.37,004084,2022-01-24 11:50:10,,200584,100835
304085,35245.34,2022-02-25 11:24:06,Synthetic payment record,WAVE_PAY,PREMIUM,2022-02,6,,VERIFIED,35245.34,004085,2022-02-28 11:24:06,synthetic-generator,200585,100836
304086,40679.91,2022-03-02 13:35:02,Synthetic payment record,AYA_PAY,PREMIUM,2022-03,7,,VERIFIED,40679.91,004086,2022-03-05 13:35:02,synthetic-generator,200586,100837
304087,20936.86,2022-04-23 00:10:40,Synthetic payment record,BANK_TRANSFER,PREMIUM,2022-04,8,,REJECTED,20936.86,004087,2022-04-24 00:10:40,,200587,100838
304088,13829.34,2022-05-22 13:35:11,Synthetic payment record,KBZ_PAY,PREMIUM,2022-05,9,,VERIFIED,13829.34,004088,2022-05-22 13:35:11,synthetic-generator,200588,100839
304089,15052.89,2022-06-05 07:05:22,Synthetic payment record,WAVE_PAY,PREMIUM,2022-06,10,,VERIFIED,15052.89,004089,2022-06-07 07:05:22,synthetic-generator,200589,100840
304090,9626.77,2022-07-10 17:07:43,Synthetic payment record,AYA_PAY,PREMIUM,2022-07,11,,VERIFIED,9626.77,004090,2022-07-12 17:07:43,synthetic-generator,200590,100841
304091,29287.79,2022-08-16 02:15:03,Synthetic payment record,BANK_TRANSFER,PREMIUM,2022-08,12,,PENDING,29287.79,004091,2022-08-18 02:15:03,,200591,100842
304092,6884.54,2022-09-24 14:42:02,Synthetic payment record,KBZ_PAY,RENEWAL,2022-09,1,,REJECTED,6884.54,004092,2022-09-26 14:42:02,,200592,100843
304093,26637.49,2022-10-10 07:25:03,Synthetic payment record,WAVE_PAY,PREMIUM,2022-10,2,,VERIFIED,26637.49,004093,2022-10-10 07:25:03,synthetic-generator,200593,100844
304094,21336.40,2022-11-19 11:38:43,Synthetic payment record,AYA_PAY,PREMIUM,2022-11,3,,PENDING,21336.40,004094,2022-11-22 11:38:43,,200594,100845
304095,39544.33,2022-12-29 07:52:19,Synthetic payment record,BANK_TRANSFER,RENEWAL,2022-12,4,,VERIFIED,39544.33,004095,2022-12-31 07:52:19,synthetic-generator,200595,100846
304096,14547.85,2023-01-09 18:42:04,Synthetic payment record,KBZ_PAY,PREMIUM,2023-01,5,,VERIFIED,14547.85,004096,2023-01-11 18:42:04,synthetic-generator,200596,100847
304097,10385.25,2023-02-28 18:51:22,Synthetic payment record,WAVE_PAY,CLAIM_PAYOUT,2023-02,6,,PENDING,10385.25,004097,2023-03-02 18:51:22,,200597,100848
304098,36552.61,2023-03-30 22:20:12,Synthetic payment record,AYA_PAY,PREMIUM,2023-03,7,,VERIFIED,36552.61,004098,2023-03-31 22:20:12,synthetic-generator,200598,100849
304099,57286.09,2023-04-30 09:27:31,Synthetic payment record,BANK_TRANSFER,RENEWAL,2023-04,8,,VERIFIED,57286.09,004099,2023-05-02 09:27:31,synthetic-generator,200599,100850
304100,8905.89,2023-05-07 01:10:22,Synthetic payment record,KBZ_PAY,PREMIUM,2023-05,9,,VERIFIED,8905.89,004100,2023-05-07 01:10:22,synthetic-generator,200600,100851
304101,12595.89,2023-06-29 08:47:47,Synthetic payment record,WAVE_PAY,PREMIUM,2023-06,10,,VERIFIED,12595.89,004101,2023-07-02 08:47:47,synthetic-generator,200601,100852
304102,21794.29,2023-07-17 18:06:01,Synthetic payment record,AYA_PAY,RENEWAL,2023-07,11,,VERIFIED,21794.29,004102,2023-07-17 18:06:01,synthetic-generator,200602,100853
304103,50423.81,2023-08-11 20:44:35,Synthetic payment record,BANK_TRANSFER,RENEWAL,2023-08,12,,VERIFIED,50423.81,004103,2023-08-12 20:44:35,synthetic-generator,200603,100854
304104,4761.80,2023-09-18 22:55:45,Synthetic payment record,KBZ_PAY,PREMIUM,2023-09,1,,REJECTED,4761.80,004104,2023-09-20 22:55:45,,200604,100855
304105,30593.03,2023-10-10 02:30:51,Synthetic payment record,WAVE_PAY,PREMIUM,2023-10,2,,VERIFIED,30593.03,004105,2023-10-13 02:30:51,synthetic-generator,200605,100856
304106,11660.26,2023-11-07 16:42:29,Synthetic payment record,AYA_PAY,PREMIUM,2023-11,3,,REJECTED,11660.26,004106,2023-11-07 16:42:29,,200606,100857
304107,27062.34,2023-12-11 18:12:52,Synthetic payment record,BANK_TRANSFER,PREMIUM,2023-12,4,,VERIFIED,27062.34,004107,2023-12-11 18:12:52,synthetic-generator,200607,100858
304108,21619.72,2024-01-12 22:32:14,Synthetic payment record,KBZ_PAY,PREMIUM,2024-01,5,,REJECTED,21619.72,004108,2024-01-12 22:32:14,,200608,100859
304109,18902.71,2024-02-18 02:04:32,Synthetic payment record,WAVE_PAY,RENEWAL,2024-02,6,,VERIFIED,18902.71,004109,2024-02-19 02:04:32,synthetic-generator,200609,100860
304110,38436.42,2024-03-05 17:11:23,Synthetic payment record,AYA_PAY,PREMIUM,2024-03,7,,VERIFIED,38436.42,004110,2024-03-07 17:11:23,synthetic-generator,200610,100861
304111,51656.29,2024-04-10 19:59:45,Synthetic payment record,BANK_TRANSFER,PREMIUM,2024-04,8,,VERIFIED,51656.29,004111,2024-04-13 19:59:45,synthetic-generator,200611,100862
304112,7816.64,2024-05-12 11:04:31,Synthetic payment record,KBZ_PAY,PREMIUM,2024-05,9,,VERIFIED,7816.64,004112,2024-05-13 11:04:31,synthetic-generator,200612,100863
304113,5863.48,2024-06-01 08:52:40,Synthetic payment record,WAVE_PAY,PREMIUM,2024-06,10,,VERIFIED,5863.48,004113,2024-06-02 08:52:40,synthetic-generator,200613,100864
304114,44916.19,2024-07-11 22:52:01,Synthetic payment record,AYA_PAY,PREMIUM,2024-07,11,,VERIFIED,44916.19,004114,2024-07-13 22:52:01,synthetic-generator,200614,100865
304115,22282.05,2024-08-21 01:56:15,Synthetic payment record,BANK_TRANSFER,PREMIUM,2024-08,12,,PENDING,22282.05,004115,2024-08-23 01:56:15,,200615,100866
304116,11794.12,2024-09-29 12:00:59,Synthetic payment record,KBZ_PAY,PREMIUM,2024-09,1,,PENDING,11794.12,004116,2024-10-02 12:00:59,,200616,100867
304117,37029.54,2024-10-28 21:32:12,Synthetic payment record,WAVE_PAY,PREMIUM,2024-10,2,,VERIFIED,37029.54,004117,2024-10-30 21:32:12,synthetic-generator,200617,100868
304118,18494.25,2024-11-21 23:09:29,Synthetic payment record,AYA_PAY,PREMIUM,2024-11,3,,VERIFIED,18494.25,004118,2024-11-24 23:09:29,synthetic-generator,200618,100869
304119,14979.94,2024-12-09 18:03:54,Synthetic payment record,BANK_TRANSFER,PREMIUM,2024-12,4,,PENDING,14979.94,004119,2024-12-10 18:03:54,,200619,100870
304120,11599.34,2025-01-24 18:15:52,Synthetic payment record,KBZ_PAY,PREMIUM,2025-01,5,,VERIFIED,11599.34,004120,2025-01-25 18:15:52,synthetic-generator,200620,100871
304121,24816.27,2025-02-01 22:26:09,Synthetic payment record,WAVE_PAY,CLAIM_PAYOUT,2025-02,6,,PENDING,24816.27,004121,2025-02-03 22:26:09,,200621,100872
304122,28771.66,2025-03-10 08:13:12,Synthetic payment record,AYA_PAY,CLAIM_PAYOUT,2025-03,7,,PENDING,28771.66,004122,2025-03-13 08:13:12,,200622,100873
304123,28141.05,2025-04-29 14:37:22,Synthetic payment record,BANK_TRANSFER,PREMIUM,2025-04,8,,VERIFIED,28141.05,004123,2025-05-01 14:37:22,synthetic-generator,200623,100874
304124,9725.05,2025-05-17 21:13:20,Synthetic payment record,KBZ_PAY,PREMIUM,2025-05,9,,VERIFIED,9725.05,004124,2025-05-18 21:13:20,synthetic-generator,200624,100875
304125,23548.54,2025-06-13 03:47:24,Synthetic payment record,WAVE_PAY,PREMIUM,2025-06,10,,PENDING,23548.54,004125,2025-06-16 03:47:24,,200625,100876
304126,24880.16,2025-07-01 15:35:23,Synthetic payment record,AYA_PAY,RENEWAL,2025-07,11,,VERIFIED,24880.16,004126,2025-07-01 15:35:23,synthetic-generator,200626,100877
304127,31509.68,2025-08-19 06:26:39,Synthetic payment record,BANK_TRANSFER,PREMIUM,2025-08,12,,VERIFIED,31509.68,004127,2025-08-22 06:26:39,synthetic-generator,200627,100878
304128,5550.90,2025-09-03 18:29:35,Synthetic payment record,KBZ_PAY,PREMIUM,2025-09,1,,VERIFIED,5550.90,004128,2025-09-05 18:29:35,synthetic-generator,200628,100879
304129,31896.40,2025-10-30 02:28:44,Synthetic payment record,WAVE_PAY,PREMIUM,2025-10,2,,VERIFIED,31896.40,004129,2025-11-01 02:28:44,synthetic-generator,200629,100880
304130,17046.71,2025-11-13 22:16:51,Synthetic payment record,AYA_PAY,RENEWAL,2025-11,3,,VERIFIED,17046.71,004130,2025-11-15 22:16:51,synthetic-generator,200630,100881
304131,33425.40,2025-12-01 04:02:01,Synthetic payment record,BANK_TRANSFER,PREMIUM,2025-12,4,,VERIFIED,33425.40,004131,2025-12-02 04:02:01,synthetic-generator,200631,100882
304132,13442.17,2026-01-31 07:21:18,Synthetic payment record,KBZ_PAY,RENEWAL,2026-01,5,,VERIFIED,13442.17,004132,2026-02-01 07:21:18,synthetic-generator,200632,100883
304133,42946.28,2026-02-22 03:09:26,Synthetic payment record,WAVE_PAY,PREMIUM,2026-02,6,,VERIFIED,42946.28,004133,2026-02-22 03:09:26,synthetic-generator,200633,100884
304134,13260.16,2026-03-23 22:06:32,Synthetic payment record,AYA_PAY,PREMIUM,2026-03,7,,VERIFIED,13260.16,004134,2026-03-24 22:06:32,synthetic-generator,200634,100885
304135,8954.78,2026-04-13 12:08:04,Synthetic payment record,BANK_TRANSFER,PREMIUM,2026-04,8,,VERIFIED,8954.78,004135,2026-04-15 12:08:04,synthetic-generator,200635,100886
304136,14581.28,2026-05-22 09:25:13,Synthetic payment record,KBZ_PAY,RENEWAL,2026-05,9,,VERIFIED,14581.28,004136,2026-05-24 09:25:13,synthetic-generator,200636,100887
304137,10681.36,2026-06-06 22:41:30,Synthetic payment record,WAVE_PAY,PREMIUM,2026-06,10,,VERIFIED,10681.36,004137,2026-06-07 22:41:30,synthetic-generator,200637,100888
304138,23887.37,2026-07-26 21:24:15,Synthetic payment record,AYA_PAY,PREMIUM,2026-07,11,,VERIFIED,23887.37,004138,2026-07-29 21:24:15,synthetic-generator,200638,100889
304139,18801.51,2026-08-31 10:00:27,Synthetic payment record,BANK_TRANSFER,PREMIUM,2026-08,12,,VERIFIED,18801.51,004139,2026-09-01 10:00:27,synthetic-generator,200639,100890
304140,8385.84,2021-09-06 07:58:31,Synthetic payment record,KBZ_PAY,RENEWAL,2021-09,1,,VERIFIED,8385.84,004140,2021-09-09 07:58:31,synthetic-generator,200640,100891
304141,27706.06,2021-10-02 21:00:13,Synthetic payment record,WAVE_PAY,PREMIUM,2021-10,2,,VERIFIED,27706.06,004141,2021-10-02 21:00:13,synthetic-generator,200641,100892
304142,15349.84,2021-11-16 08:33:39,Synthetic payment record,AYA_PAY,PREMIUM,2021-11,3,,VERIFIED,15349.84,004142,2021-11-18 08:33:39,synthetic-generator,200642,100893
304143,22621.58,2021-12-17 22:04:41,Synthetic payment record,BANK_TRANSFER,RENEWAL,2021-12,4,,VERIFIED,22621.58,004143,2021-12-17 22:04:41,synthetic-generator,200643,100894
304144,2667.55,2022-01-16 23:50:18,Synthetic payment record,KBZ_PAY,PREMIUM,2022-01,5,,VERIFIED,2667.55,004144,2022-01-17 23:50:18,synthetic-generator,200644,100895
304145,6619.00,2022-02-12 20:36:38,Synthetic payment record,WAVE_PAY,PREMIUM,2022-02,6,,VERIFIED,6619.00,004145,2022-02-12 20:36:38,synthetic-generator,200645,100896
304146,24901.30,2022-03-26 23:54:20,Synthetic payment record,AYA_PAY,PREMIUM,2022-03,7,,VERIFIED,24901.30,004146,2022-03-29 23:54:20,synthetic-generator,200646,100897
304147,54250.92,2022-04-11 08:05:24,Synthetic payment record,BANK_TRANSFER,PREMIUM,2022-04,8,,VERIFIED,54250.92,004147,2022-04-11 08:05:24,synthetic-generator,200647,100898
304148,4629.25,2022-05-04 03:27:04,Synthetic payment record,KBZ_PAY,RENEWAL,2022-05,9,,VERIFIED,4629.25,004148,2022-05-06 03:27:04,synthetic-generator,200648,100899
304149,21561.63,2022-06-30 13:04:23,Synthetic payment record,WAVE_PAY,PREMIUM,2022-06,10,,PENDING,21561.63,004149,2022-07-01 13:04:23,,200649,100900
304150,14656.22,2022-07-19 10:23:11,Synthetic payment record,AYA_PAY,PREMIUM,2022-07,11,,VERIFIED,14656.22,004150,2022-07-20 10:23:11,synthetic-generator,200650,100901
304151,5376.33,2022-08-13 22:16:22,Synthetic payment record,BANK_TRANSFER,RENEWAL,2022-08,12,,VERIFIED,5376.33,004151,2022-08-14 22:16:22,synthetic-generator,200651,100902
304152,4487.26,2022-09-25 03:41:08,Synthetic payment record,KBZ_PAY,RENEWAL,2022-09,1,,VERIFIED,4487.26,004152,2022-09-25 03:41:08,synthetic-generator,200652,100903
304153,3942.53,2022-10-29 20:59:53,Synthetic payment record,WAVE_PAY,PREMIUM,2022-10,2,,VERIFIED,3942.53,004153,2022-10-29 20:59:53,synthetic-generator,200653,100904
304154,16928.55,2022-11-14 13:21:28,Synthetic payment record,AYA_PAY,PREMIUM,2022-11,3,,VERIFIED,16928.55,004154,2022-11-15 13:21:28,synthetic-generator,200654,100905
304155,18975.70,2022-12-19 08:24:17,Synthetic payment record,BANK_TRANSFER,CLAIM_PAYOUT,2022-12,4,,VERIFIED,18975.70,004155,2022-12-22 08:24:17,synthetic-generator,200655,100906
304156,18808.55,2023-01-06 04:57:57,Synthetic payment record,KBZ_PAY,PREMIUM,2023-01,5,,VERIFIED,18808.55,004156,2023-01-06 04:57:57,synthetic-generator,200656,100907
304157,8704.60,2023-02-13 13:18:21,Synthetic payment record,WAVE_PAY,PREMIUM,2023-02,6,,VERIFIED,8704.60,004157,2023-02-15 13:18:21,synthetic-generator,200657,100908
304158,18149.85,2023-03-08 20:34:58,Synthetic payment record,AYA_PAY,PREMIUM,2023-03,7,,VERIFIED,18149.85,004158,2023-03-10 20:34:58,synthetic-generator,200658,100909
304159,45577.63,2023-04-19 07:02:16,Synthetic payment record,BANK_TRANSFER,PREMIUM,2023-04,8,,REJECTED,45577.63,004159,2023-04-22 07:02:16,,200659,100910
304160,10869.44,2023-05-08 19:07:50,Synthetic payment record,KBZ_PAY,PREMIUM,2023-05,9,,VERIFIED,10869.44,004160,2023-05-09 19:07:50,synthetic-generator,200660,100911
304161,2072.02,2023-06-23 19:20:43,Synthetic payment record,WAVE_PAY,PREMIUM,2023-06,10,,VERIFIED,2072.02,004161,2023-06-24 19:20:43,synthetic-generator,200661,100912
304162,31157.91,2023-07-02 22:32:45,Synthetic payment record,AYA_PAY,PREMIUM,2023-07,11,,REJECTED,31157.91,004162,2023-07-04 22:32:45,,200662,100913
304163,27810.10,2023-08-15 21:22:33,Synthetic payment record,BANK_TRANSFER,PREMIUM,2023-08,12,,VERIFIED,27810.10,004163,2023-08-15 21:22:33,synthetic-generator,200663,100914
304164,15401.84,2023-09-12 10:22:54,Synthetic payment record,KBZ_PAY,PREMIUM,2023-09,1,,VERIFIED,15401.84,004164,2023-09-12 10:22:54,synthetic-generator,200664,100915
304165,29391.08,2023-10-06 01:36:43,Synthetic payment record,WAVE_PAY,PREMIUM,2023-10,2,,PENDING,29391.08,004165,2023-10-09 01:36:43,,200665,100916
304166,23716.03,2023-11-09 19:37:39,Synthetic payment record,AYA_PAY,PREMIUM,2023-11,3,,VERIFIED,23716.03,004166,2023-11-09 19:37:39,synthetic-generator,200666,100917
304167,35777.88,2023-12-22 17:09:48,Synthetic payment record,BANK_TRANSFER,RENEWAL,2023-12,4,,VERIFIED,35777.88,004167,2023-12-23 17:09:48,synthetic-generator,200667,100918
304168,10125.62,2024-01-29 15:39:57,Synthetic payment record,KBZ_PAY,PREMIUM,2024-01,5,,VERIFIED,10125.62,004168,2024-01-30 15:39:57,synthetic-generator,200668,100919
304169,27050.45,2024-02-10 12:54:21,Synthetic payment record,WAVE_PAY,PREMIUM,2024-02,6,,VERIFIED,27050.45,004169,2024-02-11 12:54:21,synthetic-generator,200669,100920
304170,9899.72,2024-03-16 16:38:59,Synthetic payment record,AYA_PAY,PREMIUM,2024-03,7,,VERIFIED,9899.72,004170,2024-03-16 16:38:59,synthetic-generator,200670,100921
304171,17538.84,2024-04-29 10:02:30,Synthetic payment record,BANK_TRANSFER,PREMIUM,2024-04,8,,VERIFIED,17538.84,004171,2024-05-02 10:02:30,synthetic-generator,200671,100922
304172,9484.31,2024-05-17 15:24:23,Synthetic payment record,KBZ_PAY,PREMIUM,2024-05,9,,VERIFIED,9484.31,004172,2024-05-18 15:24:23,synthetic-generator,200672,100923
304173,21198.68,2024-06-23 19:22:04,Synthetic payment record,WAVE_PAY,PREMIUM,2024-06,10,,VERIFIED,21198.68,004173,2024-06-24 19:22:04,synthetic-generator,200673,100924
304174,3566.03,2024-07-18 22:44:11,Synthetic payment record,AYA_PAY,PREMIUM,2024-07,11,,VERIFIED,3566.03,004174,2024-07-21 22:44:11,synthetic-generator,200674,100925
304175,38206.24,2024-08-25 12:56:50,Synthetic payment record,BANK_TRANSFER,PREMIUM,2024-08,12,,VERIFIED,38206.24,004175,2024-08-26 12:56:50,synthetic-generator,200675,100926
304176,10157.14,2024-09-21 08:51:09,Synthetic payment record,KBZ_PAY,PREMIUM,2024-09,1,,VERIFIED,10157.14,004176,2024-09-22 08:51:09,synthetic-generator,200676,100927
304177,11547.49,2024-10-01 18:50:12,Synthetic payment record,WAVE_PAY,PREMIUM,2024-10,2,,VERIFIED,11547.49,004177,2024-10-01 18:50:12,synthetic-generator,200677,100928
304178,3090.57,2024-11-08 18:09:12,Synthetic payment record,AYA_PAY,PREMIUM,2024-11,3,,VERIFIED,3090.57,004178,2024-11-09 18:09:12,synthetic-generator,200678,100929
304179,22767.05,2024-12-28 00:14:44,Synthetic payment record,BANK_TRANSFER,PREMIUM,2024-12,4,,VERIFIED,22767.05,004179,2024-12-28 00:14:44,synthetic-generator,200679,100930
304180,16674.70,2025-01-11 16:42:09,Synthetic payment record,KBZ_PAY,PREMIUM,2025-01,5,,REJECTED,16674.70,004180,2025-01-14 16:42:09,,200680,100931
304181,21053.17,2025-02-18 02:34:27,Synthetic payment record,WAVE_PAY,PREMIUM,2025-02,6,,VERIFIED,21053.17,004181,2025-02-19 02:34:27,synthetic-generator,200681,100932
304182,38995.68,2025-03-27 05:36:57,Synthetic payment record,AYA_PAY,PREMIUM,2025-03,7,,VERIFIED,38995.68,004182,2025-03-29 05:36:57,synthetic-generator,200682,100933
304183,29079.39,2025-04-28 02:57:15,Synthetic payment record,BANK_TRANSFER,PREMIUM,2025-04,8,,VERIFIED,29079.39,004183,2025-04-28 02:57:15,synthetic-generator,200683,100934
304184,8413.03,2025-05-01 16:06:19,Synthetic payment record,KBZ_PAY,PREMIUM,2025-05,9,,VERIFIED,8413.03,004184,2025-05-04 16:06:19,synthetic-generator,200684,100935
304185,4346.04,2025-06-12 13:56:18,Synthetic payment record,WAVE_PAY,PREMIUM,2025-06,10,,VERIFIED,4346.04,004185,2025-06-14 13:56:18,synthetic-generator,200685,100936
304186,4644.51,2025-07-16 19:00:15,Synthetic payment record,AYA_PAY,PREMIUM,2025-07,11,,VERIFIED,4644.51,004186,2025-07-18 19:00:15,synthetic-generator,200686,100937
304187,33173.47,2025-08-13 04:30:23,Synthetic payment record,BANK_TRANSFER,PREMIUM,2025-08,12,,VERIFIED,33173.47,004187,2025-08-16 04:30:23,synthetic-generator,200687,100938
304188,20786.60,2025-09-20 07:32:01,Synthetic payment record,KBZ_PAY,PREMIUM,2025-09,1,,VERIFIED,20786.60,004188,2025-09-20 07:32:01,synthetic-generator,200688,100939
304189,29753.18,2025-10-08 17:39:10,Synthetic payment record,WAVE_PAY,RENEWAL,2025-10,2,,VERIFIED,29753.18,004189,2025-10-09 17:39:10,synthetic-generator,200689,100940
304190,30107.93,2025-11-12 22:39:51,Synthetic payment record,AYA_PAY,PREMIUM,2025-11,3,,VERIFIED,30107.93,004190,2025-11-15 22:39:51,synthetic-generator,200690,100941
304191,13771.92,2025-12-14 15:37:35,Synthetic payment record,BANK_TRANSFER,PREMIUM,2025-12,4,,VERIFIED,13771.92,004191,2025-12-15 15:37:35,synthetic-generator,200691,100942
304192,12832.16,2026-01-13 20:43:50,Synthetic payment record,KBZ_PAY,PREMIUM,2026-01,5,,PENDING,12832.16,004192,2026-01-13 20:43:50,,200692,100943
304193,20603.83,2026-02-26 14:09:38,Synthetic payment record,WAVE_PAY,RENEWAL,2026-02,6,,VERIFIED,20603.83,004193,2026-02-28 14:09:38,synthetic-generator,200693,100944
304194,22334.10,2026-03-18 10:31:24,Synthetic payment record,AYA_PAY,PREMIUM,2026-03,7,,REJECTED,22334.10,004194,2026-03-20 10:31:24,,200694,100945
304195,72891.73,2026-04-02 21:23:40,Synthetic payment record,BANK_TRANSFER,PREMIUM,2026-04,8,,PENDING,72891.73,004195,2026-04-05 21:23:40,,200695,100946
304196,8093.71,2026-05-02 05:55:18,Synthetic payment record,KBZ_PAY,PREMIUM,2026-05,9,,REJECTED,8093.71,004196,2026-05-05 05:55:18,,200696,100947
304197,28253.66,2026-06-18 13:20:48,Synthetic payment record,WAVE_PAY,PREMIUM,2026-06,10,,VERIFIED,28253.66,004197,2026-06-21 13:20:48,synthetic-generator,200697,100948
304198,16075.56,2026-07-19 10:51:06,Synthetic payment record,AYA_PAY,PREMIUM,2026-07,11,,VERIFIED,16075.56,004198,2026-07-21 10:51:06,synthetic-generator,200698,100949
304199,43548.21,2026-08-13 16:56:55,Synthetic payment record,BANK_TRANSFER,PREMIUM,2026-08,12,,PENDING,43548.21,004199,2026-08-15 16:56:55,,200699,100950
304200,21990.95,2021-09-07 07:24:37,Synthetic payment record,KBZ_PAY,PREMIUM,2021-09,1,,VERIFIED,21990.95,004200,2021-09-09 07:24:37,synthetic-generator,200700,100951
304201,11098.36,2021-10-10 05:07:56,Synthetic payment record,WAVE_PAY,CLAIM_PAYOUT,2021-10,2,,VERIFIED,11098.36,004201,2021-10-13 05:07:56,synthetic-generator,200701,100952
304202,7421.80,2021-11-27 20:57:02,Synthetic payment record,AYA_PAY,PREMIUM,2021-11,3,,VERIFIED,7421.80,004202,2021-11-30 20:57:02,synthetic-generator,200702,100953
304203,10044.84,2021-12-17 02:58:09,Synthetic payment record,BANK_TRANSFER,PREMIUM,2021-12,4,,VERIFIED,10044.84,004203,2021-12-19 02:58:09,synthetic-generator,200703,100954
304204,7333.90,2022-01-27 17:04:50,Synthetic payment record,KBZ_PAY,PREMIUM,2022-01,5,,VERIFIED,7333.90,004204,2022-01-30 17:04:50,synthetic-generator,200704,100955
304205,29292.38,2022-02-24 15:50:20,Synthetic payment record,WAVE_PAY,PREMIUM,2022-02,6,,VERIFIED,29292.38,004205,2022-02-26 15:50:20,synthetic-generator,200705,100956
304206,33649.17,2022-03-28 14:26:05,Synthetic payment record,AYA_PAY,RENEWAL,2022-03,7,,PENDING,33649.17,004206,2022-03-31 14:26:05,,200706,100957
304207,6464.18,2022-04-21 03:37:02,Synthetic payment record,BANK_TRANSFER,PREMIUM,2022-04,8,,VERIFIED,6464.18,004207,2022-04-23 03:37:02,synthetic-generator,200707,100958
304208,12606.16,2022-05-22 01:38:22,Synthetic payment record,KBZ_PAY,PREMIUM,2022-05,9,,REJECTED,12606.16,004208,2022-05-25 01:38:22,,200708,100959
304209,7548.64,2022-06-08 17:21:37,Synthetic payment record,WAVE_PAY,PREMIUM,2022-06,10,,VERIFIED,7548.64,004209,2022-06-10 17:21:37,synthetic-generator,200709,100960
304210,31465.09,2022-07-05 00:08:13,Synthetic payment record,AYA_PAY,PREMIUM,2022-07,11,,VERIFIED,31465.09,004210,2022-07-07 00:08:13,synthetic-generator,200710,100961
304211,9527.50,2022-08-27 19:38:10,Synthetic payment record,BANK_TRANSFER,PREMIUM,2022-08,12,,VERIFIED,9527.50,004211,2022-08-30 19:38:10,synthetic-generator,200711,100962
304212,10729.74,2022-09-26 10:21:29,Synthetic payment record,KBZ_PAY,RENEWAL,2022-09,1,,VERIFIED,10729.74,004212,2022-09-29 10:21:29,synthetic-generator,200712,100963
304213,27121.68,2022-10-13 14:17:31,Synthetic payment record,WAVE_PAY,RENEWAL,2022-10,2,,VERIFIED,27121.68,004213,2022-10-16 14:17:31,synthetic-generator,200713,100964
304214,14565.43,2022-11-16 09:53:11,Synthetic payment record,AYA_PAY,PREMIUM,2022-11,3,,VERIFIED,14565.43,004214,2022-11-16 09:53:11,synthetic-generator,200714,100965
304215,9387.38,2022-12-29 17:44:04,Synthetic payment record,BANK_TRANSFER,PREMIUM,2022-12,4,,VERIFIED,9387.38,004215,2022-12-29 17:44:04,synthetic-generator,200715,100966
304216,14547.24,2023-01-11 08:41:12,Synthetic payment record,KBZ_PAY,PREMIUM,2023-01,5,,PENDING,14547.24,004216,2023-01-13 08:41:12,,200716,100967
304217,10417.00,2023-02-15 09:45:27,Synthetic payment record,WAVE_PAY,PREMIUM,2023-02,6,,VERIFIED,10417.00,004217,2023-02-16 09:45:27,synthetic-generator,200717,100968
304218,17586.91,2023-03-13 23:02:54,Synthetic payment record,AYA_PAY,PREMIUM,2023-03,7,,VERIFIED,17586.91,004218,2023-03-14 23:02:54,synthetic-generator,200718,100969
304219,62680.83,2023-04-26 04:46:36,Synthetic payment record,BANK_TRANSFER,PREMIUM,2023-04,8,,VERIFIED,62680.83,004219,2023-04-27 04:46:36,synthetic-generator,200719,100970
304220,4641.47,2023-05-12 23:00:13,Synthetic payment record,KBZ_PAY,PREMIUM,2023-05,9,,VERIFIED,4641.47,004220,2023-05-14 23:00:13,synthetic-generator,200720,100971
304221,6980.80,2023-06-30 19:14:24,Synthetic payment record,WAVE_PAY,PREMIUM,2023-06,10,,VERIFIED,6980.80,004221,2023-07-03 19:14:24,synthetic-generator,200721,100972
304222,17984.98,2023-07-17 10:21:56,Synthetic payment record,AYA_PAY,PREMIUM,2023-07,11,,VERIFIED,17984.98,004222,2023-07-20 10:21:56,synthetic-generator,200722,100973
304223,5877.94,2023-08-18 12:49:23,Synthetic payment record,BANK_TRANSFER,RENEWAL,2023-08,12,,REJECTED,5877.94,004223,2023-08-18 12:49:23,,200723,100974
304224,13147.15,2023-09-08 10:23:19,Synthetic payment record,KBZ_PAY,PREMIUM,2023-09,1,,VERIFIED,13147.15,004224,2023-09-09 10:23:19,synthetic-generator,200724,100975
304225,26577.24,2023-10-27 04:01:36,Synthetic payment record,WAVE_PAY,CLAIM_PAYOUT,2023-10,2,,VERIFIED,26577.24,004225,2023-10-28 04:01:36,synthetic-generator,200725,100976
304226,17338.62,2023-11-04 01:09:30,Synthetic payment record,AYA_PAY,PREMIUM,2023-11,3,,VERIFIED,17338.62,004226,2023-11-07 01:09:30,synthetic-generator,200726,100977
304227,16393.57,2023-12-30 07:38:07,Synthetic payment record,BANK_TRANSFER,RENEWAL,2023-12,4,,VERIFIED,16393.57,004227,2023-12-30 07:38:07,synthetic-generator,200727,100978
304228,7986.32,2024-01-30 20:08:07,Synthetic payment record,KBZ_PAY,PREMIUM,2024-01,5,,VERIFIED,7986.32,004228,2024-01-31 20:08:07,synthetic-generator,200728,100979
304229,37382.23,2024-02-25 03:38:08,Synthetic payment record,WAVE_PAY,RENEWAL,2024-02,6,,VERIFIED,37382.23,004229,2024-02-25 03:38:08,synthetic-generator,200729,100980
304230,24486.06,2024-03-31 17:20:21,Synthetic payment record,AYA_PAY,RENEWAL,2024-03,7,,VERIFIED,24486.06,004230,2024-04-02 17:20:21,synthetic-generator,200730,100981
304231,12300.24,2024-04-01 05:11:05,Synthetic payment record,BANK_TRANSFER,PREMIUM,2024-04,8,,VERIFIED,12300.24,004231,2024-04-04 05:11:05,synthetic-generator,200731,100982
304232,2668.63,2024-05-22 16:21:48,Synthetic payment record,KBZ_PAY,PREMIUM,2024-05,9,,VERIFIED,2668.63,004232,2024-05-22 16:21:48,synthetic-generator,200732,100983
304233,11893.14,2024-06-30 17:03:19,Synthetic payment record,WAVE_PAY,PREMIUM,2024-06,10,,VERIFIED,11893.14,004233,2024-07-01 17:03:19,synthetic-generator,200733,100984
304234,30838.39,2024-07-11 07:32:56,Synthetic payment record,AYA_PAY,RENEWAL,2024-07,11,,VERIFIED,30838.39,004234,2024-07-12 07:32:56,synthetic-generator,200734,100985
304235,17073.17,2024-08-22 13:21:13,Synthetic payment record,BANK_TRANSFER,PREMIUM,2024-08,12,,VERIFIED,17073.17,004235,2024-08-25 13:21:13,synthetic-generator,200735,100986
304236,15036.85,2024-09-05 08:04:20,Synthetic payment record,KBZ_PAY,PREMIUM,2024-09,1,,VERIFIED,15036.85,004236,2024-09-07 08:04:20,synthetic-generator,200736,100987
304237,33486.71,2024-10-03 14:42:36,Synthetic payment record,WAVE_PAY,PREMIUM,2024-10,2,,VERIFIED,33486.71,004237,2024-10-04 14:42:36,synthetic-generator,200737,100988
304238,11832.24,2024-11-13 08:39:14,Synthetic payment record,AYA_PAY,RENEWAL,2024-11,3,,VERIFIED,11832.24,004238,2024-11-15 08:39:14,synthetic-generator,200738,100989
304239,31546.00,2024-12-08 06:59:04,Synthetic payment record,BANK_TRANSFER,PREMIUM,2024-12,4,,VERIFIED,31546.00,004239,2024-12-08 06:59:04,synthetic-generator,200739,100990
304240,7105.88,2025-01-06 05:40:25,Synthetic payment record,KBZ_PAY,PREMIUM,2025-01,5,,VERIFIED,7105.88,004240,2025-01-09 05:40:25,synthetic-generator,200740,100991
304241,17366.78,2025-02-20 13:50:54,Synthetic payment record,WAVE_PAY,PREMIUM,2025-02,6,,VERIFIED,17366.78,004241,2025-02-21 13:50:54,synthetic-generator,200741,100992
304242,40176.41,2025-03-21 11:29:35,Synthetic payment record,AYA_PAY,RENEWAL,2025-03,7,,VERIFIED,40176.41,004242,2025-03-21 11:29:35,synthetic-generator,200742,100993
304243,74437.97,2025-04-18 15:56:05,Synthetic payment record,BANK_TRANSFER,PREMIUM,2025-04,8,,VERIFIED,74437.97,004243,2025-04-18 15:56:05,synthetic-generator,200743,100994
304244,7776.80,2025-05-08 17:55:32,Synthetic payment record,KBZ_PAY,RENEWAL,2025-05,9,,VERIFIED,7776.80,004244,2025-05-10 17:55:32,synthetic-generator,200744,100995
304245,3330.44,2025-06-14 16:46:41,Synthetic payment record,WAVE_PAY,PREMIUM,2025-06,10,,VERIFIED,3330.44,004245,2025-06-16 16:46:41,synthetic-generator,200745,100996
304246,24248.10,2025-07-28 03:51:06,Synthetic payment record,AYA_PAY,RENEWAL,2025-07,11,,VERIFIED,24248.10,004246,2025-07-28 03:51:06,synthetic-generator,200746,100997
304247,33577.70,2025-08-15 07:11:58,Synthetic payment record,BANK_TRANSFER,PREMIUM,2025-08,12,,VERIFIED,33577.70,004247,2025-08-16 07:11:58,synthetic-generator,200747,100998
304248,27649.50,2025-09-23 00:24:05,Synthetic payment record,KBZ_PAY,PREMIUM,2025-09,1,,REJECTED,27649.50,004248,2025-09-23 00:24:05,,200748,100999
304249,3616.33,2025-10-28 19:35:09,Synthetic payment record,WAVE_PAY,RENEWAL,2025-10,2,,VERIFIED,3616.33,004249,2025-10-31 19:35:09,synthetic-generator,200749,101000
304250,21816.73,2025-11-09 02:39:34,Synthetic payment record,AYA_PAY,PREMIUM,2025-11,3,,VERIFIED,21816.73,004250,2025-11-11 02:39:34,synthetic-generator,200750,101001
304251,17681.28,2025-12-18 14:13:29,Synthetic payment record,BANK_TRANSFER,PREMIUM,2025-12,4,,PENDING,17681.28,004251,2025-12-21 14:13:29,,200751,101002
304252,2470.36,2026-01-07 00:47:41,Synthetic payment record,KBZ_PAY,PREMIUM,2026-01,5,,VERIFIED,2470.36,004252,2026-01-10 00:47:41,synthetic-generator,200752,101003
304253,12863.66,2026-02-22 13:37:27,Synthetic payment record,WAVE_PAY,PREMIUM,2026-02,6,,VERIFIED,12863.66,004253,2026-02-24 13:37:27,synthetic-generator,200753,101004
304254,47392.70,2026-03-11 05:11:28,Synthetic payment record,AYA_PAY,CLAIM_PAYOUT,2026-03,7,,VERIFIED,47392.70,004254,2026-03-12 05:11:28,synthetic-generator,200754,101005
304255,73245.74,2026-04-17 17:16:07,Synthetic payment record,BANK_TRANSFER,PREMIUM,2026-04,8,,VERIFIED,73245.74,004255,2026-04-17 17:16:07,synthetic-generator,200755,101006
304256,3959.13,2026-05-11 19:15:49,Synthetic payment record,KBZ_PAY,PREMIUM,2026-05,9,,VERIFIED,3959.13,004256,2026-05-11 19:15:49,synthetic-generator,200756,101007
304257,13352.98,2026-06-03 19:32:47,Synthetic payment record,WAVE_PAY,PREMIUM,2026-06,10,,VERIFIED,13352.98,004257,2026-06-04 19:32:47,synthetic-generator,200757,101008
304258,46594.36,2026-07-11 09:43:39,Synthetic payment record,AYA_PAY,RENEWAL,2026-07,11,,VERIFIED,46594.36,004258,2026-07-11 09:43:39,synthetic-generator,200758,101009
304259,9381.73,2026-08-16 08:54:42,Synthetic payment record,BANK_TRANSFER,PREMIUM,2026-08,12,,VERIFIED,9381.73,004259,2026-08-17 08:54:42,synthetic-generator,200759,101010
304260,18514.02,2021-09-14 17:12:20,Synthetic payment record,KBZ_PAY,PREMIUM,2021-09,1,,VERIFIED,18514.02,004260,2021-09-17 17:12:20,synthetic-generator,200760,101011
304261,22433.06,2021-10-13 00:45:04,Synthetic payment record,WAVE_PAY,RENEWAL,2021-10,2,,REJECTED,22433.06,004261,2021-10-13 00:45:04,,200761,101012
304262,17899.97,2021-11-25 19:30:41,Synthetic payment record,AYA_PAY,PREMIUM,2021-11,3,,VERIFIED,17899.97,004262,2021-11-25 19:30:41,synthetic-generator,200762,101013
304263,19917.80,2021-12-15 21:36:51,Synthetic payment record,BANK_TRANSFER,PREMIUM,2021-12,4,,VERIFIED,19917.80,004263,2021-12-15 21:36:51,synthetic-generator,200763,101014
304264,13467.05,2022-01-21 19:54:17,Synthetic payment record,KBZ_PAY,PREMIUM,2022-01,5,,VERIFIED,13467.05,004264,2022-01-23 19:54:17,synthetic-generator,200764,101015
304265,9584.31,2022-02-28 14:28:23,Synthetic payment record,WAVE_PAY,PREMIUM,2022-02,6,,VERIFIED,9584.31,004265,2022-03-03 14:28:23,synthetic-generator,200765,101016
304266,24244.64,2022-03-23 18:33:50,Synthetic payment record,AYA_PAY,PREMIUM,2022-03,7,,VERIFIED,24244.64,004266,2022-03-26 18:33:50,synthetic-generator,200766,101017
304267,22772.04,2022-04-25 21:21:56,Synthetic payment record,BANK_TRANSFER,PREMIUM,2022-04,8,,VERIFIED,22772.04,004267,2022-04-28 21:21:56,synthetic-generator,200767,101018
304268,1213.74,2022-05-21 09:33:23,Synthetic payment record,KBZ_PAY,RENEWAL,2022-05,9,,REJECTED,1213.74,004268,2022-05-21 09:33:23,,200768,101019
304269,8575.10,2022-06-19 13:46:45,Synthetic payment record,WAVE_PAY,PREMIUM,2022-06,10,,VERIFIED,8575.10,004269,2022-06-20 13:46:45,synthetic-generator,200769,101020
304270,22030.23,2022-07-30 00:55:08,Synthetic payment record,AYA_PAY,PREMIUM,2022-07,11,,VERIFIED,22030.23,004270,2022-08-02 00:55:08,synthetic-generator,200770,101021
304271,5764.52,2022-08-22 04:02:34,Synthetic payment record,BANK_TRANSFER,CLAIM_PAYOUT,2022-08,12,,VERIFIED,5764.52,004271,2022-08-25 04:02:34,synthetic-generator,200771,101022
304272,19439.59,2022-09-28 05:44:57,Synthetic payment record,KBZ_PAY,PREMIUM,2022-09,1,,VERIFIED,19439.59,004272,2022-09-28 05:44:57,synthetic-generator,200772,101023
304273,29424.85,2022-10-02 07:48:12,Synthetic payment record,WAVE_PAY,PREMIUM,2022-10,2,,VERIFIED,29424.85,004273,2022-10-02 07:48:12,synthetic-generator,200773,101024
304274,5501.88,2022-11-23 13:50:10,Synthetic payment record,AYA_PAY,PREMIUM,2022-11,3,,VERIFIED,5501.88,004274,2022-11-24 13:50:10,synthetic-generator,200774,101025
304275,7731.96,2022-12-14 08:53:25,Synthetic payment record,BANK_TRANSFER,PREMIUM,2022-12,4,,VERIFIED,7731.96,004275,2022-12-16 08:53:25,synthetic-generator,200775,101026
304276,13070.20,2023-01-08 02:41:15,Synthetic payment record,KBZ_PAY,PREMIUM,2023-01,5,,VERIFIED,13070.20,004276,2023-01-08 02:41:15,synthetic-generator,200776,101027
304277,17183.18,2023-02-19 07:35:51,Synthetic payment record,WAVE_PAY,PREMIUM,2023-02,6,,VERIFIED,17183.18,004277,2023-02-22 07:35:51,synthetic-generator,200777,101028
304278,34657.41,2023-03-29 08:59:18,Synthetic payment record,AYA_PAY,PREMIUM,2023-03,7,,VERIFIED,34657.41,004278,2023-03-31 08:59:18,synthetic-generator,200778,101029
304279,20561.10,2023-04-01 01:11:10,Synthetic payment record,BANK_TRANSFER,PREMIUM,2023-04,8,,VERIFIED,20561.10,004279,2023-04-01 01:11:10,synthetic-generator,200779,101030
304280,7914.23,2023-05-09 15:56:31,Synthetic payment record,KBZ_PAY,PREMIUM,2023-05,9,,VERIFIED,7914.23,004280,2023-05-10 15:56:31,synthetic-generator,200780,101031
304281,26061.84,2023-06-29 15:37:32,Synthetic payment record,WAVE_PAY,PREMIUM,2023-06,10,,VERIFIED,26061.84,004281,2023-07-01 15:37:32,synthetic-generator,200781,101032
304282,25702.24,2023-07-24 08:26:14,Synthetic payment record,AYA_PAY,PREMIUM,2023-07,11,,VERIFIED,25702.24,004282,2023-07-26 08:26:14,synthetic-generator,200782,101033
304283,17842.47,2023-08-16 11:47:52,Synthetic payment record,BANK_TRANSFER,RENEWAL,2023-08,12,,VERIFIED,17842.47,004283,2023-08-19 11:47:52,synthetic-generator,200783,101034
304284,13352.94,2023-09-17 14:05:30,Synthetic payment record,KBZ_PAY,PREMIUM,2023-09,1,,VERIFIED,13352.94,004284,2023-09-19 14:05:30,synthetic-generator,200784,101035
304285,33590.20,2023-10-14 15:54:44,Synthetic payment record,WAVE_PAY,PREMIUM,2023-10,2,,VERIFIED,33590.20,004285,2023-10-17 15:54:44,synthetic-generator,200785,101036
304286,21958.53,2023-11-03 05:56:04,Synthetic payment record,AYA_PAY,PREMIUM,2023-11,3,,PENDING,21958.53,004286,2023-11-03 05:56:04,,200786,101037
304287,43667.15,2023-12-25 01:30:23,Synthetic payment record,BANK_TRANSFER,PREMIUM,2023-12,4,,VERIFIED,43667.15,004287,2023-12-25 01:30:23,synthetic-generator,200787,101038
304288,10716.97,2024-01-02 20:07:51,Synthetic payment record,KBZ_PAY,RENEWAL,2024-01,5,,VERIFIED,10716.97,004288,2024-01-03 20:07:51,synthetic-generator,200788,101039
304289,2711.82,2024-02-12 00:03:56,Synthetic payment record,WAVE_PAY,PREMIUM,2024-02,6,,VERIFIED,2711.82,004289,2024-02-12 00:03:56,synthetic-generator,200789,101040
304290,8915.09,2024-03-16 12:30:32,Synthetic payment record,AYA_PAY,PREMIUM,2024-03,7,,VERIFIED,8915.09,004290,2024-03-19 12:30:32,synthetic-generator,200790,101041
304291,80343.36,2024-04-24 23:02:11,Synthetic payment record,BANK_TRANSFER,PREMIUM,2024-04,8,,VERIFIED,80343.36,004291,2024-04-27 23:02:11,synthetic-generator,200791,101042
304292,7058.73,2024-05-09 00:00:54,Synthetic payment record,KBZ_PAY,RENEWAL,2024-05,9,,VERIFIED,7058.73,004292,2024-05-11 00:00:54,synthetic-generator,200792,101043
304293,20278.28,2024-06-15 10:41:40,Synthetic payment record,WAVE_PAY,PREMIUM,2024-06,10,,VERIFIED,20278.28,004293,2024-06-17 10:41:40,synthetic-generator,200793,101044
304294,14006.52,2024-07-08 13:08:27,Synthetic payment record,AYA_PAY,PREMIUM,2024-07,11,,VERIFIED,14006.52,004294,2024-07-08 13:08:27,synthetic-generator,200794,101045
304295,55771.81,2024-08-26 09:27:25,Synthetic payment record,BANK_TRANSFER,RENEWAL,2024-08,12,,VERIFIED,55771.81,004295,2024-08-28 09:27:25,synthetic-generator,200795,101046
304296,7522.21,2024-09-13 00:06:57,Synthetic payment record,KBZ_PAY,PREMIUM,2024-09,1,,VERIFIED,7522.21,004296,2024-09-14 00:06:57,synthetic-generator,200796,101047
304297,20554.44,2024-10-24 01:36:31,Synthetic payment record,WAVE_PAY,PREMIUM,2024-10,2,,VERIFIED,20554.44,004297,2024-10-25 01:36:31,synthetic-generator,200797,101048
304298,15744.28,2024-11-08 08:11:55,Synthetic payment record,AYA_PAY,PREMIUM,2024-11,3,,VERIFIED,15744.28,004298,2024-11-09 08:11:55,synthetic-generator,200798,101049
304299,32415.34,2024-12-08 10:34:34,Synthetic payment record,BANK_TRANSFER,PREMIUM,2024-12,4,,VERIFIED,32415.34,004299,2024-12-11 10:34:34,synthetic-generator,200799,101050
304300,15301.65,2025-01-19 23:27:56,Synthetic payment record,KBZ_PAY,PREMIUM,2025-01,5,,VERIFIED,15301.65,004300,2025-01-21 23:27:56,synthetic-generator,200800,101051
304301,28907.28,2025-02-16 01:13:06,Synthetic payment record,WAVE_PAY,PREMIUM,2025-02,6,,VERIFIED,28907.28,004301,2025-02-16 01:13:06,synthetic-generator,200801,101052
304302,39562.29,2025-03-29 13:09:54,Synthetic payment record,AYA_PAY,PREMIUM,2025-03,7,,VERIFIED,39562.29,004302,2025-03-29 13:09:54,synthetic-generator,200802,101053
304303,16091.72,2025-04-10 06:50:56,Synthetic payment record,BANK_TRANSFER,RENEWAL,2025-04,8,,VERIFIED,16091.72,004303,2025-04-13 06:50:56,synthetic-generator,200803,101054
304304,3345.95,2025-05-22 13:16:44,Synthetic payment record,KBZ_PAY,PREMIUM,2025-05,9,,REJECTED,3345.95,004304,2025-05-22 13:16:44,,200804,101055
304305,22314.24,2025-06-22 09:50:54,Synthetic payment record,WAVE_PAY,RENEWAL,2025-06,10,,VERIFIED,22314.24,004305,2025-06-22 09:50:54,synthetic-generator,200805,101056
304306,39449.87,2025-07-10 17:34:04,Synthetic payment record,AYA_PAY,PREMIUM,2025-07,11,,VERIFIED,39449.87,004306,2025-07-10 17:34:04,synthetic-generator,200806,101057
304307,16878.65,2025-08-02 10:12:16,Synthetic payment record,BANK_TRANSFER,CLAIM_PAYOUT,2025-08,12,,VERIFIED,16878.65,004307,2025-08-02 10:12:16,synthetic-generator,200807,101058
304308,3471.17,2025-09-03 10:57:02,Synthetic payment record,KBZ_PAY,CLAIM_PAYOUT,2025-09,1,,PENDING,3471.17,004308,2025-09-06 10:57:02,,200808,101059
304309,18756.24,2025-10-17 23:57:13,Synthetic payment record,WAVE_PAY,PREMIUM,2025-10,2,,VERIFIED,18756.24,004309,2025-10-19 23:57:13,synthetic-generator,200809,101060
304310,22449.82,2025-11-10 14:29:01,Synthetic payment record,AYA_PAY,PREMIUM,2025-11,3,,VERIFIED,22449.82,004310,2025-11-13 14:29:01,synthetic-generator,200810,101061
304311,17324.98,2025-12-05 08:48:45,Synthetic payment record,BANK_TRANSFER,PREMIUM,2025-12,4,,VERIFIED,17324.98,004311,2025-12-08 08:48:45,synthetic-generator,200811,101062
304312,10999.46,2026-01-28 10:24:29,Synthetic payment record,KBZ_PAY,PREMIUM,2026-01,5,,VERIFIED,10999.46,004312,2026-01-31 10:24:29,synthetic-generator,200812,101063
304313,10469.65,2026-02-21 20:59:34,Synthetic payment record,WAVE_PAY,PREMIUM,2026-02,6,,PENDING,10469.65,004313,2026-02-22 20:59:34,,200813,101064
304314,31879.30,2026-03-31 17:03:03,Synthetic payment record,AYA_PAY,PREMIUM,2026-03,7,,VERIFIED,31879.30,004314,2026-03-31 17:03:03,synthetic-generator,200814,101065
304315,84618.43,2026-04-18 12:58:31,Synthetic payment record,BANK_TRANSFER,PREMIUM,2026-04,8,,PENDING,84618.43,004315,2026-04-20 12:58:31,,200815,101066
304316,12605.11,2026-05-23 11:23:21,Synthetic payment record,KBZ_PAY,PREMIUM,2026-05,9,,VERIFIED,12605.11,004316,2026-05-23 11:23:21,synthetic-generator,200816,101067
304317,12553.35,2026-06-13 05:08:16,Synthetic payment record,WAVE_PAY,RENEWAL,2026-06,10,,VERIFIED,12553.35,004317,2026-06-15 05:08:16,synthetic-generator,200817,101068
304318,34894.49,2026-07-28 14:25:58,Synthetic payment record,AYA_PAY,PREMIUM,2026-07,11,,PENDING,34894.49,004318,2026-07-28 14:25:58,,200818,101069
304319,60588.82,2026-08-27 08:47:49,Synthetic payment record,BANK_TRANSFER,PREMIUM,2026-08,12,,VERIFIED,60588.82,004319,2026-08-28 08:47:49,synthetic-generator,200819,101070
304320,16945.76,2021-09-23 16:36:18,Synthetic payment record,KBZ_PAY,PREMIUM,2021-09,1,,VERIFIED,16945.76,004320,2021-09-24 16:36:18,synthetic-generator,200820,101071
304321,15362.41,2021-10-28 01:04:33,Synthetic payment record,WAVE_PAY,PREMIUM,2021-10,2,,VERIFIED,15362.41,004321,2021-10-30 01:04:33,synthetic-generator,200821,101072
304322,15091.64,2021-11-15 14:48:11,Synthetic payment record,AYA_PAY,PREMIUM,2021-11,3,,VERIFIED,15091.64,004322,2021-11-16 14:48:11,synthetic-generator,200822,101073
304323,13451.28,2021-12-22 16:52:51,Synthetic payment record,BANK_TRANSFER,PREMIUM,2021-12,4,,VERIFIED,13451.28,004323,2021-12-23 16:52:51,synthetic-generator,200823,101074
304324,8303.26,2022-01-02 05:52:37,Synthetic payment record,KBZ_PAY,PREMIUM,2022-01,5,,VERIFIED,8303.26,004324,2022-01-04 05:52:37,synthetic-generator,200824,101075
304325,11533.06,2022-02-04 14:55:20,Synthetic payment record,WAVE_PAY,RENEWAL,2022-02,6,,VERIFIED,11533.06,004325,2022-02-06 14:55:20,synthetic-generator,200825,101076
304326,17950.78,2022-03-22 03:31:31,Synthetic payment record,AYA_PAY,RENEWAL,2022-03,7,,VERIFIED,17950.78,004326,2022-03-24 03:31:31,synthetic-generator,200826,101077
304327,13906.42,2022-04-11 21:56:37,Synthetic payment record,BANK_TRANSFER,PREMIUM,2022-04,8,,VERIFIED,13906.42,004327,2022-04-11 21:56:37,synthetic-generator,200827,101078
304328,5596.40,2022-05-10 11:34:32,Synthetic payment record,KBZ_PAY,PREMIUM,2022-05,9,,VERIFIED,5596.40,004328,2022-05-10 11:34:32,synthetic-generator,200828,101079
304329,9028.43,2022-06-06 23:32:05,Synthetic payment record,WAVE_PAY,PREMIUM,2022-06,10,,VERIFIED,9028.43,004329,2022-06-09 23:32:05,synthetic-generator,200829,101080
304330,11974.49,2022-07-10 03:00:57,Synthetic payment record,AYA_PAY,RENEWAL,2022-07,11,,PENDING,11974.49,004330,2022-07-12 03:00:57,,200830,101081
304331,31269.51,2022-08-15 13:38:19,Synthetic payment record,BANK_TRANSFER,PREMIUM,2022-08,12,,PENDING,31269.51,004331,2022-08-15 13:38:19,,200831,101082
304332,17495.17,2022-09-13 23:41:29,Synthetic payment record,KBZ_PAY,PREMIUM,2022-09,1,,VERIFIED,17495.17,004332,2022-09-13 23:41:29,synthetic-generator,200832,101083
304333,10994.90,2022-10-14 11:59:12,Synthetic payment record,WAVE_PAY,PREMIUM,2022-10,2,,VERIFIED,10994.90,004333,2022-10-14 11:59:12,synthetic-generator,200833,101084
304334,5913.97,2022-11-08 06:28:21,Synthetic payment record,AYA_PAY,PREMIUM,2022-11,3,,VERIFIED,5913.97,004334,2022-11-08 06:28:21,synthetic-generator,200834,101085
304335,46556.49,2022-12-23 16:41:47,Synthetic payment record,BANK_TRANSFER,PREMIUM,2022-12,4,,REJECTED,46556.49,004335,2022-12-23 16:41:47,,200835,101086
304336,10338.61,2023-01-13 11:51:04,Synthetic payment record,KBZ_PAY,PREMIUM,2023-01,5,,VERIFIED,10338.61,004336,2023-01-13 11:51:04,synthetic-generator,200836,101087
304337,22505.81,2023-02-02 06:49:56,Synthetic payment record,WAVE_PAY,PREMIUM,2023-02,6,,VERIFIED,22505.81,004337,2023-02-05 06:49:56,synthetic-generator,200837,101088
304338,26430.42,2023-03-15 19:16:16,Synthetic payment record,AYA_PAY,PREMIUM,2023-03,7,,VERIFIED,26430.42,004338,2023-03-17 19:16:16,synthetic-generator,200838,101089
304339,56960.77,2023-04-18 23:25:55,Synthetic payment record,BANK_TRANSFER,PREMIUM,2023-04,8,,VERIFIED,56960.77,004339,2023-04-21 23:25:55,synthetic-generator,200839,101090
304340,11645.25,2023-05-31 23:41:54,Synthetic payment record,KBZ_PAY,PREMIUM,2023-05,9,,REJECTED,11645.25,004340,2023-06-02 23:41:54,,200840,101091
304341,21542.95,2023-06-25 14:37:11,Synthetic payment record,WAVE_PAY,PREMIUM,2023-06,10,,VERIFIED,21542.95,004341,2023-06-27 14:37:11,synthetic-generator,200841,101092
304342,34888.77,2023-07-02 00:24:00,Synthetic payment record,AYA_PAY,RENEWAL,2023-07,11,,VERIFIED,34888.77,004342,2023-07-02 00:24:00,synthetic-generator,200842,101093
304343,55137.75,2023-08-14 16:50:40,Synthetic payment record,BANK_TRANSFER,PREMIUM,2023-08,12,,VERIFIED,55137.75,004343,2023-08-17 16:50:40,synthetic-generator,200843,101094
304344,2973.39,2023-09-20 12:09:00,Synthetic payment record,KBZ_PAY,PREMIUM,2023-09,1,,VERIFIED,2973.39,004344,2023-09-22 12:09:00,synthetic-generator,200844,101095
304345,27379.88,2023-10-10 20:43:36,Synthetic payment record,WAVE_PAY,PREMIUM,2023-10,2,,VERIFIED,27379.88,004345,2023-10-12 20:43:36,synthetic-generator,200845,101096
304346,8330.02,2023-11-20 11:18:22,Synthetic payment record,AYA_PAY,PREMIUM,2023-11,3,,VERIFIED,8330.02,004346,2023-11-20 11:18:22,synthetic-generator,200846,101097
304347,17347.09,2023-12-25 01:40:16,Synthetic payment record,BANK_TRANSFER,RENEWAL,2023-12,4,,VERIFIED,17347.09,004347,2023-12-28 01:40:16,synthetic-generator,200847,101098
304348,18195.83,2024-01-06 12:42:22,Synthetic payment record,KBZ_PAY,PREMIUM,2024-01,5,,VERIFIED,18195.83,004348,2024-01-07 12:42:22,synthetic-generator,200848,101099
304349,27852.03,2024-02-18 19:07:44,Synthetic payment record,WAVE_PAY,PREMIUM,2024-02,6,,REJECTED,27852.03,004349,2024-02-21 19:07:44,,200849,101100
304350,8064.22,2024-03-10 02:18:25,Synthetic payment record,AYA_PAY,PREMIUM,2024-03,7,,VERIFIED,8064.22,004350,2024-03-12 02:18:25,synthetic-generator,200850,101101
304351,71098.34,2024-04-09 05:45:33,Synthetic payment record,BANK_TRANSFER,PREMIUM,2024-04,8,,REJECTED,71098.34,004351,2024-04-12 05:45:33,,200851,101102
304352,9461.02,2024-05-26 09:32:53,Synthetic payment record,KBZ_PAY,PREMIUM,2024-05,9,,VERIFIED,9461.02,004352,2024-05-27 09:32:53,synthetic-generator,200852,101103
304353,17632.42,2024-06-24 04:37:22,Synthetic payment record,WAVE_PAY,RENEWAL,2024-06,10,,PENDING,17632.42,004353,2024-06-26 04:37:22,,200853,101104
304354,16496.34,2024-07-24 20:40:25,Synthetic payment record,AYA_PAY,PREMIUM,2024-07,11,,VERIFIED,16496.34,004354,2024-07-25 20:40:25,synthetic-generator,200854,101105
304355,33345.95,2024-08-07 10:49:04,Synthetic payment record,BANK_TRANSFER,PREMIUM,2024-08,12,,VERIFIED,33345.95,004355,2024-08-07 10:49:04,synthetic-generator,200855,101106
304356,2113.90,2024-09-11 14:24:52,Synthetic payment record,KBZ_PAY,RENEWAL,2024-09,1,,VERIFIED,2113.90,004356,2024-09-12 14:24:52,synthetic-generator,200856,101107
304357,22624.02,2024-10-05 22:44:32,Synthetic payment record,WAVE_PAY,PREMIUM,2024-10,2,,PENDING,22624.02,004357,2024-10-07 22:44:32,,200857,101108
304358,27829.62,2024-11-09 01:32:03,Synthetic payment record,AYA_PAY,PREMIUM,2024-11,3,,VERIFIED,27829.62,004358,2024-11-10 01:32:03,synthetic-generator,200858,101109
304359,34746.60,2024-12-30 10:22:39,Synthetic payment record,BANK_TRANSFER,PREMIUM,2024-12,4,,VERIFIED,34746.60,004359,2024-12-30 10:22:39,synthetic-generator,200859,101110
304360,4504.44,2025-01-21 16:28:26,Synthetic payment record,KBZ_PAY,PREMIUM,2025-01,5,,VERIFIED,4504.44,004360,2025-01-22 16:28:26,synthetic-generator,200860,101111
304361,15010.43,2025-02-07 09:26:21,Synthetic payment record,WAVE_PAY,PREMIUM,2025-02,6,,REJECTED,15010.43,004361,2025-02-07 09:26:21,,200861,101112
304362,25866.47,2025-03-03 16:49:07,Synthetic payment record,AYA_PAY,PREMIUM,2025-03,7,,VERIFIED,25866.47,004362,2025-03-06 16:49:07,synthetic-generator,200862,101113
304363,58976.14,2025-04-09 02:59:43,Synthetic payment record,BANK_TRANSFER,PREMIUM,2025-04,8,,VERIFIED,58976.14,004363,2025-04-11 02:59:43,synthetic-generator,200863,101114
304364,8181.44,2025-05-28 12:22:27,Synthetic payment record,KBZ_PAY,PREMIUM,2025-05,9,,VERIFIED,8181.44,004364,2025-05-29 12:22:27,synthetic-generator,200864,101115
304365,15396.12,2025-06-01 08:21:38,Synthetic payment record,WAVE_PAY,PREMIUM,2025-06,10,,VERIFIED,15396.12,004365,2025-06-02 08:21:38,synthetic-generator,200865,101116
304366,18597.88,2025-07-14 16:12:16,Synthetic payment record,AYA_PAY,PREMIUM,2025-07,11,,VERIFIED,18597.88,004366,2025-07-16 16:12:16,synthetic-generator,200866,101117
304367,62899.54,2025-08-09 07:33:16,Synthetic payment record,BANK_TRANSFER,PREMIUM,2025-08,12,,VERIFIED,62899.54,004367,2025-08-11 07:33:16,synthetic-generator,200867,101118
304368,24027.77,2025-09-26 22:47:09,Synthetic payment record,KBZ_PAY,PREMIUM,2025-09,1,,VERIFIED,24027.77,004368,2025-09-28 22:47:09,synthetic-generator,200868,101119
304369,22574.47,2025-10-25 03:32:18,Synthetic payment record,WAVE_PAY,PREMIUM,2025-10,2,,VERIFIED,22574.47,004369,2025-10-25 03:32:18,synthetic-generator,200869,101120
304370,7542.23,2025-11-07 04:44:42,Synthetic payment record,AYA_PAY,PREMIUM,2025-11,3,,VERIFIED,7542.23,004370,2025-11-10 04:44:42,synthetic-generator,200870,101121
304371,40849.68,2025-12-09 14:11:32,Synthetic payment record,BANK_TRANSFER,CLAIM_PAYOUT,2025-12,4,,VERIFIED,40849.68,004371,2025-12-09 14:11:32,synthetic-generator,200871,101122
304372,11496.30,2026-01-28 17:37:46,Synthetic payment record,KBZ_PAY,RENEWAL,2026-01,5,,VERIFIED,11496.30,004372,2026-01-30 17:37:46,synthetic-generator,200872,101123
304373,5347.93,2026-02-28 22:17:20,Synthetic payment record,WAVE_PAY,PREMIUM,2026-02,6,,VERIFIED,5347.93,004373,2026-03-01 22:17:20,synthetic-generator,200873,101124
304374,14667.99,2026-03-04 15:13:10,Synthetic payment record,AYA_PAY,PREMIUM,2026-03,7,,PENDING,14667.99,004374,2026-03-05 15:13:10,,200874,101125
304375,72601.49,2026-04-26 02:15:39,Synthetic payment record,BANK_TRANSFER,PREMIUM,2026-04,8,,REJECTED,72601.49,004375,2026-04-27 02:15:39,,200875,101126
304376,10789.91,2026-05-22 20:39:16,Synthetic payment record,KBZ_PAY,PREMIUM,2026-05,9,,VERIFIED,10789.91,004376,2026-05-24 20:39:16,synthetic-generator,200876,101127
304377,29615.20,2026-06-09 20:45:09,Synthetic payment record,WAVE_PAY,PREMIUM,2026-06,10,,VERIFIED,29615.20,004377,2026-06-10 20:45:09,synthetic-generator,200877,101128
304378,43725.73,2026-07-27 01:16:43,Synthetic payment record,AYA_PAY,PREMIUM,2026-07,11,,VERIFIED,43725.73,004378,2026-07-30 01:16:43,synthetic-generator,200878,101129
304379,42075.42,2026-08-10 11:35:33,Synthetic payment record,BANK_TRANSFER,PREMIUM,2026-08,12,,VERIFIED,42075.42,004379,2026-08-12 11:35:33,synthetic-generator,200879,101130
304380,6375.96,2021-09-16 01:21:57,Synthetic payment record,KBZ_PAY,PREMIUM,2021-09,1,,VERIFIED,6375.96,004380,2021-09-19 01:21:57,synthetic-generator,200880,101131
304381,33986.99,2021-10-02 04:27:49,Synthetic payment record,WAVE_PAY,PREMIUM,2021-10,2,,PENDING,33986.99,004381,2021-10-03 04:27:49,,200881,101132
304382,16883.57,2021-11-29 15:46:53,Synthetic payment record,AYA_PAY,PREMIUM,2021-11,3,,VERIFIED,16883.57,004382,2021-11-29 15:46:53,synthetic-generator,200882,101133
304383,39807.45,2021-12-18 00:38:50,Synthetic payment record,BANK_TRANSFER,RENEWAL,2021-12,4,,VERIFIED,39807.45,004383,2021-12-19 00:38:50,synthetic-generator,200883,101134
304384,6176.99,2022-01-31 01:00:11,Synthetic payment record,KBZ_PAY,PREMIUM,2022-01,5,,PENDING,6176.99,004384,2022-01-31 01:00:11,,200884,101135
304385,15859.88,2022-02-04 18:17:06,Synthetic payment record,WAVE_PAY,PREMIUM,2022-02,6,,VERIFIED,15859.88,004385,2022-02-07 18:17:06,synthetic-generator,200885,101136
304386,21343.13,2022-03-07 14:50:49,Synthetic payment record,AYA_PAY,PREMIUM,2022-03,7,,VERIFIED,21343.13,004386,2022-03-09 14:50:49,synthetic-generator,200886,101137
304387,45434.75,2022-04-21 05:20:43,Synthetic payment record,BANK_TRANSFER,PREMIUM,2022-04,8,,VERIFIED,45434.75,004387,2022-04-22 05:20:43,synthetic-generator,200887,101138
304388,10855.66,2022-05-14 11:50:42,Synthetic payment record,KBZ_PAY,PREMIUM,2022-05,9,,VERIFIED,10855.66,004388,2022-05-14 11:50:42,synthetic-generator,200888,101139
304389,22983.61,2022-06-09 10:22:29,Synthetic payment record,WAVE_PAY,PREMIUM,2022-06,10,,VERIFIED,22983.61,004389,2022-06-10 10:22:29,synthetic-generator,200889,101140
304390,5177.40,2022-07-13 13:08:01,Synthetic payment record,AYA_PAY,PREMIUM,2022-07,11,,PENDING,5177.40,004390,2022-07-14 13:08:01,,200890,101141
304391,12668.16,2022-08-14 08:57:37,Synthetic payment record,BANK_TRANSFER,RENEWAL,2022-08,12,,VERIFIED,12668.16,004391,2022-08-15 08:57:37,synthetic-generator,200891,101142
304392,18788.01,2022-09-21 12:34:51,Synthetic payment record,KBZ_PAY,PREMIUM,2022-09,1,,VERIFIED,18788.01,004392,2022-09-21 12:34:51,synthetic-generator,200892,101143
304393,17999.08,2022-10-23 21:20:13,Synthetic payment record,WAVE_PAY,PREMIUM,2022-10,2,,REJECTED,17999.08,004393,2022-10-24 21:20:13,,200893,101144
304394,9285.04,2022-11-07 01:54:05,Synthetic payment record,AYA_PAY,PREMIUM,2022-11,3,,VERIFIED,9285.04,004394,2022-11-10 01:54:05,synthetic-generator,200894,101145
304395,33264.77,2022-12-13 14:36:10,Synthetic payment record,BANK_TRANSFER,PREMIUM,2022-12,4,,REJECTED,33264.77,004395,2022-12-13 14:36:10,,200895,101146
304396,7773.47,2023-01-29 22:32:00,Synthetic payment record,KBZ_PAY,PREMIUM,2023-01,5,,VERIFIED,7773.47,004396,2023-01-31 22:32:00,synthetic-generator,200896,101147
304397,9590.67,2023-02-04 17:52:32,Synthetic payment record,WAVE_PAY,PREMIUM,2023-02,6,,VERIFIED,9590.67,004397,2023-02-07 17:52:32,synthetic-generator,200897,101148
304398,10212.85,2023-03-21 18:30:19,Synthetic payment record,AYA_PAY,PREMIUM,2023-03,7,,VERIFIED,10212.85,004398,2023-03-22 18:30:19,synthetic-generator,200898,101149
304399,6583.34,2023-04-02 19:15:50,Synthetic payment record,BANK_TRANSFER,PREMIUM,2023-04,8,,VERIFIED,6583.34,004399,2023-04-04 19:15:50,synthetic-generator,200899,101150
304400,1678.36,2023-05-26 12:37:55,Synthetic payment record,KBZ_PAY,PREMIUM,2023-05,9,,VERIFIED,1678.36,004400,2023-05-27 12:37:55,synthetic-generator,200900,101151
304401,19271.23,2023-06-19 04:29:12,Synthetic payment record,WAVE_PAY,RENEWAL,2023-06,10,,PENDING,19271.23,004401,2023-06-22 04:29:12,,200901,101152
304402,10584.62,2023-07-25 21:17:16,Synthetic payment record,AYA_PAY,PREMIUM,2023-07,11,,VERIFIED,10584.62,004402,2023-07-26 21:17:16,synthetic-generator,200902,101153
304403,24396.31,2023-08-15 02:35:33,Synthetic payment record,BANK_TRANSFER,PREMIUM,2023-08,12,,REJECTED,24396.31,004403,2023-08-16 02:35:33,,200903,101154
304404,4997.94,2023-09-17 00:19:50,Synthetic payment record,KBZ_PAY,PREMIUM,2023-09,1,,VERIFIED,4997.94,004404,2023-09-20 00:19:50,synthetic-generator,200904,101155
304405,33824.93,2023-10-30 16:12:09,Synthetic payment record,WAVE_PAY,PREMIUM,2023-10,2,,VERIFIED,33824.93,004405,2023-11-02 16:12:09,synthetic-generator,200905,101156
304406,7138.60,2023-11-07 05:25:15,Synthetic payment record,AYA_PAY,PREMIUM,2023-11,3,,VERIFIED,7138.60,004406,2023-11-08 05:25:15,synthetic-generator,200906,101157
304407,24631.38,2023-12-19 21:18:48,Synthetic payment record,BANK_TRANSFER,PREMIUM,2023-12,4,,VERIFIED,24631.38,004407,2023-12-22 21:18:48,synthetic-generator,200907,101158
304408,7085.54,2024-01-09 11:55:01,Synthetic payment record,KBZ_PAY,PREMIUM,2024-01,5,,VERIFIED,7085.54,004408,2024-01-11 11:55:01,synthetic-generator,200908,101159
304409,11697.74,2024-02-03 19:48:59,Synthetic payment record,WAVE_PAY,PREMIUM,2024-02,6,,VERIFIED,11697.74,004409,2024-02-03 19:48:59,synthetic-generator,200909,101160
304410,19200.18,2024-03-30 22:22:39,Synthetic payment record,AYA_PAY,PREMIUM,2024-03,7,,PENDING,19200.18,004410,2024-03-30 22:22:39,,200910,101161
304411,65479.20,2024-04-17 10:53:14,Synthetic payment record,BANK_TRANSFER,PREMIUM,2024-04,8,,VERIFIED,65479.20,004411,2024-04-17 10:53:14,synthetic-generator,200911,101162
304412,11081.45,2024-05-21 08:14:29,Synthetic payment record,KBZ_PAY,PREMIUM,2024-05,9,,VERIFIED,11081.45,004412,2024-05-22 08:14:29,synthetic-generator,200912,101163
304413,20493.33,2024-06-30 05:45:16,Synthetic payment record,WAVE_PAY,PREMIUM,2024-06,10,,VERIFIED,20493.33,004413,2024-07-02 05:45:16,synthetic-generator,200913,101164
304414,28874.05,2024-07-19 15:15:26,Synthetic payment record,AYA_PAY,PREMIUM,2024-07,11,,VERIFIED,28874.05,004414,2024-07-22 15:15:26,synthetic-generator,200914,101165
304415,47763.01,2024-08-02 14:23:08,Synthetic payment record,BANK_TRANSFER,PREMIUM,2024-08,12,,VERIFIED,47763.01,004415,2024-08-04 14:23:08,synthetic-generator,200915,101166
304416,20550.00,2024-09-13 19:35:20,Synthetic payment record,KBZ_PAY,PREMIUM,2024-09,1,,VERIFIED,20550.00,004416,2024-09-13 19:35:20,synthetic-generator,200916,101167
304417,4213.56,2024-10-13 06:43:36,Synthetic payment record,WAVE_PAY,PREMIUM,2024-10,2,,PENDING,4213.56,004417,2024-10-15 06:43:36,,200917,101168
304418,21865.05,2024-11-01 18:34:15,Synthetic payment record,AYA_PAY,PREMIUM,2024-11,3,,VERIFIED,21865.05,004418,2024-11-01 18:34:15,synthetic-generator,200918,101169
304419,4259.20,2024-12-18 21:25:08,Synthetic payment record,BANK_TRANSFER,PREMIUM,2024-12,4,,VERIFIED,4259.20,004419,2024-12-18 21:25:08,synthetic-generator,200919,101170
304420,10883.99,2025-01-20 11:58:19,Synthetic payment record,KBZ_PAY,CLAIM_PAYOUT,2025-01,5,,VERIFIED,10883.99,004420,2025-01-22 11:58:19,synthetic-generator,200920,101171
304421,33808.77,2025-02-25 19:56:42,Synthetic payment record,WAVE_PAY,PREMIUM,2025-02,6,,VERIFIED,33808.77,004421,2025-02-25 19:56:42,synthetic-generator,200921,101172
304422,25115.33,2025-03-17 13:03:48,Synthetic payment record,AYA_PAY,PREMIUM,2025-03,7,,VERIFIED,25115.33,004422,2025-03-20 13:03:48,synthetic-generator,200922,101173
304423,10611.26,2025-04-02 15:34:40,Synthetic payment record,BANK_TRANSFER,PREMIUM,2025-04,8,,VERIFIED,10611.26,004423,2025-04-03 15:34:40,synthetic-generator,200923,101174
304424,10524.22,2025-05-04 09:42:53,Synthetic payment record,KBZ_PAY,PREMIUM,2025-05,9,,VERIFIED,10524.22,004424,2025-05-06 09:42:53,synthetic-generator,200924,101175
304425,14790.65,2025-06-13 14:29:10,Synthetic payment record,WAVE_PAY,PREMIUM,2025-06,10,,VERIFIED,14790.65,004425,2025-06-15 14:29:10,synthetic-generator,200925,101176
304426,29504.31,2025-07-25 20:58:41,Synthetic payment record,AYA_PAY,PREMIUM,2025-07,11,,VERIFIED,29504.31,004426,2025-07-27 20:58:41,synthetic-generator,200926,101177
304427,27877.53,2025-08-22 11:19:24,Synthetic payment record,BANK_TRANSFER,PREMIUM,2025-08,12,,VERIFIED,27877.53,004427,2025-08-22 11:19:24,synthetic-generator,200927,101178
304428,4621.64,2025-09-21 12:40:52,Synthetic payment record,KBZ_PAY,PREMIUM,2025-09,1,,VERIFIED,4621.64,004428,2025-09-22 12:40:52,synthetic-generator,200928,101179
304429,37813.80,2025-10-30 23:39:02,Synthetic payment record,WAVE_PAY,PREMIUM,2025-10,2,,VERIFIED,37813.80,004429,2025-11-01 23:39:02,synthetic-generator,200929,101180
304430,28593.72,2025-11-05 09:07:55,Synthetic payment record,AYA_PAY,PREMIUM,2025-11,3,,VERIFIED,28593.72,004430,2025-11-08 09:07:55,synthetic-generator,200930,101181
304431,31634.26,2025-12-25 02:58:30,Synthetic payment record,BANK_TRANSFER,PREMIUM,2025-12,4,,VERIFIED,31634.26,004431,2025-12-25 02:58:30,synthetic-generator,200931,101182
304432,7403.27,2026-01-09 12:30:07,Synthetic payment record,KBZ_PAY,PREMIUM,2026-01,5,,VERIFIED,7403.27,004432,2026-01-09 12:30:07,synthetic-generator,200932,101183
304433,36077.46,2026-02-26 07:35:01,Synthetic payment record,WAVE_PAY,RENEWAL,2026-02,6,,VERIFIED,36077.46,004433,2026-03-01 07:35:01,synthetic-generator,200933,101184
304434,57753.93,2026-03-18 00:04:05,Synthetic payment record,AYA_PAY,PREMIUM,2026-03,7,,VERIFIED,57753.93,004434,2026-03-19 00:04:05,synthetic-generator,200934,101185
304435,67518.47,2026-04-08 19:42:24,Synthetic payment record,BANK_TRANSFER,CLAIM_PAYOUT,2026-04,8,,VERIFIED,67518.47,004435,2026-04-10 19:42:24,synthetic-generator,200935,101186
304436,11751.67,2026-05-24 22:38:32,Synthetic payment record,KBZ_PAY,PREMIUM,2026-05,9,,VERIFIED,11751.67,004436,2026-05-26 22:38:32,synthetic-generator,200936,101187
304437,5973.48,2026-06-11 08:24:46,Synthetic payment record,WAVE_PAY,PREMIUM,2026-06,10,,VERIFIED,5973.48,004437,2026-06-11 08:24:46,synthetic-generator,200937,101188
304438,23233.28,2026-07-07 14:59:51,Synthetic payment record,AYA_PAY,PREMIUM,2026-07,11,,VERIFIED,23233.28,004438,2026-07-08 14:59:51,synthetic-generator,200938,101189
304439,28563.87,2026-08-21 18:09:24,Synthetic payment record,BANK_TRANSFER,PREMIUM,2026-08,12,,VERIFIED,28563.87,004439,2026-08-23 18:09:24,synthetic-generator,200939,101190
304440,4086.97,2021-09-30 23:47:38,Synthetic payment record,KBZ_PAY,RENEWAL,2021-09,1,,VERIFIED,4086.97,004440,2021-10-01 23:47:38,synthetic-generator,200940,101191
304441,11054.07,2021-10-04 00:39:11,Synthetic payment record,WAVE_PAY,RENEWAL,2021-10,2,,VERIFIED,11054.07,004441,2021-10-06 00:39:11,synthetic-generator,200941,101192
304442,3097.02,2021-11-11 07:55:32,Synthetic payment record,AYA_PAY,PREMIUM,2021-11,3,,VERIFIED,3097.02,004442,2021-11-12 07:55:32,synthetic-generator,200942,101193
304443,25874.71,2021-12-17 23:34:03,Synthetic payment record,BANK_TRANSFER,PREMIUM,2021-12,4,,PENDING,25874.71,004443,2021-12-19 23:34:03,,200943,101194
304444,6300.88,2022-01-31 21:00:45,Synthetic payment record,KBZ_PAY,PREMIUM,2022-01,5,,VERIFIED,6300.88,004444,2022-02-03 21:00:45,synthetic-generator,200944,101195
304445,22352.20,2022-02-14 05:48:58,Synthetic payment record,WAVE_PAY,PREMIUM,2022-02,6,,VERIFIED,22352.20,004445,2022-02-14 05:48:58,synthetic-generator,200945,101196
304446,34665.91,2022-03-02 21:14:04,Synthetic payment record,AYA_PAY,PREMIUM,2022-03,7,,VERIFIED,34665.91,004446,2022-03-04 21:14:04,synthetic-generator,200946,101197
304447,49104.79,2022-04-18 05:10:08,Synthetic payment record,BANK_TRANSFER,PREMIUM,2022-04,8,,VERIFIED,49104.79,004447,2022-04-18 05:10:08,synthetic-generator,200947,101198
304448,5522.69,2022-05-17 10:20:20,Synthetic payment record,KBZ_PAY,PREMIUM,2022-05,9,,VERIFIED,5522.69,004448,2022-05-17 10:20:20,synthetic-generator,200948,101199
304449,14543.48,2022-06-13 13:30:31,Synthetic payment record,WAVE_PAY,RENEWAL,2022-06,10,,VERIFIED,14543.48,004449,2022-06-15 13:30:31,synthetic-generator,200949,101200
304450,29549.84,2022-07-29 14:17:04,Synthetic payment record,AYA_PAY,PREMIUM,2022-07,11,,VERIFIED,29549.84,004450,2022-07-29 14:17:04,synthetic-generator,200950,101201
304451,7228.50,2022-08-10 03:30:57,Synthetic payment record,BANK_TRANSFER,PREMIUM,2022-08,12,,VERIFIED,7228.50,004451,2022-08-11 03:30:57,synthetic-generator,200951,101202
304452,16588.27,2022-09-01 15:08:14,Synthetic payment record,KBZ_PAY,PREMIUM,2022-09,1,,PENDING,16588.27,004452,2022-09-02 15:08:14,,200952,101203
304453,18745.77,2022-10-07 23:35:47,Synthetic payment record,WAVE_PAY,PREMIUM,2022-10,2,,VERIFIED,18745.77,004453,2022-10-08 23:35:47,synthetic-generator,200953,101204
304454,23705.48,2022-11-01 13:55:43,Synthetic payment record,AYA_PAY,PREMIUM,2022-11,3,,VERIFIED,23705.48,004454,2022-11-03 13:55:43,synthetic-generator,200954,101205
304455,39452.57,2022-12-21 09:42:54,Synthetic payment record,BANK_TRANSFER,RENEWAL,2022-12,4,,VERIFIED,39452.57,004455,2022-12-22 09:42:54,synthetic-generator,200955,101206
304456,4378.62,2023-01-10 02:02:13,Synthetic payment record,KBZ_PAY,PREMIUM,2023-01,5,,VERIFIED,4378.62,004456,2023-01-10 02:02:13,synthetic-generator,200956,101207
304457,23509.14,2023-02-08 11:08:07,Synthetic payment record,WAVE_PAY,RENEWAL,2023-02,6,,VERIFIED,23509.14,004457,2023-02-11 11:08:07,synthetic-generator,200957,101208
304458,45960.28,2023-03-05 21:05:10,Synthetic payment record,AYA_PAY,PREMIUM,2023-03,7,,VERIFIED,45960.28,004458,2023-03-07 21:05:10,synthetic-generator,200958,101209
304459,66358.02,2023-04-02 05:06:56,Synthetic payment record,BANK_TRANSFER,CLAIM_PAYOUT,2023-04,8,,VERIFIED,66358.02,004459,2023-04-03 05:06:56,synthetic-generator,200959,101210
304460,9570.83,2023-05-08 04:22:56,Synthetic payment record,KBZ_PAY,RENEWAL,2023-05,9,,VERIFIED,9570.83,004460,2023-05-08 04:22:56,synthetic-generator,200960,101211
304461,7409.19,2023-06-21 05:18:46,Synthetic payment record,WAVE_PAY,PREMIUM,2023-06,10,,VERIFIED,7409.19,004461,2023-06-23 05:18:46,synthetic-generator,200961,101212
304462,13104.65,2023-07-24 20:18:16,Synthetic payment record,AYA_PAY,RENEWAL,2023-07,11,,VERIFIED,13104.65,004462,2023-07-26 20:18:16,synthetic-generator,200962,101213
304463,27989.97,2023-08-07 00:51:44,Synthetic payment record,BANK_TRANSFER,PREMIUM,2023-08,12,,VERIFIED,27989.97,004463,2023-08-09 00:51:44,synthetic-generator,200963,101214
304464,10962.84,2023-09-09 15:56:59,Synthetic payment record,KBZ_PAY,PREMIUM,2023-09,1,,VERIFIED,10962.84,004464,2023-09-11 15:56:59,synthetic-generator,200964,101215
304465,8784.24,2023-10-14 11:01:29,Synthetic payment record,WAVE_PAY,RENEWAL,2023-10,2,,VERIFIED,8784.24,004465,2023-10-16 11:01:29,synthetic-generator,200965,101216
304466,25272.04,2023-11-26 00:08:30,Synthetic payment record,AYA_PAY,PREMIUM,2023-11,3,,PENDING,25272.04,004466,2023-11-29 00:08:30,,200966,101217
304467,26565.89,2023-12-22 04:42:55,Synthetic payment record,BANK_TRANSFER,PREMIUM,2023-12,4,,VERIFIED,26565.89,004467,2023-12-25 04:42:55,synthetic-generator,200967,101218
304468,8690.72,2024-01-10 15:17:58,Synthetic payment record,KBZ_PAY,PREMIUM,2024-01,5,,VERIFIED,8690.72,004468,2024-01-13 15:17:58,synthetic-generator,200968,101219
304469,26151.66,2024-02-16 02:23:26,Synthetic payment record,WAVE_PAY,PREMIUM,2024-02,6,,VERIFIED,26151.66,004469,2024-02-18 02:23:26,synthetic-generator,200969,101220
304470,6460.53,2024-03-18 17:45:51,Synthetic payment record,AYA_PAY,PREMIUM,2024-03,7,,VERIFIED,6460.53,004470,2024-03-18 17:45:51,synthetic-generator,200970,101221
304471,6026.34,2024-04-13 11:30:32,Synthetic payment record,BANK_TRANSFER,PREMIUM,2024-04,8,,VERIFIED,6026.34,004471,2024-04-16 11:30:32,synthetic-generator,200971,101222
304472,9001.57,2024-05-11 20:00:26,Synthetic payment record,KBZ_PAY,PREMIUM,2024-05,9,,VERIFIED,9001.57,004472,2024-05-14 20:00:26,synthetic-generator,200972,101223
304473,11712.81,2024-06-06 03:20:45,Synthetic payment record,WAVE_PAY,PREMIUM,2024-06,10,,VERIFIED,11712.81,004473,2024-06-07 03:20:45,synthetic-generator,200973,101224
304474,14625.40,2024-07-01 09:17:01,Synthetic payment record,AYA_PAY,PREMIUM,2024-07,11,,VERIFIED,14625.40,004474,2024-07-04 09:17:01,synthetic-generator,200974,101225
304475,18822.24,2024-08-21 01:54:31,Synthetic payment record,BANK_TRANSFER,PREMIUM,2024-08,12,,VERIFIED,18822.24,004475,2024-08-21 01:54:31,synthetic-generator,200975,101226
304476,13132.66,2024-09-08 05:41:47,Synthetic payment record,KBZ_PAY,PREMIUM,2024-09,1,,VERIFIED,13132.66,004476,2024-09-08 05:41:47,synthetic-generator,200976,101227
304477,20815.67,2024-10-03 12:12:05,Synthetic payment record,WAVE_PAY,PREMIUM,2024-10,2,,VERIFIED,20815.67,004477,2024-10-05 12:12:05,synthetic-generator,200977,101228
304478,20960.55,2024-11-28 04:15:44,Synthetic payment record,AYA_PAY,PREMIUM,2024-11,3,,VERIFIED,20960.55,004478,2024-11-28 04:15:44,synthetic-generator,200978,101229
304479,28645.74,2024-12-10 10:25:19,Synthetic payment record,BANK_TRANSFER,PREMIUM,2024-12,4,,VERIFIED,28645.74,004479,2024-12-11 10:25:19,synthetic-generator,200979,101230
304480,10877.61,2025-01-28 06:28:27,Synthetic payment record,KBZ_PAY,PREMIUM,2025-01,5,,VERIFIED,10877.61,004480,2025-01-28 06:28:27,synthetic-generator,200980,101231
304481,28747.00,2025-02-01 00:02:55,Synthetic payment record,WAVE_PAY,PREMIUM,2025-02,6,,VERIFIED,28747.00,004481,2025-02-02 00:02:55,synthetic-generator,200981,101232
304482,50371.26,2025-03-16 17:12:36,Synthetic payment record,AYA_PAY,PREMIUM,2025-03,7,,REJECTED,50371.26,004482,2025-03-19 17:12:36,,200982,101233
304483,78354.96,2025-04-21 00:51:09,Synthetic payment record,BANK_TRANSFER,PREMIUM,2025-04,8,,VERIFIED,78354.96,004483,2025-04-21 00:51:09,synthetic-generator,200983,101234
304484,7182.90,2025-05-30 00:09:02,Synthetic payment record,KBZ_PAY,CLAIM_PAYOUT,2025-05,9,,VERIFIED,7182.90,004484,2025-05-31 00:09:02,synthetic-generator,200984,101235
304485,21522.33,2025-06-19 22:12:46,Synthetic payment record,WAVE_PAY,PREMIUM,2025-06,10,,VERIFIED,21522.33,004485,2025-06-19 22:12:46,synthetic-generator,200985,101236
304486,20703.73,2025-07-08 09:24:23,Synthetic payment record,AYA_PAY,PREMIUM,2025-07,11,,VERIFIED,20703.73,004486,2025-07-08 09:24:23,synthetic-generator,200986,101237
304487,21234.54,2025-08-19 15:36:09,Synthetic payment record,BANK_TRANSFER,PREMIUM,2025-08,12,,VERIFIED,21234.54,004487,2025-08-22 15:36:09,synthetic-generator,200987,101238
304488,2938.44,2025-09-13 11:19:27,Synthetic payment record,KBZ_PAY,RENEWAL,2025-09,1,,VERIFIED,2938.44,004488,2025-09-15 11:19:27,synthetic-generator,200988,101239
304489,12033.00,2025-10-18 23:11:43,Synthetic payment record,WAVE_PAY,CLAIM_PAYOUT,2025-10,2,,VERIFIED,12033.00,004489,2025-10-21 23:11:43,synthetic-generator,200989,101240
304490,14589.57,2025-11-13 10:54:46,Synthetic payment record,AYA_PAY,PREMIUM,2025-11,3,,VERIFIED,14589.57,004490,2025-11-15 10:54:46,synthetic-generator,200990,101241
304491,16276.68,2025-12-07 16:49:58,Synthetic payment record,BANK_TRANSFER,PREMIUM,2025-12,4,,PENDING,16276.68,004491,2025-12-07 16:49:58,,200991,101242
304492,21670.00,2026-01-30 06:57:02,Synthetic payment record,KBZ_PAY,PREMIUM,2026-01,5,,VERIFIED,21670.00,004492,2026-02-02 06:57:02,synthetic-generator,200992,101243
304493,8986.04,2026-02-14 06:57:57,Synthetic payment record,WAVE_PAY,PREMIUM,2026-02,6,,PENDING,8986.04,004493,2026-02-17 06:57:57,,200993,101244
304494,36428.49,2026-03-30 08:44:59,Synthetic payment record,AYA_PAY,PREMIUM,2026-03,7,,VERIFIED,36428.49,004494,2026-03-30 08:44:59,synthetic-generator,200994,101245
304495,17616.75,2026-04-12 21:34:58,Synthetic payment record,BANK_TRANSFER,PREMIUM,2026-04,8,,REJECTED,17616.75,004495,2026-04-14 21:34:58,,200995,101246
304496,6628.03,2026-05-01 13:23:49,Synthetic payment record,KBZ_PAY,PREMIUM,2026-05,9,,PENDING,6628.03,004496,2026-05-03 13:23:49,,200996,101247
304497,23987.83,2026-06-06 19:32:16,Synthetic payment record,WAVE_PAY,PREMIUM,2026-06,10,,PENDING,23987.83,004497,2026-06-09 19:32:16,,200997,101248
304498,18774.40,2026-07-19 06:13:20,Synthetic payment record,AYA_PAY,PREMIUM,2026-07,11,,VERIFIED,18774.40,004498,2026-07-22 06:13:20,synthetic-generator,200998,101249
304499,20058.81,2026-08-30 21:04:28,Synthetic payment record,BANK_TRANSFER,RENEWAL,2026-08,12,,VERIFIED,20058.81,004499,2026-09-01 21:04:28,synthetic-generator,200999,101250
304500,6070.20,2021-09-02 18:02:13,Synthetic payment record,KBZ_PAY,PREMIUM,2021-09,1,,REJECTED,6070.20,004500,2021-09-02 18:02:13,,201000,101251
304501,19039.95,2021-10-31 21:18:59,Synthetic payment record,WAVE_PAY,RENEWAL,2021-10,2,,VERIFIED,19039.95,004501,2021-10-31 21:18:59,synthetic-generator,201001,101252
304502,10423.62,2021-11-27 09:08:56,Synthetic payment record,AYA_PAY,PREMIUM,2021-11,3,,PENDING,10423.62,004502,2021-11-28 09:08:56,,201002,101253
304503,36187.02,2021-12-01 19:29:27,Synthetic payment record,BANK_TRANSFER,PREMIUM,2021-12,4,,VERIFIED,36187.02,004503,2021-12-02 19:29:27,synthetic-generator,201003,101254
304504,9885.70,2022-01-20 09:56:59,Synthetic payment record,KBZ_PAY,PREMIUM,2022-01,5,,VERIFIED,9885.70,004504,2022-01-20 09:56:59,synthetic-generator,201004,101255
304505,7458.89,2022-02-27 08:27:40,Synthetic payment record,WAVE_PAY,PREMIUM,2022-02,6,,VERIFIED,7458.89,004505,2022-02-28 08:27:40,synthetic-generator,201005,101256
304506,22722.50,2022-03-25 16:10:32,Synthetic payment record,AYA_PAY,PREMIUM,2022-03,7,,PENDING,22722.50,004506,2022-03-27 16:10:32,,201006,101257
304507,45993.17,2022-04-25 10:45:28,Synthetic payment record,BANK_TRANSFER,PREMIUM,2022-04,8,,VERIFIED,45993.17,004507,2022-04-26 10:45:28,synthetic-generator,201007,101258
304508,4468.60,2022-05-02 08:21:56,Synthetic payment record,KBZ_PAY,PREMIUM,2022-05,9,,VERIFIED,4468.60,004508,2022-05-04 08:21:56,synthetic-generator,201008,101259
304509,16306.52,2022-06-06 16:09:09,Synthetic payment record,WAVE_PAY,PREMIUM,2022-06,10,,VERIFIED,16306.52,004509,2022-06-08 16:09:09,synthetic-generator,201009,101260
304510,6879.55,2022-07-02 02:06:16,Synthetic payment record,AYA_PAY,PREMIUM,2022-07,11,,PENDING,6879.55,004510,2022-07-02 02:06:16,,201010,101261
304511,47731.78,2022-08-23 11:26:03,Synthetic payment record,BANK_TRANSFER,PREMIUM,2022-08,12,,VERIFIED,47731.78,004511,2022-08-24 11:26:03,synthetic-generator,201011,101262
304512,10551.48,2022-09-11 19:52:24,Synthetic payment record,KBZ_PAY,PREMIUM,2022-09,1,,VERIFIED,10551.48,004512,2022-09-12 19:52:24,synthetic-generator,201012,101263
304513,11029.18,2022-10-16 12:48:30,Synthetic payment record,WAVE_PAY,PREMIUM,2022-10,2,,VERIFIED,11029.18,004513,2022-10-16 12:48:30,synthetic-generator,201013,101264
304514,23477.78,2022-11-06 13:39:23,Synthetic payment record,AYA_PAY,PREMIUM,2022-11,3,,VERIFIED,23477.78,004514,2022-11-07 13:39:23,synthetic-generator,201014,101265
304515,14646.55,2022-12-05 02:06:15,Synthetic payment record,BANK_TRANSFER,PREMIUM,2022-12,4,,VERIFIED,14646.55,004515,2022-12-06 02:06:15,synthetic-generator,201015,101266
304516,19104.14,2023-01-12 04:40:33,Synthetic payment record,KBZ_PAY,PREMIUM,2023-01,5,,PENDING,19104.14,004516,2023-01-14 04:40:33,,201016,101267
304517,4296.21,2023-02-02 20:27:31,Synthetic payment record,WAVE_PAY,PREMIUM,2023-02,6,,VERIFIED,4296.21,004517,2023-02-05 20:27:31,synthetic-generator,201017,101268
304518,38617.58,2023-03-17 23:32:15,Synthetic payment record,AYA_PAY,PREMIUM,2023-03,7,,PENDING,38617.58,004518,2023-03-20 23:32:15,,201018,101269
304519,37915.55,2023-04-17 10:24:35,Synthetic payment record,BANK_TRANSFER,PREMIUM,2023-04,8,,VERIFIED,37915.55,004519,2023-04-20 10:24:35,synthetic-generator,201019,101270
304520,12852.52,2023-05-29 18:41:48,Synthetic payment record,KBZ_PAY,PREMIUM,2023-05,9,,VERIFIED,12852.52,004520,2023-05-29 18:41:48,synthetic-generator,201020,101271
304521,12299.98,2023-06-22 11:50:52,Synthetic payment record,WAVE_PAY,PREMIUM,2023-06,10,,PENDING,12299.98,004521,2023-06-23 11:50:52,,201021,101272
304522,18531.86,2023-07-31 20:00:35,Synthetic payment record,AYA_PAY,PREMIUM,2023-07,11,,VERIFIED,18531.86,004522,2023-08-01 20:00:35,synthetic-generator,201022,101273
304523,9959.97,2023-08-03 07:57:15,Synthetic payment record,BANK_TRANSFER,PREMIUM,2023-08,12,,VERIFIED,9959.97,004523,2023-08-03 07:57:15,synthetic-generator,201023,101274
304524,11279.86,2023-09-17 11:38:41,Synthetic payment record,KBZ_PAY,PREMIUM,2023-09,1,,PENDING,11279.86,004524,2023-09-20 11:38:41,,201024,101275
304525,20945.83,2023-10-31 19:05:28,Synthetic payment record,WAVE_PAY,PREMIUM,2023-10,2,,VERIFIED,20945.83,004525,2023-11-03 19:05:28,synthetic-generator,201025,101276
304526,23238.17,2023-11-06 09:00:22,Synthetic payment record,AYA_PAY,PREMIUM,2023-11,3,,VERIFIED,23238.17,004526,2023-11-08 09:00:22,synthetic-generator,201026,101277
304527,32349.34,2023-12-10 08:38:50,Synthetic payment record,BANK_TRANSFER,PREMIUM,2023-12,4,,VERIFIED,32349.34,004527,2023-12-12 08:38:50,synthetic-generator,201027,101278
304528,3726.64,2024-01-28 14:09:56,Synthetic payment record,KBZ_PAY,PREMIUM,2024-01,5,,VERIFIED,3726.64,004528,2024-01-31 14:09:56,synthetic-generator,201028,101279
304529,17458.93,2024-02-04 04:04:06,Synthetic payment record,WAVE_PAY,PREMIUM,2024-02,6,,VERIFIED,17458.93,004529,2024-02-05 04:04:06,synthetic-generator,201029,101280
304530,11873.03,2024-03-23 06:20:46,Synthetic payment record,AYA_PAY,PREMIUM,2024-03,7,,VERIFIED,11873.03,004530,2024-03-23 06:20:46,synthetic-generator,201030,101281
304531,15724.60,2024-04-07 12:48:44,Synthetic payment record,BANK_TRANSFER,PREMIUM,2024-04,8,,VERIFIED,15724.60,004531,2024-04-10 12:48:44,synthetic-generator,201031,101282
304532,3931.54,2024-05-20 02:58:53,Synthetic payment record,KBZ_PAY,PREMIUM,2024-05,9,,VERIFIED,3931.54,004532,2024-05-20 02:58:53,synthetic-generator,201032,101283
304533,19189.18,2024-06-30 15:25:23,Synthetic payment record,WAVE_PAY,PREMIUM,2024-06,10,,VERIFIED,19189.18,004533,2024-06-30 15:25:23,synthetic-generator,201033,101284
304534,14577.77,2024-07-10 10:57:38,Synthetic payment record,AYA_PAY,RENEWAL,2024-07,11,,VERIFIED,14577.77,004534,2024-07-10 10:57:38,synthetic-generator,201034,101285
304535,45164.37,2024-08-20 16:27:42,Synthetic payment record,BANK_TRANSFER,PREMIUM,2024-08,12,,VERIFIED,45164.37,004535,2024-08-22 16:27:42,synthetic-generator,201035,101286
304536,4646.00,2024-09-11 14:01:18,Synthetic payment record,KBZ_PAY,PREMIUM,2024-09,1,,VERIFIED,4646.00,004536,2024-09-13 14:01:18,synthetic-generator,201036,101287
304537,16807.06,2024-10-20 15:48:58,Synthetic payment record,WAVE_PAY,PREMIUM,2024-10,2,,VERIFIED,16807.06,004537,2024-10-21 15:48:58,synthetic-generator,201037,101288
304538,20623.24,2024-11-11 06:57:00,Synthetic payment record,AYA_PAY,RENEWAL,2024-11,3,,VERIFIED,20623.24,004538,2024-11-13 06:57:00,synthetic-generator,201038,101289
304539,25655.13,2024-12-17 03:25:46,Synthetic payment record,BANK_TRANSFER,PREMIUM,2024-12,4,,VERIFIED,25655.13,004539,2024-12-18 03:25:46,synthetic-generator,201039,101290
304540,18999.12,2025-01-01 13:59:33,Synthetic payment record,KBZ_PAY,PREMIUM,2025-01,5,,VERIFIED,18999.12,004540,2025-01-02 13:59:33,synthetic-generator,201040,101291
304541,35955.20,2025-02-26 22:50:14,Synthetic payment record,WAVE_PAY,PREMIUM,2025-02,6,,VERIFIED,35955.20,004541,2025-02-28 22:50:14,synthetic-generator,201041,101292
304542,13233.74,2025-03-17 05:13:10,Synthetic payment record,AYA_PAY,PREMIUM,2025-03,7,,VERIFIED,13233.74,004542,2025-03-18 05:13:10,synthetic-generator,201042,101293
304543,48206.46,2025-04-23 04:42:07,Synthetic payment record,BANK_TRANSFER,PREMIUM,2025-04,8,,VERIFIED,48206.46,004543,2025-04-24 04:42:07,synthetic-generator,201043,101294
304544,13146.64,2025-05-22 18:46:25,Synthetic payment record,KBZ_PAY,PREMIUM,2025-05,9,,VERIFIED,13146.64,004544,2025-05-23 18:46:25,synthetic-generator,201044,101295
304545,10044.33,2025-06-26 23:10:52,Synthetic payment record,WAVE_PAY,PREMIUM,2025-06,10,,PENDING,10044.33,004545,2025-06-28 23:10:52,,201045,101296
304546,8347.10,2025-07-08 00:35:26,Synthetic payment record,AYA_PAY,RENEWAL,2025-07,11,,VERIFIED,8347.10,004546,2025-07-09 00:35:26,synthetic-generator,201046,101297
304547,28894.74,2025-08-08 17:10:56,Synthetic payment record,BANK_TRANSFER,CLAIM_PAYOUT,2025-08,12,,VERIFIED,28894.74,004547,2025-08-09 17:10:56,synthetic-generator,201047,101298
304548,12905.80,2025-09-04 03:33:09,Synthetic payment record,KBZ_PAY,RENEWAL,2025-09,1,,PENDING,12905.80,004548,2025-09-04 03:33:09,,201048,101299
304549,23573.75,2025-10-20 18:41:42,Synthetic payment record,WAVE_PAY,PREMIUM,2025-10,2,,VERIFIED,23573.75,004549,2025-10-23 18:41:42,synthetic-generator,201049,101300
304550,15791.23,2025-11-27 02:37:27,Synthetic payment record,AYA_PAY,PREMIUM,2025-11,3,,VERIFIED,15791.23,004550,2025-11-30 02:37:27,synthetic-generator,201050,101301
304551,20779.28,2025-12-01 12:38:57,Synthetic payment record,BANK_TRANSFER,CLAIM_PAYOUT,2025-12,4,,VERIFIED,20779.28,004551,2025-12-01 12:38:57,synthetic-generator,201051,101302
304552,7860.65,2026-01-11 11:44:48,Synthetic payment record,KBZ_PAY,PREMIUM,2026-01,5,,VERIFIED,7860.65,004552,2026-01-13 11:44:48,synthetic-generator,201052,101303
304553,30117.23,2026-02-17 17:44:27,Synthetic payment record,WAVE_PAY,PREMIUM,2026-02,6,,VERIFIED,30117.23,004553,2026-02-18 17:44:27,synthetic-generator,201053,101304
304554,35292.17,2026-03-01 13:02:27,Synthetic payment record,AYA_PAY,PREMIUM,2026-03,7,,VERIFIED,35292.17,004554,2026-03-04 13:02:27,synthetic-generator,201054,101305
304555,81530.75,2026-04-07 22:13:10,Synthetic payment record,BANK_TRANSFER,PREMIUM,2026-04,8,,VERIFIED,81530.75,004555,2026-04-07 22:13:10,synthetic-generator,201055,101306
304556,12194.39,2026-05-29 18:59:16,Synthetic payment record,KBZ_PAY,PREMIUM,2026-05,9,,VERIFIED,12194.39,004556,2026-05-30 18:59:16,synthetic-generator,201056,101307
304557,21096.78,2026-06-17 11:06:33,Synthetic payment record,WAVE_PAY,RENEWAL,2026-06,10,,VERIFIED,21096.78,004557,2026-06-20 11:06:33,synthetic-generator,201057,101308
304558,16395.47,2026-07-31 07:10:27,Synthetic payment record,AYA_PAY,PREMIUM,2026-07,11,,VERIFIED,16395.47,004558,2026-08-03 07:10:27,synthetic-generator,201058,101309
304559,30422.68,2026-08-10 00:39:27,Synthetic payment record,BANK_TRANSFER,PREMIUM,2026-08,12,,VERIFIED,30422.68,004559,2026-08-11 00:39:27,synthetic-generator,201059,101310
304560,10131.89,2021-09-18 17:01:54,Synthetic payment record,KBZ_PAY,RENEWAL,2021-09,1,,VERIFIED,10131.89,004560,2021-09-21 17:01:54,synthetic-generator,201060,101311
304561,22666.77,2021-10-08 17:34:27,Synthetic payment record,WAVE_PAY,RENEWAL,2021-10,2,,VERIFIED,22666.77,004561,2021-10-10 17:34:27,synthetic-generator,201061,101312
304562,7944.40,2021-11-10 17:42:14,Synthetic payment record,AYA_PAY,PREMIUM,2021-11,3,,VERIFIED,7944.40,004562,2021-11-12 17:42:14,synthetic-generator,201062,101313
304563,3635.07,2021-12-16 05:13:09,Synthetic payment record,BANK_TRANSFER,PREMIUM,2021-12,4,,VERIFIED,3635.07,004563,2021-12-16 05:13:09,synthetic-generator,201063,101314
304564,9970.65,2022-01-06 15:52:21,Synthetic payment record,KBZ_PAY,PREMIUM,2022-01,5,,REJECTED,9970.65,004564,2022-01-07 15:52:21,,201064,101315
304565,10698.88,2022-02-20 14:42:47,Synthetic payment record,WAVE_PAY,PREMIUM,2022-02,6,,VERIFIED,10698.88,004565,2022-02-21 14:42:47,synthetic-generator,201065,101316
304566,31894.91,2022-03-04 14:40:03,Synthetic payment record,AYA_PAY,RENEWAL,2022-03,7,,VERIFIED,31894.91,004566,2022-03-07 14:40:03,synthetic-generator,201066,101317
304567,34771.16,2022-04-18 23:44:01,Synthetic payment record,BANK_TRANSFER,PREMIUM,2022-04,8,,VERIFIED,34771.16,004567,2022-04-18 23:44:01,synthetic-generator,201067,101318
304568,13592.47,2022-05-19 17:03:55,Synthetic payment record,KBZ_PAY,PREMIUM,2022-05,9,,VERIFIED,13592.47,004568,2022-05-19 17:03:55,synthetic-generator,201068,101319
304569,13413.45,2022-06-30 07:23:15,Synthetic payment record,WAVE_PAY,RENEWAL,2022-06,10,,VERIFIED,13413.45,004569,2022-06-30 07:23:15,synthetic-generator,201069,101320
304570,16825.58,2022-07-31 17:31:31,Synthetic payment record,AYA_PAY,PREMIUM,2022-07,11,,VERIFIED,16825.58,004570,2022-08-01 17:31:31,synthetic-generator,201070,101321
304571,6134.25,2022-08-08 10:57:05,Synthetic payment record,BANK_TRANSFER,PREMIUM,2022-08,12,,VERIFIED,6134.25,004571,2022-08-09 10:57:05,synthetic-generator,201071,101322
304572,21406.21,2022-09-09 19:06:03,Synthetic payment record,KBZ_PAY,PREMIUM,2022-09,1,,PENDING,21406.21,004572,2022-09-10 19:06:03,,201072,101323
304573,10317.81,2022-10-03 15:59:15,Synthetic payment record,WAVE_PAY,PREMIUM,2022-10,2,,VERIFIED,10317.81,004573,2022-10-03 15:59:15,synthetic-generator,201073,101324
304574,5516.19,2022-11-30 01:50:48,Synthetic payment record,AYA_PAY,PREMIUM,2022-11,3,,VERIFIED,5516.19,004574,2022-12-01 01:50:48,synthetic-generator,201074,101325
304575,38055.44,2022-12-23 18:14:19,Synthetic payment record,BANK_TRANSFER,PREMIUM,2022-12,4,,VERIFIED,38055.44,004575,2022-12-25 18:14:19,synthetic-generator,201075,101326
304576,10057.14,2023-01-28 08:18:04,Synthetic payment record,KBZ_PAY,PREMIUM,2023-01,5,,VERIFIED,10057.14,004576,2023-01-30 08:18:04,synthetic-generator,201076,101327
304577,9684.70,2023-02-02 14:17:27,Synthetic payment record,WAVE_PAY,PREMIUM,2023-02,6,,VERIFIED,9684.70,004577,2023-02-05 14:17:27,synthetic-generator,201077,101328
304578,9890.20,2023-03-04 15:36:04,Synthetic payment record,AYA_PAY,PREMIUM,2023-03,7,,VERIFIED,9890.20,004578,2023-03-07 15:36:04,synthetic-generator,201078,101329
304579,67443.32,2023-04-01 21:28:15,Synthetic payment record,BANK_TRANSFER,PREMIUM,2023-04,8,,VERIFIED,67443.32,004579,2023-04-01 21:28:15,synthetic-generator,201079,101330
304580,2511.92,2023-05-17 04:12:14,Synthetic payment record,KBZ_PAY,PREMIUM,2023-05,9,,VERIFIED,2511.92,004580,2023-05-17 04:12:14,synthetic-generator,201080,101331
304581,4521.73,2023-06-14 23:04:30,Synthetic payment record,WAVE_PAY,PREMIUM,2023-06,10,,VERIFIED,4521.73,004581,2023-06-16 23:04:30,synthetic-generator,201081,101332
304582,37121.40,2023-07-18 23:53:51,Synthetic payment record,AYA_PAY,PREMIUM,2023-07,11,,VERIFIED,37121.40,004582,2023-07-19 23:53:51,synthetic-generator,201082,101333
304583,52726.34,2023-08-26 04:40:30,Synthetic payment record,BANK_TRANSFER,PREMIUM,2023-08,12,,VERIFIED,52726.34,004583,2023-08-28 04:40:30,synthetic-generator,201083,101334
304584,7821.35,2023-09-05 07:21:27,Synthetic payment record,KBZ_PAY,RENEWAL,2023-09,1,,VERIFIED,7821.35,004584,2023-09-06 07:21:27,synthetic-generator,201084,101335
304585,3237.34,2023-10-08 10:42:05,Synthetic payment record,WAVE_PAY,PREMIUM,2023-10,2,,VERIFIED,3237.34,004585,2023-10-10 10:42:05,synthetic-generator,201085,101336
304586,10729.10,2023-11-29 04:55:08,Synthetic payment record,AYA_PAY,PREMIUM,2023-11,3,,VERIFIED,10729.10,004586,2023-12-02 04:55:08,synthetic-generator,201086,101337
304587,8912.46,2023-12-11 22:42:22,Synthetic payment record,BANK_TRANSFER,PREMIUM,2023-12,4,,VERIFIED,8912.46,004587,2023-12-12 22:42:22,synthetic-generator,201087,101338
304588,20019.05,2024-01-23 05:15:07,Synthetic payment record,KBZ_PAY,RENEWAL,2024-01,5,,VERIFIED,20019.05,004588,2024-01-23 05:15:07,synthetic-generator,201088,101339
304589,4513.93,2024-02-03 15:22:40,Synthetic payment record,WAVE_PAY,PREMIUM,2024-02,6,,VERIFIED,4513.93,004589,2024-02-06 15:22:40,synthetic-generator,201089,101340
304590,8951.94,2024-03-04 13:57:42,Synthetic payment record,AYA_PAY,PREMIUM,2024-03,7,,VERIFIED,8951.94,004590,2024-03-06 13:57:42,synthetic-generator,201090,101341
304591,10595.28,2024-04-12 12:54:46,Synthetic payment record,BANK_TRANSFER,PREMIUM,2024-04,8,,VERIFIED,10595.28,004591,2024-04-14 12:54:46,synthetic-generator,201091,101342
304592,2501.95,2024-05-07 05:41:47,Synthetic payment record,KBZ_PAY,PREMIUM,2024-05,9,,VERIFIED,2501.95,004592,2024-05-09 05:41:47,synthetic-generator,201092,101343
304593,3555.55,2024-06-05 11:15:26,Synthetic payment record,WAVE_PAY,RENEWAL,2024-06,10,,VERIFIED,3555.55,004593,2024-06-05 11:15:26,synthetic-generator,201093,101344
304594,22593.29,2024-07-07 23:33:01,Synthetic payment record,AYA_PAY,PREMIUM,2024-07,11,,VERIFIED,22593.29,004594,2024-07-07 23:33:01,synthetic-generator,201094,101345
304595,46174.76,2024-08-07 20:02:45,Synthetic payment record,BANK_TRANSFER,CLAIM_PAYOUT,2024-08,12,,PENDING,46174.76,004595,2024-08-10 20:02:45,,201095,101346
304596,13535.85,2024-09-03 01:29:42,Synthetic payment record,KBZ_PAY,PREMIUM,2024-09,1,,VERIFIED,13535.85,004596,2024-09-05 01:29:42,synthetic-generator,201096,101347
304597,11808.18,2024-10-06 13:19:14,Synthetic payment record,WAVE_PAY,PREMIUM,2024-10,2,,VERIFIED,11808.18,004597,2024-10-09 13:19:14,synthetic-generator,201097,101348
304598,18767.12,2024-11-16 01:06:36,Synthetic payment record,AYA_PAY,PREMIUM,2024-11,3,,VERIFIED,18767.12,004598,2024-11-17 01:06:36,synthetic-generator,201098,101349
304599,46586.87,2024-12-27 14:20:07,Synthetic payment record,BANK_TRANSFER,PREMIUM,2024-12,4,,PENDING,46586.87,004599,2024-12-27 14:20:07,,201099,101350
304600,14683.48,2025-01-09 19:08:28,Synthetic payment record,KBZ_PAY,PREMIUM,2025-01,5,,VERIFIED,14683.48,004600,2025-01-11 19:08:28,synthetic-generator,201100,101351
304601,29386.33,2025-02-07 11:03:28,Synthetic payment record,WAVE_PAY,PREMIUM,2025-02,6,,VERIFIED,29386.33,004601,2025-02-09 11:03:28,synthetic-generator,201101,101352
304602,30077.65,2025-03-13 00:42:31,Synthetic payment record,AYA_PAY,PREMIUM,2025-03,7,,VERIFIED,30077.65,004602,2025-03-15 00:42:31,synthetic-generator,201102,101353
304603,46808.45,2025-04-20 01:00:01,Synthetic payment record,BANK_TRANSFER,PREMIUM,2025-04,8,,VERIFIED,46808.45,004603,2025-04-20 01:00:01,synthetic-generator,201103,101354
304604,9666.10,2025-05-28 15:05:09,Synthetic payment record,KBZ_PAY,PREMIUM,2025-05,9,,VERIFIED,9666.10,004604,2025-05-28 15:05:09,synthetic-generator,201104,101355
304605,6074.60,2025-06-13 22:25:31,Synthetic payment record,WAVE_PAY,PREMIUM,2025-06,10,,VERIFIED,6074.60,004605,2025-06-15 22:25:31,synthetic-generator,201105,101356
304606,31270.86,2025-07-27 05:12:53,Synthetic payment record,AYA_PAY,PREMIUM,2025-07,11,,PENDING,31270.86,004606,2025-07-30 05:12:53,,201106,101357
304607,21795.60,2025-08-11 13:57:13,Synthetic payment record,BANK_TRANSFER,PREMIUM,2025-08,12,,REJECTED,21795.60,004607,2025-08-13 13:57:13,,201107,101358
304608,21355.82,2025-09-10 16:33:38,Synthetic payment record,KBZ_PAY,PREMIUM,2025-09,1,,VERIFIED,21355.82,004608,2025-09-10 16:33:38,synthetic-generator,201108,101359
304609,21254.37,2025-10-23 02:35:54,Synthetic payment record,WAVE_PAY,PREMIUM,2025-10,2,,VERIFIED,21254.37,004609,2025-10-23 02:35:54,synthetic-generator,201109,101360
304610,17882.25,2025-11-04 10:36:03,Synthetic payment record,AYA_PAY,CLAIM_PAYOUT,2025-11,3,,PENDING,17882.25,004610,2025-11-07 10:36:03,,201110,101361
304611,13551.68,2025-12-26 15:40:26,Synthetic payment record,BANK_TRANSFER,RENEWAL,2025-12,4,,VERIFIED,13551.68,004611,2025-12-27 15:40:26,synthetic-generator,201111,101362
304612,17260.79,2026-01-15 03:01:57,Synthetic payment record,KBZ_PAY,PREMIUM,2026-01,5,,VERIFIED,17260.79,004612,2026-01-16 03:01:57,synthetic-generator,201112,101363
304613,25977.95,2026-02-10 12:42:33,Synthetic payment record,WAVE_PAY,CLAIM_PAYOUT,2026-02,6,,VERIFIED,25977.95,004613,2026-02-11 12:42:33,synthetic-generator,201113,101364
304614,7612.42,2026-03-04 07:42:36,Synthetic payment record,AYA_PAY,PREMIUM,2026-03,7,,VERIFIED,7612.42,004614,2026-03-05 07:42:36,synthetic-generator,201114,101365
304615,33587.07,2026-04-17 22:15:10,Synthetic payment record,BANK_TRANSFER,PREMIUM,2026-04,8,,VERIFIED,33587.07,004615,2026-04-17 22:15:10,synthetic-generator,201115,101366
304616,5683.52,2026-05-20 21:57:52,Synthetic payment record,KBZ_PAY,PREMIUM,2026-05,9,,PENDING,5683.52,004616,2026-05-20 21:57:52,,201116,101367
304617,26310.64,2026-06-17 19:07:12,Synthetic payment record,WAVE_PAY,PREMIUM,2026-06,10,,PENDING,26310.64,004617,2026-06-19 19:07:12,,201117,101368
304618,38314.46,2026-07-24 07:19:46,Synthetic payment record,AYA_PAY,PREMIUM,2026-07,11,,VERIFIED,38314.46,004618,2026-07-24 07:19:46,synthetic-generator,201118,101369
304619,45292.29,2026-08-17 22:09:26,Synthetic payment record,BANK_TRANSFER,PREMIUM,2026-08,12,,VERIFIED,45292.29,004619,2026-08-18 22:09:26,synthetic-generator,201119,101370
304620,8799.30,2021-09-24 12:55:02,Synthetic payment record,KBZ_PAY,PREMIUM,2021-09,1,,PENDING,8799.30,004620,2021-09-27 12:55:02,,201120,101371
304621,7703.15,2021-10-31 12:15:33,Synthetic payment record,WAVE_PAY,PREMIUM,2021-10,2,,VERIFIED,7703.15,004621,2021-11-01 12:15:33,synthetic-generator,201121,101372
304622,17619.03,2021-11-27 03:04:34,Synthetic payment record,AYA_PAY,CLAIM_PAYOUT,2021-11,3,,REJECTED,17619.03,004622,2021-11-27 03:04:34,,201122,101373
304623,14942.45,2021-12-04 18:06:40,Synthetic payment record,BANK_TRANSFER,PREMIUM,2021-12,4,,VERIFIED,14942.45,004623,2021-12-05 18:06:40,synthetic-generator,201123,101374
304624,6833.48,2022-01-31 03:06:15,Synthetic payment record,KBZ_PAY,PREMIUM,2022-01,5,,VERIFIED,6833.48,004624,2022-02-02 03:06:15,synthetic-generator,201124,101375
304625,14991.26,2022-02-15 16:11:59,Synthetic payment record,WAVE_PAY,PREMIUM,2022-02,6,,REJECTED,14991.26,004625,2022-02-16 16:11:59,,201125,101376
304626,7758.13,2022-03-08 11:53:13,Synthetic payment record,AYA_PAY,RENEWAL,2022-03,7,,PENDING,7758.13,004626,2022-03-10 11:53:13,,201126,101377
304627,6917.35,2022-04-05 13:16:14,Synthetic payment record,BANK_TRANSFER,RENEWAL,2022-04,8,,VERIFIED,6917.35,004627,2022-04-06 13:16:14,synthetic-generator,201127,101378
304628,1882.70,2022-05-26 11:56:15,Synthetic payment record,KBZ_PAY,PREMIUM,2022-05,9,,VERIFIED,1882.70,004628,2022-05-26 11:56:15,synthetic-generator,201128,101379
304629,16809.79,2022-06-25 06:03:45,Synthetic payment record,WAVE_PAY,RENEWAL,2022-06,10,,PENDING,16809.79,004629,2022-06-25 06:03:45,,201129,101380
304630,6458.18,2022-07-31 12:21:41,Synthetic payment record,AYA_PAY,RENEWAL,2022-07,11,,VERIFIED,6458.18,004630,2022-08-03 12:21:41,synthetic-generator,201130,101381
304631,55302.85,2022-08-23 09:59:12,Synthetic payment record,BANK_TRANSFER,PREMIUM,2022-08,12,,PENDING,55302.85,004631,2022-08-25 09:59:12,,201131,101382
304632,13762.74,2022-09-20 16:29:33,Synthetic payment record,KBZ_PAY,PREMIUM,2022-09,1,,VERIFIED,13762.74,004632,2022-09-20 16:29:33,synthetic-generator,201132,101383
304633,26499.75,2022-10-08 21:38:46,Synthetic payment record,WAVE_PAY,PREMIUM,2022-10,2,,VERIFIED,26499.75,004633,2022-10-10 21:38:46,synthetic-generator,201133,101384
304634,18217.64,2022-11-06 18:15:07,Synthetic payment record,AYA_PAY,PREMIUM,2022-11,3,,VERIFIED,18217.64,004634,2022-11-09 18:15:07,synthetic-generator,201134,101385
304635,19158.49,2022-12-29 01:17:54,Synthetic payment record,BANK_TRANSFER,PREMIUM,2022-12,4,,PENDING,19158.49,004635,2022-12-31 01:17:54,,201135,101386
304636,6680.70,2023-01-15 01:36:06,Synthetic payment record,KBZ_PAY,PREMIUM,2023-01,5,,VERIFIED,6680.70,004636,2023-01-18 01:36:06,synthetic-generator,201136,101387
304637,32863.25,2023-02-23 08:55:15,Synthetic payment record,WAVE_PAY,PREMIUM,2023-02,6,,VERIFIED,32863.25,004637,2023-02-25 08:55:15,synthetic-generator,201137,101388
304638,28034.23,2023-03-24 18:31:22,Synthetic payment record,AYA_PAY,PREMIUM,2023-03,7,,VERIFIED,28034.23,004638,2023-03-26 18:31:22,synthetic-generator,201138,101389
304639,63079.49,2023-04-14 14:02:33,Synthetic payment record,BANK_TRANSFER,RENEWAL,2023-04,8,,VERIFIED,63079.49,004639,2023-04-17 14:02:33,synthetic-generator,201139,101390
304640,2498.47,2023-05-29 11:40:36,Synthetic payment record,KBZ_PAY,PREMIUM,2023-05,9,,VERIFIED,2498.47,004640,2023-05-31 11:40:36,synthetic-generator,201140,101391
304641,8547.35,2023-06-03 16:37:38,Synthetic payment record,WAVE_PAY,PREMIUM,2023-06,10,,VERIFIED,8547.35,004641,2023-06-05 16:37:38,synthetic-generator,201141,101392
304642,9810.70,2023-07-30 20:15:39,Synthetic payment record,AYA_PAY,PREMIUM,2023-07,11,,VERIFIED,9810.70,004642,2023-08-01 20:15:39,synthetic-generator,201142,101393
304643,36285.76,2023-08-21 12:35:09,Synthetic payment record,BANK_TRANSFER,PREMIUM,2023-08,12,,VERIFIED,36285.76,004643,2023-08-21 12:35:09,synthetic-generator,201143,101394
304644,6663.87,2023-09-13 07:03:15,Synthetic payment record,KBZ_PAY,PREMIUM,2023-09,1,,VERIFIED,6663.87,004644,2023-09-14 07:03:15,synthetic-generator,201144,101395
304645,19684.15,2023-10-11 07:02:53,Synthetic payment record,WAVE_PAY,PREMIUM,2023-10,2,,VERIFIED,19684.15,004645,2023-10-12 07:02:53,synthetic-generator,201145,101396
304646,20001.29,2023-11-10 09:05:45,Synthetic payment record,AYA_PAY,RENEWAL,2023-11,3,,VERIFIED,20001.29,004646,2023-11-12 09:05:45,synthetic-generator,201146,101397
304647,23858.43,2023-12-01 21:59:18,Synthetic payment record,BANK_TRANSFER,PREMIUM,2023-12,4,,VERIFIED,23858.43,004647,2023-12-01 21:59:18,synthetic-generator,201147,101398
304648,1811.70,2024-01-21 23:16:17,Synthetic payment record,KBZ_PAY,PREMIUM,2024-01,5,,VERIFIED,1811.70,004648,2024-01-22 23:16:17,synthetic-generator,201148,101399
304649,9296.91,2024-02-27 12:48:41,Synthetic payment record,WAVE_PAY,RENEWAL,2024-02,6,,PENDING,9296.91,004649,2024-02-27 12:48:41,,201149,101400
304650,5580.79,2024-03-13 12:59:39,Synthetic payment record,AYA_PAY,CLAIM_PAYOUT,2024-03,7,,VERIFIED,5580.79,004650,2024-03-15 12:59:39,synthetic-generator,201150,101401
304651,16953.68,2024-04-10 18:32:36,Synthetic payment record,BANK_TRANSFER,PREMIUM,2024-04,8,,PENDING,16953.68,004651,2024-04-11 18:32:36,,201151,101402
304652,2633.41,2024-05-28 23:55:57,Synthetic payment record,KBZ_PAY,PREMIUM,2024-05,9,,PENDING,2633.41,004652,2024-05-31 23:55:57,,201152,101403
304653,14231.24,2024-06-28 12:24:22,Synthetic payment record,WAVE_PAY,CLAIM_PAYOUT,2024-06,10,,PENDING,14231.24,004653,2024-06-29 12:24:22,,201153,101404
304654,31276.29,2024-07-30 18:33:04,Synthetic payment record,AYA_PAY,RENEWAL,2024-07,11,,PENDING,31276.29,004654,2024-07-30 18:33:04,,201154,101405
304655,61941.35,2024-08-04 06:46:48,Synthetic payment record,BANK_TRANSFER,RENEWAL,2024-08,12,,VERIFIED,61941.35,004655,2024-08-05 06:46:48,synthetic-generator,201155,101406
304656,20498.90,2024-09-24 12:07:11,Synthetic payment record,KBZ_PAY,CLAIM_PAYOUT,2024-09,1,,VERIFIED,20498.90,004656,2024-09-26 12:07:11,synthetic-generator,201156,101407
304657,20659.02,2024-10-29 01:44:32,Synthetic payment record,WAVE_PAY,PREMIUM,2024-10,2,,VERIFIED,20659.02,004657,2024-11-01 01:44:32,synthetic-generator,201157,101408
304658,9398.63,2024-11-28 14:01:43,Synthetic payment record,AYA_PAY,PREMIUM,2024-11,3,,REJECTED,9398.63,004658,2024-11-30 14:01:43,,201158,101409
304659,13108.04,2024-12-18 16:10:28,Synthetic payment record,BANK_TRANSFER,PREMIUM,2024-12,4,,VERIFIED,13108.04,004659,2024-12-18 16:10:28,synthetic-generator,201159,101410
304660,5869.09,2025-01-14 19:43:20,Synthetic payment record,KBZ_PAY,PREMIUM,2025-01,5,,VERIFIED,5869.09,004660,2025-01-16 19:43:20,synthetic-generator,201160,101411
304661,14944.61,2025-02-15 09:25:33,Synthetic payment record,WAVE_PAY,PREMIUM,2025-02,6,,PENDING,14944.61,004661,2025-02-17 09:25:33,,201161,101412
304662,5503.93,2025-03-01 00:05:00,Synthetic payment record,AYA_PAY,PREMIUM,2025-03,7,,VERIFIED,5503.93,004662,2025-03-04 00:05:00,synthetic-generator,201162,101413
304663,53681.78,2025-04-15 20:21:59,Synthetic payment record,BANK_TRANSFER,PREMIUM,2025-04,8,,VERIFIED,53681.78,004663,2025-04-17 20:21:59,synthetic-generator,201163,101414
304664,9557.79,2025-05-20 05:52:42,Synthetic payment record,KBZ_PAY,PREMIUM,2025-05,9,,VERIFIED,9557.79,004664,2025-05-23 05:52:42,synthetic-generator,201164,101415
304665,23288.72,2025-06-27 13:11:58,Synthetic payment record,WAVE_PAY,PREMIUM,2025-06,10,,VERIFIED,23288.72,004665,2025-06-28 13:11:58,synthetic-generator,201165,101416
304666,40262.95,2025-07-15 16:15:14,Synthetic payment record,AYA_PAY,PREMIUM,2025-07,11,,VERIFIED,40262.95,004666,2025-07-15 16:15:14,synthetic-generator,201166,101417
304667,29223.26,2025-08-02 21:23:39,Synthetic payment record,BANK_TRANSFER,RENEWAL,2025-08,12,,VERIFIED,29223.26,004667,2025-08-04 21:23:39,synthetic-generator,201167,101418
304668,3846.48,2025-09-14 14:28:56,Synthetic payment record,KBZ_PAY,PREMIUM,2025-09,1,,VERIFIED,3846.48,004668,2025-09-17 14:28:56,synthetic-generator,201168,101419
304669,30576.89,2025-10-14 00:47:04,Synthetic payment record,WAVE_PAY,PREMIUM,2025-10,2,,VERIFIED,30576.89,004669,2025-10-15 00:47:04,synthetic-generator,201169,101420
304670,19580.35,2025-11-24 11:07:40,Synthetic payment record,AYA_PAY,PREMIUM,2025-11,3,,VERIFIED,19580.35,004670,2025-11-24 11:07:40,synthetic-generator,201170,101421
304671,33913.44,2025-12-29 20:10:42,Synthetic payment record,BANK_TRANSFER,PREMIUM,2025-12,4,,VERIFIED,33913.44,004671,2025-12-30 20:10:42,synthetic-generator,201171,101422
304672,3169.85,2026-01-27 12:29:42,Synthetic payment record,KBZ_PAY,RENEWAL,2026-01,5,,PENDING,3169.85,004672,2026-01-29 12:29:42,,201172,101423
304673,10184.80,2026-02-18 07:00:02,Synthetic payment record,WAVE_PAY,RENEWAL,2026-02,6,,VERIFIED,10184.80,004673,2026-02-21 07:00:02,synthetic-generator,201173,101424
304674,42750.39,2026-03-19 12:50:44,Synthetic payment record,AYA_PAY,PREMIUM,2026-03,7,,VERIFIED,42750.39,004674,2026-03-20 12:50:44,synthetic-generator,201174,101425
304675,70816.80,2026-04-26 17:11:42,Synthetic payment record,BANK_TRANSFER,PREMIUM,2026-04,8,,VERIFIED,70816.80,004675,2026-04-26 17:11:42,synthetic-generator,201175,101426
304676,7008.77,2026-05-30 18:37:58,Synthetic payment record,KBZ_PAY,PREMIUM,2026-05,9,,VERIFIED,7008.77,004676,2026-06-02 18:37:58,synthetic-generator,201176,101427
304677,22813.01,2026-06-12 19:59:48,Synthetic payment record,WAVE_PAY,RENEWAL,2026-06,10,,VERIFIED,22813.01,004677,2026-06-15 19:59:48,synthetic-generator,201177,101428
304678,37254.95,2026-07-24 06:24:58,Synthetic payment record,AYA_PAY,PREMIUM,2026-07,11,,VERIFIED,37254.95,004678,2026-07-27 06:24:58,synthetic-generator,201178,101429
304679,40380.32,2026-08-21 14:04:35,Synthetic payment record,BANK_TRANSFER,PREMIUM,2026-08,12,,VERIFIED,40380.32,004679,2026-08-21 14:04:35,synthetic-generator,201179,101430
304680,23431.14,2021-09-26 03:51:55,Synthetic payment record,KBZ_PAY,PREMIUM,2021-09,1,,VERIFIED,23431.14,004680,2021-09-26 03:51:55,synthetic-generator,201180,101431
304681,13472.06,2021-10-16 00:08:34,Synthetic payment record,WAVE_PAY,PREMIUM,2021-10,2,,VERIFIED,13472.06,004681,2021-10-16 00:08:34,synthetic-generator,201181,101432
304682,15858.11,2021-11-29 21:47:48,Synthetic payment record,AYA_PAY,PREMIUM,2021-11,3,,VERIFIED,15858.11,004682,2021-11-30 21:47:48,synthetic-generator,201182,101433
304683,10285.20,2021-12-17 14:40:57,Synthetic payment record,BANK_TRANSFER,CLAIM_PAYOUT,2021-12,4,,VERIFIED,10285.20,004683,2021-12-19 14:40:57,synthetic-generator,201183,101434
304684,7352.78,2022-01-02 17:22:50,Synthetic payment record,KBZ_PAY,PREMIUM,2022-01,5,,VERIFIED,7352.78,004684,2022-01-02 17:22:50,synthetic-generator,201184,101435
304685,29719.09,2022-02-26 18:29:09,Synthetic payment record,WAVE_PAY,RENEWAL,2022-02,6,,VERIFIED,29719.09,004685,2022-02-28 18:29:09,synthetic-generator,201185,101436
304686,37669.67,2022-03-24 03:08:11,Synthetic payment record,AYA_PAY,PREMIUM,2022-03,7,,VERIFIED,37669.67,004686,2022-03-27 03:08:11,synthetic-generator,201186,101437
304687,12936.80,2022-04-10 00:18:30,Synthetic payment record,BANK_TRANSFER,PREMIUM,2022-04,8,,VERIFIED,12936.80,004687,2022-04-10 00:18:30,synthetic-generator,201187,101438
304688,10426.34,2022-05-20 09:39:15,Synthetic payment record,KBZ_PAY,PREMIUM,2022-05,9,,VERIFIED,10426.34,004688,2022-05-20 09:39:15,synthetic-generator,201188,101439
304689,10596.13,2022-06-21 15:14:26,Synthetic payment record,WAVE_PAY,CLAIM_PAYOUT,2022-06,10,,VERIFIED,10596.13,004689,2022-06-24 15:14:26,synthetic-generator,201189,101440
304690,9365.39,2022-07-21 22:44:53,Synthetic payment record,AYA_PAY,PREMIUM,2022-07,11,,PENDING,9365.39,004690,2022-07-21 22:44:53,,201190,101441
304691,10717.19,2022-08-09 19:08:43,Synthetic payment record,BANK_TRANSFER,RENEWAL,2022-08,12,,REJECTED,10717.19,004691,2022-08-10 19:08:43,,201191,101442
304692,13788.91,2022-09-10 01:08:10,Synthetic payment record,KBZ_PAY,PREMIUM,2022-09,1,,PENDING,13788.91,004692,2022-09-13 01:08:10,,201192,101443
304693,25904.84,2022-10-14 00:57:02,Synthetic payment record,WAVE_PAY,CLAIM_PAYOUT,2022-10,2,,VERIFIED,25904.84,004693,2022-10-15 00:57:02,synthetic-generator,201193,101444
304694,7729.74,2022-11-24 18:11:38,Synthetic payment record,AYA_PAY,PREMIUM,2022-11,3,,PENDING,7729.74,004694,2022-11-27 18:11:38,,201194,101445
304695,39852.40,2022-12-01 12:58:42,Synthetic payment record,BANK_TRANSFER,PREMIUM,2022-12,4,,VERIFIED,39852.40,004695,2022-12-04 12:58:42,synthetic-generator,201195,101446
304696,4753.52,2023-01-09 17:47:21,Synthetic payment record,KBZ_PAY,PREMIUM,2023-01,5,,VERIFIED,4753.52,004696,2023-01-12 17:47:21,synthetic-generator,201196,101447
304697,27715.43,2023-02-28 19:33:00,Synthetic payment record,WAVE_PAY,RENEWAL,2023-02,6,,VERIFIED,27715.43,004697,2023-03-01 19:33:00,synthetic-generator,201197,101448
304698,45492.72,2023-03-16 16:36:46,Synthetic payment record,AYA_PAY,PREMIUM,2023-03,7,,VERIFIED,45492.72,004698,2023-03-19 16:36:46,synthetic-generator,201198,101449
304699,11479.67,2023-04-02 11:18:57,Synthetic payment record,BANK_TRANSFER,PREMIUM,2023-04,8,,PENDING,11479.67,004699,2023-04-03 11:18:57,,201199,101450
304700,11566.93,2023-05-04 00:05:41,Synthetic payment record,KBZ_PAY,PREMIUM,2023-05,9,,VERIFIED,11566.93,004700,2023-05-07 00:05:41,synthetic-generator,201200,101451
304701,3093.08,2023-06-26 18:13:39,Synthetic payment record,WAVE_PAY,PREMIUM,2023-06,10,,VERIFIED,3093.08,004701,2023-06-26 18:13:39,synthetic-generator,201201,101452
304702,3074.26,2023-07-30 21:56:27,Synthetic payment record,AYA_PAY,PREMIUM,2023-07,11,,VERIFIED,3074.26,004702,2023-07-31 21:56:27,synthetic-generator,201202,101453
304703,31893.25,2023-08-08 14:37:32,Synthetic payment record,BANK_TRANSFER,PREMIUM,2023-08,12,,PENDING,31893.25,004703,2023-08-09 14:37:32,,201203,101454
304704,12010.09,2023-09-07 23:09:02,Synthetic payment record,KBZ_PAY,RENEWAL,2023-09,1,,VERIFIED,12010.09,004704,2023-09-07 23:09:02,synthetic-generator,201204,101455
304705,5024.24,2023-10-18 03:11:28,Synthetic payment record,WAVE_PAY,PREMIUM,2023-10,2,,VERIFIED,5024.24,004705,2023-10-20 03:11:28,synthetic-generator,201205,101456
304706,21119.02,2023-11-21 16:55:38,Synthetic payment record,AYA_PAY,RENEWAL,2023-11,3,,PENDING,21119.02,004706,2023-11-21 16:55:38,,201206,101457
304707,22572.62,2023-12-28 08:17:49,Synthetic payment record,BANK_TRANSFER,PREMIUM,2023-12,4,,PENDING,22572.62,004707,2023-12-31 08:17:49,,201207,101458
304708,12332.24,2024-01-24 04:47:35,Synthetic payment record,KBZ_PAY,PREMIUM,2024-01,5,,VERIFIED,12332.24,004708,2024-01-25 04:47:35,synthetic-generator,201208,101459
304709,19659.62,2024-02-24 00:29:36,Synthetic payment record,WAVE_PAY,PREMIUM,2024-02,6,,REJECTED,19659.62,004709,2024-02-27 00:29:36,,201209,101460
304710,31776.10,2024-03-06 16:17:26,Synthetic payment record,AYA_PAY,RENEWAL,2024-03,7,,VERIFIED,31776.10,004710,2024-03-07 16:17:26,synthetic-generator,201210,101461
304711,10982.80,2024-04-06 16:37:02,Synthetic payment record,BANK_TRANSFER,PREMIUM,2024-04,8,,VERIFIED,10982.80,004711,2024-04-07 16:37:02,synthetic-generator,201211,101462
304712,15370.65,2024-05-11 18:25:01,Synthetic payment record,KBZ_PAY,PREMIUM,2024-05,9,,VERIFIED,15370.65,004712,2024-05-11 18:25:01,synthetic-generator,201212,101463
304713,14565.10,2024-06-20 17:14:11,Synthetic payment record,WAVE_PAY,PREMIUM,2024-06,10,,VERIFIED,14565.10,004713,2024-06-20 17:14:11,synthetic-generator,201213,101464
304714,27913.03,2024-07-13 05:43:53,Synthetic payment record,AYA_PAY,PREMIUM,2024-07,11,,PENDING,27913.03,004714,2024-07-15 05:43:53,,201214,101465
304715,18745.35,2024-08-02 12:27:01,Synthetic payment record,BANK_TRANSFER,PREMIUM,2024-08,12,,PENDING,18745.35,004715,2024-08-05 12:27:01,,201215,101466
304716,15182.64,2024-09-22 13:57:11,Synthetic payment record,KBZ_PAY,PREMIUM,2024-09,1,,VERIFIED,15182.64,004716,2024-09-23 13:57:11,synthetic-generator,201216,101467
304717,24864.07,2024-10-14 04:56:05,Synthetic payment record,WAVE_PAY,CLAIM_PAYOUT,2024-10,2,,PENDING,24864.07,004717,2024-10-14 04:56:05,,201217,101468
304718,8612.52,2024-11-14 16:24:33,Synthetic payment record,AYA_PAY,PREMIUM,2024-11,3,,PENDING,8612.52,004718,2024-11-17 16:24:33,,201218,101469
304719,25324.06,2024-12-18 19:07:36,Synthetic payment record,BANK_TRANSFER,PREMIUM,2024-12,4,,VERIFIED,25324.06,004719,2024-12-18 19:07:36,synthetic-generator,201219,101470
304720,2085.19,2025-01-31 08:18:46,Synthetic payment record,KBZ_PAY,PREMIUM,2025-01,5,,PENDING,2085.19,004720,2025-01-31 08:18:46,,201220,101471
304721,29412.31,2025-02-01 19:52:48,Synthetic payment record,WAVE_PAY,PREMIUM,2025-02,6,,VERIFIED,29412.31,004721,2025-02-04 19:52:48,synthetic-generator,201221,101472
304722,45503.29,2025-03-19 03:41:07,Synthetic payment record,AYA_PAY,PREMIUM,2025-03,7,,VERIFIED,45503.29,004722,2025-03-22 03:41:07,synthetic-generator,201222,101473
304723,42516.96,2025-04-16 06:38:06,Synthetic payment record,BANK_TRANSFER,PREMIUM,2025-04,8,,REJECTED,42516.96,004723,2025-04-19 06:38:06,,201223,101474
304724,5364.04,2025-05-01 09:12:25,Synthetic payment record,KBZ_PAY,PREMIUM,2025-05,9,,VERIFIED,5364.04,004724,2025-05-03 09:12:25,synthetic-generator,201224,101475
304725,24030.39,2025-06-11 23:49:19,Synthetic payment record,WAVE_PAY,RENEWAL,2025-06,10,,VERIFIED,24030.39,004725,2025-06-11 23:49:19,synthetic-generator,201225,101476
304726,16576.81,2025-07-01 01:28:54,Synthetic payment record,AYA_PAY,RENEWAL,2025-07,11,,PENDING,16576.81,004726,2025-07-04 01:28:54,,201226,101477
304727,54559.16,2025-08-20 07:05:10,Synthetic payment record,BANK_TRANSFER,PREMIUM,2025-08,12,,PENDING,54559.16,004727,2025-08-21 07:05:10,,201227,101478
304728,10940.84,2025-09-21 20:02:42,Synthetic payment record,KBZ_PAY,PREMIUM,2025-09,1,,VERIFIED,10940.84,004728,2025-09-21 20:02:42,synthetic-generator,201228,101479
304729,16691.59,2025-10-16 08:23:34,Synthetic payment record,WAVE_PAY,PREMIUM,2025-10,2,,PENDING,16691.59,004729,2025-10-19 08:23:34,,201229,101480
304730,5922.47,2025-11-12 15:28:59,Synthetic payment record,AYA_PAY,PREMIUM,2025-11,3,,VERIFIED,5922.47,004730,2025-11-12 15:28:59,synthetic-generator,201230,101481
304731,9425.51,2025-12-10 18:49:14,Synthetic payment record,BANK_TRANSFER,PREMIUM,2025-12,4,,VERIFIED,9425.51,004731,2025-12-10 18:49:14,synthetic-generator,201231,101482
304732,2091.52,2026-01-06 11:29:04,Synthetic payment record,KBZ_PAY,PREMIUM,2026-01,5,,VERIFIED,2091.52,004732,2026-01-09 11:29:04,synthetic-generator,201232,101483
304733,32641.85,2026-02-08 08:26:02,Synthetic payment record,WAVE_PAY,PREMIUM,2026-02,6,,PENDING,32641.85,004733,2026-02-10 08:26:02,,201233,101484
304734,10460.32,2026-03-22 08:13:42,Synthetic payment record,AYA_PAY,PREMIUM,2026-03,7,,VERIFIED,10460.32,004734,2026-03-22 08:13:42,synthetic-generator,201234,101485
304735,12667.87,2026-04-24 07:51:28,Synthetic payment record,BANK_TRANSFER,PREMIUM,2026-04,8,,VERIFIED,12667.87,004735,2026-04-27 07:51:28,synthetic-generator,201235,101486
304736,8326.45,2026-05-23 06:22:58,Synthetic payment record,KBZ_PAY,PREMIUM,2026-05,9,,VERIFIED,8326.45,004736,2026-05-24 06:22:58,synthetic-generator,201236,101487
304737,22800.05,2026-06-27 22:54:45,Synthetic payment record,WAVE_PAY,PREMIUM,2026-06,10,,VERIFIED,22800.05,004737,2026-06-29 22:54:45,synthetic-generator,201237,101488
304738,17040.35,2026-07-03 10:32:26,Synthetic payment record,AYA_PAY,PREMIUM,2026-07,11,,VERIFIED,17040.35,004738,2026-07-05 10:32:26,synthetic-generator,201238,101489
304739,14767.39,2026-08-24 11:09:37,Synthetic payment record,BANK_TRANSFER,PREMIUM,2026-08,12,,VERIFIED,14767.39,004739,2026-08-24 11:09:37,synthetic-generator,201239,101490
304740,1926.28,2021-09-08 00:16:22,Synthetic payment record,KBZ_PAY,PREMIUM,2021-09,1,,VERIFIED,1926.28,004740,2021-09-10 00:16:22,synthetic-generator,201240,101491
304741,4302.44,2021-10-02 16:03:00,Synthetic payment record,WAVE_PAY,PREMIUM,2021-10,2,,VERIFIED,4302.44,004741,2021-10-02 16:03:00,synthetic-generator,201241,101492
304742,12728.48,2021-11-11 21:47:29,Synthetic payment record,AYA_PAY,PREMIUM,2021-11,3,,VERIFIED,12728.48,004742,2021-11-13 21:47:29,synthetic-generator,201242,101493
304743,22875.40,2021-12-26 16:34:25,Synthetic payment record,BANK_TRANSFER,PREMIUM,2021-12,4,,VERIFIED,22875.40,004743,2021-12-29 16:34:25,synthetic-generator,201243,101494
304744,10450.09,2022-01-29 16:50:25,Synthetic payment record,KBZ_PAY,PREMIUM,2022-01,5,,VERIFIED,10450.09,004744,2022-01-29 16:50:25,synthetic-generator,201244,101495
304745,4091.02,2022-02-02 06:47:37,Synthetic payment record,WAVE_PAY,PREMIUM,2022-02,6,,VERIFIED,4091.02,004745,2022-02-02 06:47:37,synthetic-generator,201245,101496
304746,19929.62,2022-03-12 09:51:31,Synthetic payment record,AYA_PAY,PREMIUM,2022-03,7,,VERIFIED,19929.62,004746,2022-03-14 09:51:31,synthetic-generator,201246,101497
304747,16049.41,2022-04-26 16:33:40,Synthetic payment record,BANK_TRANSFER,PREMIUM,2022-04,8,,VERIFIED,16049.41,004747,2022-04-27 16:33:40,synthetic-generator,201247,101498
304748,2981.71,2022-05-01 20:58:15,Synthetic payment record,KBZ_PAY,PREMIUM,2022-05,9,,VERIFIED,2981.71,004748,2022-05-04 20:58:15,synthetic-generator,201248,101499
304749,10987.68,2022-06-20 14:18:21,Synthetic payment record,WAVE_PAY,PREMIUM,2022-06,10,,VERIFIED,10987.68,004749,2022-06-20 14:18:21,synthetic-generator,201249,101500
304750,26643.33,2022-07-23 11:53:47,Synthetic payment record,AYA_PAY,RENEWAL,2022-07,11,,VERIFIED,26643.33,004750,2022-07-26 11:53:47,synthetic-generator,201250,101501
304751,43437.00,2022-08-22 15:37:39,Synthetic payment record,BANK_TRANSFER,PREMIUM,2022-08,12,,VERIFIED,43437.00,004751,2022-08-23 15:37:39,synthetic-generator,201251,101502
304752,24454.86,2022-09-09 19:40:30,Synthetic payment record,KBZ_PAY,PREMIUM,2022-09,1,,VERIFIED,24454.86,004752,2022-09-11 19:40:30,synthetic-generator,201252,101503
304753,4292.59,2022-10-14 02:26:34,Synthetic payment record,WAVE_PAY,RENEWAL,2022-10,2,,VERIFIED,4292.59,004753,2022-10-17 02:26:34,synthetic-generator,201253,101504
304754,6324.00,2022-11-26 13:10:20,Synthetic payment record,AYA_PAY,PREMIUM,2022-11,3,,VERIFIED,6324.00,004754,2022-11-29 13:10:20,synthetic-generator,201254,101505
304755,18668.55,2022-12-06 06:10:37,Synthetic payment record,BANK_TRANSFER,RENEWAL,2022-12,4,,VERIFIED,18668.55,004755,2022-12-09 06:10:37,synthetic-generator,201255,101506
304756,16442.57,2023-01-15 14:43:36,Synthetic payment record,KBZ_PAY,PREMIUM,2023-01,5,,VERIFIED,16442.57,004756,2023-01-15 14:43:36,synthetic-generator,201256,101507
304757,22690.97,2023-02-17 05:15:47,Synthetic payment record,WAVE_PAY,PREMIUM,2023-02,6,,VERIFIED,22690.97,004757,2023-02-20 05:15:47,synthetic-generator,201257,101508
304758,26402.90,2023-03-04 13:23:58,Synthetic payment record,AYA_PAY,PREMIUM,2023-03,7,,VERIFIED,26402.90,004758,2023-03-04 13:23:58,synthetic-generator,201258,101509
304759,11689.97,2023-04-07 03:19:54,Synthetic payment record,BANK_TRANSFER,RENEWAL,2023-04,8,,VERIFIED,11689.97,004759,2023-04-07 03:19:54,synthetic-generator,201259,101510
304760,5195.11,2023-05-12 06:20:02,Synthetic payment record,KBZ_PAY,PREMIUM,2023-05,9,,REJECTED,5195.11,004760,2023-05-13 06:20:02,,201260,101511
304761,18887.77,2023-06-03 02:05:14,Synthetic payment record,WAVE_PAY,PREMIUM,2023-06,10,,REJECTED,18887.77,004761,2023-06-06 02:05:14,,201261,101512
304762,20471.50,2023-07-18 11:37:47,Synthetic payment record,AYA_PAY,CLAIM_PAYOUT,2023-07,11,,VERIFIED,20471.50,004762,2023-07-19 11:37:47,synthetic-generator,201262,101513
304763,10960.71,2023-08-02 22:32:48,Synthetic payment record,BANK_TRANSFER,PREMIUM,2023-08,12,,VERIFIED,10960.71,004763,2023-08-03 22:32:48,synthetic-generator,201263,101514
304764,7882.34,2023-09-11 16:10:36,Synthetic payment record,KBZ_PAY,PREMIUM,2023-09,1,,VERIFIED,7882.34,004764,2023-09-14 16:10:36,synthetic-generator,201264,101515
304765,9268.73,2023-10-11 21:35:50,Synthetic payment record,WAVE_PAY,PREMIUM,2023-10,2,,VERIFIED,9268.73,004765,2023-10-12 21:35:50,synthetic-generator,201265,101516
304766,10192.41,2023-11-09 17:52:53,Synthetic payment record,AYA_PAY,PREMIUM,2023-11,3,,VERIFIED,10192.41,004766,2023-11-10 17:52:53,synthetic-generator,201266,101517
304767,34420.52,2023-12-04 18:14:42,Synthetic payment record,BANK_TRANSFER,PREMIUM,2023-12,4,,VERIFIED,34420.52,004767,2023-12-05 18:14:42,synthetic-generator,201267,101518
304768,12103.17,2024-01-30 20:59:58,Synthetic payment record,KBZ_PAY,RENEWAL,2024-01,5,,VERIFIED,12103.17,004768,2024-01-30 20:59:58,synthetic-generator,201268,101519
304769,7684.29,2024-02-24 14:51:57,Synthetic payment record,WAVE_PAY,RENEWAL,2024-02,6,,PENDING,7684.29,004769,2024-02-24 14:51:57,,201269,101520
304770,26585.51,2024-03-05 02:32:38,Synthetic payment record,AYA_PAY,PREMIUM,2024-03,7,,VERIFIED,26585.51,004770,2024-03-08 02:32:38,synthetic-generator,201270,101521
304771,30719.39,2024-04-09 08:39:13,Synthetic payment record,BANK_TRANSFER,PREMIUM,2024-04,8,,VERIFIED,30719.39,004771,2024-04-10 08:39:13,synthetic-generator,201271,101522
304772,7725.07,2024-05-22 18:10:38,Synthetic payment record,KBZ_PAY,RENEWAL,2024-05,9,,VERIFIED,7725.07,004772,2024-05-24 18:10:38,synthetic-generator,201272,101523
304773,15237.20,2024-06-08 01:55:04,Synthetic payment record,WAVE_PAY,PREMIUM,2024-06,10,,VERIFIED,15237.20,004773,2024-06-08 01:55:04,synthetic-generator,201273,101524
304774,3761.74,2024-07-25 15:54:39,Synthetic payment record,AYA_PAY,PREMIUM,2024-07,11,,VERIFIED,3761.74,004774,2024-07-27 15:54:39,synthetic-generator,201274,101525
304775,43624.01,2024-08-06 07:20:12,Synthetic payment record,BANK_TRANSFER,PREMIUM,2024-08,12,,VERIFIED,43624.01,004775,2024-08-06 07:20:12,synthetic-generator,201275,101526
304776,10699.66,2024-09-13 09:19:51,Synthetic payment record,KBZ_PAY,PREMIUM,2024-09,1,,VERIFIED,10699.66,004776,2024-09-16 09:19:51,synthetic-generator,201276,101527
304777,24232.58,2024-10-16 09:09:37,Synthetic payment record,WAVE_PAY,PREMIUM,2024-10,2,,VERIFIED,24232.58,004777,2024-10-17 09:09:37,synthetic-generator,201277,101528
304778,3155.17,2024-11-09 18:25:50,Synthetic payment record,AYA_PAY,PREMIUM,2024-11,3,,PENDING,3155.17,004778,2024-11-10 18:25:50,,201278,101529
304779,30426.94,2024-12-10 15:55:55,Synthetic payment record,BANK_TRANSFER,PREMIUM,2024-12,4,,VERIFIED,30426.94,004779,2024-12-11 15:55:55,synthetic-generator,201279,101530
304780,1655.06,2025-01-30 14:22:01,Synthetic payment record,KBZ_PAY,PREMIUM,2025-01,5,,VERIFIED,1655.06,004780,2025-02-01 14:22:01,synthetic-generator,201280,101531
304781,8332.36,2025-02-22 14:34:35,Synthetic payment record,WAVE_PAY,RENEWAL,2025-02,6,,VERIFIED,8332.36,004781,2025-02-22 14:34:35,synthetic-generator,201281,101532
304782,23727.10,2025-03-17 16:52:41,Synthetic payment record,AYA_PAY,CLAIM_PAYOUT,2025-03,7,,VERIFIED,23727.10,004782,2025-03-17 16:52:41,synthetic-generator,201282,101533
304783,64032.30,2025-04-13 10:56:45,Synthetic payment record,BANK_TRANSFER,PREMIUM,2025-04,8,,VERIFIED,64032.30,004783,2025-04-14 10:56:45,synthetic-generator,201283,101534
304784,11288.72,2025-05-25 23:15:30,Synthetic payment record,KBZ_PAY,PREMIUM,2025-05,9,,VERIFIED,11288.72,004784,2025-05-26 23:15:30,synthetic-generator,201284,101535
304785,7696.79,2025-06-26 01:19:18,Synthetic payment record,WAVE_PAY,PREMIUM,2025-06,10,,VERIFIED,7696.79,004785,2025-06-26 01:19:18,synthetic-generator,201285,101536
304786,52297.42,2025-07-26 16:19:37,Synthetic payment record,AYA_PAY,PREMIUM,2025-07,11,,VERIFIED,52297.42,004786,2025-07-27 16:19:37,synthetic-generator,201286,101537
304787,39574.14,2025-08-05 02:32:59,Synthetic payment record,BANK_TRANSFER,RENEWAL,2025-08,12,,REJECTED,39574.14,004787,2025-08-07 02:32:59,,201287,101538
304788,18529.14,2025-09-08 17:36:49,Synthetic payment record,KBZ_PAY,CLAIM_PAYOUT,2025-09,1,,VERIFIED,18529.14,004788,2025-09-11 17:36:49,synthetic-generator,201288,101539
304789,6615.01,2025-10-22 02:00:31,Synthetic payment record,WAVE_PAY,RENEWAL,2025-10,2,,VERIFIED,6615.01,004789,2025-10-25 02:00:31,synthetic-generator,201289,101540
304790,18930.18,2025-11-18 11:50:20,Synthetic payment record,AYA_PAY,PREMIUM,2025-11,3,,VERIFIED,18930.18,004790,2025-11-19 11:50:20,synthetic-generator,201290,101541
304791,15167.04,2025-12-22 05:11:47,Synthetic payment record,BANK_TRANSFER,PREMIUM,2025-12,4,,VERIFIED,15167.04,004791,2025-12-23 05:11:47,synthetic-generator,201291,101542
304792,14766.50,2026-01-19 17:57:02,Synthetic payment record,KBZ_PAY,PREMIUM,2026-01,5,,VERIFIED,14766.50,004792,2026-01-21 17:57:02,synthetic-generator,201292,101543
304793,5990.56,2026-02-08 14:49:37,Synthetic payment record,WAVE_PAY,PREMIUM,2026-02,6,,VERIFIED,5990.56,004793,2026-02-09 14:49:37,synthetic-generator,201293,101544
304794,13493.79,2026-03-18 19:20:07,Synthetic payment record,AYA_PAY,PREMIUM,2026-03,7,,VERIFIED,13493.79,004794,2026-03-18 19:20:07,synthetic-generator,201294,101545
304795,22511.03,2026-04-04 16:43:03,Synthetic payment record,BANK_TRANSFER,PREMIUM,2026-04,8,,VERIFIED,22511.03,004795,2026-04-07 16:43:03,synthetic-generator,201295,101546
304796,7076.23,2026-05-31 02:17:30,Synthetic payment record,KBZ_PAY,PREMIUM,2026-05,9,,VERIFIED,7076.23,004796,2026-05-31 02:17:30,synthetic-generator,201296,101547
304797,10648.61,2026-06-29 08:24:00,Synthetic payment record,WAVE_PAY,PREMIUM,2026-06,10,,VERIFIED,10648.61,004797,2026-06-29 08:24:00,synthetic-generator,201297,101548
304798,14226.98,2026-07-22 06:37:38,Synthetic payment record,AYA_PAY,PREMIUM,2026-07,11,,VERIFIED,14226.98,004798,2026-07-22 06:37:38,synthetic-generator,201298,101549
304799,60718.95,2026-08-20 18:05:09,Synthetic payment record,BANK_TRANSFER,PREMIUM,2026-08,12,,VERIFIED,60718.95,004799,2026-08-20 18:05:09,synthetic-generator,201299,101550
304800,11404.07,2021-09-08 02:15:07,Synthetic payment record,KBZ_PAY,PREMIUM,2021-09,1,,PENDING,11404.07,004800,2021-09-11 02:15:07,,201300,101551
304801,30611.68,2021-10-16 15:41:17,Synthetic payment record,WAVE_PAY,PREMIUM,2021-10,2,,VERIFIED,30611.68,004801,2021-10-17 15:41:17,synthetic-generator,201301,101552
304802,11053.89,2021-11-10 18:39:03,Synthetic payment record,AYA_PAY,PREMIUM,2021-11,3,,VERIFIED,11053.89,004802,2021-11-10 18:39:03,synthetic-generator,201302,101553
304803,29300.36,2021-12-07 10:36:16,Synthetic payment record,BANK_TRANSFER,PREMIUM,2021-12,4,,VERIFIED,29300.36,004803,2021-12-09 10:36:16,synthetic-generator,201303,101554
304804,2698.59,2022-01-24 17:22:09,Synthetic payment record,KBZ_PAY,PREMIUM,2022-01,5,,VERIFIED,2698.59,004804,2022-01-26 17:22:09,synthetic-generator,201304,101555
304805,24473.94,2022-02-12 13:47:56,Synthetic payment record,WAVE_PAY,PREMIUM,2022-02,6,,VERIFIED,24473.94,004805,2022-02-14 13:47:56,synthetic-generator,201305,101556
304806,8185.67,2022-03-09 08:13:42,Synthetic payment record,AYA_PAY,RENEWAL,2022-03,7,,REJECTED,8185.67,004806,2022-03-09 08:13:42,,201306,101557
304807,9612.96,2022-04-19 23:27:16,Synthetic payment record,BANK_TRANSFER,PREMIUM,2022-04,8,,VERIFIED,9612.96,004807,2022-04-19 23:27:16,synthetic-generator,201307,101558
304808,14037.09,2022-05-15 17:49:57,Synthetic payment record,KBZ_PAY,PREMIUM,2022-05,9,,PENDING,14037.09,004808,2022-05-18 17:49:57,,201308,101559
304809,14753.25,2022-06-12 23:01:42,Synthetic payment record,WAVE_PAY,PREMIUM,2022-06,10,,VERIFIED,14753.25,004809,2022-06-12 23:01:42,synthetic-generator,201309,101560
304810,33264.20,2022-07-08 21:19:17,Synthetic payment record,AYA_PAY,RENEWAL,2022-07,11,,VERIFIED,33264.20,004810,2022-07-08 21:19:17,synthetic-generator,201310,101561
304811,21351.63,2022-08-19 17:41:00,Synthetic payment record,BANK_TRANSFER,RENEWAL,2022-08,12,,VERIFIED,21351.63,004811,2022-08-22 17:41:00,synthetic-generator,201311,101562
304812,11279.44,2022-09-29 02:48:37,Synthetic payment record,KBZ_PAY,RENEWAL,2022-09,1,,VERIFIED,11279.44,004812,2022-10-02 02:48:37,synthetic-generator,201312,101563
304813,29108.59,2022-10-29 03:26:34,Synthetic payment record,WAVE_PAY,PREMIUM,2022-10,2,,VERIFIED,29108.59,004813,2022-11-01 03:26:34,synthetic-generator,201313,101564
304814,25565.55,2022-11-22 06:41:05,Synthetic payment record,AYA_PAY,PREMIUM,2022-11,3,,VERIFIED,25565.55,004814,2022-11-23 06:41:05,synthetic-generator,201314,101565
304815,13794.83,2022-12-15 07:22:07,Synthetic payment record,BANK_TRANSFER,PREMIUM,2022-12,4,,VERIFIED,13794.83,004815,2022-12-15 07:22:07,synthetic-generator,201315,101566
304816,5125.00,2023-01-28 22:42:01,Synthetic payment record,KBZ_PAY,RENEWAL,2023-01,5,,PENDING,5125.00,004816,2023-01-29 22:42:01,,201316,101567
304817,26340.87,2023-02-18 21:23:31,Synthetic payment record,WAVE_PAY,PREMIUM,2023-02,6,,VERIFIED,26340.87,004817,2023-02-20 21:23:31,synthetic-generator,201317,101568
304818,10610.84,2023-03-17 16:26:13,Synthetic payment record,AYA_PAY,RENEWAL,2023-03,7,,VERIFIED,10610.84,004818,2023-03-20 16:26:13,synthetic-generator,201318,101569
304819,35931.35,2023-04-08 23:07:51,Synthetic payment record,BANK_TRANSFER,PREMIUM,2023-04,8,,PENDING,35931.35,004819,2023-04-11 23:07:51,,201319,101570
304820,12019.57,2023-05-29 06:10:08,Synthetic payment record,KBZ_PAY,RENEWAL,2023-05,9,,PENDING,12019.57,004820,2023-06-01 06:10:08,,201320,101571
304821,13820.24,2023-06-24 10:52:25,Synthetic payment record,WAVE_PAY,PREMIUM,2023-06,10,,PENDING,13820.24,004821,2023-06-27 10:52:25,,201321,101572
304822,7502.61,2023-07-31 03:46:16,Synthetic payment record,AYA_PAY,PREMIUM,2023-07,11,,REJECTED,7502.61,004822,2023-08-03 03:46:16,,201322,101573
304823,15185.27,2023-08-14 06:20:43,Synthetic payment record,BANK_TRANSFER,PREMIUM,2023-08,12,,VERIFIED,15185.27,004823,2023-08-16 06:20:43,synthetic-generator,201323,101574
304824,17205.14,2023-09-26 01:03:26,Synthetic payment record,KBZ_PAY,PREMIUM,2023-09,1,,VERIFIED,17205.14,004824,2023-09-29 01:03:26,synthetic-generator,201324,101575
304825,12280.95,2023-10-03 20:36:49,Synthetic payment record,WAVE_PAY,PREMIUM,2023-10,2,,REJECTED,12280.95,004825,2023-10-05 20:36:49,,201325,101576
304826,18364.38,2023-11-14 03:24:45,Synthetic payment record,AYA_PAY,RENEWAL,2023-11,3,,PENDING,18364.38,004826,2023-11-14 03:24:45,,201326,101577
304827,8360.63,2023-12-17 04:21:21,Synthetic payment record,BANK_TRANSFER,PREMIUM,2023-12,4,,PENDING,8360.63,004827,2023-12-20 04:21:21,,201327,101578
304828,9190.53,2024-01-03 08:29:46,Synthetic payment record,KBZ_PAY,RENEWAL,2024-01,5,,PENDING,9190.53,004828,2024-01-06 08:29:46,,201328,101579
304829,17540.30,2024-02-02 23:48:16,Synthetic payment record,WAVE_PAY,RENEWAL,2024-02,6,,VERIFIED,17540.30,004829,2024-02-02 23:48:16,synthetic-generator,201329,101580
304830,19372.12,2024-03-25 04:11:25,Synthetic payment record,AYA_PAY,PREMIUM,2024-03,7,,VERIFIED,19372.12,004830,2024-03-27 04:11:25,synthetic-generator,201330,101581
304831,44877.73,2024-04-14 15:07:41,Synthetic payment record,BANK_TRANSFER,PREMIUM,2024-04,8,,VERIFIED,44877.73,004831,2024-04-17 15:07:41,synthetic-generator,201331,101582
304832,8165.19,2024-05-09 14:45:41,Synthetic payment record,KBZ_PAY,PREMIUM,2024-05,9,,VERIFIED,8165.19,004832,2024-05-11 14:45:41,synthetic-generator,201332,101583
304833,6119.53,2024-06-04 23:01:56,Synthetic payment record,WAVE_PAY,CLAIM_PAYOUT,2024-06,10,,VERIFIED,6119.53,004833,2024-06-04 23:01:56,synthetic-generator,201333,101584
304834,24133.35,2024-07-22 11:40:21,Synthetic payment record,AYA_PAY,RENEWAL,2024-07,11,,VERIFIED,24133.35,004834,2024-07-24 11:40:21,synthetic-generator,201334,101585
304835,34496.90,2024-08-20 04:25:23,Synthetic payment record,BANK_TRANSFER,PREMIUM,2024-08,12,,PENDING,34496.90,004835,2024-08-22 04:25:23,,201335,101586
304836,21434.34,2024-09-16 02:32:28,Synthetic payment record,KBZ_PAY,RENEWAL,2024-09,1,,VERIFIED,21434.34,004836,2024-09-17 02:32:28,synthetic-generator,201336,101587
304837,33713.08,2024-10-03 03:51:34,Synthetic payment record,WAVE_PAY,CLAIM_PAYOUT,2024-10,2,,VERIFIED,33713.08,004837,2024-10-06 03:51:34,synthetic-generator,201337,101588
304838,2820.67,2024-11-24 23:09:43,Synthetic payment record,AYA_PAY,PREMIUM,2024-11,3,,VERIFIED,2820.67,004838,2024-11-26 23:09:43,synthetic-generator,201338,101589
304839,32154.92,2024-12-28 18:17:31,Synthetic payment record,BANK_TRANSFER,PREMIUM,2024-12,4,,PENDING,32154.92,004839,2024-12-29 18:17:31,,201339,101590
304840,3684.36,2025-01-08 18:23:55,Synthetic payment record,KBZ_PAY,PREMIUM,2025-01,5,,VERIFIED,3684.36,004840,2025-01-11 18:23:55,synthetic-generator,201340,101591
304841,28842.53,2025-02-22 19:45:29,Synthetic payment record,WAVE_PAY,RENEWAL,2025-02,6,,VERIFIED,28842.53,004841,2025-02-23 19:45:29,synthetic-generator,201341,101592
304842,32937.96,2025-03-14 05:47:07,Synthetic payment record,AYA_PAY,PREMIUM,2025-03,7,,PENDING,32937.96,004842,2025-03-15 05:47:07,,201342,101593
304843,25819.98,2025-04-13 02:11:08,Synthetic payment record,BANK_TRANSFER,PREMIUM,2025-04,8,,VERIFIED,25819.98,004843,2025-04-15 02:11:08,synthetic-generator,201343,101594
304844,10447.08,2025-05-07 11:39:27,Synthetic payment record,KBZ_PAY,PREMIUM,2025-05,9,,VERIFIED,10447.08,004844,2025-05-08 11:39:27,synthetic-generator,201344,101595
304845,21966.52,2025-06-14 13:21:40,Synthetic payment record,WAVE_PAY,PREMIUM,2025-06,10,,VERIFIED,21966.52,004845,2025-06-17 13:21:40,synthetic-generator,201345,101596
304846,12633.91,2025-07-25 00:06:15,Synthetic payment record,AYA_PAY,PREMIUM,2025-07,11,,REJECTED,12633.91,004846,2025-07-27 00:06:15,,201346,101597
304847,26480.94,2025-08-01 05:42:53,Synthetic payment record,BANK_TRANSFER,CLAIM_PAYOUT,2025-08,12,,PENDING,26480.94,004847,2025-08-04 05:42:53,,201347,101598
304848,3602.00,2025-09-23 18:43:22,Synthetic payment record,KBZ_PAY,PREMIUM,2025-09,1,,VERIFIED,3602.00,004848,2025-09-24 18:43:22,synthetic-generator,201348,101599
304849,32300.45,2025-10-13 15:25:19,Synthetic payment record,WAVE_PAY,PREMIUM,2025-10,2,,VERIFIED,32300.45,004849,2025-10-15 15:25:19,synthetic-generator,201349,101600
304850,8027.88,2025-11-09 20:28:38,Synthetic payment record,AYA_PAY,PREMIUM,2025-11,3,,REJECTED,8027.88,004850,2025-11-09 20:28:38,,201350,101601
304851,7591.31,2025-12-28 14:41:53,Synthetic payment record,BANK_TRANSFER,PREMIUM,2025-12,4,,PENDING,7591.31,004851,2025-12-31 14:41:53,,201351,101602
304852,6062.34,2026-01-31 20:45:01,Synthetic payment record,KBZ_PAY,PREMIUM,2026-01,5,,VERIFIED,6062.34,004852,2026-02-03 20:45:01,synthetic-generator,201352,101603
304853,21519.20,2026-02-25 22:46:06,Synthetic payment record,WAVE_PAY,PREMIUM,2026-02,6,,VERIFIED,21519.20,004853,2026-02-25 22:46:06,synthetic-generator,201353,101604
304854,41944.33,2026-03-14 19:53:43,Synthetic payment record,AYA_PAY,PREMIUM,2026-03,7,,VERIFIED,41944.33,004854,2026-03-15 19:53:43,synthetic-generator,201354,101605
304855,73154.09,2026-04-21 23:57:01,Synthetic payment record,BANK_TRANSFER,PREMIUM,2026-04,8,,VERIFIED,73154.09,004855,2026-04-21 23:57:01,synthetic-generator,201355,101606
304856,4324.82,2026-05-15 05:30:48,Synthetic payment record,KBZ_PAY,PREMIUM,2026-05,9,,PENDING,4324.82,004856,2026-05-17 05:30:48,,201356,101607
304857,21598.54,2026-06-28 12:18:28,Synthetic payment record,WAVE_PAY,PREMIUM,2026-06,10,,VERIFIED,21598.54,004857,2026-06-29 12:18:28,synthetic-generator,201357,101608
304858,14582.11,2026-07-30 12:08:35,Synthetic payment record,AYA_PAY,PREMIUM,2026-07,11,,VERIFIED,14582.11,004858,2026-07-30 12:08:35,synthetic-generator,201358,101609
304859,12880.09,2026-08-14 23:59:50,Synthetic payment record,BANK_TRANSFER,PREMIUM,2026-08,12,,VERIFIED,12880.09,004859,2026-08-15 23:59:50,synthetic-generator,201359,101610
304860,15913.41,2021-09-30 22:25:56,Synthetic payment record,KBZ_PAY,RENEWAL,2021-09,1,,VERIFIED,15913.41,004860,2021-10-02 22:25:56,synthetic-generator,201360,101611
304861,31434.99,2021-10-09 00:42:17,Synthetic payment record,WAVE_PAY,PREMIUM,2021-10,2,,VERIFIED,31434.99,004861,2021-10-09 00:42:17,synthetic-generator,201361,101612
304862,20603.76,2021-11-23 12:53:26,Synthetic payment record,AYA_PAY,PREMIUM,2021-11,3,,VERIFIED,20603.76,004862,2021-11-26 12:53:26,synthetic-generator,201362,101613
304863,5035.79,2021-12-08 16:14:19,Synthetic payment record,BANK_TRANSFER,PREMIUM,2021-12,4,,VERIFIED,5035.79,004863,2021-12-11 16:14:19,synthetic-generator,201363,101614
304864,12138.92,2022-01-22 15:58:01,Synthetic payment record,KBZ_PAY,PREMIUM,2022-01,5,,VERIFIED,12138.92,004864,2022-01-22 15:58:01,synthetic-generator,201364,101615
304865,26415.16,2022-02-10 21:39:27,Synthetic payment record,WAVE_PAY,PREMIUM,2022-02,6,,VERIFIED,26415.16,004865,2022-02-10 21:39:27,synthetic-generator,201365,101616
304866,27367.55,2022-03-28 20:59:38,Synthetic payment record,AYA_PAY,PREMIUM,2022-03,7,,VERIFIED,27367.55,004866,2022-03-28 20:59:38,synthetic-generator,201366,101617
304867,23827.60,2022-04-20 20:47:32,Synthetic payment record,BANK_TRANSFER,PREMIUM,2022-04,8,,VERIFIED,23827.60,004867,2022-04-20 20:47:32,synthetic-generator,201367,101618
304868,11441.35,2022-05-24 16:27:52,Synthetic payment record,KBZ_PAY,PREMIUM,2022-05,9,,VERIFIED,11441.35,004868,2022-05-27 16:27:52,synthetic-generator,201368,101619
304869,4376.34,2022-06-18 19:51:59,Synthetic payment record,WAVE_PAY,PREMIUM,2022-06,10,,VERIFIED,4376.34,004869,2022-06-21 19:51:59,synthetic-generator,201369,101620
304870,12189.02,2022-07-02 08:11:09,Synthetic payment record,AYA_PAY,PREMIUM,2022-07,11,,VERIFIED,12189.02,004870,2022-07-04 08:11:09,synthetic-generator,201370,101621
304871,11614.02,2022-08-25 19:07:26,Synthetic payment record,BANK_TRANSFER,PREMIUM,2022-08,12,,VERIFIED,11614.02,004871,2022-08-25 19:07:26,synthetic-generator,201371,101622
304872,3220.26,2022-09-01 16:07:27,Synthetic payment record,KBZ_PAY,PREMIUM,2022-09,1,,VERIFIED,3220.26,004872,2022-09-02 16:07:27,synthetic-generator,201372,101623
304873,25435.69,2022-10-23 20:28:18,Synthetic payment record,WAVE_PAY,RENEWAL,2022-10,2,,VERIFIED,25435.69,004873,2022-10-23 20:28:18,synthetic-generator,201373,101624
304874,12439.48,2022-11-28 16:38:17,Synthetic payment record,AYA_PAY,PREMIUM,2022-11,3,,VERIFIED,12439.48,004874,2022-12-01 16:38:17,synthetic-generator,201374,101625
304875,35867.44,2022-12-07 05:03:47,Synthetic payment record,BANK_TRANSFER,PREMIUM,2022-12,4,,VERIFIED,35867.44,004875,2022-12-07 05:03:47,synthetic-generator,201375,101626
304876,13319.66,2023-01-23 12:43:23,Synthetic payment record,KBZ_PAY,PREMIUM,2023-01,5,,VERIFIED,13319.66,004876,2023-01-23 12:43:23,synthetic-generator,201376,101627
304877,33189.33,2023-02-09 21:37:50,Synthetic payment record,WAVE_PAY,PREMIUM,2023-02,6,,VERIFIED,33189.33,004877,2023-02-10 21:37:50,synthetic-generator,201377,101628
304878,33773.48,2023-03-24 16:56:39,Synthetic payment record,AYA_PAY,RENEWAL,2023-03,7,,VERIFIED,33773.48,004878,2023-03-25 16:56:39,synthetic-generator,201378,101629
304879,22035.88,2023-04-10 06:25:54,Synthetic payment record,BANK_TRANSFER,RENEWAL,2023-04,8,,VERIFIED,22035.88,004879,2023-04-13 06:25:54,synthetic-generator,201379,101630
304880,7963.68,2023-05-06 13:34:14,Synthetic payment record,KBZ_PAY,PREMIUM,2023-05,9,,VERIFIED,7963.68,004880,2023-05-07 13:34:14,synthetic-generator,201380,101631
304881,15990.91,2023-06-27 18:59:13,Synthetic payment record,WAVE_PAY,PREMIUM,2023-06,10,,VERIFIED,15990.91,004881,2023-06-28 18:59:13,synthetic-generator,201381,101632
304882,21620.93,2023-07-24 19:44:09,Synthetic payment record,AYA_PAY,PREMIUM,2023-07,11,,VERIFIED,21620.93,004882,2023-07-25 19:44:09,synthetic-generator,201382,101633
304883,17281.24,2023-08-31 06:42:15,Synthetic payment record,BANK_TRANSFER,PREMIUM,2023-08,12,,VERIFIED,17281.24,004883,2023-09-01 06:42:15,synthetic-generator,201383,101634
304884,2547.50,2023-09-12 20:27:38,Synthetic payment record,KBZ_PAY,PREMIUM,2023-09,1,,VERIFIED,2547.50,004884,2023-09-12 20:27:38,synthetic-generator,201384,101635
304885,4147.03,2023-10-14 09:24:03,Synthetic payment record,WAVE_PAY,PREMIUM,2023-10,2,,VERIFIED,4147.03,004885,2023-10-17 09:24:03,synthetic-generator,201385,101636
304886,3507.26,2023-11-11 14:13:01,Synthetic payment record,AYA_PAY,PREMIUM,2023-11,3,,VERIFIED,3507.26,004886,2023-11-11 14:13:01,synthetic-generator,201386,101637
304887,33104.05,2023-12-23 14:48:48,Synthetic payment record,BANK_TRANSFER,PREMIUM,2023-12,4,,PENDING,33104.05,004887,2023-12-26 14:48:48,,201387,101638
304888,3827.66,2024-01-28 02:01:26,Synthetic payment record,KBZ_PAY,PREMIUM,2024-01,5,,VERIFIED,3827.66,004888,2024-01-28 02:01:26,synthetic-generator,201388,101639
304889,9989.41,2024-02-05 16:25:27,Synthetic payment record,WAVE_PAY,CLAIM_PAYOUT,2024-02,6,,VERIFIED,9989.41,004889,2024-02-05 16:25:27,synthetic-generator,201389,101640
304890,36448.74,2024-03-31 03:37:24,Synthetic payment record,AYA_PAY,RENEWAL,2024-03,7,,VERIFIED,36448.74,004890,2024-04-03 03:37:24,synthetic-generator,201390,101641
304891,32442.43,2024-04-29 18:14:31,Synthetic payment record,BANK_TRANSFER,PREMIUM,2024-04,8,,VERIFIED,32442.43,004891,2024-04-29 18:14:31,synthetic-generator,201391,101642
304892,5066.34,2024-05-04 19:57:18,Synthetic payment record,KBZ_PAY,PREMIUM,2024-05,9,,REJECTED,5066.34,004892,2024-05-05 19:57:18,,201392,101643
304893,7262.08,2024-06-15 06:55:43,Synthetic payment record,WAVE_PAY,PREMIUM,2024-06,10,,VERIFIED,7262.08,004893,2024-06-16 06:55:43,synthetic-generator,201393,101644
304894,26059.61,2024-07-31 15:09:57,Synthetic payment record,AYA_PAY,PREMIUM,2024-07,11,,VERIFIED,26059.61,004894,2024-08-02 15:09:57,synthetic-generator,201394,101645
304895,31178.18,2024-08-24 01:47:40,Synthetic payment record,BANK_TRANSFER,RENEWAL,2024-08,12,,PENDING,31178.18,004895,2024-08-27 01:47:40,,201395,101646
304896,3361.38,2024-09-29 20:22:16,Synthetic payment record,KBZ_PAY,PREMIUM,2024-09,1,,VERIFIED,3361.38,004896,2024-09-29 20:22:16,synthetic-generator,201396,101647
304897,33625.73,2024-10-30 23:13:15,Synthetic payment record,WAVE_PAY,PREMIUM,2024-10,2,,VERIFIED,33625.73,004897,2024-11-02 23:13:15,synthetic-generator,201397,101648
304898,24474.91,2024-11-16 12:24:52,Synthetic payment record,AYA_PAY,PREMIUM,2024-11,3,,VERIFIED,24474.91,004898,2024-11-18 12:24:52,synthetic-generator,201398,101649
304899,10890.17,2024-12-10 11:57:56,Synthetic payment record,BANK_TRANSFER,PREMIUM,2024-12,4,,REJECTED,10890.17,004899,2024-12-10 11:57:56,,201399,101650
304900,16302.14,2025-01-23 07:47:03,Synthetic payment record,KBZ_PAY,PREMIUM,2025-01,5,,REJECTED,16302.14,004900,2025-01-24 07:47:03,,201400,101651
304901,12126.51,2025-02-28 11:35:53,Synthetic payment record,WAVE_PAY,RENEWAL,2025-02,6,,VERIFIED,12126.51,004901,2025-03-03 11:35:53,synthetic-generator,201401,101652
304902,10566.13,2025-03-24 08:39:41,Synthetic payment record,AYA_PAY,CLAIM_PAYOUT,2025-03,7,,VERIFIED,10566.13,004902,2025-03-25 08:39:41,synthetic-generator,201402,101653
304903,65539.45,2025-04-26 11:00:58,Synthetic payment record,BANK_TRANSFER,PREMIUM,2025-04,8,,VERIFIED,65539.45,004903,2025-04-26 11:00:58,synthetic-generator,201403,101654
304904,11975.77,2025-05-23 16:36:02,Synthetic payment record,KBZ_PAY,PREMIUM,2025-05,9,,VERIFIED,11975.77,004904,2025-05-23 16:36:02,synthetic-generator,201404,101655
304905,22424.14,2025-06-02 12:38:08,Synthetic payment record,WAVE_PAY,PREMIUM,2025-06,10,,VERIFIED,22424.14,004905,2025-06-03 12:38:08,synthetic-generator,201405,101656
304906,13093.30,2025-07-13 08:51:07,Synthetic payment record,AYA_PAY,PREMIUM,2025-07,11,,VERIFIED,13093.30,004906,2025-07-14 08:51:07,synthetic-generator,201406,101657
304907,36283.95,2025-08-05 22:45:12,Synthetic payment record,BANK_TRANSFER,PREMIUM,2025-08,12,,VERIFIED,36283.95,004907,2025-08-06 22:45:12,synthetic-generator,201407,101658
304908,3138.10,2025-09-26 16:44:36,Synthetic payment record,KBZ_PAY,PREMIUM,2025-09,1,,REJECTED,3138.10,004908,2025-09-29 16:44:36,,201408,101659
304909,5567.25,2025-10-23 20:09:30,Synthetic payment record,WAVE_PAY,PREMIUM,2025-10,2,,VERIFIED,5567.25,004909,2025-10-25 20:09:30,synthetic-generator,201409,101660
304910,9814.64,2025-11-07 03:21:03,Synthetic payment record,AYA_PAY,PREMIUM,2025-11,3,,VERIFIED,9814.64,004910,2025-11-07 03:21:03,synthetic-generator,201410,101661
304911,39686.70,2025-12-19 13:01:50,Synthetic payment record,BANK_TRANSFER,PREMIUM,2025-12,4,,VERIFIED,39686.70,004911,2025-12-19 13:01:50,synthetic-generator,201411,101662
304912,2959.85,2026-01-10 16:35:17,Synthetic payment record,KBZ_PAY,RENEWAL,2026-01,5,,VERIFIED,2959.85,004912,2026-01-13 16:35:17,synthetic-generator,201412,101663
304913,11742.55,2026-02-13 10:29:16,Synthetic payment record,WAVE_PAY,PREMIUM,2026-02,6,,VERIFIED,11742.55,004913,2026-02-16 10:29:16,synthetic-generator,201413,101664
304914,54067.76,2026-03-18 04:40:49,Synthetic payment record,AYA_PAY,PREMIUM,2026-03,7,,VERIFIED,54067.76,004914,2026-03-21 04:40:49,synthetic-generator,201414,101665
304915,82380.98,2026-04-04 07:02:12,Synthetic payment record,BANK_TRANSFER,PREMIUM,2026-04,8,,VERIFIED,82380.98,004915,2026-04-04 07:02:12,synthetic-generator,201415,101666
304916,12435.08,2026-05-01 12:11:44,Synthetic payment record,KBZ_PAY,PREMIUM,2026-05,9,,VERIFIED,12435.08,004916,2026-05-04 12:11:44,synthetic-generator,201416,101667
304917,11722.04,2026-06-28 17:10:15,Synthetic payment record,WAVE_PAY,PREMIUM,2026-06,10,,VERIFIED,11722.04,004917,2026-06-28 17:10:15,synthetic-generator,201417,101668
304918,17674.53,2026-07-26 22:23:26,Synthetic payment record,AYA_PAY,RENEWAL,2026-07,11,,VERIFIED,17674.53,004918,2026-07-29 22:23:26,synthetic-generator,201418,101669
304919,35506.44,2026-08-07 15:51:25,Synthetic payment record,BANK_TRANSFER,RENEWAL,2026-08,12,,VERIFIED,35506.44,004919,2026-08-07 15:51:25,synthetic-generator,201419,101670
304920,9473.77,2021-09-03 07:14:14,Synthetic payment record,KBZ_PAY,PREMIUM,2021-09,1,,VERIFIED,9473.77,004920,2021-09-06 07:14:14,synthetic-generator,201420,101671
304921,16708.70,2021-10-20 10:54:30,Synthetic payment record,WAVE_PAY,PREMIUM,2021-10,2,,VERIFIED,16708.70,004921,2021-10-23 10:54:30,synthetic-generator,201421,101672
304922,18792.48,2021-11-28 11:03:14,Synthetic payment record,AYA_PAY,PREMIUM,2021-11,3,,REJECTED,18792.48,004922,2021-11-29 11:03:14,,201422,101673
304923,13445.46,2021-12-09 16:51:04,Synthetic payment record,BANK_TRANSFER,PREMIUM,2021-12,4,,VERIFIED,13445.46,004923,2021-12-11 16:51:04,synthetic-generator,201423,101674
304924,9683.64,2022-01-07 14:19:52,Synthetic payment record,KBZ_PAY,PREMIUM,2022-01,5,,VERIFIED,9683.64,004924,2022-01-07 14:19:52,synthetic-generator,201424,101675
304925,28294.69,2022-02-09 03:16:21,Synthetic payment record,WAVE_PAY,RENEWAL,2022-02,6,,VERIFIED,28294.69,004925,2022-02-12 03:16:21,synthetic-generator,201425,101676
304926,21510.95,2022-03-11 02:37:21,Synthetic payment record,AYA_PAY,PREMIUM,2022-03,7,,VERIFIED,21510.95,004926,2022-03-14 02:37:21,synthetic-generator,201426,101677
304927,6066.96,2022-04-23 02:22:38,Synthetic payment record,BANK_TRANSFER,PREMIUM,2022-04,8,,VERIFIED,6066.96,004927,2022-04-25 02:22:38,synthetic-generator,201427,101678
304928,1533.49,2022-05-04 01:42:16,Synthetic payment record,KBZ_PAY,PREMIUM,2022-05,9,,PENDING,1533.49,004928,2022-05-04 01:42:16,,201428,101679
304929,17984.56,2022-06-15 09:54:55,Synthetic payment record,WAVE_PAY,PREMIUM,2022-06,10,,VERIFIED,17984.56,004929,2022-06-17 09:54:55,synthetic-generator,201429,101680
304930,43510.13,2022-07-05 00:13:36,Synthetic payment record,AYA_PAY,RENEWAL,2022-07,11,,VERIFIED,43510.13,004930,2022-07-05 00:13:36,synthetic-generator,201430,101681
304931,37458.93,2022-08-17 06:22:18,Synthetic payment record,BANK_TRANSFER,PREMIUM,2022-08,12,,VERIFIED,37458.93,004931,2022-08-20 06:22:18,synthetic-generator,201431,101682
304932,5566.74,2022-09-20 09:18:00,Synthetic payment record,KBZ_PAY,PREMIUM,2022-09,1,,VERIFIED,5566.74,004932,2022-09-22 09:18:00,synthetic-generator,201432,101683
304933,30563.66,2022-10-17 19:12:43,Synthetic payment record,WAVE_PAY,PREMIUM,2022-10,2,,VERIFIED,30563.66,004933,2022-10-18 19:12:43,synthetic-generator,201433,101684
304934,16092.99,2022-11-06 07:01:04,Synthetic payment record,AYA_PAY,PREMIUM,2022-11,3,,VERIFIED,16092.99,004934,2022-11-09 07:01:04,synthetic-generator,201434,101685
304935,40808.30,2022-12-21 01:48:35,Synthetic payment record,BANK_TRANSFER,RENEWAL,2022-12,4,,REJECTED,40808.30,004935,2022-12-23 01:48:35,,201435,101686
304936,3458.16,2023-01-29 01:43:11,Synthetic payment record,KBZ_PAY,RENEWAL,2023-01,5,,VERIFIED,3458.16,004936,2023-01-31 01:43:11,synthetic-generator,201436,101687
304937,20049.78,2023-02-19 02:15:08,Synthetic payment record,WAVE_PAY,RENEWAL,2023-02,6,,VERIFIED,20049.78,004937,2023-02-21 02:15:08,synthetic-generator,201437,101688
304938,34246.28,2023-03-14 23:03:09,Synthetic payment record,AYA_PAY,PREMIUM,2023-03,7,,VERIFIED,34246.28,004938,2023-03-14 23:03:09,synthetic-generator,201438,101689
304939,69949.30,2023-04-29 05:17:12,Synthetic payment record,BANK_TRANSFER,PREMIUM,2023-04,8,,VERIFIED,69949.30,004939,2023-05-01 05:17:12,synthetic-generator,201439,101690
304940,4712.94,2023-05-31 20:24:08,Synthetic payment record,KBZ_PAY,PREMIUM,2023-05,9,,PENDING,4712.94,004940,2023-05-31 20:24:08,,201440,101691
304941,12165.28,2023-06-06 19:30:58,Synthetic payment record,WAVE_PAY,PREMIUM,2023-06,10,,REJECTED,12165.28,004941,2023-06-09 19:30:58,,201441,101692
304942,33783.02,2023-07-06 20:59:45,Synthetic payment record,AYA_PAY,PREMIUM,2023-07,11,,VERIFIED,33783.02,004942,2023-07-06 20:59:45,synthetic-generator,201442,101693
304943,37827.70,2023-08-14 05:22:38,Synthetic payment record,BANK_TRANSFER,PREMIUM,2023-08,12,,VERIFIED,37827.70,004943,2023-08-15 05:22:38,synthetic-generator,201443,101694
304944,21235.64,2023-09-02 13:31:33,Synthetic payment record,KBZ_PAY,PREMIUM,2023-09,1,,VERIFIED,21235.64,004944,2023-09-02 13:31:33,synthetic-generator,201444,101695
304945,4345.67,2023-10-06 06:05:33,Synthetic payment record,WAVE_PAY,PREMIUM,2023-10,2,,VERIFIED,4345.67,004945,2023-10-06 06:05:33,synthetic-generator,201445,101696
304946,5432.82,2023-11-19 00:57:25,Synthetic payment record,AYA_PAY,PREMIUM,2023-11,3,,VERIFIED,5432.82,004946,2023-11-22 00:57:25,synthetic-generator,201446,101697
304947,17678.70,2023-12-23 07:05:23,Synthetic payment record,BANK_TRANSFER,PREMIUM,2023-12,4,,VERIFIED,17678.70,004947,2023-12-25 07:05:23,synthetic-generator,201447,101698
304948,19018.95,2024-01-04 09:34:01,Synthetic payment record,KBZ_PAY,PREMIUM,2024-01,5,,VERIFIED,19018.95,004948,2024-01-07 09:34:01,synthetic-generator,201448,101699
304949,35096.62,2024-02-18 00:25:16,Synthetic payment record,WAVE_PAY,PREMIUM,2024-02,6,,VERIFIED,35096.62,004949,2024-02-21 00:25:16,synthetic-generator,201449,101700
304950,8197.54,2024-03-15 05:12:53,Synthetic payment record,AYA_PAY,PREMIUM,2024-03,7,,PENDING,8197.54,004950,2024-03-16 05:12:53,,201450,101701
304951,29280.94,2024-04-02 05:59:38,Synthetic payment record,BANK_TRANSFER,RENEWAL,2024-04,8,,VERIFIED,29280.94,004951,2024-04-05 05:59:38,synthetic-generator,201451,101702
304952,3382.18,2024-05-22 23:44:17,Synthetic payment record,KBZ_PAY,PREMIUM,2024-05,9,,VERIFIED,3382.18,004952,2024-05-25 23:44:17,synthetic-generator,201452,101703
304953,23446.39,2024-06-23 21:41:29,Synthetic payment record,WAVE_PAY,RENEWAL,2024-06,10,,VERIFIED,23446.39,004953,2024-06-26 21:41:29,synthetic-generator,201453,101704
304954,6584.34,2024-07-19 04:35:48,Synthetic payment record,AYA_PAY,PREMIUM,2024-07,11,,VERIFIED,6584.34,004954,2024-07-22 04:35:48,synthetic-generator,201454,101705
304955,38031.06,2024-08-05 18:41:51,Synthetic payment record,BANK_TRANSFER,PREMIUM,2024-08,12,,VERIFIED,38031.06,004955,2024-08-06 18:41:51,synthetic-generator,201455,101706
304956,7967.49,2024-09-20 13:31:26,Synthetic payment record,KBZ_PAY,PREMIUM,2024-09,1,,PENDING,7967.49,004956,2024-09-22 13:31:26,,201456,101707
304957,21925.86,2024-10-24 08:35:56,Synthetic payment record,WAVE_PAY,PREMIUM,2024-10,2,,PENDING,21925.86,004957,2024-10-24 08:35:56,,201457,101708
304958,17829.32,2024-11-06 06:34:59,Synthetic payment record,AYA_PAY,PREMIUM,2024-11,3,,VERIFIED,17829.32,004958,2024-11-09 06:34:59,synthetic-generator,201458,101709
304959,20100.59,2024-12-20 12:04:48,Synthetic payment record,BANK_TRANSFER,CLAIM_PAYOUT,2024-12,4,,VERIFIED,20100.59,004959,2024-12-21 12:04:48,synthetic-generator,201459,101710
304960,4285.04,2025-01-29 03:00:23,Synthetic payment record,KBZ_PAY,PREMIUM,2025-01,5,,VERIFIED,4285.04,004960,2025-01-29 03:00:23,synthetic-generator,201460,101711
304961,9521.26,2025-02-14 06:42:12,Synthetic payment record,WAVE_PAY,PREMIUM,2025-02,6,,VERIFIED,9521.26,004961,2025-02-17 06:42:12,synthetic-generator,201461,101712
304962,20891.95,2025-03-02 02:57:20,Synthetic payment record,AYA_PAY,PREMIUM,2025-03,7,,VERIFIED,20891.95,004962,2025-03-05 02:57:20,synthetic-generator,201462,101713
304963,53193.36,2025-04-29 08:19:13,Synthetic payment record,BANK_TRANSFER,PREMIUM,2025-04,8,,PENDING,53193.36,004963,2025-05-02 08:19:13,,201463,101714
304964,4618.74,2025-05-13 08:17:32,Synthetic payment record,KBZ_PAY,PREMIUM,2025-05,9,,VERIFIED,4618.74,004964,2025-05-14 08:17:32,synthetic-generator,201464,101715
304965,20222.88,2025-06-05 06:20:07,Synthetic payment record,WAVE_PAY,PREMIUM,2025-06,10,,VERIFIED,20222.88,004965,2025-06-05 06:20:07,synthetic-generator,201465,101716
304966,17661.24,2025-07-16 06:42:44,Synthetic payment record,AYA_PAY,PREMIUM,2025-07,11,,VERIFIED,17661.24,004966,2025-07-19 06:42:44,synthetic-generator,201466,101717
304967,38760.57,2025-08-23 17:58:00,Synthetic payment record,BANK_TRANSFER,PREMIUM,2025-08,12,,VERIFIED,38760.57,004967,2025-08-24 17:58:00,synthetic-generator,201467,101718
304968,12922.90,2025-09-29 02:43:08,Synthetic payment record,KBZ_PAY,PREMIUM,2025-09,1,,REJECTED,12922.90,004968,2025-10-02 02:43:08,,201468,101719
304969,29864.00,2025-10-01 01:09:13,Synthetic payment record,WAVE_PAY,PREMIUM,2025-10,2,,VERIFIED,29864.00,004969,2025-10-02 01:09:13,synthetic-generator,201469,101720
304970,17090.28,2025-11-20 09:54:44,Synthetic payment record,AYA_PAY,PREMIUM,2025-11,3,,VERIFIED,17090.28,004970,2025-11-22 09:54:44,synthetic-generator,201470,101721
304971,41629.14,2025-12-15 16:47:23,Synthetic payment record,BANK_TRANSFER,PREMIUM,2025-12,4,,VERIFIED,41629.14,004971,2025-12-18 16:47:23,synthetic-generator,201471,101722
304972,11130.26,2026-01-01 10:59:45,Synthetic payment record,KBZ_PAY,PREMIUM,2026-01,5,,VERIFIED,11130.26,004972,2026-01-01 10:59:45,synthetic-generator,201472,101723
304973,40690.19,2026-02-24 11:03:17,Synthetic payment record,WAVE_PAY,RENEWAL,2026-02,6,,VERIFIED,40690.19,004973,2026-02-27 11:03:17,synthetic-generator,201473,101724
304974,8182.65,2026-03-03 05:34:46,Synthetic payment record,AYA_PAY,PREMIUM,2026-03,7,,VERIFIED,8182.65,004974,2026-03-03 05:34:46,synthetic-generator,201474,101725
304975,62672.18,2026-04-23 00:25:52,Synthetic payment record,BANK_TRANSFER,PREMIUM,2026-04,8,,PENDING,62672.18,004975,2026-04-23 00:25:52,,201475,101726
304976,11036.97,2026-05-09 12:03:43,Synthetic payment record,KBZ_PAY,PREMIUM,2026-05,9,,VERIFIED,11036.97,004976,2026-05-11 12:03:43,synthetic-generator,201476,101727
304977,27499.22,2026-06-19 19:28:05,Synthetic payment record,WAVE_PAY,PREMIUM,2026-06,10,,VERIFIED,27499.22,004977,2026-06-20 19:28:05,synthetic-generator,201477,101728
304978,40751.97,2026-07-08 07:36:22,Synthetic payment record,AYA_PAY,PREMIUM,2026-07,11,,VERIFIED,40751.97,004978,2026-07-09 07:36:22,synthetic-generator,201478,101729
304979,37006.88,2026-08-10 03:06:25,Synthetic payment record,BANK_TRANSFER,PREMIUM,2026-08,12,,PENDING,37006.88,004979,2026-08-11 03:06:25,,201479,101730
304980,2110.50,2021-09-26 06:23:32,Synthetic payment record,KBZ_PAY,PREMIUM,2021-09,1,,VERIFIED,2110.50,004980,2021-09-28 06:23:32,synthetic-generator,201480,101731
304981,9930.85,2021-10-01 16:31:25,Synthetic payment record,WAVE_PAY,PREMIUM,2021-10,2,,VERIFIED,9930.85,004981,2021-10-04 16:31:25,synthetic-generator,201481,101732
304982,9600.14,2021-11-12 09:12:06,Synthetic payment record,AYA_PAY,PREMIUM,2021-11,3,,VERIFIED,9600.14,004982,2021-11-12 09:12:06,synthetic-generator,201482,101733
304983,37570.19,2021-12-16 08:27:12,Synthetic payment record,BANK_TRANSFER,PREMIUM,2021-12,4,,VERIFIED,37570.19,004983,2021-12-17 08:27:12,synthetic-generator,201483,101734
304984,12261.94,2022-01-09 19:17:52,Synthetic payment record,KBZ_PAY,PREMIUM,2022-01,5,,VERIFIED,12261.94,004984,2022-01-11 19:17:52,synthetic-generator,201484,101735
304985,12322.96,2022-02-07 12:54:28,Synthetic payment record,WAVE_PAY,PREMIUM,2022-02,6,,VERIFIED,12322.96,004985,2022-02-10 12:54:28,synthetic-generator,201485,101736
304986,15583.84,2022-03-08 13:13:19,Synthetic payment record,AYA_PAY,PREMIUM,2022-03,7,,VERIFIED,15583.84,004986,2022-03-11 13:13:19,synthetic-generator,201486,101737
304987,46395.57,2022-04-25 09:36:37,Synthetic payment record,BANK_TRANSFER,PREMIUM,2022-04,8,,VERIFIED,46395.57,004987,2022-04-25 09:36:37,synthetic-generator,201487,101738
304988,3643.57,2022-05-07 18:08:50,Synthetic payment record,KBZ_PAY,PREMIUM,2022-05,9,,VERIFIED,3643.57,004988,2022-05-08 18:08:50,synthetic-generator,201488,101739
304989,16738.34,2022-06-22 07:55:20,Synthetic payment record,WAVE_PAY,PREMIUM,2022-06,10,,VERIFIED,16738.34,004989,2022-06-24 07:55:20,synthetic-generator,201489,101740
304990,13927.60,2022-07-08 12:39:27,Synthetic payment record,AYA_PAY,PREMIUM,2022-07,11,,VERIFIED,13927.60,004990,2022-07-11 12:39:27,synthetic-generator,201490,101741
304991,26742.12,2022-08-19 18:32:04,Synthetic payment record,BANK_TRANSFER,CLAIM_PAYOUT,2022-08,12,,VERIFIED,26742.12,004991,2022-08-21 18:32:04,synthetic-generator,201491,101742
304992,16503.41,2022-09-21 12:20:30,Synthetic payment record,KBZ_PAY,RENEWAL,2022-09,1,,VERIFIED,16503.41,004992,2022-09-21 12:20:30,synthetic-generator,201492,101743
304993,27552.53,2022-10-17 22:38:59,Synthetic payment record,WAVE_PAY,PREMIUM,2022-10,2,,VERIFIED,27552.53,004993,2022-10-17 22:38:59,synthetic-generator,201493,101744
304994,18309.67,2022-11-04 06:58:35,Synthetic payment record,AYA_PAY,PREMIUM,2022-11,3,,VERIFIED,18309.67,004994,2022-11-06 06:58:35,synthetic-generator,201494,101745
304995,5363.12,2022-12-20 10:33:21,Synthetic payment record,BANK_TRANSFER,PREMIUM,2022-12,4,,VERIFIED,5363.12,004995,2022-12-22 10:33:21,synthetic-generator,201495,101746
304996,18860.71,2023-01-17 19:33:32,Synthetic payment record,KBZ_PAY,RENEWAL,2023-01,5,,PENDING,18860.71,004996,2023-01-18 19:33:32,,201496,101747
304997,28547.97,2023-02-24 23:58:02,Synthetic payment record,WAVE_PAY,PREMIUM,2023-02,6,,VERIFIED,28547.97,004997,2023-02-27 23:58:02,synthetic-generator,201497,101748
304998,33530.26,2023-03-17 21:29:54,Synthetic payment record,AYA_PAY,RENEWAL,2023-03,7,,VERIFIED,33530.26,004998,2023-03-17 21:29:54,synthetic-generator,201498,101749
304999,34805.40,2023-04-28 00:56:32,Synthetic payment record,BANK_TRANSFER,CLAIM_PAYOUT,2023-04,8,,VERIFIED,34805.40,004999,2023-04-28 00:56:32,synthetic-generator,201499,101750
305000,4727.67,2023-05-02 19:13:17,Synthetic payment record,KBZ_PAY,PREMIUM,2023-05,9,,PENDING,4727.67,005000,2023-05-02 19:13:17,,201500,101751
305001,7258.93,2023-06-15 08:26:19,Synthetic payment record,WAVE_PAY,PREMIUM,2023-06,10,,PENDING,7258.93,005001,2023-06-17 08:26:19,,201501,101752
305002,15545.20,2023-07-30 19:39:33,Synthetic payment record,AYA_PAY,PREMIUM,2023-07,11,,VERIFIED,15545.20,005002,2023-08-02 19:39:33,synthetic-generator,201502,101753
305003,29575.64,2023-08-10 00:34:46,Synthetic payment record,BANK_TRANSFER,PREMIUM,2023-08,12,,VERIFIED,29575.64,005003,2023-08-13 00:34:46,synthetic-generator,201503,101754
305004,14110.30,2023-09-01 14:34:49,Synthetic payment record,KBZ_PAY,PREMIUM,2023-09,1,,VERIFIED,14110.30,005004,2023-09-04 14:34:49,synthetic-generator,201504,101755
305005,15981.72,2023-10-04 18:54:03,Synthetic payment record,WAVE_PAY,RENEWAL,2023-10,2,,VERIFIED,15981.72,005005,2023-10-05 18:54:03,synthetic-generator,201505,101756
305006,11970.43,2023-11-21 04:32:59,Synthetic payment record,AYA_PAY,PREMIUM,2023-11,3,,VERIFIED,11970.43,005006,2023-11-21 04:32:59,synthetic-generator,201506,101757
305007,13756.05,2023-12-19 05:47:17,Synthetic payment record,BANK_TRANSFER,CLAIM_PAYOUT,2023-12,4,,VERIFIED,13756.05,005007,2023-12-21 05:47:17,synthetic-generator,201507,101758
305008,2854.74,2024-01-30 21:53:39,Synthetic payment record,KBZ_PAY,PREMIUM,2024-01,5,,VERIFIED,2854.74,005008,2024-02-01 21:53:39,synthetic-generator,201508,101759
305009,29383.60,2024-02-01 17:01:47,Synthetic payment record,WAVE_PAY,RENEWAL,2024-02,6,,REJECTED,29383.60,005009,2024-02-01 17:01:47,,201509,101760
305010,16701.86,2024-03-21 21:19:44,Synthetic payment record,AYA_PAY,PREMIUM,2024-03,7,,VERIFIED,16701.86,005010,2024-03-21 21:19:44,synthetic-generator,201510,101761
305011,70093.14,2024-04-09 19:29:41,Synthetic payment record,BANK_TRANSFER,PREMIUM,2024-04,8,,VERIFIED,70093.14,005011,2024-04-10 19:29:41,synthetic-generator,201511,101762
305012,8199.21,2024-05-12 03:25:37,Synthetic payment record,KBZ_PAY,PREMIUM,2024-05,9,,VERIFIED,8199.21,005012,2024-05-12 03:25:37,synthetic-generator,201512,101763
305013,10579.28,2024-06-26 14:42:59,Synthetic payment record,WAVE_PAY,PREMIUM,2024-06,10,,VERIFIED,10579.28,005013,2024-06-26 14:42:59,synthetic-generator,201513,101764
305014,37418.44,2024-07-03 19:46:31,Synthetic payment record,AYA_PAY,PREMIUM,2024-07,11,,VERIFIED,37418.44,005014,2024-07-04 19:46:31,synthetic-generator,201514,101765
305015,27636.59,2024-08-18 05:44:09,Synthetic payment record,BANK_TRANSFER,PREMIUM,2024-08,12,,VERIFIED,27636.59,005015,2024-08-20 05:44:09,synthetic-generator,201515,101766
305016,20128.67,2024-09-08 01:13:02,Synthetic payment record,KBZ_PAY,PREMIUM,2024-09,1,,VERIFIED,20128.67,005016,2024-09-09 01:13:02,synthetic-generator,201516,101767
305017,18725.92,2024-10-04 20:21:02,Synthetic payment record,WAVE_PAY,RENEWAL,2024-10,2,,VERIFIED,18725.92,005017,2024-10-05 20:21:02,synthetic-generator,201517,101768
305018,15734.64,2024-11-06 18:17:48,Synthetic payment record,AYA_PAY,RENEWAL,2024-11,3,,VERIFIED,15734.64,005018,2024-11-08 18:17:48,synthetic-generator,201518,101769
305019,16850.53,2024-12-20 21:38:24,Synthetic payment record,BANK_TRANSFER,RENEWAL,2024-12,4,,VERIFIED,16850.53,005019,2024-12-22 21:38:24,synthetic-generator,201519,101770
305020,12751.92,2025-01-12 20:42:55,Synthetic payment record,KBZ_PAY,PREMIUM,2025-01,5,,VERIFIED,12751.92,005020,2025-01-15 20:42:55,synthetic-generator,201520,101771
305021,15262.71,2025-02-19 05:17:53,Synthetic payment record,WAVE_PAY,PREMIUM,2025-02,6,,VERIFIED,15262.71,005021,2025-02-21 05:17:53,synthetic-generator,201521,101772
305022,44505.78,2025-03-28 19:27:06,Synthetic payment record,AYA_PAY,RENEWAL,2025-03,7,,VERIFIED,44505.78,005022,2025-03-30 19:27:06,synthetic-generator,201522,101773
305023,72139.45,2025-04-09 18:25:18,Synthetic payment record,BANK_TRANSFER,PREMIUM,2025-04,8,,VERIFIED,72139.45,005023,2025-04-11 18:25:18,synthetic-generator,201523,101774
305024,14196.62,2025-05-03 20:50:36,Synthetic payment record,KBZ_PAY,PREMIUM,2025-05,9,,VERIFIED,14196.62,005024,2025-05-06 20:50:36,synthetic-generator,201524,101775
305025,5707.22,2025-06-27 15:09:47,Synthetic payment record,WAVE_PAY,PREMIUM,2025-06,10,,VERIFIED,5707.22,005025,2025-06-28 15:09:47,synthetic-generator,201525,101776
305026,35354.02,2025-07-02 14:25:15,Synthetic payment record,AYA_PAY,RENEWAL,2025-07,11,,PENDING,35354.02,005026,2025-07-04 14:25:15,,201526,101777
305027,11877.34,2025-08-30 11:51:59,Synthetic payment record,BANK_TRANSFER,PREMIUM,2025-08,12,,VERIFIED,11877.34,005027,2025-09-02 11:51:59,synthetic-generator,201527,101778
305028,18435.06,2025-09-29 23:14:31,Synthetic payment record,KBZ_PAY,PREMIUM,2025-09,1,,VERIFIED,18435.06,005028,2025-09-29 23:14:31,synthetic-generator,201528,101779
305029,38251.54,2025-10-27 05:55:52,Synthetic payment record,WAVE_PAY,PREMIUM,2025-10,2,,VERIFIED,38251.54,005029,2025-10-28 05:55:52,synthetic-generator,201529,101780
305030,16804.54,2025-11-14 14:46:31,Synthetic payment record,AYA_PAY,PREMIUM,2025-11,3,,VERIFIED,16804.54,005030,2025-11-16 14:46:31,synthetic-generator,201530,101781
305031,38753.35,2025-12-20 01:45:55,Synthetic payment record,BANK_TRANSFER,PREMIUM,2025-12,4,,VERIFIED,38753.35,005031,2025-12-20 01:45:55,synthetic-generator,201531,101782
305032,15968.21,2026-01-03 09:53:11,Synthetic payment record,KBZ_PAY,PREMIUM,2026-01,5,,VERIFIED,15968.21,005032,2026-01-04 09:53:11,synthetic-generator,201532,101783
305033,9487.85,2026-02-18 11:23:00,Synthetic payment record,WAVE_PAY,PREMIUM,2026-02,6,,VERIFIED,9487.85,005033,2026-02-21 11:23:00,synthetic-generator,201533,101784
305034,51420.18,2026-03-27 07:11:49,Synthetic payment record,AYA_PAY,PREMIUM,2026-03,7,,VERIFIED,51420.18,005034,2026-03-30 07:11:49,synthetic-generator,201534,101785
305035,37542.49,2026-04-24 11:02:49,Synthetic payment record,BANK_TRANSFER,PREMIUM,2026-04,8,,REJECTED,37542.49,005035,2026-04-27 11:02:49,,201535,101786
305036,7835.97,2026-05-11 09:52:33,Synthetic payment record,KBZ_PAY,PREMIUM,2026-05,9,,VERIFIED,7835.97,005036,2026-05-13 09:52:33,synthetic-generator,201536,101787
305037,10470.27,2026-06-03 19:31:19,Synthetic payment record,WAVE_PAY,RENEWAL,2026-06,10,,VERIFIED,10470.27,005037,2026-06-06 19:31:19,synthetic-generator,201537,101788
305038,8003.86,2026-07-20 02:31:00,Synthetic payment record,AYA_PAY,PREMIUM,2026-07,11,,VERIFIED,8003.86,005038,2026-07-21 02:31:00,synthetic-generator,201538,101789
305039,34669.76,2026-08-23 03:55:03,Synthetic payment record,BANK_TRANSFER,PREMIUM,2026-08,12,,PENDING,34669.76,005039,2026-08-26 03:55:03,,201539,101790
305040,17059.89,2021-09-19 16:07:19,Synthetic payment record,KBZ_PAY,PREMIUM,2021-09,1,,VERIFIED,17059.89,005040,2021-09-19 16:07:19,synthetic-generator,201540,101791
305041,23201.67,2021-10-18 06:24:03,Synthetic payment record,WAVE_PAY,PREMIUM,2021-10,2,,PENDING,23201.67,005041,2021-10-18 06:24:03,,201541,101792
305042,4227.88,2021-11-24 15:05:01,Synthetic payment record,AYA_PAY,RENEWAL,2021-11,3,,VERIFIED,4227.88,005042,2021-11-27 15:05:01,synthetic-generator,201542,101793
305043,3610.95,2021-12-24 17:56:01,Synthetic payment record,BANK_TRANSFER,PREMIUM,2021-12,4,,VERIFIED,3610.95,005043,2021-12-26 17:56:01,synthetic-generator,201543,101794
305044,16569.66,2022-01-02 12:35:45,Synthetic payment record,KBZ_PAY,PREMIUM,2022-01,5,,VERIFIED,16569.66,005044,2022-01-03 12:35:45,synthetic-generator,201544,101795
305045,30398.86,2022-02-26 05:37:47,Synthetic payment record,WAVE_PAY,PREMIUM,2022-02,6,,VERIFIED,30398.86,005045,2022-02-26 05:37:47,synthetic-generator,201545,101796
305046,27296.37,2022-03-06 08:28:45,Synthetic payment record,AYA_PAY,PREMIUM,2022-03,7,,VERIFIED,27296.37,005046,2022-03-09 08:28:45,synthetic-generator,201546,101797
305047,66159.23,2022-04-23 00:47:36,Synthetic payment record,BANK_TRANSFER,PREMIUM,2022-04,8,,REJECTED,66159.23,005047,2022-04-24 00:47:36,,201547,101798
305048,13533.93,2022-05-22 16:33:08,Synthetic payment record,KBZ_PAY,PREMIUM,2022-05,9,,VERIFIED,13533.93,005048,2022-05-23 16:33:08,synthetic-generator,201548,101799
305049,4690.82,2022-06-28 23:44:57,Synthetic payment record,WAVE_PAY,PREMIUM,2022-06,10,,VERIFIED,4690.82,005049,2022-06-28 23:44:57,synthetic-generator,201549,101800
305050,31805.03,2022-07-12 17:42:13,Synthetic payment record,AYA_PAY,PREMIUM,2022-07,11,,VERIFIED,31805.03,005050,2022-07-15 17:42:13,synthetic-generator,201550,101801
305051,6335.67,2022-08-02 22:10:06,Synthetic payment record,BANK_TRANSFER,RENEWAL,2022-08,12,,PENDING,6335.67,005051,2022-08-02 22:10:06,,201551,101802
305052,12775.29,2022-09-13 05:56:28,Synthetic payment record,KBZ_PAY,PREMIUM,2022-09,1,,VERIFIED,12775.29,005052,2022-09-15 05:56:28,synthetic-generator,201552,101803
305053,36315.33,2022-10-14 01:33:47,Synthetic payment record,WAVE_PAY,RENEWAL,2022-10,2,,VERIFIED,36315.33,005053,2022-10-15 01:33:47,synthetic-generator,201553,101804
305054,4675.44,2022-11-12 22:12:47,Synthetic payment record,AYA_PAY,RENEWAL,2022-11,3,,VERIFIED,4675.44,005054,2022-11-15 22:12:47,synthetic-generator,201554,101805
305055,26305.58,2022-12-15 23:27:56,Synthetic payment record,BANK_TRANSFER,RENEWAL,2022-12,4,,REJECTED,26305.58,005055,2022-12-15 23:27:56,,201555,101806
305056,12112.98,2023-01-22 03:28:33,Synthetic payment record,KBZ_PAY,PREMIUM,2023-01,5,,VERIFIED,12112.98,005056,2023-01-23 03:28:33,synthetic-generator,201556,101807
305057,27432.45,2023-02-01 19:35:43,Synthetic payment record,WAVE_PAY,PREMIUM,2023-02,6,,VERIFIED,27432.45,005057,2023-02-04 19:35:43,synthetic-generator,201557,101808
305058,25023.63,2023-03-27 18:17:44,Synthetic payment record,AYA_PAY,PREMIUM,2023-03,7,,VERIFIED,25023.63,005058,2023-03-30 18:17:44,synthetic-generator,201558,101809
305059,38460.47,2023-04-15 00:45:50,Synthetic payment record,BANK_TRANSFER,RENEWAL,2023-04,8,,VERIFIED,38460.47,005059,2023-04-15 00:45:50,synthetic-generator,201559,101810
305060,5695.94,2023-05-01 20:52:06,Synthetic payment record,KBZ_PAY,PREMIUM,2023-05,9,,REJECTED,5695.94,005060,2023-05-02 20:52:06,,201560,101811
305061,15954.43,2023-06-17 16:56:38,Synthetic payment record,WAVE_PAY,PREMIUM,2023-06,10,,VERIFIED,15954.43,005061,2023-06-20 16:56:38,synthetic-generator,201561,101812
305062,16243.48,2023-07-15 01:17:45,Synthetic payment record,AYA_PAY,PREMIUM,2023-07,11,,VERIFIED,16243.48,005062,2023-07-18 01:17:45,synthetic-generator,201562,101813
305063,6492.74,2023-08-24 16:20:06,Synthetic payment record,BANK_TRANSFER,PREMIUM,2023-08,12,,VERIFIED,6492.74,005063,2023-08-24 16:20:06,synthetic-generator,201563,101814
305064,11050.51,2023-09-08 06:01:57,Synthetic payment record,KBZ_PAY,PREMIUM,2023-09,1,,REJECTED,11050.51,005064,2023-09-08 06:01:57,,201564,101815
305065,20410.60,2023-10-24 19:48:13,Synthetic payment record,WAVE_PAY,PREMIUM,2023-10,2,,VERIFIED,20410.60,005065,2023-10-26 19:48:13,synthetic-generator,201565,101816
305066,9563.49,2023-11-27 00:45:23,Synthetic payment record,AYA_PAY,PREMIUM,2023-11,3,,VERIFIED,9563.49,005066,2023-11-28 00:45:23,synthetic-generator,201566,101817
305067,14233.01,2023-12-16 12:06:48,Synthetic payment record,BANK_TRANSFER,PREMIUM,2023-12,4,,VERIFIED,14233.01,005067,2023-12-18 12:06:48,synthetic-generator,201567,101818
305068,2755.64,2024-01-16 03:29:58,Synthetic payment record,KBZ_PAY,RENEWAL,2024-01,5,,VERIFIED,2755.64,005068,2024-01-17 03:29:58,synthetic-generator,201568,101819
305069,33340.64,2024-02-16 09:14:12,Synthetic payment record,WAVE_PAY,PREMIUM,2024-02,6,,REJECTED,33340.64,005069,2024-02-16 09:14:12,,201569,101820
305070,19266.66,2024-03-16 13:03:16,Synthetic payment record,AYA_PAY,PREMIUM,2024-03,7,,VERIFIED,19266.66,005070,2024-03-16 13:03:16,synthetic-generator,201570,101821
305071,39066.42,2024-04-12 15:55:08,Synthetic payment record,BANK_TRANSFER,RENEWAL,2024-04,8,,PENDING,39066.42,005071,2024-04-15 15:55:08,,201571,101822
305072,6873.54,2024-05-22 19:57:45,Synthetic payment record,KBZ_PAY,PREMIUM,2024-05,9,,VERIFIED,6873.54,005072,2024-05-23 19:57:45,synthetic-generator,201572,101823
305073,16351.22,2024-06-26 20:16:05,Synthetic payment record,WAVE_PAY,RENEWAL,2024-06,10,,VERIFIED,16351.22,005073,2024-06-28 20:16:05,synthetic-generator,201573,101824
305074,9252.20,2024-07-27 11:47:35,Synthetic payment record,AYA_PAY,PREMIUM,2024-07,11,,VERIFIED,9252.20,005074,2024-07-30 11:47:35,synthetic-generator,201574,101825
305075,9588.18,2024-08-21 02:12:03,Synthetic payment record,BANK_TRANSFER,PREMIUM,2024-08,12,,VERIFIED,9588.18,005075,2024-08-22 02:12:03,synthetic-generator,201575,101826
305076,12359.26,2024-09-30 15:02:30,Synthetic payment record,KBZ_PAY,PREMIUM,2024-09,1,,VERIFIED,12359.26,005076,2024-10-02 15:02:30,synthetic-generator,201576,101827
305077,25170.75,2024-10-27 18:51:26,Synthetic payment record,WAVE_PAY,PREMIUM,2024-10,2,,PENDING,25170.75,005077,2024-10-28 18:51:26,,201577,101828
305078,10356.15,2024-11-13 15:57:41,Synthetic payment record,AYA_PAY,PREMIUM,2024-11,3,,VERIFIED,10356.15,005078,2024-11-13 15:57:41,synthetic-generator,201578,101829
305079,6075.30,2024-12-11 18:31:35,Synthetic payment record,BANK_TRANSFER,PREMIUM,2024-12,4,,REJECTED,6075.30,005079,2024-12-14 18:31:35,,201579,101830
305080,7173.35,2025-01-29 14:26:20,Synthetic payment record,KBZ_PAY,PREMIUM,2025-01,5,,VERIFIED,7173.35,005080,2025-01-30 14:26:20,synthetic-generator,201580,101831
305081,6380.42,2025-02-23 03:59:34,Synthetic payment record,WAVE_PAY,PREMIUM,2025-02,6,,VERIFIED,6380.42,005081,2025-02-26 03:59:34,synthetic-generator,201581,101832
305082,53168.32,2025-03-20 17:18:09,Synthetic payment record,AYA_PAY,RENEWAL,2025-03,7,,VERIFIED,53168.32,005082,2025-03-22 17:18:09,synthetic-generator,201582,101833
305083,82016.74,2025-04-10 16:14:29,Synthetic payment record,BANK_TRANSFER,PREMIUM,2025-04,8,,VERIFIED,82016.74,005083,2025-04-11 16:14:29,synthetic-generator,201583,101834
305084,3678.66,2025-05-31 05:45:35,Synthetic payment record,KBZ_PAY,PREMIUM,2025-05,9,,VERIFIED,3678.66,005084,2025-05-31 05:45:35,synthetic-generator,201584,101835
305085,13193.10,2025-06-08 15:29:09,Synthetic payment record,WAVE_PAY,PREMIUM,2025-06,10,,VERIFIED,13193.10,005085,2025-06-11 15:29:09,synthetic-generator,201585,101836
305086,32169.95,2025-07-22 17:15:34,Synthetic payment record,AYA_PAY,RENEWAL,2025-07,11,,VERIFIED,32169.95,005086,2025-07-23 17:15:34,synthetic-generator,201586,101837
305087,55110.57,2025-08-03 23:44:25,Synthetic payment record,BANK_TRANSFER,PREMIUM,2025-08,12,,VERIFIED,55110.57,005087,2025-08-04 23:44:25,synthetic-generator,201587,101838
305088,15255.44,2025-09-02 01:50:06,Synthetic payment record,KBZ_PAY,PREMIUM,2025-09,1,,VERIFIED,15255.44,005088,2025-09-03 01:50:06,synthetic-generator,201588,101839
305089,12842.30,2025-10-05 18:38:09,Synthetic payment record,WAVE_PAY,PREMIUM,2025-10,2,,VERIFIED,12842.30,005089,2025-10-05 18:38:09,synthetic-generator,201589,101840
305090,12851.67,2025-11-25 01:23:32,Synthetic payment record,AYA_PAY,RENEWAL,2025-11,3,,VERIFIED,12851.67,005090,2025-11-25 01:23:32,synthetic-generator,201590,101841
305091,46454.53,2025-12-10 00:55:46,Synthetic payment record,BANK_TRANSFER,PREMIUM,2025-12,4,,VERIFIED,46454.53,005091,2025-12-13 00:55:46,synthetic-generator,201591,101842
305092,12199.79,2026-01-18 19:22:23,Synthetic payment record,KBZ_PAY,PREMIUM,2026-01,5,,VERIFIED,12199.79,005092,2026-01-19 19:22:23,synthetic-generator,201592,101843
305093,44363.59,2026-02-09 01:53:17,Synthetic payment record,WAVE_PAY,PREMIUM,2026-02,6,,PENDING,44363.59,005093,2026-02-10 01:53:17,,201593,101844
305094,11573.50,2026-03-09 20:34:10,Synthetic payment record,AYA_PAY,RENEWAL,2026-03,7,,VERIFIED,11573.50,005094,2026-03-10 20:34:10,synthetic-generator,201594,101845
305095,7990.42,2026-04-19 02:42:32,Synthetic payment record,BANK_TRANSFER,PREMIUM,2026-04,8,,VERIFIED,7990.42,005095,2026-04-22 02:42:32,synthetic-generator,201595,101846
305096,10244.68,2026-05-15 15:21:23,Synthetic payment record,KBZ_PAY,CLAIM_PAYOUT,2026-05,9,,VERIFIED,10244.68,005096,2026-05-16 15:21:23,synthetic-generator,201596,101847
305097,14697.85,2026-06-12 22:41:43,Synthetic payment record,WAVE_PAY,PREMIUM,2026-06,10,,VERIFIED,14697.85,005097,2026-06-15 22:41:43,synthetic-generator,201597,101848
305098,24255.42,2026-07-11 05:52:46,Synthetic payment record,AYA_PAY,PREMIUM,2026-07,11,,PENDING,24255.42,005098,2026-07-11 05:52:46,,201598,101849
305099,38871.55,2026-08-17 19:33:28,Synthetic payment record,BANK_TRANSFER,PREMIUM,2026-08,12,,VERIFIED,38871.55,005099,2026-08-19 19:33:28,synthetic-generator,201599,101850
305100,2323.02,2021-09-02 03:49:03,Synthetic payment record,KBZ_PAY,PREMIUM,2021-09,1,,VERIFIED,2323.02,005100,2021-09-04 03:49:03,synthetic-generator,201600,101851
305101,15647.78,2021-10-06 12:27:33,Synthetic payment record,WAVE_PAY,CLAIM_PAYOUT,2021-10,2,,PENDING,15647.78,005101,2021-10-08 12:27:33,,201601,101852
305102,17555.23,2021-11-18 10:09:26,Synthetic payment record,AYA_PAY,PREMIUM,2021-11,3,,REJECTED,17555.23,005102,2021-11-19 10:09:26,,201602,101853
305103,18024.97,2021-12-27 13:24:28,Synthetic payment record,BANK_TRANSFER,PREMIUM,2021-12,4,,VERIFIED,18024.97,005103,2021-12-30 13:24:28,synthetic-generator,201603,101854
305104,14391.57,2022-01-28 07:15:29,Synthetic payment record,KBZ_PAY,PREMIUM,2022-01,5,,VERIFIED,14391.57,005104,2022-01-31 07:15:29,synthetic-generator,201604,101855
305105,11528.17,2022-02-24 05:41:06,Synthetic payment record,WAVE_PAY,PREMIUM,2022-02,6,,VERIFIED,11528.17,005105,2022-02-26 05:41:06,synthetic-generator,201605,101856
305106,10863.05,2022-03-01 10:28:50,Synthetic payment record,AYA_PAY,PREMIUM,2022-03,7,,PENDING,10863.05,005106,2022-03-01 10:28:50,,201606,101857
305107,16698.94,2022-04-28 17:03:40,Synthetic payment record,BANK_TRANSFER,PREMIUM,2022-04,8,,VERIFIED,16698.94,005107,2022-04-30 17:03:40,synthetic-generator,201607,101858
305108,3513.95,2022-05-29 08:25:12,Synthetic payment record,KBZ_PAY,CLAIM_PAYOUT,2022-05,9,,PENDING,3513.95,005108,2022-05-29 08:25:12,,201608,101859
305109,10474.43,2022-06-16 01:47:50,Synthetic payment record,WAVE_PAY,PREMIUM,2022-06,10,,VERIFIED,10474.43,005109,2022-06-18 01:47:50,synthetic-generator,201609,101860
305110,5150.33,2022-07-15 14:03:03,Synthetic payment record,AYA_PAY,RENEWAL,2022-07,11,,PENDING,5150.33,005110,2022-07-16 14:03:03,,201610,101861
305111,31906.76,2022-08-29 08:46:29,Synthetic payment record,BANK_TRANSFER,RENEWAL,2022-08,12,,VERIFIED,31906.76,005111,2022-08-29 08:46:29,synthetic-generator,201611,101862
305112,14195.16,2022-09-10 07:03:37,Synthetic payment record,KBZ_PAY,PREMIUM,2022-09,1,,VERIFIED,14195.16,005112,2022-09-12 07:03:37,synthetic-generator,201612,101863
305113,16807.92,2022-10-31 03:15:46,Synthetic payment record,WAVE_PAY,PREMIUM,2022-10,2,,PENDING,16807.92,005113,2022-11-02 03:15:46,,201613,101864
305114,17107.71,2022-11-13 11:05:19,Synthetic payment record,AYA_PAY,CLAIM_PAYOUT,2022-11,3,,VERIFIED,17107.71,005114,2022-11-14 11:05:19,synthetic-generator,201614,101865
305115,40855.56,2022-12-05 04:36:45,Synthetic payment record,BANK_TRANSFER,PREMIUM,2022-12,4,,VERIFIED,40855.56,005115,2022-12-07 04:36:45,synthetic-generator,201615,101866
305116,15294.22,2023-01-25 02:22:38,Synthetic payment record,KBZ_PAY,RENEWAL,2023-01,5,,VERIFIED,15294.22,005116,2023-01-28 02:22:38,synthetic-generator,201616,101867
305117,5917.35,2023-02-21 03:56:05,Synthetic payment record,WAVE_PAY,PREMIUM,2023-02,6,,VERIFIED,5917.35,005117,2023-02-21 03:56:05,synthetic-generator,201617,101868
305118,28531.97,2023-03-28 16:25:49,Synthetic payment record,AYA_PAY,CLAIM_PAYOUT,2023-03,7,,VERIFIED,28531.97,005118,2023-03-31 16:25:49,synthetic-generator,201618,101869
305119,56351.30,2023-04-13 19:45:50,Synthetic payment record,BANK_TRANSFER,RENEWAL,2023-04,8,,VERIFIED,56351.30,005119,2023-04-14 19:45:50,synthetic-generator,201619,101870
305120,6955.30,2023-05-24 02:18:38,Synthetic payment record,KBZ_PAY,PREMIUM,2023-05,9,,VERIFIED,6955.30,005120,2023-05-24 02:18:38,synthetic-generator,201620,101871
305121,26624.62,2023-06-23 22:54:35,Synthetic payment record,WAVE_PAY,RENEWAL,2023-06,10,,PENDING,26624.62,005121,2023-06-25 22:54:35,,201621,101872
305122,3672.94,2023-07-04 19:41:27,Synthetic payment record,AYA_PAY,PREMIUM,2023-07,11,,VERIFIED,3672.94,005122,2023-07-05 19:41:27,synthetic-generator,201622,101873
305123,13348.45,2023-08-19 19:48:19,Synthetic payment record,BANK_TRANSFER,PREMIUM,2023-08,12,,VERIFIED,13348.45,005123,2023-08-22 19:48:19,synthetic-generator,201623,101874
305124,3822.48,2023-09-09 11:16:01,Synthetic payment record,KBZ_PAY,PREMIUM,2023-09,1,,VERIFIED,3822.48,005124,2023-09-11 11:16:01,synthetic-generator,201624,101875
305125,9796.05,2023-10-15 10:00:13,Synthetic payment record,WAVE_PAY,PREMIUM,2023-10,2,,VERIFIED,9796.05,005125,2023-10-16 10:00:13,synthetic-generator,201625,101876
305126,2236.05,2023-11-30 08:17:51,Synthetic payment record,AYA_PAY,RENEWAL,2023-11,3,,VERIFIED,2236.05,005126,2023-12-01 08:17:51,synthetic-generator,201626,101877
305127,7201.03,2023-12-22 09:10:27,Synthetic payment record,BANK_TRANSFER,PREMIUM,2023-12,4,,VERIFIED,7201.03,005127,2023-12-25 09:10:27,synthetic-generator,201627,101878
305128,8282.26,2024-01-13 12:44:55,Synthetic payment record,KBZ_PAY,PREMIUM,2024-01,5,,PENDING,8282.26,005128,2024-01-15 12:44:55,,201628,101879
305129,10380.23,2024-02-04 22:35:51,Synthetic payment record,WAVE_PAY,PREMIUM,2024-02,6,,VERIFIED,10380.23,005129,2024-02-06 22:35:51,synthetic-generator,201629,101880
305130,47769.32,2024-03-13 15:08:45,Synthetic payment record,AYA_PAY,PREMIUM,2024-03,7,,VERIFIED,47769.32,005130,2024-03-14 15:08:45,synthetic-generator,201630,101881
305131,23478.87,2024-04-05 11:03:59,Synthetic payment record,BANK_TRANSFER,PREMIUM,2024-04,8,,VERIFIED,23478.87,005131,2024-04-05 11:03:59,synthetic-generator,201631,101882
305132,5958.14,2024-05-05 12:39:44,Synthetic payment record,KBZ_PAY,PREMIUM,2024-05,9,,VERIFIED,5958.14,005132,2024-05-07 12:39:44,synthetic-generator,201632,101883
305133,3302.36,2024-06-01 22:16:46,Synthetic payment record,WAVE_PAY,PREMIUM,2024-06,10,,VERIFIED,3302.36,005133,2024-06-01 22:16:46,synthetic-generator,201633,101884
305134,17057.31,2024-07-24 14:04:13,Synthetic payment record,AYA_PAY,PREMIUM,2024-07,11,,VERIFIED,17057.31,005134,2024-07-24 14:04:13,synthetic-generator,201634,101885
305135,16611.80,2024-08-12 08:54:22,Synthetic payment record,BANK_TRANSFER,PREMIUM,2024-08,12,,PENDING,16611.80,005135,2024-08-12 08:54:22,,201635,101886
305136,5350.76,2024-09-30 06:52:08,Synthetic payment record,KBZ_PAY,PREMIUM,2024-09,1,,VERIFIED,5350.76,005136,2024-09-30 06:52:08,synthetic-generator,201636,101887
305137,15951.92,2024-10-29 18:57:44,Synthetic payment record,WAVE_PAY,PREMIUM,2024-10,2,,VERIFIED,15951.92,005137,2024-10-29 18:57:44,synthetic-generator,201637,101888
305138,2756.82,2024-11-17 15:15:35,Synthetic payment record,AYA_PAY,PREMIUM,2024-11,3,,VERIFIED,2756.82,005138,2024-11-18 15:15:35,synthetic-generator,201638,101889
305139,34622.56,2024-12-11 04:52:24,Synthetic payment record,BANK_TRANSFER,PREMIUM,2024-12,4,,VERIFIED,34622.56,005139,2024-12-13 04:52:24,synthetic-generator,201639,101890
305140,9748.62,2025-01-31 16:30:12,Synthetic payment record,KBZ_PAY,PREMIUM,2025-01,5,,VERIFIED,9748.62,005140,2025-02-03 16:30:12,synthetic-generator,201640,101891
305141,41042.86,2025-02-10 07:48:16,Synthetic payment record,WAVE_PAY,CLAIM_PAYOUT,2025-02,6,,VERIFIED,41042.86,005141,2025-02-13 07:48:16,synthetic-generator,201641,101892
305142,43612.02,2025-03-13 23:22:53,Synthetic payment record,AYA_PAY,PREMIUM,2025-03,7,,REJECTED,43612.02,005142,2025-03-15 23:22:53,,201642,101893
305143,55330.35,2025-04-04 18:20:59,Synthetic payment record,BANK_TRANSFER,PREMIUM,2025-04,8,,VERIFIED,55330.35,005143,2025-04-05 18:20:59,synthetic-generator,201643,101894
305144,9301.25,2025-05-18 09:04:35,Synthetic payment record,KBZ_PAY,RENEWAL,2025-05,9,,PENDING,9301.25,005144,2025-05-18 09:04:35,,201644,101895
305145,17143.48,2025-06-08 03:39:33,Synthetic payment record,WAVE_PAY,PREMIUM,2025-06,10,,VERIFIED,17143.48,005145,2025-06-11 03:39:33,synthetic-generator,201645,101896
305146,20702.02,2025-07-04 05:32:00,Synthetic payment record,AYA_PAY,RENEWAL,2025-07,11,,VERIFIED,20702.02,005146,2025-07-06 05:32:00,synthetic-generator,201646,101897
305147,47812.23,2025-08-15 17:55:57,Synthetic payment record,BANK_TRANSFER,PREMIUM,2025-08,12,,VERIFIED,47812.23,005147,2025-08-17 17:55:57,synthetic-generator,201647,101898
305148,11815.01,2025-09-25 05:26:28,Synthetic payment record,KBZ_PAY,PREMIUM,2025-09,1,,VERIFIED,11815.01,005148,2025-09-27 05:26:28,synthetic-generator,201648,101899
305149,19175.40,2025-10-12 15:17:29,Synthetic payment record,WAVE_PAY,RENEWAL,2025-10,2,,VERIFIED,19175.40,005149,2025-10-15 15:17:29,synthetic-generator,201649,101900
305150,28215.63,2025-11-10 08:32:50,Synthetic payment record,AYA_PAY,PREMIUM,2025-11,3,,VERIFIED,28215.63,005150,2025-11-13 08:32:50,synthetic-generator,201650,101901
305151,48293.23,2025-12-13 11:58:30,Synthetic payment record,BANK_TRANSFER,PREMIUM,2025-12,4,,VERIFIED,48293.23,005151,2025-12-16 11:58:30,synthetic-generator,201651,101902
305152,3827.40,2026-01-02 19:18:38,Synthetic payment record,KBZ_PAY,PREMIUM,2026-01,5,,VERIFIED,3827.40,005152,2026-01-05 19:18:38,synthetic-generator,201652,101903
305153,8082.85,2026-02-27 14:48:36,Synthetic payment record,WAVE_PAY,PREMIUM,2026-02,6,,VERIFIED,8082.85,005153,2026-03-02 14:48:36,synthetic-generator,201653,101904
305154,59322.10,2026-03-12 00:25:40,Synthetic payment record,AYA_PAY,PREMIUM,2026-03,7,,REJECTED,59322.10,005154,2026-03-14 00:25:40,,201654,101905
305155,84118.48,2026-04-29 22:25:54,Synthetic payment record,BANK_TRANSFER,PREMIUM,2026-04,8,,VERIFIED,84118.48,005155,2026-04-30 22:25:54,synthetic-generator,201655,101906
305156,6340.13,2026-05-14 10:19:53,Synthetic payment record,KBZ_PAY,RENEWAL,2026-05,9,,PENDING,6340.13,005156,2026-05-15 10:19:53,,201656,101907
305157,25122.24,2026-06-13 09:35:51,Synthetic payment record,WAVE_PAY,PREMIUM,2026-06,10,,VERIFIED,25122.24,005157,2026-06-16 09:35:51,synthetic-generator,201657,101908
305158,14833.45,2026-07-30 04:05:05,Synthetic payment record,AYA_PAY,PREMIUM,2026-07,11,,VERIFIED,14833.45,005158,2026-07-30 04:05:05,synthetic-generator,201658,101909
305159,62040.09,2026-08-11 09:09:39,Synthetic payment record,BANK_TRANSFER,PREMIUM,2026-08,12,,VERIFIED,62040.09,005159,2026-08-12 09:09:39,synthetic-generator,201659,101910
305160,23449.00,2021-09-06 00:54:52,Synthetic payment record,KBZ_PAY,PREMIUM,2021-09,1,,VERIFIED,23449.00,005160,2021-09-06 00:54:52,synthetic-generator,201660,101911
305161,15063.85,2021-10-27 14:04:34,Synthetic payment record,WAVE_PAY,RENEWAL,2021-10,2,,VERIFIED,15063.85,005161,2021-10-30 14:04:34,synthetic-generator,201661,101912
305162,11933.37,2021-11-08 23:26:25,Synthetic payment record,AYA_PAY,PREMIUM,2021-11,3,,VERIFIED,11933.37,005162,2021-11-09 23:26:25,synthetic-generator,201662,101913
305163,18076.42,2021-12-08 05:35:26,Synthetic payment record,BANK_TRANSFER,RENEWAL,2021-12,4,,VERIFIED,18076.42,005163,2021-12-11 05:35:26,synthetic-generator,201663,101914
305164,5016.78,2022-01-20 05:46:26,Synthetic payment record,KBZ_PAY,PREMIUM,2022-01,5,,VERIFIED,5016.78,005164,2022-01-22 05:46:26,synthetic-generator,201664,101915
305165,30021.10,2022-02-25 16:54:33,Synthetic payment record,WAVE_PAY,PREMIUM,2022-02,6,,VERIFIED,30021.10,005165,2022-02-27 16:54:33,synthetic-generator,201665,101916
305166,40045.34,2022-03-22 03:32:33,Synthetic payment record,AYA_PAY,PREMIUM,2022-03,7,,VERIFIED,40045.34,005166,2022-03-25 03:32:33,synthetic-generator,201666,101917
305167,52540.84,2022-04-17 05:11:18,Synthetic payment record,BANK_TRANSFER,PREMIUM,2022-04,8,,VERIFIED,52540.84,005167,2022-04-18 05:11:18,synthetic-generator,201667,101918
305168,8298.94,2022-05-05 15:55:49,Synthetic payment record,KBZ_PAY,PREMIUM,2022-05,9,,VERIFIED,8298.94,005168,2022-05-07 15:55:49,synthetic-generator,201668,101919
305169,18414.21,2022-06-01 12:47:09,Synthetic payment record,WAVE_PAY,PREMIUM,2022-06,10,,VERIFIED,18414.21,005169,2022-06-02 12:47:09,synthetic-generator,201669,101920
305170,37065.80,2022-07-03 19:53:09,Synthetic payment record,AYA_PAY,PREMIUM,2022-07,11,,VERIFIED,37065.80,005170,2022-07-04 19:53:09,synthetic-generator,201670,101921
305171,15341.96,2022-08-02 13:33:31,Synthetic payment record,BANK_TRANSFER,RENEWAL,2022-08,12,,VERIFIED,15341.96,005171,2022-08-03 13:33:31,synthetic-generator,201671,101922
305172,3894.32,2022-09-04 02:46:50,Synthetic payment record,KBZ_PAY,PREMIUM,2022-09,1,,VERIFIED,3894.32,005172,2022-09-04 02:46:50,synthetic-generator,201672,101923
305173,17531.72,2022-10-15 02:58:58,Synthetic payment record,WAVE_PAY,PREMIUM,2022-10,2,,VERIFIED,17531.72,005173,2022-10-15 02:58:58,synthetic-generator,201673,101924
305174,21797.13,2022-11-30 00:25:54,Synthetic payment record,AYA_PAY,PREMIUM,2022-11,3,,VERIFIED,21797.13,005174,2022-12-03 00:25:54,synthetic-generator,201674,101925
305175,13254.73,2022-12-29 22:59:20,Synthetic payment record,BANK_TRANSFER,PREMIUM,2022-12,4,,VERIFIED,13254.73,005175,2022-12-31 22:59:20,synthetic-generator,201675,101926
305176,8625.30,2023-01-14 16:59:02,Synthetic payment record,KBZ_PAY,PREMIUM,2023-01,5,,VERIFIED,8625.30,005176,2023-01-16 16:59:02,synthetic-generator,201676,101927
305177,19004.22,2023-02-16 20:27:40,Synthetic payment record,WAVE_PAY,CLAIM_PAYOUT,2023-02,6,,PENDING,19004.22,005177,2023-02-18 20:27:40,,201677,101928
305178,38911.24,2023-03-23 02:26:19,Synthetic payment record,AYA_PAY,PREMIUM,2023-03,7,,VERIFIED,38911.24,005178,2023-03-23 02:26:19,synthetic-generator,201678,101929
305179,48194.30,2023-04-05 12:02:34,Synthetic payment record,BANK_TRANSFER,PREMIUM,2023-04,8,,VERIFIED,48194.30,005179,2023-04-06 12:02:34,synthetic-generator,201679,101930
305180,10825.11,2023-05-06 19:58:44,Synthetic payment record,KBZ_PAY,PREMIUM,2023-05,9,,VERIFIED,10825.11,005180,2023-05-07 19:58:44,synthetic-generator,201680,101931
305181,3457.05,2023-06-26 20:18:03,Synthetic payment record,WAVE_PAY,PREMIUM,2023-06,10,,REJECTED,3457.05,005181,2023-06-28 20:18:03,,201681,101932
305182,13252.07,2023-07-13 17:42:16,Synthetic payment record,AYA_PAY,PREMIUM,2023-07,11,,VERIFIED,13252.07,005182,2023-07-16 17:42:16,synthetic-generator,201682,101933
305183,24870.69,2023-08-05 06:54:14,Synthetic payment record,BANK_TRANSFER,CLAIM_PAYOUT,2023-08,12,,VERIFIED,24870.69,005183,2023-08-08 06:54:14,synthetic-generator,201683,101934
305184,5713.93,2023-09-14 23:04:35,Synthetic payment record,KBZ_PAY,PREMIUM,2023-09,1,,VERIFIED,5713.93,005184,2023-09-15 23:04:35,synthetic-generator,201684,101935
305185,11490.89,2023-10-29 13:07:24,Synthetic payment record,WAVE_PAY,PREMIUM,2023-10,2,,VERIFIED,11490.89,005185,2023-11-01 13:07:24,synthetic-generator,201685,101936
305186,20171.01,2023-11-06 15:00:06,Synthetic payment record,AYA_PAY,RENEWAL,2023-11,3,,VERIFIED,20171.01,005186,2023-11-06 15:00:06,synthetic-generator,201686,101937
305187,8484.29,2023-12-20 02:17:06,Synthetic payment record,BANK_TRANSFER,RENEWAL,2023-12,4,,VERIFIED,8484.29,005187,2023-12-21 02:17:06,synthetic-generator,201687,101938
305188,5497.88,2024-01-29 17:45:11,Synthetic payment record,KBZ_PAY,PREMIUM,2024-01,5,,VERIFIED,5497.88,005188,2024-02-01 17:45:11,synthetic-generator,201688,101939
305189,32727.88,2024-02-27 15:24:15,Synthetic payment record,WAVE_PAY,PREMIUM,2024-02,6,,PENDING,32727.88,005189,2024-03-01 15:24:15,,201689,101940
305190,17784.29,2024-03-12 00:36:46,Synthetic payment record,AYA_PAY,RENEWAL,2024-03,7,,VERIFIED,17784.29,005190,2024-03-15 00:36:46,synthetic-generator,201690,101941
305191,42176.84,2024-04-11 02:18:15,Synthetic payment record,BANK_TRANSFER,RENEWAL,2024-04,8,,PENDING,42176.84,005191,2024-04-14 02:18:15,,201691,101942
305192,13919.81,2024-05-30 10:54:06,Synthetic payment record,KBZ_PAY,PREMIUM,2024-05,9,,PENDING,13919.81,005192,2024-05-30 10:54:06,,201692,101943
305193,7522.61,2024-06-28 07:03:05,Synthetic payment record,WAVE_PAY,RENEWAL,2024-06,10,,REJECTED,7522.61,005193,2024-07-01 07:03:05,,201693,101944
305194,37139.20,2024-07-26 18:06:36,Synthetic payment record,AYA_PAY,PREMIUM,2024-07,11,,VERIFIED,37139.20,005194,2024-07-27 18:06:36,synthetic-generator,201694,101945
305195,31283.03,2024-08-26 21:14:07,Synthetic payment record,BANK_TRANSFER,PREMIUM,2024-08,12,,VERIFIED,31283.03,005195,2024-08-27 21:14:07,synthetic-generator,201695,101946
305196,21285.39,2024-09-27 20:15:26,Synthetic payment record,KBZ_PAY,PREMIUM,2024-09,1,,VERIFIED,21285.39,005196,2024-09-30 20:15:26,synthetic-generator,201696,101947
305197,27770.99,2024-10-15 00:47:02,Synthetic payment record,WAVE_PAY,PREMIUM,2024-10,2,,PENDING,27770.99,005197,2024-10-15 00:47:02,,201697,101948
305198,11054.87,2024-11-30 19:15:13,Synthetic payment record,AYA_PAY,PREMIUM,2024-11,3,,VERIFIED,11054.87,005198,2024-12-01 19:15:13,synthetic-generator,201698,101949
305199,18074.56,2024-12-17 15:19:54,Synthetic payment record,BANK_TRANSFER,CLAIM_PAYOUT,2024-12,4,,VERIFIED,18074.56,005199,2024-12-19 15:19:54,synthetic-generator,201699,101950
305200,11685.09,2025-01-20 13:18:12,Synthetic payment record,KBZ_PAY,PREMIUM,2025-01,5,,VERIFIED,11685.09,005200,2025-01-23 13:18:12,synthetic-generator,201700,101951
305201,22955.80,2025-02-03 04:43:40,Synthetic payment record,WAVE_PAY,RENEWAL,2025-02,6,,PENDING,22955.80,005201,2025-02-06 04:43:40,,201701,101952
305202,52301.14,2025-03-25 07:35:15,Synthetic payment record,AYA_PAY,PREMIUM,2025-03,7,,VERIFIED,52301.14,005202,2025-03-27 07:35:15,synthetic-generator,201702,101953
305203,89610.74,2025-04-02 23:56:42,Synthetic payment record,BANK_TRANSFER,PREMIUM,2025-04,8,,VERIFIED,89610.74,005203,2025-04-03 23:56:42,synthetic-generator,201703,101954
305204,10734.84,2025-05-28 12:42:57,Synthetic payment record,KBZ_PAY,PREMIUM,2025-05,9,,VERIFIED,10734.84,005204,2025-05-31 12:42:57,synthetic-generator,201704,101955
305205,17066.41,2025-06-26 12:41:26,Synthetic payment record,WAVE_PAY,PREMIUM,2025-06,10,,PENDING,17066.41,005205,2025-06-28 12:41:26,,201705,101956
305206,33852.71,2025-07-04 22:53:43,Synthetic payment record,AYA_PAY,PREMIUM,2025-07,11,,REJECTED,33852.71,005206,2025-07-04 22:53:43,,201706,101957
305207,46432.99,2025-08-08 17:22:52,Synthetic payment record,BANK_TRANSFER,RENEWAL,2025-08,12,,VERIFIED,46432.99,005207,2025-08-11 17:22:52,synthetic-generator,201707,101958
305208,5104.46,2025-09-16 20:19:15,Synthetic payment record,KBZ_PAY,PREMIUM,2025-09,1,,VERIFIED,5104.46,005208,2025-09-16 20:19:15,synthetic-generator,201708,101959
305209,21198.29,2025-10-08 03:30:25,Synthetic payment record,WAVE_PAY,RENEWAL,2025-10,2,,VERIFIED,21198.29,005209,2025-10-08 03:30:25,synthetic-generator,201709,101960
305210,21623.15,2025-11-16 18:35:30,Synthetic payment record,AYA_PAY,PREMIUM,2025-11,3,,VERIFIED,21623.15,005210,2025-11-17 18:35:30,synthetic-generator,201710,101961
305211,15489.58,2025-12-19 19:02:34,Synthetic payment record,BANK_TRANSFER,RENEWAL,2025-12,4,,PENDING,15489.58,005211,2025-12-21 19:02:34,,201711,101962
305212,13600.87,2026-01-01 00:58:57,Synthetic payment record,KBZ_PAY,PREMIUM,2026-01,5,,VERIFIED,13600.87,005212,2026-01-03 00:58:57,synthetic-generator,201712,101963
305213,29490.62,2026-02-20 00:07:39,Synthetic payment record,WAVE_PAY,PREMIUM,2026-02,6,,VERIFIED,29490.62,005213,2026-02-21 00:07:39,synthetic-generator,201713,101964
305214,39471.70,2026-03-23 02:55:35,Synthetic payment record,AYA_PAY,RENEWAL,2026-03,7,,VERIFIED,39471.70,005214,2026-03-25 02:55:35,synthetic-generator,201714,101965
305215,36200.49,2026-04-11 14:42:21,Synthetic payment record,BANK_TRANSFER,PREMIUM,2026-04,8,,VERIFIED,36200.49,005215,2026-04-13 14:42:21,synthetic-generator,201715,101966
305216,6337.54,2026-05-12 16:04:23,Synthetic payment record,KBZ_PAY,PREMIUM,2026-05,9,,REJECTED,6337.54,005216,2026-05-13 16:04:23,,201716,101967
305217,13409.71,2026-06-10 07:34:57,Synthetic payment record,WAVE_PAY,PREMIUM,2026-06,10,,VERIFIED,13409.71,005217,2026-06-12 07:34:57,synthetic-generator,201717,101968
305218,46084.74,2026-07-31 23:05:05,Synthetic payment record,AYA_PAY,CLAIM_PAYOUT,2026-07,11,,VERIFIED,46084.74,005218,2026-07-31 23:05:05,synthetic-generator,201718,101969
305219,28948.88,2026-08-16 12:53:48,Synthetic payment record,BANK_TRANSFER,PREMIUM,2026-08,12,,VERIFIED,28948.88,005219,2026-08-16 12:53:48,synthetic-generator,201719,101970
305220,10135.20,2021-09-20 08:16:52,Synthetic payment record,KBZ_PAY,PREMIUM,2021-09,1,,VERIFIED,10135.20,005220,2021-09-21 08:16:52,synthetic-generator,201720,101971
305221,23882.84,2021-10-21 20:50:27,Synthetic payment record,WAVE_PAY,PREMIUM,2021-10,2,,VERIFIED,23882.84,005221,2021-10-21 20:50:27,synthetic-generator,201721,101972
305222,23137.52,2021-11-21 17:26:23,Synthetic payment record,AYA_PAY,PREMIUM,2021-11,3,,VERIFIED,23137.52,005222,2021-11-21 17:26:23,synthetic-generator,201722,101973
305223,28884.44,2021-12-21 03:51:44,Synthetic payment record,BANK_TRANSFER,PREMIUM,2021-12,4,,VERIFIED,28884.44,005223,2021-12-24 03:51:44,synthetic-generator,201723,101974
305224,4069.76,2022-01-15 19:17:43,Synthetic payment record,KBZ_PAY,PREMIUM,2022-01,5,,VERIFIED,4069.76,005224,2022-01-16 19:17:43,synthetic-generator,201724,101975
305225,29188.85,2022-02-05 16:53:19,Synthetic payment record,WAVE_PAY,PREMIUM,2022-02,6,,VERIFIED,29188.85,005225,2022-02-05 16:53:19,synthetic-generator,201725,101976
305226,41453.85,2022-03-08 22:48:14,Synthetic payment record,AYA_PAY,RENEWAL,2022-03,7,,VERIFIED,41453.85,005226,2022-03-11 22:48:14,synthetic-generator,201726,101977
305227,21136.79,2022-04-15 21:53:47,Synthetic payment record,BANK_TRANSFER,RENEWAL,2022-04,8,,VERIFIED,21136.79,005227,2022-04-18 21:53:47,synthetic-generator,201727,101978
305228,8793.36,2022-05-25 23:39:11,Synthetic payment record,KBZ_PAY,PREMIUM,2022-05,9,,VERIFIED,8793.36,005228,2022-05-25 23:39:11,synthetic-generator,201728,101979
305229,14251.62,2022-06-05 17:05:43,Synthetic payment record,WAVE_PAY,PREMIUM,2022-06,10,,PENDING,14251.62,005229,2022-06-06 17:05:43,,201729,101980
305230,38912.34,2022-07-15 01:20:17,Synthetic payment record,AYA_PAY,PREMIUM,2022-07,11,,VERIFIED,38912.34,005230,2022-07-18 01:20:17,synthetic-generator,201730,101981
305231,10360.37,2022-08-30 19:40:48,Synthetic payment record,BANK_TRANSFER,PREMIUM,2022-08,12,,VERIFIED,10360.37,005231,2022-09-01 19:40:48,synthetic-generator,201731,101982
305232,7348.00,2022-09-24 22:26:41,Synthetic payment record,KBZ_PAY,PREMIUM,2022-09,1,,VERIFIED,7348.00,005232,2022-09-27 22:26:41,synthetic-generator,201732,101983
305233,16731.65,2022-10-06 21:47:23,Synthetic payment record,WAVE_PAY,PREMIUM,2022-10,2,,VERIFIED,16731.65,005233,2022-10-07 21:47:23,synthetic-generator,201733,101984
305234,11558.47,2022-11-14 01:14:55,Synthetic payment record,AYA_PAY,PREMIUM,2022-11,3,,VERIFIED,11558.47,005234,2022-11-17 01:14:55,synthetic-generator,201734,101985
305235,6217.90,2022-12-14 04:10:36,Synthetic payment record,BANK_TRANSFER,PREMIUM,2022-12,4,,PENDING,6217.90,005235,2022-12-16 04:10:36,,201735,101986
305236,20845.62,2023-01-20 16:18:21,Synthetic payment record,KBZ_PAY,CLAIM_PAYOUT,2023-01,5,,VERIFIED,20845.62,005236,2023-01-21 16:18:21,synthetic-generator,201736,101987
305237,20871.88,2023-02-05 21:11:49,Synthetic payment record,WAVE_PAY,PREMIUM,2023-02,6,,PENDING,20871.88,005237,2023-02-06 21:11:49,,201737,101988
305238,46402.33,2023-03-10 05:16:04,Synthetic payment record,AYA_PAY,PREMIUM,2023-03,7,,PENDING,46402.33,005238,2023-03-11 05:16:04,,201738,101989
305239,34144.68,2023-04-03 10:51:03,Synthetic payment record,BANK_TRANSFER,PREMIUM,2023-04,8,,PENDING,34144.68,005239,2023-04-05 10:51:03,,201739,101990
305240,11502.90,2023-05-05 04:26:56,Synthetic payment record,KBZ_PAY,PREMIUM,2023-05,9,,VERIFIED,11502.90,005240,2023-05-06 04:26:56,synthetic-generator,201740,101991
305241,4152.33,2023-06-03 03:24:32,Synthetic payment record,WAVE_PAY,PREMIUM,2023-06,10,,VERIFIED,4152.33,005241,2023-06-05 03:24:32,synthetic-generator,201741,101992
305242,27916.97,2023-07-31 05:21:20,Synthetic payment record,AYA_PAY,CLAIM_PAYOUT,2023-07,11,,VERIFIED,27916.97,005242,2023-08-02 05:21:20,synthetic-generator,201742,101993
305243,28890.75,2023-08-23 20:04:25,Synthetic payment record,BANK_TRANSFER,PREMIUM,2023-08,12,,VERIFIED,28890.75,005243,2023-08-25 20:04:25,synthetic-generator,201743,101994
305244,11724.89,2023-09-22 16:58:35,Synthetic payment record,KBZ_PAY,RENEWAL,2023-09,1,,VERIFIED,11724.89,005244,2023-09-24 16:58:35,synthetic-generator,201744,101995
305245,27342.80,2023-10-11 12:11:44,Synthetic payment record,WAVE_PAY,PREMIUM,2023-10,2,,VERIFIED,27342.80,005245,2023-10-11 12:11:44,synthetic-generator,201745,101996
305246,28266.00,2023-11-09 20:55:05,Synthetic payment record,AYA_PAY,PREMIUM,2023-11,3,,VERIFIED,28266.00,005246,2023-11-12 20:55:05,synthetic-generator,201746,101997
305247,11965.89,2023-12-14 21:10:23,Synthetic payment record,BANK_TRANSFER,PREMIUM,2023-12,4,,VERIFIED,11965.89,005247,2023-12-14 21:10:23,synthetic-generator,201747,101998
305248,11312.03,2024-01-23 16:49:55,Synthetic payment record,KBZ_PAY,PREMIUM,2024-01,5,,VERIFIED,11312.03,005248,2024-01-26 16:49:55,synthetic-generator,201748,101999
305249,19145.50,2024-02-28 13:24:39,Synthetic payment record,WAVE_PAY,PREMIUM,2024-02,6,,VERIFIED,19145.50,005249,2024-03-02 13:24:39,synthetic-generator,201749,102000
305250,15200.24,2024-03-28 19:26:21,Synthetic payment record,AYA_PAY,PREMIUM,2024-03,7,,VERIFIED,15200.24,005250,2024-03-29 19:26:21,synthetic-generator,201750,102001
305251,18808.11,2024-04-30 08:50:54,Synthetic payment record,BANK_TRANSFER,PREMIUM,2024-04,8,,VERIFIED,18808.11,005251,2024-05-02 08:50:54,synthetic-generator,201751,102002
305252,2835.43,2024-05-23 13:14:45,Synthetic payment record,KBZ_PAY,PREMIUM,2024-05,9,,VERIFIED,2835.43,005252,2024-05-24 13:14:45,synthetic-generator,201752,102003
305253,24284.47,2024-06-21 08:30:38,Synthetic payment record,WAVE_PAY,RENEWAL,2024-06,10,,VERIFIED,24284.47,005253,2024-06-23 08:30:38,synthetic-generator,201753,102004
305254,24822.97,2024-07-18 10:13:52,Synthetic payment record,AYA_PAY,PREMIUM,2024-07,11,,VERIFIED,24822.97,005254,2024-07-21 10:13:52,synthetic-generator,201754,102005
305255,8034.06,2024-08-21 09:18:46,Synthetic payment record,BANK_TRANSFER,PREMIUM,2024-08,12,,VERIFIED,8034.06,005255,2024-08-24 09:18:46,synthetic-generator,201755,102006
305256,18468.67,2024-09-16 05:32:32,Synthetic payment record,KBZ_PAY,PREMIUM,2024-09,1,,VERIFIED,18468.67,005256,2024-09-18 05:32:32,synthetic-generator,201756,102007
305257,28630.78,2024-10-18 06:10:54,Synthetic payment record,WAVE_PAY,PREMIUM,2024-10,2,,VERIFIED,28630.78,005257,2024-10-20 06:10:54,synthetic-generator,201757,102008
305258,5715.27,2024-11-06 23:49:12,Synthetic payment record,AYA_PAY,PREMIUM,2024-11,3,,VERIFIED,5715.27,005258,2024-11-07 23:49:12,synthetic-generator,201758,102009
305259,7716.26,2024-12-27 18:31:09,Synthetic payment record,BANK_TRANSFER,PREMIUM,2024-12,4,,PENDING,7716.26,005259,2024-12-28 18:31:09,,201759,102010
305260,4131.43,2025-01-09 04:19:13,Synthetic payment record,KBZ_PAY,RENEWAL,2025-01,5,,REJECTED,4131.43,005260,2025-01-10 04:19:13,,201760,102011
305261,5961.62,2025-02-12 05:06:24,Synthetic payment record,WAVE_PAY,PREMIUM,2025-02,6,,VERIFIED,5961.62,005261,2025-02-15 05:06:24,synthetic-generator,201761,102012
305262,41744.52,2025-03-02 01:34:27,Synthetic payment record,AYA_PAY,PREMIUM,2025-03,7,,VERIFIED,41744.52,005262,2025-03-03 01:34:27,synthetic-generator,201762,102013
305263,30305.89,2025-04-28 11:00:43,Synthetic payment record,BANK_TRANSFER,RENEWAL,2025-04,8,,VERIFIED,30305.89,005263,2025-04-28 11:00:43,synthetic-generator,201763,102014
305264,12055.56,2025-05-18 19:33:19,Synthetic payment record,KBZ_PAY,PREMIUM,2025-05,9,,VERIFIED,12055.56,005264,2025-05-20 19:33:19,synthetic-generator,201764,102015
305265,14393.33,2025-06-09 05:57:17,Synthetic payment record,WAVE_PAY,PREMIUM,2025-06,10,,VERIFIED,14393.33,005265,2025-06-11 05:57:17,synthetic-generator,201765,102016
305266,20879.48,2025-07-29 22:57:19,Synthetic payment record,AYA_PAY,PREMIUM,2025-07,11,,VERIFIED,20879.48,005266,2025-07-30 22:57:19,synthetic-generator,201766,102017
305267,14869.18,2025-08-20 16:45:04,Synthetic payment record,BANK_TRANSFER,PREMIUM,2025-08,12,,PENDING,14869.18,005267,2025-08-22 16:45:04,,201767,102018
305268,12220.32,2025-09-02 17:22:29,Synthetic payment record,KBZ_PAY,PREMIUM,2025-09,1,,VERIFIED,12220.32,005268,2025-09-05 17:22:29,synthetic-generator,201768,102019
305269,19639.87,2025-10-23 23:31:23,Synthetic payment record,WAVE_PAY,PREMIUM,2025-10,2,,VERIFIED,19639.87,005269,2025-10-24 23:31:23,synthetic-generator,201769,102020
305270,2965.09,2025-11-22 07:30:47,Synthetic payment record,AYA_PAY,PREMIUM,2025-11,3,,VERIFIED,2965.09,005270,2025-11-25 07:30:47,synthetic-generator,201770,102021
305271,8638.17,2025-12-13 14:58:23,Synthetic payment record,BANK_TRANSFER,PREMIUM,2025-12,4,,VERIFIED,8638.17,005271,2025-12-16 14:58:23,synthetic-generator,201771,102022
305272,12316.88,2026-01-28 20:52:33,Synthetic payment record,KBZ_PAY,PREMIUM,2026-01,5,,PENDING,12316.88,005272,2026-01-31 20:52:33,,201772,102023
305273,29717.09,2026-02-08 22:51:59,Synthetic payment record,WAVE_PAY,PREMIUM,2026-02,6,,VERIFIED,29717.09,005273,2026-02-11 22:51:59,synthetic-generator,201773,102024
305274,38149.21,2026-03-18 10:23:16,Synthetic payment record,AYA_PAY,PREMIUM,2026-03,7,,VERIFIED,38149.21,005274,2026-03-19 10:23:16,synthetic-generator,201774,102025
305275,91750.01,2026-04-25 21:45:06,Synthetic payment record,BANK_TRANSFER,PREMIUM,2026-04,8,,VERIFIED,91750.01,005275,2026-04-25 21:45:06,synthetic-generator,201775,102026
305276,5507.73,2026-05-06 19:04:29,Synthetic payment record,KBZ_PAY,PREMIUM,2026-05,9,,VERIFIED,5507.73,005276,2026-05-08 19:04:29,synthetic-generator,201776,102027
305277,19328.48,2026-06-03 23:06:00,Synthetic payment record,WAVE_PAY,CLAIM_PAYOUT,2026-06,10,,VERIFIED,19328.48,005277,2026-06-06 23:06:00,synthetic-generator,201777,102028
305278,30429.85,2026-07-11 03:04:28,Synthetic payment record,AYA_PAY,PREMIUM,2026-07,11,,VERIFIED,30429.85,005278,2026-07-11 03:04:28,synthetic-generator,201778,102029
305279,22910.36,2026-08-15 14:07:28,Synthetic payment record,BANK_TRANSFER,PREMIUM,2026-08,12,,VERIFIED,22910.36,005279,2026-08-15 14:07:28,synthetic-generator,201779,102030
305280,4242.82,2021-09-05 08:05:36,Synthetic payment record,KBZ_PAY,CLAIM_PAYOUT,2021-09,1,,VERIFIED,4242.82,005280,2021-09-06 08:05:36,synthetic-generator,201780,102031
305281,10592.29,2021-10-28 04:52:31,Synthetic payment record,WAVE_PAY,PREMIUM,2021-10,2,,VERIFIED,10592.29,005281,2021-10-28 04:52:31,synthetic-generator,201781,102032
305282,8834.62,2021-11-14 16:32:53,Synthetic payment record,AYA_PAY,RENEWAL,2021-11,3,,VERIFIED,8834.62,005282,2021-11-17 16:32:53,synthetic-generator,201782,102033
305283,26545.90,2021-12-18 01:58:53,Synthetic payment record,BANK_TRANSFER,PREMIUM,2021-12,4,,VERIFIED,26545.90,005283,2021-12-18 01:58:53,synthetic-generator,201783,102034
305284,5676.74,2022-01-19 23:55:49,Synthetic payment record,KBZ_PAY,PREMIUM,2022-01,5,,VERIFIED,5676.74,005284,2022-01-19 23:55:49,synthetic-generator,201784,102035
305285,34244.30,2022-02-09 10:54:41,Synthetic payment record,WAVE_PAY,PREMIUM,2022-02,6,,VERIFIED,34244.30,005285,2022-02-10 10:54:41,synthetic-generator,201785,102036
305286,12174.83,2022-03-06 12:34:28,Synthetic payment record,AYA_PAY,RENEWAL,2022-03,7,,VERIFIED,12174.83,005286,2022-03-08 12:34:28,synthetic-generator,201786,102037
305287,55654.50,2022-04-24 19:53:46,Synthetic payment record,BANK_TRANSFER,PREMIUM,2022-04,8,,REJECTED,55654.50,005287,2022-04-25 19:53:46,,201787,102038
305288,4686.27,2022-05-30 10:06:15,Synthetic payment record,KBZ_PAY,RENEWAL,2022-05,9,,VERIFIED,4686.27,005288,2022-05-31 10:06:15,synthetic-generator,201788,102039
305289,16323.22,2022-06-17 15:59:27,Synthetic payment record,WAVE_PAY,PREMIUM,2022-06,10,,VERIFIED,16323.22,005289,2022-06-20 15:59:27,synthetic-generator,201789,102040
305290,18745.29,2022-07-31 01:12:53,Synthetic payment record,AYA_PAY,RENEWAL,2022-07,11,,VERIFIED,18745.29,005290,2022-08-02 01:12:53,synthetic-generator,201790,102041
305291,14924.95,2022-08-30 23:21:09,Synthetic payment record,BANK_TRANSFER,CLAIM_PAYOUT,2022-08,12,,VERIFIED,14924.95,005291,2022-09-01 23:21:09,synthetic-generator,201791,102042
305292,8771.00,2022-09-05 07:51:52,Synthetic payment record,KBZ_PAY,PREMIUM,2022-09,1,,VERIFIED,8771.00,005292,2022-09-07 07:51:52,synthetic-generator,201792,102043
305293,14288.92,2022-10-09 19:38:19,Synthetic payment record,WAVE_PAY,PREMIUM,2022-10,2,,VERIFIED,14288.92,005293,2022-10-12 19:38:19,synthetic-generator,201793,102044
305294,4140.72,2022-11-01 06:13:40,Synthetic payment record,AYA_PAY,PREMIUM,2022-11,3,,VERIFIED,4140.72,005294,2022-11-04 06:13:40,synthetic-generator,201794,102045
305295,26974.26,2022-12-13 06:27:45,Synthetic payment record,BANK_TRANSFER,PREMIUM,2022-12,4,,VERIFIED,26974.26,005295,2022-12-13 06:27:45,synthetic-generator,201795,102046
305296,3708.57,2023-01-28 21:10:18,Synthetic payment record,KBZ_PAY,RENEWAL,2023-01,5,,VERIFIED,3708.57,005296,2023-01-29 21:10:18,synthetic-generator,201796,102047
305297,29545.93,2023-02-15 02:56:20,Synthetic payment record,WAVE_PAY,PREMIUM,2023-02,6,,VERIFIED,29545.93,005297,2023-02-18 02:56:20,synthetic-generator,201797,102048
305298,37470.83,2023-03-21 21:45:56,Synthetic payment record,AYA_PAY,PREMIUM,2023-03,7,,VERIFIED,37470.83,005298,2023-03-22 21:45:56,synthetic-generator,201798,102049
305299,53209.02,2023-04-08 01:44:19,Synthetic payment record,BANK_TRANSFER,PREMIUM,2023-04,8,,VERIFIED,53209.02,005299,2023-04-09 01:44:19,synthetic-generator,201799,102050
305300,1564.12,2023-05-02 00:37:33,Synthetic payment record,KBZ_PAY,PREMIUM,2023-05,9,,VERIFIED,1564.12,005300,2023-05-02 00:37:33,synthetic-generator,201800,102051
305301,6984.92,2023-06-11 04:27:43,Synthetic payment record,WAVE_PAY,PREMIUM,2023-06,10,,PENDING,6984.92,005301,2023-06-11 04:27:43,,201801,102052
305302,13851.39,2023-07-01 09:15:43,Synthetic payment record,AYA_PAY,PREMIUM,2023-07,11,,VERIFIED,13851.39,005302,2023-07-01 09:15:43,synthetic-generator,201802,102053
305303,24964.93,2023-08-25 18:59:04,Synthetic payment record,BANK_TRANSFER,RENEWAL,2023-08,12,,REJECTED,24964.93,005303,2023-08-25 18:59:04,,201803,102054
305304,16253.25,2023-09-12 22:07:31,Synthetic payment record,KBZ_PAY,PREMIUM,2023-09,1,,VERIFIED,16253.25,005304,2023-09-13 22:07:31,synthetic-generator,201804,102055
305305,18876.71,2023-10-12 15:17:28,Synthetic payment record,WAVE_PAY,PREMIUM,2023-10,2,,VERIFIED,18876.71,005305,2023-10-13 15:17:28,synthetic-generator,201805,102056
305306,13226.60,2023-11-12 12:09:17,Synthetic payment record,AYA_PAY,PREMIUM,2023-11,3,,VERIFIED,13226.60,005306,2023-11-14 12:09:17,synthetic-generator,201806,102057
305307,34919.10,2023-12-24 13:28:10,Synthetic payment record,BANK_TRANSFER,PREMIUM,2023-12,4,,PENDING,34919.10,005307,2023-12-25 13:28:10,,201807,102058
305308,14457.00,2024-01-08 21:07:05,Synthetic payment record,KBZ_PAY,PREMIUM,2024-01,5,,VERIFIED,14457.00,005308,2024-01-09 21:07:05,synthetic-generator,201808,102059
305309,15397.78,2024-02-18 17:55:50,Synthetic payment record,WAVE_PAY,PREMIUM,2024-02,6,,VERIFIED,15397.78,005309,2024-02-18 17:55:50,synthetic-generator,201809,102060
305310,19462.21,2024-03-13 12:28:43,Synthetic payment record,AYA_PAY,PREMIUM,2024-03,7,,VERIFIED,19462.21,005310,2024-03-13 12:28:43,synthetic-generator,201810,102061
305311,47187.96,2024-04-16 05:58:25,Synthetic payment record,BANK_TRANSFER,PREMIUM,2024-04,8,,VERIFIED,47187.96,005311,2024-04-17 05:58:25,synthetic-generator,201811,102062
305312,11838.93,2024-05-13 21:01:09,Synthetic payment record,KBZ_PAY,PREMIUM,2024-05,9,,VERIFIED,11838.93,005312,2024-05-16 21:01:09,synthetic-generator,201812,102063
305313,3224.26,2024-06-03 16:24:23,Synthetic payment record,WAVE_PAY,PREMIUM,2024-06,10,,VERIFIED,3224.26,005313,2024-06-03 16:24:23,synthetic-generator,201813,102064
305314,30660.99,2024-07-02 11:29:27,Synthetic payment record,AYA_PAY,PREMIUM,2024-07,11,,VERIFIED,30660.99,005314,2024-07-05 11:29:27,synthetic-generator,201814,102065
305315,23714.89,2024-08-20 03:44:59,Synthetic payment record,BANK_TRANSFER,PREMIUM,2024-08,12,,VERIFIED,23714.89,005315,2024-08-23 03:44:59,synthetic-generator,201815,102066
305316,4427.74,2024-09-26 03:02:34,Synthetic payment record,KBZ_PAY,PREMIUM,2024-09,1,,VERIFIED,4427.74,005316,2024-09-29 03:02:34,synthetic-generator,201816,102067
305317,15005.28,2024-10-09 12:47:42,Synthetic payment record,WAVE_PAY,PREMIUM,2024-10,2,,REJECTED,15005.28,005317,2024-10-09 12:47:42,,201817,102068
305318,25966.16,2024-11-18 15:16:59,Synthetic payment record,AYA_PAY,PREMIUM,2024-11,3,,VERIFIED,25966.16,005318,2024-11-19 15:16:59,synthetic-generator,201818,102069
305319,44234.64,2024-12-11 00:31:59,Synthetic payment record,BANK_TRANSFER,PREMIUM,2024-12,4,,VERIFIED,44234.64,005319,2024-12-12 00:31:59,synthetic-generator,201819,102070
305320,3517.84,2025-01-07 00:38:08,Synthetic payment record,KBZ_PAY,PREMIUM,2025-01,5,,VERIFIED,3517.84,005320,2025-01-07 00:38:08,synthetic-generator,201820,102071
305321,20291.70,2025-02-03 15:16:55,Synthetic payment record,WAVE_PAY,PREMIUM,2025-02,6,,VERIFIED,20291.70,005321,2025-02-06 15:16:55,synthetic-generator,201821,102072
305322,37551.72,2025-03-07 18:10:39,Synthetic payment record,AYA_PAY,PREMIUM,2025-03,7,,VERIFIED,37551.72,005322,2025-03-07 18:10:39,synthetic-generator,201822,102073
305323,25300.86,2025-04-29 10:46:16,Synthetic payment record,BANK_TRANSFER,RENEWAL,2025-04,8,,REJECTED,25300.86,005323,2025-05-01 10:46:16,,201823,102074
305324,12796.00,2025-05-28 03:33:25,Synthetic payment record,KBZ_PAY,PREMIUM,2025-05,9,,VERIFIED,12796.00,005324,2025-05-31 03:33:25,synthetic-generator,201824,102075
305325,25942.87,2025-06-13 19:24:52,Synthetic payment record,WAVE_PAY,PREMIUM,2025-06,10,,VERIFIED,25942.87,005325,2025-06-15 19:24:52,synthetic-generator,201825,102076
305326,10495.26,2025-07-20 05:52:48,Synthetic payment record,AYA_PAY,PREMIUM,2025-07,11,,VERIFIED,10495.26,005326,2025-07-21 05:52:48,synthetic-generator,201826,102077
305327,11561.29,2025-08-18 02:31:01,Synthetic payment record,BANK_TRANSFER,RENEWAL,2025-08,12,,VERIFIED,11561.29,005327,2025-08-21 02:31:01,synthetic-generator,201827,102078
305328,15092.82,2025-09-17 00:37:55,Synthetic payment record,KBZ_PAY,PREMIUM,2025-09,1,,VERIFIED,15092.82,005328,2025-09-20 00:37:55,synthetic-generator,201828,102079
305329,18362.80,2025-10-14 18:48:03,Synthetic payment record,WAVE_PAY,PREMIUM,2025-10,2,,VERIFIED,18362.80,005329,2025-10-14 18:48:03,synthetic-generator,201829,102080
305330,20659.13,2025-11-28 06:26:58,Synthetic payment record,AYA_PAY,PREMIUM,2025-11,3,,VERIFIED,20659.13,005330,2025-11-30 06:26:58,synthetic-generator,201830,102081
305331,15065.15,2025-12-24 21:18:31,Synthetic payment record,BANK_TRANSFER,PREMIUM,2025-12,4,,VERIFIED,15065.15,005331,2025-12-24 21:18:31,synthetic-generator,201831,102082
305332,15627.11,2026-01-05 23:39:45,Synthetic payment record,KBZ_PAY,PREMIUM,2026-01,5,,VERIFIED,15627.11,005332,2026-01-07 23:39:45,synthetic-generator,201832,102083
305333,40294.01,2026-02-08 06:28:48,Synthetic payment record,WAVE_PAY,PREMIUM,2026-02,6,,VERIFIED,40294.01,005333,2026-02-09 06:28:48,synthetic-generator,201833,102084
305334,8798.20,2026-03-03 17:28:33,Synthetic payment record,AYA_PAY,PREMIUM,2026-03,7,,VERIFIED,8798.20,005334,2026-03-04 17:28:33,synthetic-generator,201834,102085
305335,24371.25,2026-04-12 13:55:10,Synthetic payment record,BANK_TRANSFER,PREMIUM,2026-04,8,,VERIFIED,24371.25,005335,2026-04-15 13:55:10,synthetic-generator,201835,102086
305336,10747.85,2026-05-31 11:05:19,Synthetic payment record,KBZ_PAY,RENEWAL,2026-05,9,,VERIFIED,10747.85,005336,2026-06-02 11:05:19,synthetic-generator,201836,102087
305337,17968.38,2026-06-28 18:48:20,Synthetic payment record,WAVE_PAY,PREMIUM,2026-06,10,,VERIFIED,17968.38,005337,2026-06-29 18:48:20,synthetic-generator,201837,102088
305338,40446.29,2026-07-24 10:36:15,Synthetic payment record,AYA_PAY,CLAIM_PAYOUT,2026-07,11,,VERIFIED,40446.29,005338,2026-07-25 10:36:15,synthetic-generator,201838,102089
305339,31188.46,2026-08-27 02:59:22,Synthetic payment record,BANK_TRANSFER,PREMIUM,2026-08,12,,VERIFIED,31188.46,005339,2026-08-28 02:59:22,synthetic-generator,201839,102090
305340,4785.37,2021-09-11 01:17:41,Synthetic payment record,KBZ_PAY,PREMIUM,2021-09,1,,VERIFIED,4785.37,005340,2021-09-11 01:17:41,synthetic-generator,201840,102091
305341,17544.81,2021-10-27 12:31:21,Synthetic payment record,WAVE_PAY,PREMIUM,2021-10,2,,VERIFIED,17544.81,005341,2021-10-29 12:31:21,synthetic-generator,201841,102092
305342,13312.22,2021-11-29 22:30:48,Synthetic payment record,AYA_PAY,PREMIUM,2021-11,3,,VERIFIED,13312.22,005342,2021-12-02 22:30:48,synthetic-generator,201842,102093
305343,7209.03,2021-12-01 10:37:08,Synthetic payment record,BANK_TRANSFER,PREMIUM,2021-12,4,,VERIFIED,7209.03,005343,2021-12-01 10:37:08,synthetic-generator,201843,102094
305344,7782.56,2022-01-25 20:28:14,Synthetic payment record,KBZ_PAY,PREMIUM,2022-01,5,,VERIFIED,7782.56,005344,2022-01-26 20:28:14,synthetic-generator,201844,102095
305345,10368.92,2022-02-22 15:11:32,Synthetic payment record,WAVE_PAY,RENEWAL,2022-02,6,,VERIFIED,10368.92,005345,2022-02-23 15:11:32,synthetic-generator,201845,102096
305346,5843.91,2022-03-09 17:04:32,Synthetic payment record,AYA_PAY,PREMIUM,2022-03,7,,VERIFIED,5843.91,005346,2022-03-09 17:04:32,synthetic-generator,201846,102097
305347,70168.73,2022-04-24 09:38:30,Synthetic payment record,BANK_TRANSFER,CLAIM_PAYOUT,2022-04,8,,VERIFIED,70168.73,005347,2022-04-25 09:38:30,synthetic-generator,201847,102098
305348,8597.07,2022-05-06 04:25:36,Synthetic payment record,KBZ_PAY,RENEWAL,2022-05,9,,REJECTED,8597.07,005348,2022-05-08 04:25:36,,201848,102099
305349,2245.98,2022-06-09 00:57:30,Synthetic payment record,WAVE_PAY,PREMIUM,2022-06,10,,VERIFIED,2245.98,005349,2022-06-12 00:57:30,synthetic-generator,201849,102100
305350,7730.43,2022-07-22 16:29:09,Synthetic payment record,AYA_PAY,PREMIUM,2022-07,11,,VERIFIED,7730.43,005350,2022-07-22 16:29:09,synthetic-generator,201850,102101
305351,8345.46,2022-08-21 23:32:27,Synthetic payment record,BANK_TRANSFER,PREMIUM,2022-08,12,,VERIFIED,8345.46,005351,2022-08-23 23:32:27,synthetic-generator,201851,102102
305352,2373.44,2022-09-04 21:51:49,Synthetic payment record,KBZ_PAY,PREMIUM,2022-09,1,,VERIFIED,2373.44,005352,2022-09-05 21:51:49,synthetic-generator,201852,102103
305353,27053.54,2022-10-02 17:35:13,Synthetic payment record,WAVE_PAY,PREMIUM,2022-10,2,,VERIFIED,27053.54,005353,2022-10-03 17:35:13,synthetic-generator,201853,102104
305354,9685.10,2022-11-21 09:53:30,Synthetic payment record,AYA_PAY,PREMIUM,2022-11,3,,VERIFIED,9685.10,005354,2022-11-21 09:53:30,synthetic-generator,201854,102105
305355,11430.86,2022-12-04 10:21:56,Synthetic payment record,BANK_TRANSFER,RENEWAL,2022-12,4,,VERIFIED,11430.86,005355,2022-12-04 10:21:56,synthetic-generator,201855,102106
305356,8178.17,2023-01-20 23:01:49,Synthetic payment record,KBZ_PAY,PREMIUM,2023-01,5,,VERIFIED,8178.17,005356,2023-01-22 23:01:49,synthetic-generator,201856,102107
305357,4757.95,2023-02-13 17:34:14,Synthetic payment record,WAVE_PAY,PREMIUM,2023-02,6,,PENDING,4757.95,005357,2023-02-16 17:34:14,,201857,102108
305358,22125.11,2023-03-17 10:53:39,Synthetic payment record,AYA_PAY,PREMIUM,2023-03,7,,REJECTED,22125.11,005358,2023-03-20 10:53:39,,201858,102109
305359,34190.05,2023-04-16 02:21:51,Synthetic payment record,BANK_TRANSFER,PREMIUM,2023-04,8,,PENDING,34190.05,005359,2023-04-18 02:21:51,,201859,102110
305360,6946.08,2023-05-07 21:36:53,Synthetic payment record,KBZ_PAY,PREMIUM,2023-05,9,,VERIFIED,6946.08,005360,2023-05-10 21:36:53,synthetic-generator,201860,102111
305361,3838.57,2023-06-25 02:56:48,Synthetic payment record,WAVE_PAY,PREMIUM,2023-06,10,,VERIFIED,3838.57,005361,2023-06-26 02:56:48,synthetic-generator,201861,102112
305362,26715.38,2023-07-25 01:04:09,Synthetic payment record,AYA_PAY,PREMIUM,2023-07,11,,VERIFIED,26715.38,005362,2023-07-28 01:04:09,synthetic-generator,201862,102113
305363,22209.48,2023-08-10 11:25:17,Synthetic payment record,BANK_TRANSFER,PREMIUM,2023-08,12,,VERIFIED,22209.48,005363,2023-08-13 11:25:17,synthetic-generator,201863,102114
305364,5542.19,2023-09-23 19:40:35,Synthetic payment record,KBZ_PAY,PREMIUM,2023-09,1,,VERIFIED,5542.19,005364,2023-09-24 19:40:35,synthetic-generator,201864,102115
305365,31622.83,2023-10-23 03:58:37,Synthetic payment record,WAVE_PAY,RENEWAL,2023-10,2,,VERIFIED,31622.83,005365,2023-10-24 03:58:37,synthetic-generator,201865,102116
305366,19274.99,2023-11-05 16:28:35,Synthetic payment record,AYA_PAY,RENEWAL,2023-11,3,,VERIFIED,19274.99,005366,2023-11-06 16:28:35,synthetic-generator,201866,102117
305367,40194.19,2023-12-03 10:54:11,Synthetic payment record,BANK_TRANSFER,PREMIUM,2023-12,4,,PENDING,40194.19,005367,2023-12-03 10:54:11,,201867,102118
305368,8185.97,2024-01-05 05:52:49,Synthetic payment record,KBZ_PAY,PREMIUM,2024-01,5,,VERIFIED,8185.97,005368,2024-01-08 05:52:49,synthetic-generator,201868,102119
305369,8787.65,2024-02-16 12:44:08,Synthetic payment record,WAVE_PAY,PREMIUM,2024-02,6,,VERIFIED,8787.65,005369,2024-02-18 12:44:08,synthetic-generator,201869,102120
305370,37182.60,2024-03-12 01:48:15,Synthetic payment record,AYA_PAY,PREMIUM,2024-03,7,,VERIFIED,37182.60,005370,2024-03-12 01:48:15,synthetic-generator,201870,102121
305371,82867.55,2024-04-04 01:26:39,Synthetic payment record,BANK_TRANSFER,PREMIUM,2024-04,8,,VERIFIED,82867.55,005371,2024-04-06 01:26:39,synthetic-generator,201871,102122
305372,7387.76,2024-05-01 11:59:40,Synthetic payment record,KBZ_PAY,PREMIUM,2024-05,9,,REJECTED,7387.76,005372,2024-05-04 11:59:40,,201872,102123
305373,15990.52,2024-06-17 21:35:07,Synthetic payment record,WAVE_PAY,PREMIUM,2024-06,10,,VERIFIED,15990.52,005373,2024-06-17 21:35:07,synthetic-generator,201873,102124
305374,23195.55,2024-07-28 20:30:58,Synthetic payment record,AYA_PAY,PREMIUM,2024-07,11,,VERIFIED,23195.55,005374,2024-07-30 20:30:58,synthetic-generator,201874,102125
305375,58120.45,2024-08-05 09:20:53,Synthetic payment record,BANK_TRANSFER,PREMIUM,2024-08,12,,VERIFIED,58120.45,005375,2024-08-06 09:20:53,synthetic-generator,201875,102126
305376,4711.00,2024-09-06 05:56:36,Synthetic payment record,KBZ_PAY,PREMIUM,2024-09,1,,VERIFIED,4711.00,005376,2024-09-07 05:56:36,synthetic-generator,201876,102127
305377,34510.39,2024-10-06 06:07:18,Synthetic payment record,WAVE_PAY,PREMIUM,2024-10,2,,PENDING,34510.39,005377,2024-10-06 06:07:18,,201877,102128
305378,9645.97,2024-11-05 06:33:46,Synthetic payment record,AYA_PAY,PREMIUM,2024-11,3,,PENDING,9645.97,005378,2024-11-06 06:33:46,,201878,102129
305379,18804.96,2024-12-09 23:21:58,Synthetic payment record,BANK_TRANSFER,RENEWAL,2024-12,4,,VERIFIED,18804.96,005379,2024-12-09 23:21:58,synthetic-generator,201879,102130
305380,19766.18,2025-01-11 07:13:26,Synthetic payment record,KBZ_PAY,PREMIUM,2025-01,5,,VERIFIED,19766.18,005380,2025-01-12 07:13:26,synthetic-generator,201880,102131
305381,19822.96,2025-02-27 21:31:36,Synthetic payment record,WAVE_PAY,PREMIUM,2025-02,6,,VERIFIED,19822.96,005381,2025-03-02 21:31:36,synthetic-generator,201881,102132
305382,18376.17,2025-03-09 03:31:56,Synthetic payment record,AYA_PAY,CLAIM_PAYOUT,2025-03,7,,VERIFIED,18376.17,005382,2025-03-11 03:31:56,synthetic-generator,201882,102133
305383,14113.03,2025-04-14 12:18:47,Synthetic payment record,BANK_TRANSFER,PREMIUM,2025-04,8,,VERIFIED,14113.03,005383,2025-04-14 12:18:47,synthetic-generator,201883,102134
305384,10804.17,2025-05-16 02:32:09,Synthetic payment record,KBZ_PAY,PREMIUM,2025-05,9,,REJECTED,10804.17,005384,2025-05-19 02:32:09,,201884,102135
305385,28256.11,2025-06-29 14:55:44,Synthetic payment record,WAVE_PAY,RENEWAL,2025-06,10,,VERIFIED,28256.11,005385,2025-06-29 14:55:44,synthetic-generator,201885,102136
305386,14734.57,2025-07-17 16:35:32,Synthetic payment record,AYA_PAY,RENEWAL,2025-07,11,,VERIFIED,14734.57,005386,2025-07-20 16:35:32,synthetic-generator,201886,102137
305387,16807.39,2025-08-12 19:54:00,Synthetic payment record,BANK_TRANSFER,PREMIUM,2025-08,12,,VERIFIED,16807.39,005387,2025-08-15 19:54:00,synthetic-generator,201887,102138
305388,19554.51,2025-09-20 19:59:38,Synthetic payment record,KBZ_PAY,PREMIUM,2025-09,1,,VERIFIED,19554.51,005388,2025-09-21 19:59:38,synthetic-generator,201888,102139
305389,7116.90,2025-10-18 05:56:33,Synthetic payment record,WAVE_PAY,PREMIUM,2025-10,2,,PENDING,7116.90,005389,2025-10-19 05:56:33,,201889,102140
305390,22955.39,2025-11-04 04:20:29,Synthetic payment record,AYA_PAY,PREMIUM,2025-11,3,,VERIFIED,22955.39,005390,2025-11-04 04:20:29,synthetic-generator,201890,102141
305391,20184.80,2025-12-23 04:48:24,Synthetic payment record,BANK_TRANSFER,PREMIUM,2025-12,4,,VERIFIED,20184.80,005391,2025-12-25 04:48:24,synthetic-generator,201891,102142
305392,10160.82,2026-01-08 15:45:36,Synthetic payment record,KBZ_PAY,PREMIUM,2026-01,5,,VERIFIED,10160.82,005392,2026-01-08 15:45:36,synthetic-generator,201892,102143
305393,30236.03,2026-02-10 10:26:20,Synthetic payment record,WAVE_PAY,PREMIUM,2026-02,6,,VERIFIED,30236.03,005393,2026-02-12 10:26:20,synthetic-generator,201893,102144
305394,35513.40,2026-03-16 20:38:18,Synthetic payment record,AYA_PAY,PREMIUM,2026-03,7,,VERIFIED,35513.40,005394,2026-03-19 20:38:18,synthetic-generator,201894,102145
305395,79757.12,2026-04-28 20:17:20,Synthetic payment record,BANK_TRANSFER,PREMIUM,2026-04,8,,VERIFIED,79757.12,005395,2026-04-28 20:17:20,synthetic-generator,201895,102146
305396,10109.70,2026-05-20 23:15:41,Synthetic payment record,KBZ_PAY,PREMIUM,2026-05,9,,VERIFIED,10109.70,005396,2026-05-21 23:15:41,synthetic-generator,201896,102147
305397,19052.86,2026-06-07 12:24:38,Synthetic payment record,WAVE_PAY,PREMIUM,2026-06,10,,VERIFIED,19052.86,005397,2026-06-10 12:24:38,synthetic-generator,201897,102148
305398,5752.87,2026-07-10 05:22:06,Synthetic payment record,AYA_PAY,PREMIUM,2026-07,11,,VERIFIED,5752.87,005398,2026-07-13 05:22:06,synthetic-generator,201898,102149
305399,15571.67,2026-08-12 18:38:04,Synthetic payment record,BANK_TRANSFER,PREMIUM,2026-08,12,,VERIFIED,15571.67,005399,2026-08-15 18:38:04,synthetic-generator,201899,102150
305400,2979.69,2021-09-21 09:51:33,Synthetic payment record,KBZ_PAY,PREMIUM,2021-09,1,,PENDING,2979.69,005400,2021-09-22 09:51:33,,201900,102151
305401,3589.87,2021-10-19 12:58:34,Synthetic payment record,WAVE_PAY,RENEWAL,2021-10,2,,PENDING,3589.87,005401,2021-10-19 12:58:34,,201901,102152
305402,15631.39,2021-11-18 19:10:03,Synthetic payment record,AYA_PAY,PREMIUM,2021-11,3,,VERIFIED,15631.39,005402,2021-11-18 19:10:03,synthetic-generator,201902,102153
305403,27082.80,2021-12-02 22:35:30,Synthetic payment record,BANK_TRANSFER,PREMIUM,2021-12,4,,VERIFIED,27082.80,005403,2021-12-02 22:35:30,synthetic-generator,201903,102154
305404,12666.42,2022-01-04 12:15:17,Synthetic payment record,KBZ_PAY,PREMIUM,2022-01,5,,VERIFIED,12666.42,005404,2022-01-07 12:15:17,synthetic-generator,201904,102155
305405,18792.64,2022-02-10 00:46:08,Synthetic payment record,WAVE_PAY,PREMIUM,2022-02,6,,VERIFIED,18792.64,005405,2022-02-11 00:46:08,synthetic-generator,201905,102156
305406,18874.17,2022-03-27 07:07:53,Synthetic payment record,AYA_PAY,RENEWAL,2022-03,7,,VERIFIED,18874.17,005406,2022-03-28 07:07:53,synthetic-generator,201906,102157
305407,37147.09,2022-04-21 23:19:30,Synthetic payment record,BANK_TRANSFER,RENEWAL,2022-04,8,,VERIFIED,37147.09,005407,2022-04-24 23:19:30,synthetic-generator,201907,102158
305408,4917.45,2022-05-23 00:05:40,Synthetic payment record,KBZ_PAY,RENEWAL,2022-05,9,,PENDING,4917.45,005408,2022-05-26 00:05:40,,201908,102159
305409,20245.33,2022-06-20 09:52:19,Synthetic payment record,WAVE_PAY,PREMIUM,2022-06,10,,VERIFIED,20245.33,005409,2022-06-23 09:52:19,synthetic-generator,201909,102160
305410,31989.46,2022-07-03 03:46:35,Synthetic payment record,AYA_PAY,PREMIUM,2022-07,11,,VERIFIED,31989.46,005410,2022-07-06 03:46:35,synthetic-generator,201910,102161
305411,18743.63,2022-08-23 03:47:40,Synthetic payment record,BANK_TRANSFER,CLAIM_PAYOUT,2022-08,12,,VERIFIED,18743.63,005411,2022-08-24 03:47:40,synthetic-generator,201911,102162
305412,2245.50,2022-09-20 17:21:49,Synthetic payment record,KBZ_PAY,RENEWAL,2022-09,1,,PENDING,2245.50,005412,2022-09-21 17:21:49,,201912,102163
305413,12792.79,2022-10-14 14:21:06,Synthetic payment record,WAVE_PAY,PREMIUM,2022-10,2,,VERIFIED,12792.79,005413,2022-10-15 14:21:06,synthetic-generator,201913,102164
305414,24855.05,2022-11-28 19:57:54,Synthetic payment record,AYA_PAY,PREMIUM,2022-11,3,,VERIFIED,24855.05,005414,2022-11-28 19:57:54,synthetic-generator,201914,102165
305415,29752.23,2022-12-24 11:40:44,Synthetic payment record,BANK_TRANSFER,CLAIM_PAYOUT,2022-12,4,,VERIFIED,29752.23,005415,2022-12-27 11:40:44,synthetic-generator,201915,102166
305416,3140.30,2023-01-19 00:57:13,Synthetic payment record,KBZ_PAY,PREMIUM,2023-01,5,,PENDING,3140.30,005416,2023-01-22 00:57:13,,201916,102167
305417,5855.15,2023-02-24 08:07:39,Synthetic payment record,WAVE_PAY,PREMIUM,2023-02,6,,VERIFIED,5855.15,005417,2023-02-27 08:07:39,synthetic-generator,201917,102168
305418,50458.70,2023-03-02 17:54:47,Synthetic payment record,AYA_PAY,PREMIUM,2023-03,7,,VERIFIED,50458.70,005418,2023-03-04 17:54:47,synthetic-generator,201918,102169
305419,35865.90,2023-04-19 05:52:08,Synthetic payment record,BANK_TRANSFER,PREMIUM,2023-04,8,,REJECTED,35865.90,005419,2023-04-19 05:52:08,,201919,102170
305420,2005.26,2023-05-29 14:00:52,Synthetic payment record,KBZ_PAY,PREMIUM,2023-05,9,,PENDING,2005.26,005420,2023-05-30 14:00:52,,201920,102171
305421,13504.47,2023-06-29 20:36:00,Synthetic payment record,WAVE_PAY,PREMIUM,2023-06,10,,VERIFIED,13504.47,005421,2023-07-01 20:36:00,synthetic-generator,201921,102172
305422,16663.97,2023-07-25 15:45:56,Synthetic payment record,AYA_PAY,PREMIUM,2023-07,11,,VERIFIED,16663.97,005422,2023-07-26 15:45:56,synthetic-generator,201922,102173
305423,18868.87,2023-08-24 16:13:53,Synthetic payment record,BANK_TRANSFER,PREMIUM,2023-08,12,,VERIFIED,18868.87,005423,2023-08-26 16:13:53,synthetic-generator,201923,102174
305424,9878.56,2023-09-24 05:36:22,Synthetic payment record,KBZ_PAY,PREMIUM,2023-09,1,,VERIFIED,9878.56,005424,2023-09-25 05:36:22,synthetic-generator,201924,102175
305425,13627.75,2023-10-31 06:58:39,Synthetic payment record,WAVE_PAY,PREMIUM,2023-10,2,,VERIFIED,13627.75,005425,2023-11-01 06:58:39,synthetic-generator,201925,102176
305426,23712.94,2023-11-05 00:44:35,Synthetic payment record,AYA_PAY,PREMIUM,2023-11,3,,VERIFIED,23712.94,005426,2023-11-06 00:44:35,synthetic-generator,201926,102177
305427,35670.46,2023-12-26 08:03:56,Synthetic payment record,BANK_TRANSFER,PREMIUM,2023-12,4,,VERIFIED,35670.46,005427,2023-12-28 08:03:56,synthetic-generator,201927,102178
305428,9693.63,2024-01-16 10:15:31,Synthetic payment record,KBZ_PAY,PREMIUM,2024-01,5,,PENDING,9693.63,005428,2024-01-17 10:15:31,,201928,102179
305429,12945.72,2024-02-13 02:36:11,Synthetic payment record,WAVE_PAY,PREMIUM,2024-02,6,,VERIFIED,12945.72,005429,2024-02-15 02:36:11,synthetic-generator,201929,102180
305430,36762.90,2024-03-22 07:59:30,Synthetic payment record,AYA_PAY,CLAIM_PAYOUT,2024-03,7,,VERIFIED,36762.90,005430,2024-03-23 07:59:30,synthetic-generator,201930,102181
305431,66038.06,2024-04-20 14:39:33,Synthetic payment record,BANK_TRANSFER,CLAIM_PAYOUT,2024-04,8,,VERIFIED,66038.06,005431,2024-04-21 14:39:33,synthetic-generator,201931,102182
305432,13768.99,2024-05-10 02:55:34,Synthetic payment record,KBZ_PAY,PREMIUM,2024-05,9,,VERIFIED,13768.99,005432,2024-05-11 02:55:34,synthetic-generator,201932,102183
305433,23204.48,2024-06-26 12:14:01,Synthetic payment record,WAVE_PAY,PREMIUM,2024-06,10,,VERIFIED,23204.48,005433,2024-06-26 12:14:01,synthetic-generator,201933,102184
305434,21523.81,2024-07-09 06:52:20,Synthetic payment record,AYA_PAY,PREMIUM,2024-07,11,,VERIFIED,21523.81,005434,2024-07-12 06:52:20,synthetic-generator,201934,102185
305435,24591.10,2024-08-03 04:39:02,Synthetic payment record,BANK_TRANSFER,PREMIUM,2024-08,12,,VERIFIED,24591.10,005435,2024-08-05 04:39:02,synthetic-generator,201935,102186
305436,22407.95,2024-09-24 21:37:28,Synthetic payment record,KBZ_PAY,PREMIUM,2024-09,1,,VERIFIED,22407.95,005436,2024-09-24 21:37:28,synthetic-generator,201936,102187
305437,19650.00,2024-10-16 01:29:43,Synthetic payment record,WAVE_PAY,PREMIUM,2024-10,2,,VERIFIED,19650.00,005437,2024-10-17 01:29:43,synthetic-generator,201937,102188
305438,6483.08,2024-11-20 18:01:55,Synthetic payment record,AYA_PAY,CLAIM_PAYOUT,2024-11,3,,VERIFIED,6483.08,005438,2024-11-20 18:01:55,synthetic-generator,201938,102189
305439,32530.35,2024-12-15 07:02:24,Synthetic payment record,BANK_TRANSFER,PREMIUM,2024-12,4,,VERIFIED,32530.35,005439,2024-12-18 07:02:24,synthetic-generator,201939,102190
305440,16388.89,2025-01-21 07:48:54,Synthetic payment record,KBZ_PAY,CLAIM_PAYOUT,2025-01,5,,VERIFIED,16388.89,005440,2025-01-21 07:48:54,synthetic-generator,201940,102191
305441,15442.84,2025-02-19 13:03:10,Synthetic payment record,WAVE_PAY,PREMIUM,2025-02,6,,PENDING,15442.84,005441,2025-02-20 13:03:10,,201941,102192
305442,26559.88,2025-03-01 08:32:56,Synthetic payment record,AYA_PAY,PREMIUM,2025-03,7,,REJECTED,26559.88,005442,2025-03-02 08:32:56,,201942,102193
305443,61551.80,2025-04-21 19:11:03,Synthetic payment record,BANK_TRANSFER,PREMIUM,2025-04,8,,PENDING,61551.80,005443,2025-04-22 19:11:03,,201943,102194
305444,11993.23,2025-05-23 21:30:49,Synthetic payment record,KBZ_PAY,PREMIUM,2025-05,9,,PENDING,11993.23,005444,2025-05-26 21:30:49,,201944,102195
305445,5047.41,2025-06-04 16:50:57,Synthetic payment record,WAVE_PAY,PREMIUM,2025-06,10,,VERIFIED,5047.41,005445,2025-06-04 16:50:57,synthetic-generator,201945,102196
305446,39714.54,2025-07-23 15:40:18,Synthetic payment record,AYA_PAY,PREMIUM,2025-07,11,,PENDING,39714.54,005446,2025-07-25 15:40:18,,201946,102197
305447,26228.77,2025-08-01 19:13:42,Synthetic payment record,BANK_TRANSFER,RENEWAL,2025-08,12,,VERIFIED,26228.77,005447,2025-08-04 19:13:42,synthetic-generator,201947,102198
305448,23513.56,2025-09-08 19:41:09,Synthetic payment record,KBZ_PAY,CLAIM_PAYOUT,2025-09,1,,VERIFIED,23513.56,005448,2025-09-08 19:41:09,synthetic-generator,201948,102199
305449,28137.89,2025-10-16 13:01:22,Synthetic payment record,WAVE_PAY,PREMIUM,2025-10,2,,VERIFIED,28137.89,005449,2025-10-18 13:01:22,synthetic-generator,201949,102200
305450,3616.49,2025-11-13 22:57:33,Synthetic payment record,AYA_PAY,RENEWAL,2025-11,3,,VERIFIED,3616.49,005450,2025-11-16 22:57:33,synthetic-generator,201950,102201
305451,44460.10,2025-12-25 14:38:21,Synthetic payment record,BANK_TRANSFER,PREMIUM,2025-12,4,,VERIFIED,44460.10,005451,2025-12-25 14:38:21,synthetic-generator,201951,102202
305452,10195.07,2026-01-27 08:24:07,Synthetic payment record,KBZ_PAY,PREMIUM,2026-01,5,,VERIFIED,10195.07,005452,2026-01-29 08:24:07,synthetic-generator,201952,102203
305453,5535.03,2026-02-13 22:54:03,Synthetic payment record,WAVE_PAY,PREMIUM,2026-02,6,,PENDING,5535.03,005453,2026-02-13 22:54:03,,201953,102204
305454,36756.55,2026-03-19 21:40:28,Synthetic payment record,AYA_PAY,PREMIUM,2026-03,7,,VERIFIED,36756.55,005454,2026-03-19 21:40:28,synthetic-generator,201954,102205
305455,43545.52,2026-04-26 02:47:56,Synthetic payment record,BANK_TRANSFER,PREMIUM,2026-04,8,,VERIFIED,43545.52,005455,2026-04-27 02:47:56,synthetic-generator,201955,102206
305456,15296.03,2026-05-25 05:12:02,Synthetic payment record,KBZ_PAY,PREMIUM,2026-05,9,,VERIFIED,15296.03,005456,2026-05-25 05:12:02,synthetic-generator,201956,102207
305457,9091.80,2026-06-02 05:18:12,Synthetic payment record,WAVE_PAY,PREMIUM,2026-06,10,,VERIFIED,9091.80,005457,2026-06-04 05:18:12,synthetic-generator,201957,102208
305458,7552.33,2026-07-31 19:19:07,Synthetic payment record,AYA_PAY,RENEWAL,2026-07,11,,VERIFIED,7552.33,005458,2026-08-03 19:19:07,synthetic-generator,201958,102209
305459,16492.88,2026-08-18 18:03:23,Synthetic payment record,BANK_TRANSFER,PREMIUM,2026-08,12,,VERIFIED,16492.88,005459,2026-08-20 18:03:23,synthetic-generator,201959,102210
305460,15078.23,2021-09-19 08:23:11,Synthetic payment record,KBZ_PAY,PREMIUM,2021-09,1,,VERIFIED,15078.23,005460,2021-09-20 08:23:11,synthetic-generator,201960,102211
305461,13526.73,2021-10-11 14:19:56,Synthetic payment record,WAVE_PAY,RENEWAL,2021-10,2,,VERIFIED,13526.73,005461,2021-10-14 14:19:56,synthetic-generator,201961,102212
305462,19966.99,2021-11-03 11:35:20,Synthetic payment record,AYA_PAY,PREMIUM,2021-11,3,,VERIFIED,19966.99,005462,2021-11-04 11:35:20,synthetic-generator,201962,102213
305463,31387.65,2021-12-04 06:11:32,Synthetic payment record,BANK_TRANSFER,PREMIUM,2021-12,4,,VERIFIED,31387.65,005463,2021-12-06 06:11:32,synthetic-generator,201963,102214
305464,2600.13,2022-01-21 21:47:59,Synthetic payment record,KBZ_PAY,PREMIUM,2022-01,5,,VERIFIED,2600.13,005464,2022-01-24 21:47:59,synthetic-generator,201964,102215
305465,28017.71,2022-02-21 07:02:41,Synthetic payment record,WAVE_PAY,PREMIUM,2022-02,6,,VERIFIED,28017.71,005465,2022-02-21 07:02:41,synthetic-generator,201965,102216
305466,23522.43,2022-03-24 12:07:09,Synthetic payment record,AYA_PAY,PREMIUM,2022-03,7,,VERIFIED,23522.43,005466,2022-03-25 12:07:09,synthetic-generator,201966,102217
305467,56264.51,2022-04-10 01:58:01,Synthetic payment record,BANK_TRANSFER,PREMIUM,2022-04,8,,VERIFIED,56264.51,005467,2022-04-12 01:58:01,synthetic-generator,201967,102218
305468,4858.05,2022-05-14 17:44:41,Synthetic payment record,KBZ_PAY,PREMIUM,2022-05,9,,PENDING,4858.05,005468,2022-05-16 17:44:41,,201968,102219
305469,7136.50,2022-06-16 06:23:12,Synthetic payment record,WAVE_PAY,PREMIUM,2022-06,10,,VERIFIED,7136.50,005469,2022-06-19 06:23:12,synthetic-generator,201969,102220
305470,4423.37,2022-07-26 04:06:37,Synthetic payment record,AYA_PAY,PREMIUM,2022-07,11,,PENDING,4423.37,005470,2022-07-27 04:06:37,,201970,102221
305471,27339.57,2022-08-14 13:27:20,Synthetic payment record,BANK_TRANSFER,PREMIUM,2022-08,12,,PENDING,27339.57,005471,2022-08-14 13:27:20,,201971,102222
305472,8088.97,2022-09-20 04:25:39,Synthetic payment record,KBZ_PAY,RENEWAL,2022-09,1,,REJECTED,8088.97,005472,2022-09-22 04:25:39,,201972,102223
305473,26478.54,2022-10-10 13:28:03,Synthetic payment record,WAVE_PAY,PREMIUM,2022-10,2,,VERIFIED,26478.54,005473,2022-10-12 13:28:03,synthetic-generator,201973,102224
305474,14598.63,2022-11-01 14:01:18,Synthetic payment record,AYA_PAY,PREMIUM,2022-11,3,,VERIFIED,14598.63,005474,2022-11-02 14:01:18,synthetic-generator,201974,102225
305475,30283.02,2022-12-07 19:51:05,Synthetic payment record,BANK_TRANSFER,PREMIUM,2022-12,4,,VERIFIED,30283.02,005475,2022-12-10 19:51:05,synthetic-generator,201975,102226
305476,12044.27,2023-01-13 13:14:59,Synthetic payment record,KBZ_PAY,PREMIUM,2023-01,5,,PENDING,12044.27,005476,2023-01-14 13:14:59,,201976,102227
305477,35462.20,2023-02-03 17:42:17,Synthetic payment record,WAVE_PAY,PREMIUM,2023-02,6,,VERIFIED,35462.20,005477,2023-02-06 17:42:17,synthetic-generator,201977,102228
305478,24161.45,2023-03-24 19:21:46,Synthetic payment record,AYA_PAY,PREMIUM,2023-03,7,,VERIFIED,24161.45,005478,2023-03-26 19:21:46,synthetic-generator,201978,102229
305479,51476.06,2023-04-09 06:38:15,Synthetic payment record,BANK_TRANSFER,PREMIUM,2023-04,8,,VERIFIED,51476.06,005479,2023-04-11 06:38:15,synthetic-generator,201979,102230
305480,7417.72,2023-05-16 07:57:58,Synthetic payment record,KBZ_PAY,RENEWAL,2023-05,9,,PENDING,7417.72,005480,2023-05-19 07:57:58,,201980,102231
305481,2316.17,2023-06-23 10:57:10,Synthetic payment record,WAVE_PAY,PREMIUM,2023-06,10,,VERIFIED,2316.17,005481,2023-06-26 10:57:10,synthetic-generator,201981,102232
305482,18975.36,2023-07-03 12:52:13,Synthetic payment record,AYA_PAY,PREMIUM,2023-07,11,,VERIFIED,18975.36,005482,2023-07-03 12:52:13,synthetic-generator,201982,102233
305483,8995.76,2023-08-08 23:34:00,Synthetic payment record,BANK_TRANSFER,PREMIUM,2023-08,12,,VERIFIED,8995.76,005483,2023-08-08 23:34:00,synthetic-generator,201983,102234
305484,3915.01,2023-09-29 16:45:22,Synthetic payment record,KBZ_PAY,PREMIUM,2023-09,1,,PENDING,3915.01,005484,2023-09-29 16:45:22,,201984,102235
305485,29758.21,2023-10-12 07:02:28,Synthetic payment record,WAVE_PAY,RENEWAL,2023-10,2,,VERIFIED,29758.21,005485,2023-10-13 07:02:28,synthetic-generator,201985,102236
305486,23529.20,2023-11-18 17:10:50,Synthetic payment record,AYA_PAY,PREMIUM,2023-11,3,,VERIFIED,23529.20,005486,2023-11-20 17:10:50,synthetic-generator,201986,102237
305487,14705.29,2023-12-13 19:19:31,Synthetic payment record,BANK_TRANSFER,PREMIUM,2023-12,4,,VERIFIED,14705.29,005487,2023-12-15 19:19:31,synthetic-generator,201987,102238
305488,12971.91,2024-01-23 12:41:48,Synthetic payment record,KBZ_PAY,PREMIUM,2024-01,5,,VERIFIED,12971.91,005488,2024-01-24 12:41:48,synthetic-generator,201988,102239
305489,17244.32,2024-02-06 16:02:28,Synthetic payment record,WAVE_PAY,RENEWAL,2024-02,6,,VERIFIED,17244.32,005489,2024-02-08 16:02:28,synthetic-generator,201989,102240
305490,13265.81,2024-03-13 08:23:45,Synthetic payment record,AYA_PAY,PREMIUM,2024-03,7,,VERIFIED,13265.81,005490,2024-03-14 08:23:45,synthetic-generator,201990,102241
305491,63712.17,2024-04-11 09:49:47,Synthetic payment record,BANK_TRANSFER,PREMIUM,2024-04,8,,VERIFIED,63712.17,005491,2024-04-14 09:49:47,synthetic-generator,201991,102242
305492,12749.80,2024-05-29 07:32:19,Synthetic payment record,KBZ_PAY,PREMIUM,2024-05,9,,VERIFIED,12749.80,005492,2024-06-01 07:32:19,synthetic-generator,201992,102243
305493,11940.84,2024-06-30 01:22:00,Synthetic payment record,WAVE_PAY,PREMIUM,2024-06,10,,VERIFIED,11940.84,005493,2024-06-30 01:22:00,synthetic-generator,201993,102244
305494,23618.68,2024-07-13 17:52:53,Synthetic payment record,AYA_PAY,PREMIUM,2024-07,11,,VERIFIED,23618.68,005494,2024-07-13 17:52:53,synthetic-generator,201994,102245
305495,39277.71,2024-08-02 07:47:21,Synthetic payment record,BANK_TRANSFER,RENEWAL,2024-08,12,,PENDING,39277.71,005495,2024-08-03 07:47:21,,201995,102246
305496,25458.83,2024-09-14 16:55:10,Synthetic payment record,KBZ_PAY,PREMIUM,2024-09,1,,VERIFIED,25458.83,005496,2024-09-17 16:55:10,synthetic-generator,201996,102247
305497,29856.35,2024-10-22 10:06:48,Synthetic payment record,WAVE_PAY,PREMIUM,2024-10,2,,VERIFIED,29856.35,005497,2024-10-23 10:06:48,synthetic-generator,201997,102248
305498,2935.56,2024-11-22 12:35:03,Synthetic payment record,AYA_PAY,PREMIUM,2024-11,3,,REJECTED,2935.56,005498,2024-11-24 12:35:03,,201998,102249
305499,38365.84,2024-12-18 06:12:45,Synthetic payment record,BANK_TRANSFER,RENEWAL,2024-12,4,,PENDING,38365.84,005499,2024-12-20 06:12:45,,201999,102250
305500,19881.31,2025-01-30 18:23:29,Synthetic payment record,KBZ_PAY,PREMIUM,2025-01,5,,VERIFIED,19881.31,005500,2025-02-02 18:23:29,synthetic-generator,202000,102251
305501,18789.45,2025-02-03 22:18:17,Synthetic payment record,WAVE_PAY,RENEWAL,2025-02,6,,VERIFIED,18789.45,005501,2025-02-04 22:18:17,synthetic-generator,202001,102252
305502,28542.59,2025-03-23 15:39:21,Synthetic payment record,AYA_PAY,PREMIUM,2025-03,7,,VERIFIED,28542.59,005502,2025-03-26 15:39:21,synthetic-generator,202002,102253
305503,24283.27,2025-04-17 08:35:03,Synthetic payment record,BANK_TRANSFER,PREMIUM,2025-04,8,,VERIFIED,24283.27,005503,2025-04-18 08:35:03,synthetic-generator,202003,102254
305504,13755.39,2025-05-24 14:24:31,Synthetic payment record,KBZ_PAY,PREMIUM,2025-05,9,,VERIFIED,13755.39,005504,2025-05-24 14:24:31,synthetic-generator,202004,102255
305505,9593.91,2025-06-17 17:03:47,Synthetic payment record,WAVE_PAY,PREMIUM,2025-06,10,,VERIFIED,9593.91,005505,2025-06-18 17:03:47,synthetic-generator,202005,102256
305506,24721.95,2025-07-09 10:05:25,Synthetic payment record,AYA_PAY,PREMIUM,2025-07,11,,VERIFIED,24721.95,005506,2025-07-11 10:05:25,synthetic-generator,202006,102257
305507,37548.75,2025-08-05 04:22:25,Synthetic payment record,BANK_TRANSFER,PREMIUM,2025-08,12,,VERIFIED,37548.75,005507,2025-08-06 04:22:25,synthetic-generator,202007,102258
305508,6569.43,2025-09-08 06:44:36,Synthetic payment record,KBZ_PAY,PREMIUM,2025-09,1,,VERIFIED,6569.43,005508,2025-09-09 06:44:36,synthetic-generator,202008,102259
305509,29205.94,2025-10-05 16:04:04,Synthetic payment record,WAVE_PAY,RENEWAL,2025-10,2,,VERIFIED,29205.94,005509,2025-10-07 16:04:04,synthetic-generator,202009,102260
305510,18983.02,2025-11-08 17:21:54,Synthetic payment record,AYA_PAY,PREMIUM,2025-11,3,,VERIFIED,18983.02,005510,2025-11-09 17:21:54,synthetic-generator,202010,102261
305511,35825.72,2025-12-27 18:41:32,Synthetic payment record,BANK_TRANSFER,PREMIUM,2025-12,4,,PENDING,35825.72,005511,2025-12-27 18:41:32,,202011,102262
305512,16103.52,2026-01-11 23:41:29,Synthetic payment record,KBZ_PAY,PREMIUM,2026-01,5,,VERIFIED,16103.52,005512,2026-01-11 23:41:29,synthetic-generator,202012,102263
305513,27474.73,2026-02-09 20:41:55,Synthetic payment record,WAVE_PAY,PREMIUM,2026-02,6,,VERIFIED,27474.73,005513,2026-02-12 20:41:55,synthetic-generator,202013,102264
305514,48211.09,2026-03-01 09:56:44,Synthetic payment record,AYA_PAY,CLAIM_PAYOUT,2026-03,7,,VERIFIED,48211.09,005514,2026-03-01 09:56:44,synthetic-generator,202014,102265
305515,54904.76,2026-04-01 06:40:02,Synthetic payment record,BANK_TRANSFER,PREMIUM,2026-04,8,,PENDING,54904.76,005515,2026-04-03 06:40:02,,202015,102266
305516,5916.44,2026-05-21 04:05:19,Synthetic payment record,KBZ_PAY,PREMIUM,2026-05,9,,VERIFIED,5916.44,005516,2026-05-23 04:05:19,synthetic-generator,202016,102267
305517,22626.49,2026-06-02 09:09:17,Synthetic payment record,WAVE_PAY,PREMIUM,2026-06,10,,VERIFIED,22626.49,005517,2026-06-02 09:09:17,synthetic-generator,202017,102268
305518,40720.73,2026-07-27 20:50:01,Synthetic payment record,AYA_PAY,PREMIUM,2026-07,11,,VERIFIED,40720.73,005518,2026-07-28 20:50:01,synthetic-generator,202018,102269
305519,46234.77,2026-08-06 22:12:21,Synthetic payment record,BANK_TRANSFER,RENEWAL,2026-08,12,,VERIFIED,46234.77,005519,2026-08-09 22:12:21,synthetic-generator,202019,102270
305520,9664.27,2021-09-24 22:15:05,Synthetic payment record,KBZ_PAY,PREMIUM,2021-09,1,,VERIFIED,9664.27,005520,2021-09-24 22:15:05,synthetic-generator,202020,102271
305521,3125.46,2021-10-18 03:41:14,Synthetic payment record,WAVE_PAY,PREMIUM,2021-10,2,,VERIFIED,3125.46,005521,2021-10-19 03:41:14,synthetic-generator,202021,102272
305522,12930.84,2021-11-23 12:44:53,Synthetic payment record,AYA_PAY,RENEWAL,2021-11,3,,PENDING,12930.84,005522,2021-11-24 12:44:53,,202022,102273
305523,31432.48,2021-12-31 17:50:54,Synthetic payment record,BANK_TRANSFER,PREMIUM,2021-12,4,,VERIFIED,31432.48,005523,2021-12-31 17:50:54,synthetic-generator,202023,102274
305524,2321.29,2022-01-10 07:08:32,Synthetic payment record,KBZ_PAY,PREMIUM,2022-01,5,,VERIFIED,2321.29,005524,2022-01-12 07:08:32,synthetic-generator,202024,102275
305525,8465.82,2022-02-09 10:10:13,Synthetic payment record,WAVE_PAY,PREMIUM,2022-02,6,,VERIFIED,8465.82,005525,2022-02-10 10:10:13,synthetic-generator,202025,102276
305526,27461.56,2022-03-02 16:24:04,Synthetic payment record,AYA_PAY,PREMIUM,2022-03,7,,PENDING,27461.56,005526,2022-03-04 16:24:04,,202026,102277
305527,46678.72,2022-04-12 19:49:24,Synthetic payment record,BANK_TRANSFER,PREMIUM,2022-04,8,,VERIFIED,46678.72,005527,2022-04-12 19:49:24,synthetic-generator,202027,102278
305528,8665.80,2022-05-25 10:11:54,Synthetic payment record,KBZ_PAY,PREMIUM,2022-05,9,,REJECTED,8665.80,005528,2022-05-26 10:11:54,,202028,102279
305529,21573.48,2022-06-21 03:37:49,Synthetic payment record,WAVE_PAY,PREMIUM,2022-06,10,,VERIFIED,21573.48,005529,2022-06-21 03:37:49,synthetic-generator,202029,102280
305530,34353.33,2022-07-28 16:00:35,Synthetic payment record,AYA_PAY,PREMIUM,2022-07,11,,REJECTED,34353.33,005530,2022-07-29 16:00:35,,202030,102281
305531,16026.96,2022-08-15 01:59:59,Synthetic payment record,BANK_TRANSFER,PREMIUM,2022-08,12,,REJECTED,16026.96,005531,2022-08-16 01:59:59,,202031,102282
305532,14121.11,2022-09-11 10:18:36,Synthetic payment record,KBZ_PAY,RENEWAL,2022-09,1,,VERIFIED,14121.11,005532,2022-09-11 10:18:36,synthetic-generator,202032,102283
305533,4725.38,2022-10-02 06:58:34,Synthetic payment record,WAVE_PAY,CLAIM_PAYOUT,2022-10,2,,PENDING,4725.38,005533,2022-10-04 06:58:34,,202033,102284
305534,17785.45,2022-11-12 14:41:23,Synthetic payment record,AYA_PAY,PREMIUM,2022-11,3,,VERIFIED,17785.45,005534,2022-11-13 14:41:23,synthetic-generator,202034,102285
305535,16939.29,2022-12-24 07:48:01,Synthetic payment record,BANK_TRANSFER,PREMIUM,2022-12,4,,VERIFIED,16939.29,005535,2022-12-27 07:48:01,synthetic-generator,202035,102286
305536,2364.52,2023-01-06 19:30:31,Synthetic payment record,KBZ_PAY,PREMIUM,2023-01,5,,PENDING,2364.52,005536,2023-01-07 19:30:31,,202036,102287
305537,22172.71,2023-02-02 02:26:01,Synthetic payment record,WAVE_PAY,PREMIUM,2023-02,6,,VERIFIED,22172.71,005537,2023-02-04 02:26:01,synthetic-generator,202037,102288
305538,47695.17,2023-03-14 12:39:52,Synthetic payment record,AYA_PAY,PREMIUM,2023-03,7,,VERIFIED,47695.17,005538,2023-03-14 12:39:52,synthetic-generator,202038,102289
305539,42397.88,2023-04-09 22:22:41,Synthetic payment record,BANK_TRANSFER,PREMIUM,2023-04,8,,PENDING,42397.88,005539,2023-04-12 22:22:41,,202039,102290
305540,1622.01,2023-05-30 15:12:33,Synthetic payment record,KBZ_PAY,PREMIUM,2023-05,9,,VERIFIED,1622.01,005540,2023-05-30 15:12:33,synthetic-generator,202040,102291
305541,12903.81,2023-06-12 12:32:29,Synthetic payment record,WAVE_PAY,PREMIUM,2023-06,10,,VERIFIED,12903.81,005541,2023-06-15 12:32:29,synthetic-generator,202041,102292
305542,35880.71,2023-07-09 16:24:03,Synthetic payment record,AYA_PAY,PREMIUM,2023-07,11,,PENDING,35880.71,005542,2023-07-12 16:24:03,,202042,102293
305543,38725.23,2023-08-10 15:16:49,Synthetic payment record,BANK_TRANSFER,PREMIUM,2023-08,12,,REJECTED,38725.23,005543,2023-08-13 15:16:49,,202043,102294
305544,3231.00,2023-09-02 21:26:05,Synthetic payment record,KBZ_PAY,PREMIUM,2023-09,1,,VERIFIED,3231.00,005544,2023-09-03 21:26:05,synthetic-generator,202044,102295
305545,20698.17,2023-10-12 13:59:46,Synthetic payment record,WAVE_PAY,PREMIUM,2023-10,2,,VERIFIED,20698.17,005545,2023-10-12 13:59:46,synthetic-generator,202045,102296
305546,2420.69,2023-11-30 23:07:30,Synthetic payment record,AYA_PAY,PREMIUM,2023-11,3,,VERIFIED,2420.69,005546,2023-11-30 23:07:30,synthetic-generator,202046,102297
305547,18368.55,2023-12-12 05:36:11,Synthetic payment record,BANK_TRANSFER,PREMIUM,2023-12,4,,VERIFIED,18368.55,005547,2023-12-13 05:36:11,synthetic-generator,202047,102298
305548,7979.99,2024-01-28 05:34:43,Synthetic payment record,KBZ_PAY,PREMIUM,2024-01,5,,VERIFIED,7979.99,005548,2024-01-28 05:34:43,synthetic-generator,202048,102299
305549,36199.70,2024-02-18 18:24:43,Synthetic payment record,WAVE_PAY,PREMIUM,2024-02,6,,VERIFIED,36199.70,005549,2024-02-19 18:24:43,synthetic-generator,202049,102300
305550,19168.64,2024-03-16 17:12:52,Synthetic payment record,AYA_PAY,RENEWAL,2024-03,7,,VERIFIED,19168.64,005550,2024-03-19 17:12:52,synthetic-generator,202050,102301
305551,43681.46,2024-04-23 19:43:13,Synthetic payment record,BANK_TRANSFER,PREMIUM,2024-04,8,,VERIFIED,43681.46,005551,2024-04-23 19:43:13,synthetic-generator,202051,102302
305552,11257.46,2024-05-27 21:59:29,Synthetic payment record,KBZ_PAY,RENEWAL,2024-05,9,,VERIFIED,11257.46,005552,2024-05-27 21:59:29,synthetic-generator,202052,102303
305553,23707.56,2024-06-04 05:00:39,Synthetic payment record,WAVE_PAY,PREMIUM,2024-06,10,,PENDING,23707.56,005553,2024-06-06 05:00:39,,202053,102304
305554,26822.42,2024-07-15 23:55:16,Synthetic payment record,AYA_PAY,PREMIUM,2024-07,11,,VERIFIED,26822.42,005554,2024-07-16 23:55:16,synthetic-generator,202054,102305
305555,12239.99,2024-08-04 16:48:08,Synthetic payment record,BANK_TRANSFER,PREMIUM,2024-08,12,,VERIFIED,12239.99,005555,2024-08-04 16:48:08,synthetic-generator,202055,102306
305556,19191.50,2024-09-25 11:34:55,Synthetic payment record,KBZ_PAY,PREMIUM,2024-09,1,,VERIFIED,19191.50,005556,2024-09-27 11:34:55,synthetic-generator,202056,102307
305557,7971.03,2024-10-27 21:53:30,Synthetic payment record,WAVE_PAY,RENEWAL,2024-10,2,,VERIFIED,7971.03,005557,2024-10-28 21:53:30,synthetic-generator,202057,102308
305558,23290.27,2024-11-11 18:37:30,Synthetic payment record,AYA_PAY,PREMIUM,2024-11,3,,VERIFIED,23290.27,005558,2024-11-12 18:37:30,synthetic-generator,202058,102309
305559,45702.10,2024-12-11 04:32:14,Synthetic payment record,BANK_TRANSFER,PREMIUM,2024-12,4,,REJECTED,45702.10,005559,2024-12-14 04:32:14,,202059,102310
305560,8487.73,2025-01-17 00:49:29,Synthetic payment record,KBZ_PAY,PREMIUM,2025-01,5,,VERIFIED,8487.73,005560,2025-01-18 00:49:29,synthetic-generator,202060,102311
305561,16539.29,2025-02-17 08:43:57,Synthetic payment record,WAVE_PAY,RENEWAL,2025-02,6,,REJECTED,16539.29,005561,2025-02-20 08:43:57,,202061,102312
305562,43650.21,2025-03-26 20:27:41,Synthetic payment record,AYA_PAY,PREMIUM,2025-03,7,,VERIFIED,43650.21,005562,2025-03-27 20:27:41,synthetic-generator,202062,102313
305563,32790.30,2025-04-02 13:40:25,Synthetic payment record,BANK_TRANSFER,PREMIUM,2025-04,8,,VERIFIED,32790.30,005563,2025-04-04 13:40:25,synthetic-generator,202063,102314
305564,4070.11,2025-05-04 02:00:54,Synthetic payment record,KBZ_PAY,RENEWAL,2025-05,9,,PENDING,4070.11,005564,2025-05-07 02:00:54,,202064,102315
305565,19281.59,2025-06-21 09:54:04,Synthetic payment record,WAVE_PAY,PREMIUM,2025-06,10,,VERIFIED,19281.59,005565,2025-06-23 09:54:04,synthetic-generator,202065,102316
305566,20512.21,2025-07-01 14:11:25,Synthetic payment record,AYA_PAY,PREMIUM,2025-07,11,,VERIFIED,20512.21,005566,2025-07-03 14:11:25,synthetic-generator,202066,102317
305567,25134.80,2025-08-16 14:56:35,Synthetic payment record,BANK_TRANSFER,PREMIUM,2025-08,12,,VERIFIED,25134.80,005567,2025-08-18 14:56:35,synthetic-generator,202067,102318
305568,15045.95,2025-09-08 06:23:55,Synthetic payment record,KBZ_PAY,PREMIUM,2025-09,1,,VERIFIED,15045.95,005568,2025-09-09 06:23:55,synthetic-generator,202068,102319
305569,30005.15,2025-10-23 08:30:20,Synthetic payment record,WAVE_PAY,PREMIUM,2025-10,2,,PENDING,30005.15,005569,2025-10-24 08:30:20,,202069,102320
305570,4119.88,2025-11-19 17:46:24,Synthetic payment record,AYA_PAY,CLAIM_PAYOUT,2025-11,3,,VERIFIED,4119.88,005570,2025-11-22 17:46:24,synthetic-generator,202070,102321
305571,16260.19,2025-12-23 10:55:53,Synthetic payment record,BANK_TRANSFER,PREMIUM,2025-12,4,,VERIFIED,16260.19,005571,2025-12-24 10:55:53,synthetic-generator,202071,102322
305572,14785.44,2026-01-26 11:48:53,Synthetic payment record,KBZ_PAY,CLAIM_PAYOUT,2026-01,5,,VERIFIED,14785.44,005572,2026-01-28 11:48:53,synthetic-generator,202072,102323
305573,25325.48,2026-02-10 08:24:36,Synthetic payment record,WAVE_PAY,PREMIUM,2026-02,6,,VERIFIED,25325.48,005573,2026-02-12 08:24:36,synthetic-generator,202073,102324
305574,40126.72,2026-03-04 11:07:03,Synthetic payment record,AYA_PAY,PREMIUM,2026-03,7,,PENDING,40126.72,005574,2026-03-07 11:07:03,,202074,102325
305575,24104.24,2026-04-03 22:39:32,Synthetic payment record,BANK_TRANSFER,RENEWAL,2026-04,8,,VERIFIED,24104.24,005575,2026-04-06 22:39:32,synthetic-generator,202075,102326
305576,7421.20,2026-05-06 10:49:09,Synthetic payment record,KBZ_PAY,PREMIUM,2026-05,9,,PENDING,7421.20,005576,2026-05-06 10:49:09,,202076,102327
305577,29658.52,2026-06-23 12:56:36,Synthetic payment record,WAVE_PAY,PREMIUM,2026-06,10,,PENDING,29658.52,005577,2026-06-24 12:56:36,,202077,102328
305578,44511.51,2026-07-03 01:22:19,Synthetic payment record,AYA_PAY,PREMIUM,2026-07,11,,VERIFIED,44511.51,005578,2026-07-05 01:22:19,synthetic-generator,202078,102329
305579,42474.82,2026-08-13 22:28:50,Synthetic payment record,BANK_TRANSFER,PREMIUM,2026-08,12,,REJECTED,42474.82,005579,2026-08-16 22:28:50,,202079,102330
305580,3674.55,2021-09-23 23:30:02,Synthetic payment record,KBZ_PAY,PREMIUM,2021-09,1,,VERIFIED,3674.55,005580,2021-09-26 23:30:02,synthetic-generator,202080,102331
305581,5883.57,2021-10-02 08:11:37,Synthetic payment record,WAVE_PAY,PREMIUM,2021-10,2,,VERIFIED,5883.57,005581,2021-10-04 08:11:37,synthetic-generator,202081,102332
305582,6983.64,2021-11-24 02:08:35,Synthetic payment record,AYA_PAY,RENEWAL,2021-11,3,,REJECTED,6983.64,005582,2021-11-25 02:08:35,,202082,102333
305583,24430.27,2021-12-07 18:00:53,Synthetic payment record,BANK_TRANSFER,PREMIUM,2021-12,4,,VERIFIED,24430.27,005583,2021-12-10 18:00:53,synthetic-generator,202083,102334
305584,8294.45,2022-01-29 19:37:35,Synthetic payment record,KBZ_PAY,PREMIUM,2022-01,5,,VERIFIED,8294.45,005584,2022-01-31 19:37:35,synthetic-generator,202084,102335
305585,28843.13,2022-02-23 00:33:20,Synthetic payment record,WAVE_PAY,PREMIUM,2022-02,6,,VERIFIED,28843.13,005585,2022-02-25 00:33:20,synthetic-generator,202085,102336
305586,34733.80,2022-03-27 07:34:13,Synthetic payment record,AYA_PAY,PREMIUM,2022-03,7,,VERIFIED,34733.80,005586,2022-03-28 07:34:13,synthetic-generator,202086,102337
305587,23925.94,2022-04-30 04:46:31,Synthetic payment record,BANK_TRANSFER,PREMIUM,2022-04,8,,VERIFIED,23925.94,005587,2022-05-01 04:46:31,synthetic-generator,202087,102338
305588,11662.86,2022-05-30 16:34:21,Synthetic payment record,KBZ_PAY,PREMIUM,2022-05,9,,PENDING,11662.86,005588,2022-06-02 16:34:21,,202088,102339
305589,18080.30,2022-06-13 22:21:22,Synthetic payment record,WAVE_PAY,PREMIUM,2022-06,10,,VERIFIED,18080.30,005589,2022-06-13 22:21:22,synthetic-generator,202089,102340
305590,8896.09,2022-07-25 03:24:56,Synthetic payment record,AYA_PAY,RENEWAL,2022-07,11,,VERIFIED,8896.09,005590,2022-07-28 03:24:56,synthetic-generator,202090,102341
305591,58198.85,2022-08-31 00:58:34,Synthetic payment record,BANK_TRANSFER,PREMIUM,2022-08,12,,VERIFIED,58198.85,005591,2022-09-03 00:58:34,synthetic-generator,202091,102342
305592,2364.01,2022-09-22 10:10:12,Synthetic payment record,KBZ_PAY,RENEWAL,2022-09,1,,VERIFIED,2364.01,005592,2022-09-25 10:10:12,synthetic-generator,202092,102343
305593,18770.34,2022-10-27 17:51:01,Synthetic payment record,WAVE_PAY,PREMIUM,2022-10,2,,VERIFIED,18770.34,005593,2022-10-30 17:51:01,synthetic-generator,202093,102344
305594,11324.43,2022-11-27 15:56:54,Synthetic payment record,AYA_PAY,PREMIUM,2022-11,3,,REJECTED,11324.43,005594,2022-11-27 15:56:54,,202094,102345
305595,17400.81,2022-12-18 12:11:27,Synthetic payment record,BANK_TRANSFER,PREMIUM,2022-12,4,,VERIFIED,17400.81,005595,2022-12-20 12:11:27,synthetic-generator,202095,102346
305596,2500.98,2023-01-09 06:18:14,Synthetic payment record,KBZ_PAY,PREMIUM,2023-01,5,,REJECTED,2500.98,005596,2023-01-10 06:18:14,,202096,102347
305597,31360.64,2023-02-12 05:47:13,Synthetic payment record,WAVE_PAY,PREMIUM,2023-02,6,,VERIFIED,31360.64,005597,2023-02-12 05:47:13,synthetic-generator,202097,102348
305598,13687.43,2023-03-14 09:06:13,Synthetic payment record,AYA_PAY,PREMIUM,2023-03,7,,VERIFIED,13687.43,005598,2023-03-14 09:06:13,synthetic-generator,202098,102349
305599,43220.75,2023-04-01 08:32:46,Synthetic payment record,BANK_TRANSFER,PREMIUM,2023-04,8,,VERIFIED,43220.75,005599,2023-04-01 08:32:46,synthetic-generator,202099,102350
305600,8764.73,2023-05-02 17:26:02,Synthetic payment record,KBZ_PAY,PREMIUM,2023-05,9,,VERIFIED,8764.73,005600,2023-05-05 17:26:02,synthetic-generator,202100,102351
305601,16251.42,2023-06-08 05:37:42,Synthetic payment record,WAVE_PAY,PREMIUM,2023-06,10,,VERIFIED,16251.42,005601,2023-06-11 05:37:42,synthetic-generator,202101,102352
305602,10850.81,2023-07-22 06:00:35,Synthetic payment record,AYA_PAY,RENEWAL,2023-07,11,,VERIFIED,10850.81,005602,2023-07-22 06:00:35,synthetic-generator,202102,102353
305603,5287.55,2023-08-29 09:00:03,Synthetic payment record,BANK_TRANSFER,RENEWAL,2023-08,12,,VERIFIED,5287.55,005603,2023-08-29 09:00:03,synthetic-generator,202103,102354
305604,3202.52,2023-09-27 02:19:55,Synthetic payment record,KBZ_PAY,PREMIUM,2023-09,1,,VERIFIED,3202.52,005604,2023-09-30 02:19:55,synthetic-generator,202104,102355
305605,10630.51,2023-10-09 10:19:36,Synthetic payment record,WAVE_PAY,PREMIUM,2023-10,2,,VERIFIED,10630.51,005605,2023-10-12 10:19:36,synthetic-generator,202105,102356
305606,23704.68,2023-11-14 21:37:12,Synthetic payment record,AYA_PAY,PREMIUM,2023-11,3,,VERIFIED,23704.68,005606,2023-11-16 21:37:12,synthetic-generator,202106,102357
305607,46881.71,2023-12-26 11:40:02,Synthetic payment record,BANK_TRANSFER,PREMIUM,2023-12,4,,VERIFIED,46881.71,005607,2023-12-26 11:40:02,synthetic-generator,202107,102358
305608,7886.25,2024-01-29 13:32:20,Synthetic payment record,KBZ_PAY,PREMIUM,2024-01,5,,VERIFIED,7886.25,005608,2024-01-31 13:32:20,synthetic-generator,202108,102359
305609,24450.90,2024-02-21 08:21:16,Synthetic payment record,WAVE_PAY,CLAIM_PAYOUT,2024-02,6,,VERIFIED,24450.90,005609,2024-02-22 08:21:16,synthetic-generator,202109,102360
305610,17320.13,2024-03-07 10:00:04,Synthetic payment record,AYA_PAY,PREMIUM,2024-03,7,,VERIFIED,17320.13,005610,2024-03-08 10:00:04,synthetic-generator,202110,102361
305611,55114.38,2024-04-19 08:10:06,Synthetic payment record,BANK_TRANSFER,PREMIUM,2024-04,8,,VERIFIED,55114.38,005611,2024-04-21 08:10:06,synthetic-generator,202111,102362
305612,4404.94,2024-05-05 02:47:35,Synthetic payment record,KBZ_PAY,PREMIUM,2024-05,9,,VERIFIED,4404.94,005612,2024-05-06 02:47:35,synthetic-generator,202112,102363
305613,17908.90,2024-06-08 00:00:39,Synthetic payment record,WAVE_PAY,PREMIUM,2024-06,10,,VERIFIED,17908.90,005613,2024-06-08 00:00:39,synthetic-generator,202113,102364
305614,16002.51,2024-07-12 23:55:15,Synthetic payment record,AYA_PAY,RENEWAL,2024-07,11,,VERIFIED,16002.51,005614,2024-07-13 23:55:15,synthetic-generator,202114,102365
305615,11576.22,2024-08-18 19:44:23,Synthetic payment record,BANK_TRANSFER,PREMIUM,2024-08,12,,VERIFIED,11576.22,005615,2024-08-21 19:44:23,synthetic-generator,202115,102366
305616,25942.86,2024-09-20 20:13:41,Synthetic payment record,KBZ_PAY,PREMIUM,2024-09,1,,VERIFIED,25942.86,005616,2024-09-21 20:13:41,synthetic-generator,202116,102367
305617,25082.31,2024-10-11 13:59:24,Synthetic payment record,WAVE_PAY,PREMIUM,2024-10,2,,PENDING,25082.31,005617,2024-10-11 13:59:24,,202117,102368
305618,7450.26,2024-11-15 09:34:41,Synthetic payment record,AYA_PAY,PREMIUM,2024-11,3,,VERIFIED,7450.26,005618,2024-11-16 09:34:41,synthetic-generator,202118,102369
305619,37449.66,2024-12-05 09:57:41,Synthetic payment record,BANK_TRANSFER,RENEWAL,2024-12,4,,VERIFIED,37449.66,005619,2024-12-07 09:57:41,synthetic-generator,202119,102370
305620,2695.05,2025-01-13 11:51:09,Synthetic payment record,KBZ_PAY,PREMIUM,2025-01,5,,PENDING,2695.05,005620,2025-01-16 11:51:09,,202120,102371
305621,22114.34,2025-02-08 21:36:29,Synthetic payment record,WAVE_PAY,PREMIUM,2025-02,6,,VERIFIED,22114.34,005621,2025-02-08 21:36:29,synthetic-generator,202121,102372
305622,27016.55,2025-03-24 15:00:47,Synthetic payment record,AYA_PAY,PREMIUM,2025-03,7,,VERIFIED,27016.55,005622,2025-03-26 15:00:47,synthetic-generator,202122,102373
305623,47531.17,2025-04-29 05:56:46,Synthetic payment record,BANK_TRANSFER,PREMIUM,2025-04,8,,VERIFIED,47531.17,005623,2025-05-02 05:56:46,synthetic-generator,202123,102374
305624,1646.10,2025-05-10 23:48:40,Synthetic payment record,KBZ_PAY,PREMIUM,2025-05,9,,VERIFIED,1646.10,005624,2025-05-12 23:48:40,synthetic-generator,202124,102375
305625,5666.58,2025-06-05 01:33:44,Synthetic payment record,WAVE_PAY,PREMIUM,2025-06,10,,PENDING,5666.58,005625,2025-06-08 01:33:44,,202125,102376
305626,21282.38,2025-07-07 03:12:46,Synthetic payment record,AYA_PAY,PREMIUM,2025-07,11,,VERIFIED,21282.38,005626,2025-07-09 03:12:46,synthetic-generator,202126,102377
305627,36158.82,2025-08-05 17:27:58,Synthetic payment record,BANK_TRANSFER,PREMIUM,2025-08,12,,VERIFIED,36158.82,005627,2025-08-06 17:27:58,synthetic-generator,202127,102378
305628,6361.94,2025-09-02 06:50:15,Synthetic payment record,KBZ_PAY,PREMIUM,2025-09,1,,VERIFIED,6361.94,005628,2025-09-02 06:50:15,synthetic-generator,202128,102379
305629,35834.52,2025-10-25 15:07:43,Synthetic payment record,WAVE_PAY,PREMIUM,2025-10,2,,VERIFIED,35834.52,005629,2025-10-25 15:07:43,synthetic-generator,202129,102380
305630,14702.52,2025-11-26 15:28:23,Synthetic payment record,AYA_PAY,RENEWAL,2025-11,3,,VERIFIED,14702.52,005630,2025-11-27 15:28:23,synthetic-generator,202130,102381
305631,9450.84,2025-12-14 19:59:43,Synthetic payment record,BANK_TRANSFER,PREMIUM,2025-12,4,,PENDING,9450.84,005631,2025-12-14 19:59:43,,202131,102382
305632,7103.25,2026-01-19 01:13:50,Synthetic payment record,KBZ_PAY,RENEWAL,2026-01,5,,VERIFIED,7103.25,005632,2026-01-20 01:13:50,synthetic-generator,202132,102383
305633,10200.15,2026-02-05 14:14:24,Synthetic payment record,WAVE_PAY,PREMIUM,2026-02,6,,VERIFIED,10200.15,005633,2026-02-08 14:14:24,synthetic-generator,202133,102384
305634,54043.81,2026-03-24 15:44:28,Synthetic payment record,AYA_PAY,PREMIUM,2026-03,7,,VERIFIED,54043.81,005634,2026-03-27 15:44:28,synthetic-generator,202134,102385
305635,80355.34,2026-04-12 08:25:20,Synthetic payment record,BANK_TRANSFER,PREMIUM,2026-04,8,,VERIFIED,80355.34,005635,2026-04-14 08:25:20,synthetic-generator,202135,102386
305636,13522.27,2026-05-25 11:52:34,Synthetic payment record,KBZ_PAY,PREMIUM,2026-05,9,,VERIFIED,13522.27,005636,2026-05-26 11:52:34,synthetic-generator,202136,102387
305637,10909.11,2026-06-25 00:36:42,Synthetic payment record,WAVE_PAY,PREMIUM,2026-06,10,,PENDING,10909.11,005637,2026-06-25 00:36:42,,202137,102388
305638,12279.99,2026-07-10 05:33:27,Synthetic payment record,AYA_PAY,PREMIUM,2026-07,11,,VERIFIED,12279.99,005638,2026-07-11 05:33:27,synthetic-generator,202138,102389
305639,40636.12,2026-08-09 11:37:29,Synthetic payment record,BANK_TRANSFER,PREMIUM,2026-08,12,,VERIFIED,40636.12,005639,2026-08-11 11:37:29,synthetic-generator,202139,102390
305640,10844.27,2021-09-18 23:28:03,Synthetic payment record,KBZ_PAY,CLAIM_PAYOUT,2021-09,1,,VERIFIED,10844.27,005640,2021-09-19 23:28:03,synthetic-generator,202140,102391
305641,15698.81,2021-10-14 06:56:42,Synthetic payment record,WAVE_PAY,PREMIUM,2021-10,2,,VERIFIED,15698.81,005641,2021-10-16 06:56:42,synthetic-generator,202141,102392
305642,11456.97,2021-11-16 04:17:16,Synthetic payment record,AYA_PAY,PREMIUM,2021-11,3,,VERIFIED,11456.97,005642,2021-11-16 04:17:16,synthetic-generator,202142,102393
305643,15694.76,2021-12-30 06:37:17,Synthetic payment record,BANK_TRANSFER,PREMIUM,2021-12,4,,VERIFIED,15694.76,005643,2022-01-02 06:37:17,synthetic-generator,202143,102394
305644,18977.47,2022-01-12 16:53:56,Synthetic payment record,KBZ_PAY,CLAIM_PAYOUT,2022-01,5,,VERIFIED,18977.47,005644,2022-01-14 16:53:56,synthetic-generator,202144,102395
305645,10060.16,2022-02-13 07:47:18,Synthetic payment record,WAVE_PAY,PREMIUM,2022-02,6,,VERIFIED,10060.16,005645,2022-02-16 07:47:18,synthetic-generator,202145,102396
305646,36862.80,2022-03-18 13:15:58,Synthetic payment record,AYA_PAY,PREMIUM,2022-03,7,,VERIFIED,36862.80,005646,2022-03-20 13:15:58,synthetic-generator,202146,102397
305647,9811.87,2022-04-10 20:12:57,Synthetic payment record,BANK_TRANSFER,PREMIUM,2022-04,8,,REJECTED,9811.87,005647,2022-04-11 20:12:57,,202147,102398
305648,6021.09,2022-05-13 18:14:27,Synthetic payment record,KBZ_PAY,PREMIUM,2022-05,9,,VERIFIED,6021.09,005648,2022-05-13 18:14:27,synthetic-generator,202148,102399
305649,22291.96,2022-06-02 23:43:42,Synthetic payment record,WAVE_PAY,RENEWAL,2022-06,10,,REJECTED,22291.96,005649,2022-06-02 23:43:42,,202149,102400
305650,4389.00,2022-07-26 06:02:34,Synthetic payment record,AYA_PAY,RENEWAL,2022-07,11,,VERIFIED,4389.00,005650,2022-07-26 06:02:34,synthetic-generator,202150,102401
305651,6636.05,2022-08-09 10:09:55,Synthetic payment record,BANK_TRANSFER,PREMIUM,2022-08,12,,VERIFIED,6636.05,005651,2022-08-11 10:09:55,synthetic-generator,202151,102402
305652,14137.88,2022-09-27 20:45:24,Synthetic payment record,KBZ_PAY,PREMIUM,2022-09,1,,VERIFIED,14137.88,005652,2022-09-29 20:45:24,synthetic-generator,202152,102403
305653,32897.17,2022-10-05 06:01:30,Synthetic payment record,WAVE_PAY,PREMIUM,2022-10,2,,VERIFIED,32897.17,005653,2022-10-08 06:01:30,synthetic-generator,202153,102404
305654,21349.77,2022-11-18 12:02:51,Synthetic payment record,AYA_PAY,PREMIUM,2022-11,3,,PENDING,21349.77,005654,2022-11-18 12:02:51,,202154,102405
305655,19033.66,2022-12-20 17:19:48,Synthetic payment record,BANK_TRANSFER,RENEWAL,2022-12,4,,PENDING,19033.66,005655,2022-12-20 17:19:48,,202155,102406
305656,5204.42,2023-01-09 05:59:06,Synthetic payment record,KBZ_PAY,RENEWAL,2023-01,5,,REJECTED,5204.42,005656,2023-01-10 05:59:06,,202156,102407
305657,31489.54,2023-02-03 20:02:36,Synthetic payment record,WAVE_PAY,PREMIUM,2023-02,6,,VERIFIED,31489.54,005657,2023-02-06 20:02:36,synthetic-generator,202157,102408
305658,29946.81,2023-03-10 06:25:03,Synthetic payment record,AYA_PAY,PREMIUM,2023-03,7,,VERIFIED,29946.81,005658,2023-03-11 06:25:03,synthetic-generator,202158,102409
305659,48648.31,2023-04-08 01:12:36,Synthetic payment record,BANK_TRANSFER,RENEWAL,2023-04,8,,VERIFIED,48648.31,005659,2023-04-08 01:12:36,synthetic-generator,202159,102410
305660,7755.53,2023-05-10 00:25:46,Synthetic payment record,KBZ_PAY,PREMIUM,2023-05,9,,VERIFIED,7755.53,005660,2023-05-12 00:25:46,synthetic-generator,202160,102411
305661,6388.43,2023-06-21 22:03:52,Synthetic payment record,WAVE_PAY,PREMIUM,2023-06,10,,VERIFIED,6388.43,005661,2023-06-24 22:03:52,synthetic-generator,202161,102412
305662,23630.08,2023-07-08 10:28:33,Synthetic payment record,AYA_PAY,RENEWAL,2023-07,11,,VERIFIED,23630.08,005662,2023-07-10 10:28:33,synthetic-generator,202162,102413
305663,7226.22,2023-08-21 05:28:23,Synthetic payment record,BANK_TRANSFER,PREMIUM,2023-08,12,,VERIFIED,7226.22,005663,2023-08-23 05:28:23,synthetic-generator,202163,102414
305664,11825.92,2023-09-10 22:27:06,Synthetic payment record,KBZ_PAY,CLAIM_PAYOUT,2023-09,1,,VERIFIED,11825.92,005664,2023-09-10 22:27:06,synthetic-generator,202164,102415
305665,5217.10,2023-10-09 11:10:40,Synthetic payment record,WAVE_PAY,PREMIUM,2023-10,2,,VERIFIED,5217.10,005665,2023-10-10 11:10:40,synthetic-generator,202165,102416
305666,14153.47,2023-11-12 16:39:47,Synthetic payment record,AYA_PAY,PREMIUM,2023-11,3,,VERIFIED,14153.47,005666,2023-11-13 16:39:47,synthetic-generator,202166,102417
305667,39300.99,2023-12-20 06:41:21,Synthetic payment record,BANK_TRANSFER,PREMIUM,2023-12,4,,REJECTED,39300.99,005667,2023-12-21 06:41:21,,202167,102418
305668,6256.86,2024-01-08 11:07:06,Synthetic payment record,KBZ_PAY,PREMIUM,2024-01,5,,VERIFIED,6256.86,005668,2024-01-10 11:07:06,synthetic-generator,202168,102419
305669,23259.01,2024-02-12 11:42:26,Synthetic payment record,WAVE_PAY,PREMIUM,2024-02,6,,VERIFIED,23259.01,005669,2024-02-15 11:42:26,synthetic-generator,202169,102420
305670,22893.12,2024-03-19 08:20:32,Synthetic payment record,AYA_PAY,PREMIUM,2024-03,7,,VERIFIED,22893.12,005670,2024-03-21 08:20:32,synthetic-generator,202170,102421
305671,44734.09,2024-04-12 09:16:21,Synthetic payment record,BANK_TRANSFER,PREMIUM,2024-04,8,,VERIFIED,44734.09,005671,2024-04-12 09:16:21,synthetic-generator,202171,102422
305672,1462.26,2024-05-08 18:17:15,Synthetic payment record,KBZ_PAY,PREMIUM,2024-05,9,,VERIFIED,1462.26,005672,2024-05-10 18:17:15,synthetic-generator,202172,102423
305673,17041.99,2024-06-29 16:47:52,Synthetic payment record,WAVE_PAY,PREMIUM,2024-06,10,,VERIFIED,17041.99,005673,2024-07-01 16:47:52,synthetic-generator,202173,102424
305674,13155.71,2024-07-31 18:56:49,Synthetic payment record,AYA_PAY,PREMIUM,2024-07,11,,VERIFIED,13155.71,005674,2024-08-01 18:56:49,synthetic-generator,202174,102425
305675,34225.19,2024-08-09 21:14:24,Synthetic payment record,BANK_TRANSFER,PREMIUM,2024-08,12,,VERIFIED,34225.19,005675,2024-08-10 21:14:24,synthetic-generator,202175,102426
305676,17075.74,2024-09-02 16:48:19,Synthetic payment record,KBZ_PAY,PREMIUM,2024-09,1,,PENDING,17075.74,005676,2024-09-02 16:48:19,,202176,102427
305677,22152.37,2024-10-16 11:39:48,Synthetic payment record,WAVE_PAY,PREMIUM,2024-10,2,,VERIFIED,22152.37,005677,2024-10-16 11:39:48,synthetic-generator,202177,102428
305678,13161.77,2024-11-11 05:58:01,Synthetic payment record,AYA_PAY,PREMIUM,2024-11,3,,VERIFIED,13161.77,005678,2024-11-12 05:58:01,synthetic-generator,202178,102429
305679,28821.15,2024-12-26 10:54:51,Synthetic payment record,BANK_TRANSFER,PREMIUM,2024-12,4,,VERIFIED,28821.15,005679,2024-12-29 10:54:51,synthetic-generator,202179,102430
305680,4580.79,2025-01-04 01:12:48,Synthetic payment record,KBZ_PAY,PREMIUM,2025-01,5,,REJECTED,4580.79,005680,2025-01-06 01:12:48,,202180,102431
305681,5404.24,2025-02-01 12:13:19,Synthetic payment record,WAVE_PAY,PREMIUM,2025-02,6,,VERIFIED,5404.24,005681,2025-02-03 12:13:19,synthetic-generator,202181,102432
305682,48623.16,2025-03-16 18:53:30,Synthetic payment record,AYA_PAY,PREMIUM,2025-03,7,,PENDING,48623.16,005682,2025-03-16 18:53:30,,202182,102433
305683,63485.95,2025-04-06 08:33:57,Synthetic payment record,BANK_TRANSFER,PREMIUM,2025-04,8,,VERIFIED,63485.95,005683,2025-04-08 08:33:57,synthetic-generator,202183,102434
305684,4725.13,2025-05-06 21:54:59,Synthetic payment record,KBZ_PAY,PREMIUM,2025-05,9,,VERIFIED,4725.13,005684,2025-05-06 21:54:59,synthetic-generator,202184,102435
305685,16153.10,2025-06-26 04:46:50,Synthetic payment record,WAVE_PAY,PREMIUM,2025-06,10,,VERIFIED,16153.10,005685,2025-06-28 04:46:50,synthetic-generator,202185,102436
305686,40849.53,2025-07-06 16:25:52,Synthetic payment record,AYA_PAY,PREMIUM,2025-07,11,,PENDING,40849.53,005686,2025-07-06 16:25:52,,202186,102437
305687,41781.78,2025-08-23 04:40:24,Synthetic payment record,BANK_TRANSFER,PREMIUM,2025-08,12,,VERIFIED,41781.78,005687,2025-08-23 04:40:24,synthetic-generator,202187,102438
305688,6561.01,2025-09-16 04:07:19,Synthetic payment record,KBZ_PAY,PREMIUM,2025-09,1,,PENDING,6561.01,005688,2025-09-19 04:07:19,,202188,102439
305689,15718.43,2025-10-14 09:46:42,Synthetic payment record,WAVE_PAY,CLAIM_PAYOUT,2025-10,2,,VERIFIED,15718.43,005689,2025-10-17 09:46:42,synthetic-generator,202189,102440
305690,26396.33,2025-11-17 20:21:37,Synthetic payment record,AYA_PAY,PREMIUM,2025-11,3,,REJECTED,26396.33,005690,2025-11-18 20:21:37,,202190,102441
305691,5023.26,2025-12-20 02:54:45,Synthetic payment record,BANK_TRANSFER,CLAIM_PAYOUT,2025-12,4,,VERIFIED,5023.26,005691,2025-12-20 02:54:45,synthetic-generator,202191,102442
305692,19797.59,2026-01-29 06:43:20,Synthetic payment record,KBZ_PAY,PREMIUM,2026-01,5,,PENDING,19797.59,005692,2026-02-01 06:43:20,,202192,102443
305693,39738.31,2026-02-09 09:11:29,Synthetic payment record,WAVE_PAY,CLAIM_PAYOUT,2026-02,6,,REJECTED,39738.31,005693,2026-02-11 09:11:29,,202193,102444
305694,41042.57,2026-03-15 20:45:36,Synthetic payment record,AYA_PAY,PREMIUM,2026-03,7,,VERIFIED,41042.57,005694,2026-03-16 20:45:36,synthetic-generator,202194,102445
305695,34647.45,2026-04-11 02:41:35,Synthetic payment record,BANK_TRANSFER,PREMIUM,2026-04,8,,VERIFIED,34647.45,005695,2026-04-13 02:41:35,synthetic-generator,202195,102446
305696,2335.52,2026-05-26 17:00:03,Synthetic payment record,KBZ_PAY,PREMIUM,2026-05,9,,VERIFIED,2335.52,005696,2026-05-29 17:00:03,synthetic-generator,202196,102447
305697,16471.72,2026-06-27 09:24:48,Synthetic payment record,WAVE_PAY,PREMIUM,2026-06,10,,PENDING,16471.72,005697,2026-06-28 09:24:48,,202197,102448
305698,41763.13,2026-07-13 17:34:03,Synthetic payment record,AYA_PAY,RENEWAL,2026-07,11,,VERIFIED,41763.13,005698,2026-07-14 17:34:03,synthetic-generator,202198,102449
305699,36674.04,2026-08-11 00:19:37,Synthetic payment record,BANK_TRANSFER,RENEWAL,2026-08,12,,PENDING,36674.04,005699,2026-08-13 00:19:37,,202199,102450
305700,8531.95,2021-09-23 01:38:30,Synthetic payment record,KBZ_PAY,PREMIUM,2021-09,1,,REJECTED,8531.95,005700,2021-09-23 01:38:30,,202200,102451
305701,14873.07,2021-10-24 17:47:53,Synthetic payment record,WAVE_PAY,PREMIUM,2021-10,2,,VERIFIED,14873.07,005701,2021-10-27 17:47:53,synthetic-generator,202201,102452
305702,26948.35,2021-11-25 21:20:59,Synthetic payment record,AYA_PAY,RENEWAL,2021-11,3,,VERIFIED,26948.35,005702,2021-11-25 21:20:59,synthetic-generator,202202,102453
305703,35703.97,2021-12-14 10:48:39,Synthetic payment record,BANK_TRANSFER,PREMIUM,2021-12,4,,VERIFIED,35703.97,005703,2021-12-14 10:48:39,synthetic-generator,202203,102454
305704,3157.28,2022-01-18 01:28:17,Synthetic payment record,KBZ_PAY,PREMIUM,2022-01,5,,VERIFIED,3157.28,005704,2022-01-19 01:28:17,synthetic-generator,202204,102455
305705,26560.16,2022-02-23 20:18:23,Synthetic payment record,WAVE_PAY,PREMIUM,2022-02,6,,VERIFIED,26560.16,005705,2022-02-25 20:18:23,synthetic-generator,202205,102456
305706,16720.10,2022-03-16 12:35:33,Synthetic payment record,AYA_PAY,PREMIUM,2022-03,7,,PENDING,16720.10,005706,2022-03-16 12:35:33,,202206,102457
305707,48375.14,2022-04-16 03:11:49,Synthetic payment record,BANK_TRANSFER,PREMIUM,2022-04,8,,PENDING,48375.14,005707,2022-04-18 03:11:49,,202207,102458
305708,6532.97,2022-05-14 21:44:24,Synthetic payment record,KBZ_PAY,RENEWAL,2022-05,9,,VERIFIED,6532.97,005708,2022-05-16 21:44:24,synthetic-generator,202208,102459
305709,16143.77,2022-06-05 04:22:14,Synthetic payment record,WAVE_PAY,PREMIUM,2022-06,10,,VERIFIED,16143.77,005709,2022-06-06 04:22:14,synthetic-generator,202209,102460
305710,10857.07,2022-07-27 20:49:44,Synthetic payment record,AYA_PAY,PREMIUM,2022-07,11,,REJECTED,10857.07,005710,2022-07-30 20:49:44,,202210,102461
305711,27299.38,2022-08-04 13:17:53,Synthetic payment record,BANK_TRANSFER,RENEWAL,2022-08,12,,REJECTED,27299.38,005711,2022-08-06 13:17:53,,202211,102462
305712,15138.08,2022-09-03 22:38:28,Synthetic payment record,KBZ_PAY,PREMIUM,2022-09,1,,VERIFIED,15138.08,005712,2022-09-06 22:38:28,synthetic-generator,202212,102463
305713,11622.02,2022-10-29 20:57:51,Synthetic payment record,WAVE_PAY,RENEWAL,2022-10,2,,VERIFIED,11622.02,005713,2022-10-29 20:57:51,synthetic-generator,202213,102464
305714,14836.69,2022-11-07 15:50:48,Synthetic payment record,AYA_PAY,PREMIUM,2022-11,3,,PENDING,14836.69,005714,2022-11-08 15:50:48,,202214,102465
305715,6310.50,2022-12-30 18:22:23,Synthetic payment record,BANK_TRANSFER,PREMIUM,2022-12,4,,VERIFIED,6310.50,005715,2022-12-30 18:22:23,synthetic-generator,202215,102466
305716,4433.37,2023-01-01 00:25:58,Synthetic payment record,KBZ_PAY,RENEWAL,2023-01,5,,VERIFIED,4433.37,005716,2023-01-04 00:25:58,synthetic-generator,202216,102467
305717,35568.52,2023-02-05 10:23:31,Synthetic payment record,WAVE_PAY,RENEWAL,2023-02,6,,VERIFIED,35568.52,005717,2023-02-07 10:23:31,synthetic-generator,202217,102468
305718,10824.64,2023-03-13 21:30:53,Synthetic payment record,AYA_PAY,CLAIM_PAYOUT,2023-03,7,,VERIFIED,10824.64,005718,2023-03-14 21:30:53,synthetic-generator,202218,102469
305719,72724.94,2023-04-11 06:56:02,Synthetic payment record,BANK_TRANSFER,PREMIUM,2023-04,8,,VERIFIED,72724.94,005719,2023-04-14 06:56:02,synthetic-generator,202219,102470
305720,8757.73,2023-05-13 18:58:54,Synthetic payment record,KBZ_PAY,PREMIUM,2023-05,9,,VERIFIED,8757.73,005720,2023-05-14 18:58:54,synthetic-generator,202220,102471
305721,4818.48,2023-06-26 02:02:19,Synthetic payment record,WAVE_PAY,RENEWAL,2023-06,10,,VERIFIED,4818.48,005721,2023-06-28 02:02:19,synthetic-generator,202221,102472
305722,11480.29,2023-07-09 05:45:05,Synthetic payment record,AYA_PAY,PREMIUM,2023-07,11,,VERIFIED,11480.29,005722,2023-07-12 05:45:05,synthetic-generator,202222,102473
305723,30596.68,2023-08-11 23:42:23,Synthetic payment record,BANK_TRANSFER,PREMIUM,2023-08,12,,PENDING,30596.68,005723,2023-08-11 23:42:23,,202223,102474
305724,17503.33,2023-09-12 07:34:39,Synthetic payment record,KBZ_PAY,PREMIUM,2023-09,1,,VERIFIED,17503.33,005724,2023-09-15 07:34:39,synthetic-generator,202224,102475
305725,20955.48,2023-10-12 00:17:08,Synthetic payment record,WAVE_PAY,PREMIUM,2023-10,2,,REJECTED,20955.48,005725,2023-10-13 00:17:08,,202225,102476
305726,23266.95,2023-11-10 04:49:42,Synthetic payment record,AYA_PAY,RENEWAL,2023-11,3,,VERIFIED,23266.95,005726,2023-11-10 04:49:42,synthetic-generator,202226,102477
305727,41416.85,2023-12-09 08:47:08,Synthetic payment record,BANK_TRANSFER,RENEWAL,2023-12,4,,VERIFIED,41416.85,005727,2023-12-09 08:47:08,synthetic-generator,202227,102478
305728,5100.63,2024-01-28 06:37:30,Synthetic payment record,KBZ_PAY,CLAIM_PAYOUT,2024-01,5,,VERIFIED,5100.63,005728,2024-01-31 06:37:30,synthetic-generator,202228,102479
305729,17779.79,2024-02-16 08:43:50,Synthetic payment record,WAVE_PAY,PREMIUM,2024-02,6,,VERIFIED,17779.79,005729,2024-02-18 08:43:50,synthetic-generator,202229,102480
305730,44116.64,2024-03-22 14:58:55,Synthetic payment record,AYA_PAY,PREMIUM,2024-03,7,,VERIFIED,44116.64,005730,2024-03-25 14:58:55,synthetic-generator,202230,102481
305731,76094.10,2024-04-19 20:24:43,Synthetic payment record,BANK_TRANSFER,PREMIUM,2024-04,8,,VERIFIED,76094.10,005731,2024-04-19 20:24:43,synthetic-generator,202231,102482
305732,7793.34,2024-05-25 15:24:41,Synthetic payment record,KBZ_PAY,PREMIUM,2024-05,9,,VERIFIED,7793.34,005732,2024-05-28 15:24:41,synthetic-generator,202232,102483
305733,22551.00,2024-06-01 07:20:04,Synthetic payment record,WAVE_PAY,PREMIUM,2024-06,10,,PENDING,22551.00,005733,2024-06-03 07:20:04,,202233,102484
305734,11019.81,2024-07-14 09:59:01,Synthetic payment record,AYA_PAY,PREMIUM,2024-07,11,,VERIFIED,11019.81,005734,2024-07-16 09:59:01,synthetic-generator,202234,102485
305735,21929.27,2024-08-17 17:21:09,Synthetic payment record,BANK_TRANSFER,RENEWAL,2024-08,12,,VERIFIED,21929.27,005735,2024-08-17 17:21:09,synthetic-generator,202235,102486
305736,15334.55,2024-09-26 19:55:45,Synthetic payment record,KBZ_PAY,PREMIUM,2024-09,1,,VERIFIED,15334.55,005736,2024-09-29 19:55:45,synthetic-generator,202236,102487
305737,5359.04,2024-10-13 03:56:28,Synthetic payment record,WAVE_PAY,PREMIUM,2024-10,2,,VERIFIED,5359.04,005737,2024-10-14 03:56:28,synthetic-generator,202237,102488
305738,6983.38,2024-11-05 10:26:03,Synthetic payment record,AYA_PAY,PREMIUM,2024-11,3,,PENDING,6983.38,005738,2024-11-06 10:26:03,,202238,102489
305739,3818.64,2024-12-25 00:13:12,Synthetic payment record,BANK_TRANSFER,PREMIUM,2024-12,4,,VERIFIED,3818.64,005739,2024-12-28 00:13:12,synthetic-generator,202239,102490
305740,20741.73,2025-01-10 06:30:56,Synthetic payment record,KBZ_PAY,RENEWAL,2025-01,5,,VERIFIED,20741.73,005740,2025-01-12 06:30:56,synthetic-generator,202240,102491
305741,18700.86,2025-02-13 21:30:33,Synthetic payment record,WAVE_PAY,RENEWAL,2025-02,6,,VERIFIED,18700.86,005741,2025-02-13 21:30:33,synthetic-generator,202241,102492
305742,6093.40,2025-03-25 00:21:13,Synthetic payment record,AYA_PAY,PREMIUM,2025-03,7,,VERIFIED,6093.40,005742,2025-03-25 00:21:13,synthetic-generator,202242,102493
305743,48846.65,2025-04-09 10:35:06,Synthetic payment record,BANK_TRANSFER,RENEWAL,2025-04,8,,VERIFIED,48846.65,005743,2025-04-11 10:35:06,synthetic-generator,202243,102494
305744,3572.13,2025-05-12 20:01:03,Synthetic payment record,KBZ_PAY,PREMIUM,2025-05,9,,VERIFIED,3572.13,005744,2025-05-12 20:01:03,synthetic-generator,202244,102495
305745,9373.80,2025-06-15 09:45:09,Synthetic payment record,WAVE_PAY,PREMIUM,2025-06,10,,VERIFIED,9373.80,005745,2025-06-18 09:45:09,synthetic-generator,202245,102496
305746,26350.12,2025-07-25 11:51:41,Synthetic payment record,AYA_PAY,PREMIUM,2025-07,11,,VERIFIED,26350.12,005746,2025-07-27 11:51:41,synthetic-generator,202246,102497
305747,13150.13,2025-08-25 18:11:34,Synthetic payment record,BANK_TRANSFER,PREMIUM,2025-08,12,,VERIFIED,13150.13,005747,2025-08-28 18:11:34,synthetic-generator,202247,102498
305748,18137.87,2025-09-09 23:34:46,Synthetic payment record,KBZ_PAY,PREMIUM,2025-09,1,,VERIFIED,18137.87,005748,2025-09-12 23:34:46,synthetic-generator,202248,102499
305749,9794.21,2025-10-22 16:37:50,Synthetic payment record,WAVE_PAY,PREMIUM,2025-10,2,,VERIFIED,9794.21,005749,2025-10-22 16:37:50,synthetic-generator,202249,100251
305750,29648.83,2025-11-01 10:23:48,Synthetic payment record,AYA_PAY,CLAIM_PAYOUT,2025-11,3,,VERIFIED,29648.83,005750,2025-11-01 10:23:48,synthetic-generator,202250,100252
305751,37958.18,2025-12-02 07:18:58,Synthetic payment record,BANK_TRANSFER,PREMIUM,2025-12,4,,PENDING,37958.18,005751,2025-12-04 07:18:58,,202251,100253
305752,13956.50,2026-01-23 04:50:28,Synthetic payment record,KBZ_PAY,PREMIUM,2026-01,5,,VERIFIED,13956.50,005752,2026-01-24 04:50:28,synthetic-generator,202252,100254
305753,27747.46,2026-02-02 11:20:58,Synthetic payment record,WAVE_PAY,PREMIUM,2026-02,6,,VERIFIED,27747.46,005753,2026-02-02 11:20:58,synthetic-generator,202253,100255
305754,17011.90,2026-03-06 21:43:46,Synthetic payment record,AYA_PAY,RENEWAL,2026-03,7,,PENDING,17011.90,005754,2026-03-08 21:43:46,,202254,100256
305755,23285.48,2026-04-23 19:04:19,Synthetic payment record,BANK_TRANSFER,RENEWAL,2026-04,8,,VERIFIED,23285.48,005755,2026-04-26 19:04:19,synthetic-generator,202255,100257
305756,12212.76,2026-05-03 15:45:56,Synthetic payment record,KBZ_PAY,RENEWAL,2026-05,9,,VERIFIED,12212.76,005756,2026-05-03 15:45:56,synthetic-generator,202256,100258
305757,21742.68,2026-06-24 17:49:34,Synthetic payment record,WAVE_PAY,PREMIUM,2026-06,10,,REJECTED,21742.68,005757,2026-06-26 17:49:34,,202257,100259
305758,10878.71,2026-07-12 19:10:10,Synthetic payment record,AYA_PAY,PREMIUM,2026-07,11,,VERIFIED,10878.71,005758,2026-07-15 19:10:10,synthetic-generator,202258,100260
305759,60501.24,2026-08-19 12:22:24,Synthetic payment record,BANK_TRANSFER,RENEWAL,2026-08,12,,PENDING,60501.24,005759,2026-08-19 12:22:24,,202259,100261
305760,22537.85,2021-09-30 04:33:48,Synthetic payment record,KBZ_PAY,PREMIUM,2021-09,1,,VERIFIED,22537.85,005760,2021-10-01 04:33:48,synthetic-generator,202260,100262
305761,16293.54,2021-10-31 05:33:53,Synthetic payment record,WAVE_PAY,PREMIUM,2021-10,2,,VERIFIED,16293.54,005761,2021-11-03 05:33:53,synthetic-generator,202261,100263
305762,14186.93,2021-11-21 14:00:38,Synthetic payment record,AYA_PAY,PREMIUM,2021-11,3,,VERIFIED,14186.93,005762,2021-11-23 14:00:38,synthetic-generator,202262,100264
305763,25784.59,2021-12-06 04:39:34,Synthetic payment record,BANK_TRANSFER,RENEWAL,2021-12,4,,VERIFIED,25784.59,005763,2021-12-07 04:39:34,synthetic-generator,202263,100265
305764,17898.45,2022-01-21 10:44:26,Synthetic payment record,KBZ_PAY,RENEWAL,2022-01,5,,VERIFIED,17898.45,005764,2022-01-24 10:44:26,synthetic-generator,202264,100266
305765,5992.21,2022-02-09 21:17:28,Synthetic payment record,WAVE_PAY,PREMIUM,2022-02,6,,PENDING,5992.21,005765,2022-02-11 21:17:28,,202265,100267
305766,3895.34,2022-03-16 11:24:37,Synthetic payment record,AYA_PAY,RENEWAL,2022-03,7,,VERIFIED,3895.34,005766,2022-03-16 11:24:37,synthetic-generator,202266,100268
305767,22766.63,2022-04-28 18:41:21,Synthetic payment record,BANK_TRANSFER,PREMIUM,2022-04,8,,VERIFIED,22766.63,005767,2022-04-29 18:41:21,synthetic-generator,202267,100269
305768,5549.96,2022-05-10 09:09:28,Synthetic payment record,KBZ_PAY,PREMIUM,2022-05,9,,PENDING,5549.96,005768,2022-05-13 09:09:28,,202268,100270
305769,12463.02,2022-06-12 04:02:56,Synthetic payment record,WAVE_PAY,PREMIUM,2022-06,10,,VERIFIED,12463.02,005769,2022-06-12 04:02:56,synthetic-generator,202269,100271
305770,32027.50,2022-07-27 09:08:24,Synthetic payment record,AYA_PAY,PREMIUM,2022-07,11,,VERIFIED,32027.50,005770,2022-07-30 09:08:24,synthetic-generator,202270,100272
305771,37158.28,2022-08-15 01:09:16,Synthetic payment record,BANK_TRANSFER,PREMIUM,2022-08,12,,VERIFIED,37158.28,005771,2022-08-17 01:09:16,synthetic-generator,202271,100273
305772,12519.11,2022-09-19 01:05:25,Synthetic payment record,KBZ_PAY,PREMIUM,2022-09,1,,VERIFIED,12519.11,005772,2022-09-19 01:05:25,synthetic-generator,202272,100274
305773,4235.46,2022-10-04 14:38:57,Synthetic payment record,WAVE_PAY,PREMIUM,2022-10,2,,VERIFIED,4235.46,005773,2022-10-05 14:38:57,synthetic-generator,202273,100275
305774,10206.56,2022-11-15 18:32:55,Synthetic payment record,AYA_PAY,PREMIUM,2022-11,3,,VERIFIED,10206.56,005774,2022-11-16 18:32:55,synthetic-generator,202274,100276
305775,10426.64,2022-12-25 22:40:32,Synthetic payment record,BANK_TRANSFER,RENEWAL,2022-12,4,,VERIFIED,10426.64,005775,2022-12-27 22:40:32,synthetic-generator,202275,100277
305776,3786.03,2023-01-27 15:35:13,Synthetic payment record,KBZ_PAY,PREMIUM,2023-01,5,,VERIFIED,3786.03,005776,2023-01-30 15:35:13,synthetic-generator,202276,100278
305777,7690.29,2023-02-07 22:23:41,Synthetic payment record,WAVE_PAY,RENEWAL,2023-02,6,,VERIFIED,7690.29,005777,2023-02-09 22:23:41,synthetic-generator,202277,100279
305778,34621.69,2023-03-19 08:10:01,Synthetic payment record,AYA_PAY,PREMIUM,2023-03,7,,VERIFIED,34621.69,005778,2023-03-20 08:10:01,synthetic-generator,202278,100280
305779,73475.07,2023-04-10 11:01:47,Synthetic payment record,BANK_TRANSFER,PREMIUM,2023-04,8,,VERIFIED,73475.07,005779,2023-04-10 11:01:47,synthetic-generator,202279,100281
305780,3265.28,2023-05-19 10:47:06,Synthetic payment record,KBZ_PAY,PREMIUM,2023-05,9,,VERIFIED,3265.28,005780,2023-05-19 10:47:06,synthetic-generator,202280,100282
305781,14950.47,2023-06-25 22:17:06,Synthetic payment record,WAVE_PAY,PREMIUM,2023-06,10,,REJECTED,14950.47,005781,2023-06-25 22:17:06,,202281,100283
305782,29756.61,2023-07-15 09:51:43,Synthetic payment record,AYA_PAY,PREMIUM,2023-07,11,,VERIFIED,29756.61,005782,2023-07-18 09:51:43,synthetic-generator,202282,100284
305783,28886.97,2023-08-29 03:04:34,Synthetic payment record,BANK_TRANSFER,PREMIUM,2023-08,12,,REJECTED,28886.97,005783,2023-08-29 03:04:34,,202283,100285
305784,22037.04,2023-09-06 08:58:44,Synthetic payment record,KBZ_PAY,PREMIUM,2023-09,1,,PENDING,22037.04,005784,2023-09-09 08:58:44,,202284,100286
305785,24298.52,2023-10-28 00:15:41,Synthetic payment record,WAVE_PAY,PREMIUM,2023-10,2,,VERIFIED,24298.52,005785,2023-10-30 00:15:41,synthetic-generator,202285,100287
305786,8104.61,2023-11-14 00:38:14,Synthetic payment record,AYA_PAY,PREMIUM,2023-11,3,,VERIFIED,8104.61,005786,2023-11-15 00:38:14,synthetic-generator,202286,100288
305787,25316.19,2023-12-14 14:44:49,Synthetic payment record,BANK_TRANSFER,PREMIUM,2023-12,4,,VERIFIED,25316.19,005787,2023-12-17 14:44:49,synthetic-generator,202287,100289
305788,9053.21,2024-01-19 06:45:37,Synthetic payment record,KBZ_PAY,PREMIUM,2024-01,5,,VERIFIED,9053.21,005788,2024-01-22 06:45:37,synthetic-generator,202288,100290
305789,2984.96,2024-02-16 16:58:38,Synthetic payment record,WAVE_PAY,PREMIUM,2024-02,6,,VERIFIED,2984.96,005789,2024-02-19 16:58:38,synthetic-generator,202289,100291
305790,28068.14,2024-03-17 03:52:48,Synthetic payment record,AYA_PAY,PREMIUM,2024-03,7,,PENDING,28068.14,005790,2024-03-18 03:52:48,,202290,100292
305791,30493.31,2024-04-24 19:50:45,Synthetic payment record,BANK_TRANSFER,PREMIUM,2024-04,8,,VERIFIED,30493.31,005791,2024-04-27 19:50:45,synthetic-generator,202291,100293
305792,14314.81,2024-05-08 09:33:22,Synthetic payment record,KBZ_PAY,PREMIUM,2024-05,9,,VERIFIED,14314.81,005792,2024-05-10 09:33:22,synthetic-generator,202292,100294
305793,4255.91,2024-06-10 00:21:52,Synthetic payment record,WAVE_PAY,PREMIUM,2024-06,10,,VERIFIED,4255.91,005793,2024-06-10 00:21:52,synthetic-generator,202293,100295
305794,28405.21,2024-07-14 17:51:50,Synthetic payment record,AYA_PAY,PREMIUM,2024-07,11,,VERIFIED,28405.21,005794,2024-07-14 17:51:50,synthetic-generator,202294,100296
305795,7149.41,2024-08-08 13:18:12,Synthetic payment record,BANK_TRANSFER,PREMIUM,2024-08,12,,PENDING,7149.41,005795,2024-08-10 13:18:12,,202295,100297
305796,11938.19,2024-09-24 15:27:26,Synthetic payment record,KBZ_PAY,PREMIUM,2024-09,1,,VERIFIED,11938.19,005796,2024-09-24 15:27:26,synthetic-generator,202296,100298
305797,30478.98,2024-10-29 06:16:57,Synthetic payment record,WAVE_PAY,PREMIUM,2024-10,2,,VERIFIED,30478.98,005797,2024-11-01 06:16:57,synthetic-generator,202297,100299
305798,22872.29,2024-11-09 20:47:01,Synthetic payment record,AYA_PAY,PREMIUM,2024-11,3,,VERIFIED,22872.29,005798,2024-11-11 20:47:01,synthetic-generator,202298,100300
305799,31640.02,2024-12-17 19:32:24,Synthetic payment record,BANK_TRANSFER,RENEWAL,2024-12,4,,VERIFIED,31640.02,005799,2024-12-20 19:32:24,synthetic-generator,202299,100301
305800,15105.27,2025-01-18 17:35:49,Synthetic payment record,KBZ_PAY,PREMIUM,2025-01,5,,PENDING,15105.27,005800,2025-01-19 17:35:49,,202300,100302
305801,9472.36,2025-02-15 19:26:14,Synthetic payment record,WAVE_PAY,PREMIUM,2025-02,6,,VERIFIED,9472.36,005801,2025-02-16 19:26:14,synthetic-generator,202301,100303
305802,8281.20,2025-03-06 02:18:44,Synthetic payment record,AYA_PAY,PREMIUM,2025-03,7,,PENDING,8281.20,005802,2025-03-07 02:18:44,,202302,100304
305803,71028.70,2025-04-08 01:21:54,Synthetic payment record,BANK_TRANSFER,RENEWAL,2025-04,8,,VERIFIED,71028.70,005803,2025-04-09 01:21:54,synthetic-generator,202303,100305
305804,8800.68,2025-05-05 13:08:39,Synthetic payment record,KBZ_PAY,PREMIUM,2025-05,9,,VERIFIED,8800.68,005804,2025-05-06 13:08:39,synthetic-generator,202304,100306
305805,14352.60,2025-06-25 00:56:47,Synthetic payment record,WAVE_PAY,PREMIUM,2025-06,10,,VERIFIED,14352.60,005805,2025-06-27 00:56:47,synthetic-generator,202305,100307
305806,7107.82,2025-07-25 01:15:50,Synthetic payment record,AYA_PAY,PREMIUM,2025-07,11,,VERIFIED,7107.82,005806,2025-07-25 01:15:50,synthetic-generator,202306,100308
305807,55798.40,2025-08-29 17:58:47,Synthetic payment record,BANK_TRANSFER,PREMIUM,2025-08,12,,VERIFIED,55798.40,005807,2025-09-01 17:58:47,synthetic-generator,202307,100309
305808,25010.52,2025-09-23 05:34:42,Synthetic payment record,KBZ_PAY,PREMIUM,2025-09,1,,VERIFIED,25010.52,005808,2025-09-26 05:34:42,synthetic-generator,202308,100310
305809,15205.94,2025-10-14 08:05:19,Synthetic payment record,WAVE_PAY,PREMIUM,2025-10,2,,VERIFIED,15205.94,005809,2025-10-14 08:05:19,synthetic-generator,202309,100311
305810,14769.70,2025-11-23 20:36:00,Synthetic payment record,AYA_PAY,PREMIUM,2025-11,3,,PENDING,14769.70,005810,2025-11-25 20:36:00,,202310,100312
305811,8554.80,2025-12-31 09:00:52,Synthetic payment record,BANK_TRANSFER,RENEWAL,2025-12,4,,VERIFIED,8554.80,005811,2026-01-03 09:00:52,synthetic-generator,202311,100313
305812,14103.48,2026-01-24 02:00:51,Synthetic payment record,KBZ_PAY,RENEWAL,2026-01,5,,VERIFIED,14103.48,005812,2026-01-25 02:00:51,synthetic-generator,202312,100314
305813,29457.94,2026-02-04 13:06:20,Synthetic payment record,WAVE_PAY,PREMIUM,2026-02,6,,VERIFIED,29457.94,005813,2026-02-06 13:06:20,synthetic-generator,202313,100315
305814,33228.22,2026-03-06 05:42:56,Synthetic payment record,AYA_PAY,PREMIUM,2026-03,7,,VERIFIED,33228.22,005814,2026-03-09 05:42:56,synthetic-generator,202314,100316
305815,52868.09,2026-04-27 05:04:33,Synthetic payment record,BANK_TRANSFER,PREMIUM,2026-04,8,,VERIFIED,52868.09,005815,2026-04-30 05:04:33,synthetic-generator,202315,100317
305816,8538.54,2026-05-13 18:44:07,Synthetic payment record,KBZ_PAY,CLAIM_PAYOUT,2026-05,9,,VERIFIED,8538.54,005816,2026-05-13 18:44:07,synthetic-generator,202316,100318
305817,15197.47,2026-06-22 14:37:11,Synthetic payment record,WAVE_PAY,PREMIUM,2026-06,10,,VERIFIED,15197.47,005817,2026-06-22 14:37:11,synthetic-generator,202317,100319
305818,37645.52,2026-07-07 09:06:36,Synthetic payment record,AYA_PAY,PREMIUM,2026-07,11,,VERIFIED,37645.52,005818,2026-07-08 09:06:36,synthetic-generator,202318,100320
305819,13078.86,2026-08-13 12:54:12,Synthetic payment record,BANK_TRANSFER,PREMIUM,2026-08,12,,VERIFIED,13078.86,005819,2026-08-16 12:54:12,synthetic-generator,202319,100321
305820,2476.55,2021-09-11 20:44:19,Synthetic payment record,KBZ_PAY,PREMIUM,2021-09,1,,VERIFIED,2476.55,005820,2021-09-11 20:44:19,synthetic-generator,202320,100322
305821,3910.24,2021-10-18 15:55:03,Synthetic payment record,WAVE_PAY,RENEWAL,2021-10,2,,PENDING,3910.24,005821,2021-10-19 15:55:03,,202321,100323
305822,12462.92,2021-11-09 21:09:50,Synthetic payment record,AYA_PAY,PREMIUM,2021-11,3,,VERIFIED,12462.92,005822,2021-11-10 21:09:50,synthetic-generator,202322,100324
305823,14143.74,2021-12-18 12:40:36,Synthetic payment record,BANK_TRANSFER,PREMIUM,2021-12,4,,VERIFIED,14143.74,005823,2021-12-21 12:40:36,synthetic-generator,202323,100325
305824,14365.73,2022-01-23 20:26:40,Synthetic payment record,KBZ_PAY,PREMIUM,2022-01,5,,VERIFIED,14365.73,005824,2022-01-24 20:26:40,synthetic-generator,202324,100326
305825,5877.77,2022-02-26 16:49:14,Synthetic payment record,WAVE_PAY,PREMIUM,2022-02,6,,VERIFIED,5877.77,005825,2022-02-27 16:49:14,synthetic-generator,202325,100327
305826,5918.33,2022-03-13 16:34:55,Synthetic payment record,AYA_PAY,PREMIUM,2022-03,7,,VERIFIED,5918.33,005826,2022-03-16 16:34:55,synthetic-generator,202326,100328
305827,48665.17,2022-04-11 19:16:06,Synthetic payment record,BANK_TRANSFER,PREMIUM,2022-04,8,,VERIFIED,48665.17,005827,2022-04-11 19:16:06,synthetic-generator,202327,100329
305828,1432.48,2022-05-09 01:34:33,Synthetic payment record,KBZ_PAY,PREMIUM,2022-05,9,,VERIFIED,1432.48,005828,2022-05-10 01:34:33,synthetic-generator,202328,100330
305829,19677.71,2022-06-17 20:15:42,Synthetic payment record,WAVE_PAY,PREMIUM,2022-06,10,,VERIFIED,19677.71,005829,2022-06-18 20:15:42,synthetic-generator,202329,100331
305830,3801.45,2022-07-15 04:54:23,Synthetic payment record,AYA_PAY,RENEWAL,2022-07,11,,VERIFIED,3801.45,005830,2022-07-16 04:54:23,synthetic-generator,202330,100332
305831,43542.63,2022-08-20 18:20:13,Synthetic payment record,BANK_TRANSFER,CLAIM_PAYOUT,2022-08,12,,VERIFIED,43542.63,005831,2022-08-23 18:20:13,synthetic-generator,202331,100333
305832,9999.78,2022-09-25 08:22:23,Synthetic payment record,KBZ_PAY,PREMIUM,2022-09,1,,VERIFIED,9999.78,005832,2022-09-27 08:22:23,synthetic-generator,202332,100334
305833,12869.31,2022-10-17 15:57:29,Synthetic payment record,WAVE_PAY,PREMIUM,2022-10,2,,PENDING,12869.31,005833,2022-10-19 15:57:29,,202333,100335
305834,12201.75,2022-11-04 08:25:45,Synthetic payment record,AYA_PAY,CLAIM_PAYOUT,2022-11,3,,REJECTED,12201.75,005834,2022-11-06 08:25:45,,202334,100336
305835,4258.55,2022-12-05 23:06:57,Synthetic payment record,BANK_TRANSFER,PREMIUM,2022-12,4,,PENDING,4258.55,005835,2022-12-07 23:06:57,,202335,100337
305836,18250.25,2023-01-30 00:12:53,Synthetic payment record,KBZ_PAY,RENEWAL,2023-01,5,,VERIFIED,18250.25,005836,2023-01-31 00:12:53,synthetic-generator,202336,100338
305837,8546.94,2023-02-05 14:06:05,Synthetic payment record,WAVE_PAY,PREMIUM,2023-02,6,,VERIFIED,8546.94,005837,2023-02-08 14:06:05,synthetic-generator,202337,100339
305838,37629.65,2023-03-02 02:36:42,Synthetic payment record,AYA_PAY,PREMIUM,2023-03,7,,VERIFIED,37629.65,005838,2023-03-03 02:36:42,synthetic-generator,202338,100340
305839,24511.78,2023-04-30 12:42:51,Synthetic payment record,BANK_TRANSFER,PREMIUM,2023-04,8,,VERIFIED,24511.78,005839,2023-05-01 12:42:51,synthetic-generator,202339,100341
305840,10166.91,2023-05-30 20:27:49,Synthetic payment record,KBZ_PAY,PREMIUM,2023-05,9,,VERIFIED,10166.91,005840,2023-05-31 20:27:49,synthetic-generator,202340,100342
305841,28600.42,2023-06-13 06:44:02,Synthetic payment record,WAVE_PAY,PREMIUM,2023-06,10,,VERIFIED,28600.42,005841,2023-06-16 06:44:02,synthetic-generator,202341,100343
305842,40741.20,2023-07-13 16:22:26,Synthetic payment record,AYA_PAY,PREMIUM,2023-07,11,,VERIFIED,40741.20,005842,2023-07-15 16:22:26,synthetic-generator,202342,100344
305843,8582.44,2023-08-13 14:15:17,Synthetic payment record,BANK_TRANSFER,RENEWAL,2023-08,12,,VERIFIED,8582.44,005843,2023-08-15 14:15:17,synthetic-generator,202343,100345
305844,7870.72,2023-09-19 20:35:29,Synthetic payment record,KBZ_PAY,PREMIUM,2023-09,1,,VERIFIED,7870.72,005844,2023-09-20 20:35:29,synthetic-generator,202344,100346
305845,27461.55,2023-10-09 21:56:06,Synthetic payment record,WAVE_PAY,RENEWAL,2023-10,2,,VERIFIED,27461.55,005845,2023-10-12 21:56:06,synthetic-generator,202345,100347
305846,5522.70,2023-11-30 00:01:11,Synthetic payment record,AYA_PAY,PREMIUM,2023-11,3,,VERIFIED,5522.70,005846,2023-11-30 00:01:11,synthetic-generator,202346,100348
305847,32198.31,2023-12-16 20:57:27,Synthetic payment record,BANK_TRANSFER,RENEWAL,2023-12,4,,VERIFIED,32198.31,005847,2023-12-17 20:57:27,synthetic-generator,202347,100349
305848,8348.08,2024-01-23 05:39:47,Synthetic payment record,KBZ_PAY,PREMIUM,2024-01,5,,VERIFIED,8348.08,005848,2024-01-25 05:39:47,synthetic-generator,202348,100350
305849,26080.38,2024-02-27 14:29:21,Synthetic payment record,WAVE_PAY,PREMIUM,2024-02,6,,VERIFIED,26080.38,005849,2024-02-29 14:29:21,synthetic-generator,202349,100351
305850,38598.08,2024-03-27 04:29:26,Synthetic payment record,AYA_PAY,PREMIUM,2024-03,7,,VERIFIED,38598.08,005850,2024-03-28 04:29:26,synthetic-generator,202350,100352
305851,28398.46,2024-04-03 14:02:16,Synthetic payment record,BANK_TRANSFER,PREMIUM,2024-04,8,,PENDING,28398.46,005851,2024-04-03 14:02:16,,202351,100353
305852,7111.80,2024-05-15 13:01:04,Synthetic payment record,KBZ_PAY,PREMIUM,2024-05,9,,VERIFIED,7111.80,005852,2024-05-15 13:01:04,synthetic-generator,202352,100354
305853,19911.32,2024-06-01 16:50:01,Synthetic payment record,WAVE_PAY,PREMIUM,2024-06,10,,PENDING,19911.32,005853,2024-06-03 16:50:01,,202353,100355
305854,30277.44,2024-07-10 13:42:21,Synthetic payment record,AYA_PAY,PREMIUM,2024-07,11,,VERIFIED,30277.44,005854,2024-07-13 13:42:21,synthetic-generator,202354,100356
305855,26653.83,2024-08-12 02:01:44,Synthetic payment record,BANK_TRANSFER,PREMIUM,2024-08,12,,VERIFIED,26653.83,005855,2024-08-15 02:01:44,synthetic-generator,202355,100357
305856,3725.51,2024-09-02 17:35:34,Synthetic payment record,KBZ_PAY,CLAIM_PAYOUT,2024-09,1,,VERIFIED,3725.51,005856,2024-09-02 17:35:34,synthetic-generator,202356,100358
305857,30005.41,2024-10-04 17:20:06,Synthetic payment record,WAVE_PAY,PREMIUM,2024-10,2,,VERIFIED,30005.41,005857,2024-10-04 17:20:06,synthetic-generator,202357,100359
305858,23084.52,2024-11-09 01:53:26,Synthetic payment record,AYA_PAY,PREMIUM,2024-11,3,,VERIFIED,23084.52,005858,2024-11-09 01:53:26,synthetic-generator,202358,100360
305859,17365.89,2024-12-08 20:39:34,Synthetic payment record,BANK_TRANSFER,PREMIUM,2024-12,4,,PENDING,17365.89,005859,2024-12-08 20:39:34,,202359,100361
305860,12641.56,2025-01-07 09:15:36,Synthetic payment record,KBZ_PAY,PREMIUM,2025-01,5,,VERIFIED,12641.56,005860,2025-01-10 09:15:36,synthetic-generator,202360,100362
305861,6530.60,2025-02-17 20:49:04,Synthetic payment record,WAVE_PAY,PREMIUM,2025-02,6,,VERIFIED,6530.60,005861,2025-02-18 20:49:04,synthetic-generator,202361,100363
305862,35689.40,2025-03-27 08:54:22,Synthetic payment record,AYA_PAY,PREMIUM,2025-03,7,,VERIFIED,35689.40,005862,2025-03-27 08:54:22,synthetic-generator,202362,100364
305863,41044.17,2025-04-09 23:56:03,Synthetic payment record,BANK_TRANSFER,CLAIM_PAYOUT,2025-04,8,,VERIFIED,41044.17,005863,2025-04-11 23:56:03,synthetic-generator,202363,100365
305864,5808.01,2025-05-08 12:11:53,Synthetic payment record,KBZ_PAY,PREMIUM,2025-05,9,,VERIFIED,5808.01,005864,2025-05-11 12:11:53,synthetic-generator,202364,100366
305865,11731.60,2025-06-26 18:17:35,Synthetic payment record,WAVE_PAY,PREMIUM,2025-06,10,,VERIFIED,11731.60,005865,2025-06-27 18:17:35,synthetic-generator,202365,100367
305866,46651.22,2025-07-12 03:17:32,Synthetic payment record,AYA_PAY,PREMIUM,2025-07,11,,VERIFIED,46651.22,005866,2025-07-15 03:17:32,synthetic-generator,202366,100368
305867,42244.40,2025-08-24 18:48:39,Synthetic payment record,BANK_TRANSFER,PREMIUM,2025-08,12,,VERIFIED,42244.40,005867,2025-08-24 18:48:39,synthetic-generator,202367,100369
305868,14653.72,2025-09-01 08:33:06,Synthetic payment record,KBZ_PAY,CLAIM_PAYOUT,2025-09,1,,VERIFIED,14653.72,005868,2025-09-03 08:33:06,synthetic-generator,202368,100370
305869,6635.81,2025-10-06 02:21:34,Synthetic payment record,WAVE_PAY,PREMIUM,2025-10,2,,VERIFIED,6635.81,005869,2025-10-06 02:21:34,synthetic-generator,202369,100371
305870,14583.04,2025-11-14 20:45:19,Synthetic payment record,AYA_PAY,CLAIM_PAYOUT,2025-11,3,,PENDING,14583.04,005870,2025-11-14 20:45:19,,202370,100372
305871,24349.57,2025-12-26 15:06:24,Synthetic payment record,BANK_TRANSFER,PREMIUM,2025-12,4,,VERIFIED,24349.57,005871,2025-12-29 15:06:24,synthetic-generator,202371,100373
305872,12088.54,2026-01-13 05:10:45,Synthetic payment record,KBZ_PAY,PREMIUM,2026-01,5,,REJECTED,12088.54,005872,2026-01-16 05:10:45,,202372,100374
305873,25833.57,2026-02-16 03:18:12,Synthetic payment record,WAVE_PAY,CLAIM_PAYOUT,2026-02,6,,VERIFIED,25833.57,005873,2026-02-17 03:18:12,synthetic-generator,202373,100375
305874,28331.66,2026-03-21 16:43:54,Synthetic payment record,AYA_PAY,PREMIUM,2026-03,7,,VERIFIED,28331.66,005874,2026-03-23 16:43:54,synthetic-generator,202374,100376
305875,64779.37,2026-04-30 09:25:48,Synthetic payment record,BANK_TRANSFER,PREMIUM,2026-04,8,,VERIFIED,64779.37,005875,2026-05-03 09:25:48,synthetic-generator,202375,100377
305876,3789.57,2026-05-13 08:41:09,Synthetic payment record,KBZ_PAY,PREMIUM,2026-05,9,,VERIFIED,3789.57,005876,2026-05-13 08:41:09,synthetic-generator,202376,100378
305877,21032.46,2026-06-18 04:57:21,Synthetic payment record,WAVE_PAY,CLAIM_PAYOUT,2026-06,10,,VERIFIED,21032.46,005877,2026-06-20 04:57:21,synthetic-generator,202377,100379
305878,43861.05,2026-07-07 06:38:20,Synthetic payment record,AYA_PAY,PREMIUM,2026-07,11,,PENDING,43861.05,005878,2026-07-10 06:38:20,,202378,100380
305879,32596.94,2026-08-18 21:36:47,Synthetic payment record,BANK_TRANSFER,PREMIUM,2026-08,12,,VERIFIED,32596.94,005879,2026-08-21 21:36:47,synthetic-generator,202379,100381
305880,23540.88,2021-09-27 23:02:58,Synthetic payment record,KBZ_PAY,PREMIUM,2021-09,1,,VERIFIED,23540.88,005880,2021-09-30 23:02:58,synthetic-generator,202380,100382
305881,9379.92,2021-10-16 12:12:48,Synthetic payment record,WAVE_PAY,PREMIUM,2021-10,2,,VERIFIED,9379.92,005881,2021-10-18 12:12:48,synthetic-generator,202381,100383
305882,21038.50,2021-11-04 23:12:49,Synthetic payment record,AYA_PAY,PREMIUM,2021-11,3,,PENDING,21038.50,005882,2021-11-07 23:12:49,,202382,100384
305883,36813.95,2021-12-10 05:58:03,Synthetic payment record,BANK_TRANSFER,PREMIUM,2021-12,4,,VERIFIED,36813.95,005883,2021-12-13 05:58:03,synthetic-generator,202383,100385
305884,5095.98,2022-01-19 22:48:41,Synthetic payment record,KBZ_PAY,PREMIUM,2022-01,5,,VERIFIED,5095.98,005884,2022-01-19 22:48:41,synthetic-generator,202384,100386
305885,14417.14,2022-02-28 15:40:31,Synthetic payment record,WAVE_PAY,PREMIUM,2022-02,6,,VERIFIED,14417.14,005885,2022-03-02 15:40:31,synthetic-generator,202385,100387
305886,17903.91,2022-03-16 05:31:46,Synthetic payment record,AYA_PAY,PREMIUM,2022-03,7,,VERIFIED,17903.91,005886,2022-03-19 05:31:46,synthetic-generator,202386,100388
305887,7229.89,2022-04-13 18:25:17,Synthetic payment record,BANK_TRANSFER,PREMIUM,2022-04,8,,VERIFIED,7229.89,005887,2022-04-14 18:25:17,synthetic-generator,202387,100389
305888,2706.20,2022-05-27 08:25:08,Synthetic payment record,KBZ_PAY,PREMIUM,2022-05,9,,PENDING,2706.20,005888,2022-05-30 08:25:08,,202388,100390
305889,23611.32,2022-06-23 17:58:48,Synthetic payment record,WAVE_PAY,RENEWAL,2022-06,10,,VERIFIED,23611.32,005889,2022-06-23 17:58:48,synthetic-generator,202389,100391
305890,20437.81,2022-07-09 12:07:16,Synthetic payment record,AYA_PAY,PREMIUM,2022-07,11,,PENDING,20437.81,005890,2022-07-12 12:07:16,,202390,100392
305891,34857.48,2022-08-16 17:14:27,Synthetic payment record,BANK_TRANSFER,PREMIUM,2022-08,12,,VERIFIED,34857.48,005891,2022-08-17 17:14:27,synthetic-generator,202391,100393
305892,16057.33,2022-09-21 15:09:47,Synthetic payment record,KBZ_PAY,PREMIUM,2022-09,1,,PENDING,16057.33,005892,2022-09-23 15:09:47,,202392,100394
305893,14351.45,2022-10-13 01:49:18,Synthetic payment record,WAVE_PAY,RENEWAL,2022-10,2,,VERIFIED,14351.45,005893,2022-10-13 01:49:18,synthetic-generator,202393,100395
305894,5356.53,2022-11-23 12:21:55,Synthetic payment record,AYA_PAY,PREMIUM,2022-11,3,,VERIFIED,5356.53,005894,2022-11-25 12:21:55,synthetic-generator,202394,100396
305895,11558.70,2022-12-01 01:44:31,Synthetic payment record,BANK_TRANSFER,CLAIM_PAYOUT,2022-12,4,,VERIFIED,11558.70,005895,2022-12-04 01:44:31,synthetic-generator,202395,100397
305896,7831.11,2023-01-10 13:04:52,Synthetic payment record,KBZ_PAY,RENEWAL,2023-01,5,,REJECTED,7831.11,005896,2023-01-10 13:04:52,,202396,100398
305897,17930.45,2023-02-11 08:33:32,Synthetic payment record,WAVE_PAY,PREMIUM,2023-02,6,,VERIFIED,17930.45,005897,2023-02-12 08:33:32,synthetic-generator,202397,100399
305898,12598.31,2023-03-23 21:19:42,Synthetic payment record,AYA_PAY,PREMIUM,2023-03,7,,VERIFIED,12598.31,005898,2023-03-26 21:19:42,synthetic-generator,202398,100400
305899,52601.66,2023-04-25 20:08:57,Synthetic payment record,BANK_TRANSFER,PREMIUM,2023-04,8,,VERIFIED,52601.66,005899,2023-04-27 20:08:57,synthetic-generator,202399,100401
305900,11195.57,2023-05-27 17:26:03,Synthetic payment record,KBZ_PAY,PREMIUM,2023-05,9,,VERIFIED,11195.57,005900,2023-05-29 17:26:03,synthetic-generator,202400,100402
305901,13043.98,2023-06-03 01:02:31,Synthetic payment record,WAVE_PAY,PREMIUM,2023-06,10,,VERIFIED,13043.98,005901,2023-06-04 01:02:31,synthetic-generator,202401,100403
305902,13044.95,2023-07-19 08:40:41,Synthetic payment record,AYA_PAY,PREMIUM,2023-07,11,,VERIFIED,13044.95,005902,2023-07-19 08:40:41,synthetic-generator,202402,100404
305903,11207.69,2023-08-16 07:13:04,Synthetic payment record,BANK_TRANSFER,PREMIUM,2023-08,12,,VERIFIED,11207.69,005903,2023-08-18 07:13:04,synthetic-generator,202403,100405
305904,24662.08,2023-09-24 20:12:39,Synthetic payment record,KBZ_PAY,PREMIUM,2023-09,1,,VERIFIED,24662.08,005904,2023-09-24 20:12:39,synthetic-generator,202404,100406
305905,5744.80,2023-10-14 11:20:51,Synthetic payment record,WAVE_PAY,PREMIUM,2023-10,2,,VERIFIED,5744.80,005905,2023-10-14 11:20:51,synthetic-generator,202405,100407
305906,7544.48,2023-11-01 20:34:46,Synthetic payment record,AYA_PAY,PREMIUM,2023-11,3,,VERIFIED,7544.48,005906,2023-11-04 20:34:46,synthetic-generator,202406,100408
305907,39321.51,2023-12-11 01:23:03,Synthetic payment record,BANK_TRANSFER,PREMIUM,2023-12,4,,PENDING,39321.51,005907,2023-12-14 01:23:03,,202407,100409
305908,6329.90,2024-01-16 00:15:26,Synthetic payment record,KBZ_PAY,PREMIUM,2024-01,5,,PENDING,6329.90,005908,2024-01-18 00:15:26,,202408,100410
305909,25115.72,2024-02-23 21:22:22,Synthetic payment record,WAVE_PAY,RENEWAL,2024-02,6,,VERIFIED,25115.72,005909,2024-02-24 21:22:22,synthetic-generator,202409,100411
305910,21429.10,2024-03-17 03:14:28,Synthetic payment record,AYA_PAY,CLAIM_PAYOUT,2024-03,7,,VERIFIED,21429.10,005910,2024-03-17 03:14:28,synthetic-generator,202410,100412
305911,50942.67,2024-04-12 15:08:18,Synthetic payment record,BANK_TRANSFER,RENEWAL,2024-04,8,,REJECTED,50942.67,005911,2024-04-15 15:08:18,,202411,100413
305912,4439.41,2024-05-17 12:50:30,Synthetic payment record,KBZ_PAY,PREMIUM,2024-05,9,,VERIFIED,4439.41,005912,2024-05-20 12:50:30,synthetic-generator,202412,100414
305913,3656.63,2024-06-30 22:03:33,Synthetic payment record,WAVE_PAY,PREMIUM,2024-06,10,,VERIFIED,3656.63,005913,2024-07-02 22:03:33,synthetic-generator,202413,100415
305914,48551.17,2024-07-16 12:06:29,Synthetic payment record,AYA_PAY,PREMIUM,2024-07,11,,VERIFIED,48551.17,005914,2024-07-16 12:06:29,synthetic-generator,202414,100416
305915,37844.66,2024-08-15 11:56:23,Synthetic payment record,BANK_TRANSFER,PREMIUM,2024-08,12,,VERIFIED,37844.66,005915,2024-08-15 11:56:23,synthetic-generator,202415,100417
305916,16563.78,2024-09-02 03:32:54,Synthetic payment record,KBZ_PAY,CLAIM_PAYOUT,2024-09,1,,VERIFIED,16563.78,005916,2024-09-05 03:32:54,synthetic-generator,202416,100418
305917,35740.93,2024-10-02 04:30:00,Synthetic payment record,WAVE_PAY,PREMIUM,2024-10,2,,VERIFIED,35740.93,005917,2024-10-03 04:30:00,synthetic-generator,202417,100419
305918,11909.25,2024-11-16 05:54:23,Synthetic payment record,AYA_PAY,PREMIUM,2024-11,3,,VERIFIED,11909.25,005918,2024-11-17 05:54:23,synthetic-generator,202418,100420
305919,11084.77,2024-12-17 06:54:50,Synthetic payment record,BANK_TRANSFER,PREMIUM,2024-12,4,,VERIFIED,11084.77,005919,2024-12-19 06:54:50,synthetic-generator,202419,100421
305920,10456.23,2025-01-04 18:11:41,Synthetic payment record,KBZ_PAY,PREMIUM,2025-01,5,,PENDING,10456.23,005920,2025-01-04 18:11:41,,202420,100422
305921,32299.50,2025-02-16 07:03:01,Synthetic payment record,WAVE_PAY,PREMIUM,2025-02,6,,PENDING,32299.50,005921,2025-02-17 07:03:01,,202421,100423
305922,50899.38,2025-03-14 11:05:57,Synthetic payment record,AYA_PAY,PREMIUM,2025-03,7,,VERIFIED,50899.38,005922,2025-03-17 11:05:57,synthetic-generator,202422,100424
305923,64232.02,2025-04-30 06:34:26,Synthetic payment record,BANK_TRANSFER,PREMIUM,2025-04,8,,VERIFIED,64232.02,005923,2025-05-03 06:34:26,synthetic-generator,202423,100425
305924,5129.24,2025-05-10 06:33:04,Synthetic payment record,KBZ_PAY,PREMIUM,2025-05,9,,VERIFIED,5129.24,005924,2025-05-12 06:33:04,synthetic-generator,202424,100426
305925,21430.19,2025-06-01 03:09:41,Synthetic payment record,WAVE_PAY,PREMIUM,2025-06,10,,VERIFIED,21430.19,005925,2025-06-02 03:09:41,synthetic-generator,202425,100427
305926,34648.39,2025-07-01 04:34:13,Synthetic payment record,AYA_PAY,RENEWAL,2025-07,11,,VERIFIED,34648.39,005926,2025-07-01 04:34:13,synthetic-generator,202426,100428
305927,56448.19,2025-08-28 09:25:12,Synthetic payment record,BANK_TRANSFER,PREMIUM,2025-08,12,,REJECTED,56448.19,005927,2025-08-31 09:25:12,,202427,100429
305928,14322.43,2025-09-07 13:39:24,Synthetic payment record,KBZ_PAY,PREMIUM,2025-09,1,,VERIFIED,14322.43,005928,2025-09-07 13:39:24,synthetic-generator,202428,100430
305929,15513.73,2025-10-26 12:57:54,Synthetic payment record,WAVE_PAY,PREMIUM,2025-10,2,,PENDING,15513.73,005929,2025-10-29 12:57:54,,202429,100431
305930,15560.12,2025-11-16 04:24:04,Synthetic payment record,AYA_PAY,PREMIUM,2025-11,3,,VERIFIED,15560.12,005930,2025-11-16 04:24:04,synthetic-generator,202430,100432
305931,8265.22,2025-12-05 01:42:59,Synthetic payment record,BANK_TRANSFER,PREMIUM,2025-12,4,,VERIFIED,8265.22,005931,2025-12-08 01:42:59,synthetic-generator,202431,100433
305932,4163.69,2026-01-01 18:58:15,Synthetic payment record,KBZ_PAY,PREMIUM,2026-01,5,,PENDING,4163.69,005932,2026-01-03 18:58:15,,202432,100434
305933,39555.56,2026-02-19 09:29:48,Synthetic payment record,WAVE_PAY,PREMIUM,2026-02,6,,VERIFIED,39555.56,005933,2026-02-21 09:29:48,synthetic-generator,202433,100435
305934,49265.44,2026-03-15 10:39:27,Synthetic payment record,AYA_PAY,PREMIUM,2026-03,7,,VERIFIED,49265.44,005934,2026-03-17 10:39:27,synthetic-generator,202434,100436
305935,76077.56,2026-04-29 00:21:02,Synthetic payment record,BANK_TRANSFER,RENEWAL,2026-04,8,,VERIFIED,76077.56,005935,2026-04-30 00:21:02,synthetic-generator,202435,100437
305936,13851.16,2026-05-14 10:02:06,Synthetic payment record,KBZ_PAY,CLAIM_PAYOUT,2026-05,9,,PENDING,13851.16,005936,2026-05-16 10:02:06,,202436,100438
305937,3456.17,2026-06-02 07:18:19,Synthetic payment record,WAVE_PAY,PREMIUM,2026-06,10,,VERIFIED,3456.17,005937,2026-06-03 07:18:19,synthetic-generator,202437,100439
305938,38791.46,2026-07-26 10:36:43,Synthetic payment record,AYA_PAY,RENEWAL,2026-07,11,,VERIFIED,38791.46,005938,2026-07-26 10:36:43,synthetic-generator,202438,100440
305939,22537.31,2026-08-20 13:22:23,Synthetic payment record,BANK_TRANSFER,CLAIM_PAYOUT,2026-08,12,,VERIFIED,22537.31,005939,2026-08-23 13:22:23,synthetic-generator,202439,100441
305940,10381.57,2021-09-05 06:50:38,Synthetic payment record,KBZ_PAY,PREMIUM,2021-09,1,,VERIFIED,10381.57,005940,2021-09-07 06:50:38,synthetic-generator,202440,100442
305941,30240.81,2021-10-24 11:24:49,Synthetic payment record,WAVE_PAY,RENEWAL,2021-10,2,,PENDING,30240.81,005941,2021-10-25 11:24:49,,202441,100443
305942,24334.91,2021-11-08 16:37:27,Synthetic payment record,AYA_PAY,PREMIUM,2021-11,3,,VERIFIED,24334.91,005942,2021-11-10 16:37:27,synthetic-generator,202442,100444
305943,33206.99,2021-12-19 00:29:10,Synthetic payment record,BANK_TRANSFER,PREMIUM,2021-12,4,,VERIFIED,33206.99,005943,2021-12-20 00:29:10,synthetic-generator,202443,100445
305944,10164.69,2022-01-13 01:40:53,Synthetic payment record,KBZ_PAY,PREMIUM,2022-01,5,,VERIFIED,10164.69,005944,2022-01-14 01:40:53,synthetic-generator,202444,100446
305945,5714.75,2022-02-11 14:38:56,Synthetic payment record,WAVE_PAY,PREMIUM,2022-02,6,,VERIFIED,5714.75,005945,2022-02-11 14:38:56,synthetic-generator,202445,100447
305946,33211.22,2022-03-15 22:39:02,Synthetic payment record,AYA_PAY,PREMIUM,2022-03,7,,VERIFIED,33211.22,005946,2022-03-16 22:39:02,synthetic-generator,202446,100448
305947,46731.16,2022-04-21 05:36:40,Synthetic payment record,BANK_TRANSFER,PREMIUM,2022-04,8,,VERIFIED,46731.16,005947,2022-04-24 05:36:40,synthetic-generator,202447,100449
305948,10711.49,2022-05-16 09:55:17,Synthetic payment record,KBZ_PAY,PREMIUM,2022-05,9,,VERIFIED,10711.49,005948,2022-05-18 09:55:17,synthetic-generator,202448,100450
305949,10120.55,2022-06-12 13:23:56,Synthetic payment record,WAVE_PAY,PREMIUM,2022-06,10,,VERIFIED,10120.55,005949,2022-06-13 13:23:56,synthetic-generator,202449,100451
305950,30630.02,2022-07-27 12:02:02,Synthetic payment record,AYA_PAY,PREMIUM,2022-07,11,,VERIFIED,30630.02,005950,2022-07-30 12:02:02,synthetic-generator,202450,100452
305951,30526.23,2022-08-03 01:07:23,Synthetic payment record,BANK_TRANSFER,PREMIUM,2022-08,12,,VERIFIED,30526.23,005951,2022-08-04 01:07:23,synthetic-generator,202451,100453
305952,10420.01,2022-09-07 01:43:23,Synthetic payment record,KBZ_PAY,PREMIUM,2022-09,1,,VERIFIED,10420.01,005952,2022-09-07 01:43:23,synthetic-generator,202452,100454
305953,21426.26,2022-10-22 21:29:53,Synthetic payment record,WAVE_PAY,RENEWAL,2022-10,2,,VERIFIED,21426.26,005953,2022-10-22 21:29:53,synthetic-generator,202453,100455
305954,10819.58,2022-11-29 12:09:50,Synthetic payment record,AYA_PAY,PREMIUM,2022-11,3,,VERIFIED,10819.58,005954,2022-11-29 12:09:50,synthetic-generator,202454,100456
305955,14228.99,2022-12-07 10:22:47,Synthetic payment record,BANK_TRANSFER,PREMIUM,2022-12,4,,VERIFIED,14228.99,005955,2022-12-07 10:22:47,synthetic-generator,202455,100457
305956,19131.44,2023-01-18 16:30:59,Synthetic payment record,KBZ_PAY,PREMIUM,2023-01,5,,VERIFIED,19131.44,005956,2023-01-20 16:30:59,synthetic-generator,202456,100458
305957,15407.94,2023-02-14 01:25:09,Synthetic payment record,WAVE_PAY,PREMIUM,2023-02,6,,VERIFIED,15407.94,005957,2023-02-16 01:25:09,synthetic-generator,202457,100459
305958,22295.53,2023-03-27 04:43:25,Synthetic payment record,AYA_PAY,PREMIUM,2023-03,7,,PENDING,22295.53,005958,2023-03-28 04:43:25,,202458,100460
305959,31656.29,2023-04-08 12:30:13,Synthetic payment record,BANK_TRANSFER,PREMIUM,2023-04,8,,PENDING,31656.29,005959,2023-04-10 12:30:13,,202459,100461
305960,13357.50,2023-05-10 17:59:06,Synthetic payment record,KBZ_PAY,RENEWAL,2023-05,9,,VERIFIED,13357.50,005960,2023-05-11 17:59:06,synthetic-generator,202460,100462
305961,6876.83,2023-06-17 14:41:34,Synthetic payment record,WAVE_PAY,PREMIUM,2023-06,10,,PENDING,6876.83,005961,2023-06-20 14:41:34,,202461,100463
305962,31520.71,2023-07-29 16:53:48,Synthetic payment record,AYA_PAY,PREMIUM,2023-07,11,,VERIFIED,31520.71,005962,2023-07-30 16:53:48,synthetic-generator,202462,100464
305963,19152.35,2023-08-13 08:27:50,Synthetic payment record,BANK_TRANSFER,PREMIUM,2023-08,12,,VERIFIED,19152.35,005963,2023-08-14 08:27:50,synthetic-generator,202463,100465
305964,15641.54,2023-09-19 08:27:47,Synthetic payment record,KBZ_PAY,RENEWAL,2023-09,1,,VERIFIED,15641.54,005964,2023-09-19 08:27:47,synthetic-generator,202464,100466
305965,29423.00,2023-10-10 13:23:20,Synthetic payment record,WAVE_PAY,PREMIUM,2023-10,2,,VERIFIED,29423.00,005965,2023-10-12 13:23:20,synthetic-generator,202465,100467
305966,7590.40,2023-11-30 17:39:22,Synthetic payment record,AYA_PAY,RENEWAL,2023-11,3,,VERIFIED,7590.40,005966,2023-12-03 17:39:22,synthetic-generator,202466,100468
305967,4924.29,2023-12-19 04:54:49,Synthetic payment record,BANK_TRANSFER,PREMIUM,2023-12,4,,VERIFIED,4924.29,005967,2023-12-21 04:54:49,synthetic-generator,202467,100469
305968,4469.67,2024-01-21 07:37:21,Synthetic payment record,KBZ_PAY,PREMIUM,2024-01,5,,PENDING,4469.67,005968,2024-01-23 07:37:21,,202468,100470
305969,26424.15,2024-02-21 15:50:12,Synthetic payment record,WAVE_PAY,PREMIUM,2024-02,6,,VERIFIED,26424.15,005969,2024-02-22 15:50:12,synthetic-generator,202469,100471
305970,19434.92,2024-03-25 12:35:18,Synthetic payment record,AYA_PAY,PREMIUM,2024-03,7,,VERIFIED,19434.92,005970,2024-03-26 12:35:18,synthetic-generator,202470,100472
305971,8644.48,2024-04-16 07:10:23,Synthetic payment record,BANK_TRANSFER,PREMIUM,2024-04,8,,PENDING,8644.48,005971,2024-04-16 07:10:23,,202471,100473
305972,10497.80,2024-05-12 21:47:42,Synthetic payment record,KBZ_PAY,PREMIUM,2024-05,9,,VERIFIED,10497.80,005972,2024-05-15 21:47:42,synthetic-generator,202472,100474
305973,3722.60,2024-06-30 11:14:07,Synthetic payment record,WAVE_PAY,PREMIUM,2024-06,10,,VERIFIED,3722.60,005973,2024-07-02 11:14:07,synthetic-generator,202473,100475
305974,34851.11,2024-07-26 15:44:23,Synthetic payment record,AYA_PAY,PREMIUM,2024-07,11,,VERIFIED,34851.11,005974,2024-07-29 15:44:23,synthetic-generator,202474,100476
305975,8590.63,2024-08-12 04:48:58,Synthetic payment record,BANK_TRANSFER,PREMIUM,2024-08,12,,REJECTED,8590.63,005975,2024-08-13 04:48:58,,202475,100477
305976,18966.08,2024-09-19 18:25:41,Synthetic payment record,KBZ_PAY,CLAIM_PAYOUT,2024-09,1,,VERIFIED,18966.08,005976,2024-09-21 18:25:41,synthetic-generator,202476,100478
305977,12056.08,2024-10-19 16:22:15,Synthetic payment record,WAVE_PAY,PREMIUM,2024-10,2,,VERIFIED,12056.08,005977,2024-10-20 16:22:15,synthetic-generator,202477,100479
305978,20203.03,2024-11-01 06:54:42,Synthetic payment record,AYA_PAY,CLAIM_PAYOUT,2024-11,3,,VERIFIED,20203.03,005978,2024-11-02 06:54:42,synthetic-generator,202478,100480
305979,6846.81,2024-12-30 21:40:21,Synthetic payment record,BANK_TRANSFER,PREMIUM,2024-12,4,,VERIFIED,6846.81,005979,2025-01-02 21:40:21,synthetic-generator,202479,100481
305980,9302.50,2025-01-07 18:39:05,Synthetic payment record,KBZ_PAY,PREMIUM,2025-01,5,,VERIFIED,9302.50,005980,2025-01-07 18:39:05,synthetic-generator,202480,100482
305981,16026.85,2025-02-17 04:16:14,Synthetic payment record,WAVE_PAY,PREMIUM,2025-02,6,,PENDING,16026.85,005981,2025-02-17 04:16:14,,202481,100483
305982,39731.77,2025-03-14 17:41:45,Synthetic payment record,AYA_PAY,PREMIUM,2025-03,7,,VERIFIED,39731.77,005982,2025-03-16 17:41:45,synthetic-generator,202482,100484
305983,21688.88,2025-04-26 17:21:03,Synthetic payment record,BANK_TRANSFER,PREMIUM,2025-04,8,,VERIFIED,21688.88,005983,2025-04-29 17:21:03,synthetic-generator,202483,100485
305984,7163.90,2025-05-02 16:42:02,Synthetic payment record,KBZ_PAY,PREMIUM,2025-05,9,,REJECTED,7163.90,005984,2025-05-02 16:42:02,,202484,100486
305985,10133.14,2025-06-17 16:39:40,Synthetic payment record,WAVE_PAY,CLAIM_PAYOUT,2025-06,10,,VERIFIED,10133.14,005985,2025-06-19 16:39:40,synthetic-generator,202485,100487
305986,39046.71,2025-07-13 21:54:07,Synthetic payment record,AYA_PAY,CLAIM_PAYOUT,2025-07,11,,VERIFIED,39046.71,005986,2025-07-14 21:54:07,synthetic-generator,202486,100488
305987,21284.62,2025-08-19 12:01:32,Synthetic payment record,BANK_TRANSFER,PREMIUM,2025-08,12,,VERIFIED,21284.62,005987,2025-08-20 12:01:32,synthetic-generator,202487,100489
305988,3025.10,2025-09-21 14:54:41,Synthetic payment record,KBZ_PAY,PREMIUM,2025-09,1,,VERIFIED,3025.10,005988,2025-09-22 14:54:41,synthetic-generator,202488,100490
305989,19664.93,2025-10-31 11:49:42,Synthetic payment record,WAVE_PAY,PREMIUM,2025-10,2,,VERIFIED,19664.93,005989,2025-10-31 11:49:42,synthetic-generator,202489,100491
305990,19309.72,2025-11-14 04:07:27,Synthetic payment record,AYA_PAY,RENEWAL,2025-11,3,,VERIFIED,19309.72,005990,2025-11-17 04:07:27,synthetic-generator,202490,100492
305991,33189.09,2025-12-19 22:16:32,Synthetic payment record,BANK_TRANSFER,PREMIUM,2025-12,4,,VERIFIED,33189.09,005991,2025-12-20 22:16:32,synthetic-generator,202491,100493
305992,5891.05,2026-01-09 07:59:17,Synthetic payment record,KBZ_PAY,PREMIUM,2026-01,5,,VERIFIED,5891.05,005992,2026-01-10 07:59:17,synthetic-generator,202492,100494
305993,12025.73,2026-02-13 03:51:07,Synthetic payment record,WAVE_PAY,PREMIUM,2026-02,6,,VERIFIED,12025.73,005993,2026-02-15 03:51:07,synthetic-generator,202493,100495
305994,52326.64,2026-03-18 10:55:05,Synthetic payment record,AYA_PAY,PREMIUM,2026-03,7,,VERIFIED,52326.64,005994,2026-03-20 10:55:05,synthetic-generator,202494,100496
305995,75932.15,2026-04-08 13:57:09,Synthetic payment record,BANK_TRANSFER,PREMIUM,2026-04,8,,REJECTED,75932.15,005995,2026-04-10 13:57:09,,202495,100497
305996,7452.95,2026-05-26 18:25:35,Synthetic payment record,KBZ_PAY,PREMIUM,2026-05,9,,VERIFIED,7452.95,005996,2026-05-28 18:25:35,synthetic-generator,202496,100498
305997,22866.60,2026-06-18 14:33:24,Synthetic payment record,WAVE_PAY,PREMIUM,2026-06,10,,PENDING,22866.60,005997,2026-06-19 14:33:24,,202497,100499
305998,32027.78,2026-07-03 18:23:23,Synthetic payment record,AYA_PAY,PREMIUM,2026-07,11,,REJECTED,32027.78,005998,2026-07-03 18:23:23,,202498,100500
305999,27257.71,2026-08-13 10:53:41,Synthetic payment record,BANK_TRANSFER,RENEWAL,2026-08,12,,VERIFIED,27257.71,005999,2026-08-16 10:53:41,synthetic-generator,202499,100501
