id,active,address,created_at,email,insurance_type,name,password,phone,profile_picture,role,updated_at
100000,0,"Synthetic Township 1, Myanmar",2021-12-03 09:57:48,synthetic.admin.000001@example.invalid,,Synthetic Admin 000001,!SYNTHETIC-NO-LOGIN!,+959000000001,,ADMIN,2022-03-22 09:57:48
100001,1,"Synthetic Township 2, Myanmar",2025-01-20 22:26:52,synthetic.agent.000002@example.invalid,HEALTH,Synthetic Agent 000002,!SYNTHETIC-NO-LOGIN!,+959000000002,,AGENT,2025-05-06 22:26:52
100002,1,"Synthetic Township 3, Myanmar",2024-10-10 07:02:30,synthetic.agent.000003@example.invalid,MOTOR,Synthetic Agent 000003,!SYNTHETIC-NO-LOGIN!,+959000000003,,AGENT,2024-11-02 07:02:30
100003,1,"Synthetic Township 4, Myanmar",2025-05-22 14:37:22,synthetic.agent.000004@example.invalid,TRAVEL,Synthetic Agent 000004,!SYNTHETIC-NO-LOGIN!,+959000000004,,AGENT,2025-06-13 14:37:22
100004,1,"Synthetic Township 5, Myanmar",2022-08-20 06:02:18,synthetic.agent.000005@example.invalid,PROPERTY,Synthetic Agent 000005,!SYNTHETIC-NO-LOGIN!,+959000000005,,AGENT,2022-09-23 06:02:18
100005,1,"Synthetic Township 6, Myanmar",2025-06-05 14:44:35,synthetic.agent.000006@example.invalid,PERSONAL_ACCIDENT,Synthetic Agent 000006,!SYNTHETIC-NO-LOGIN!,+959000000006,,AGENT,2025-06-27 14:44:35
100006,1,"Synthetic Township 7, Myanmar",2024-02-20 17:46:43,synthetic.agent.000007@example.invalid,LIFE,Synthetic Agent 000007,!SYNTHETIC-NO-LOGIN!,+959000000007,,AGENT,2024-02-28 17:46:43
100007,1,"Synthetic Township 8, Myanmar",2024-03-20 07:21:45,synthetic.agent.000008@example.invalid,HEALTH,Synthetic Agent 000008,!SYNTHETIC-NO-LOGIN!,+959000000008,,AGENT,2024-05-18 07:21:45
100008,1,"Synthetic Township 9, Myanmar",2023-11-20 04:40:22,synthetic.agent.000009@example.invalid,MOTOR,Synthetic Agent 000009,!SYNTHETIC-NO-LOGIN!,+959000000009,,AGENT,2024-01-01 04:40:22
100009,1,"Synthetic Township 10, Myanmar",2022-05-10 03:34:00,synthetic.agent.000010@example.invalid,TRAVEL,Synthetic Agent 000010,!SYNTHETIC-NO-LOGIN!,+959000000010,,AGENT,2022-08-11 03:34:00
100010,1,"Synthetic Township 11, Myanmar",2025-03-29 18:50:03,synthetic.agent.000011@example.invalid,PROPERTY,Synthetic Agent 000011,!SYNTHETIC-NO-LOGIN!,+959000000011,,AGENT,2025-06-26 18:50:03
100011,1,"Synthetic Township 12, Myanmar",2022-08-12 14:32:04,synthetic.agent.000012@example.invalid,PERSONAL_ACCIDENT,Synthetic Agent 000012,!SYNTHETIC-NO-LOGIN!,+959000000012,,AGENT,2022-09-28 14:32:04
100012,1,"Synthetic Township 13, Myanmar",2024-01-21 10:23:12,synthetic.agent.000013@example.invalid,LIFE,Synthetic Agent 000013,!SYNTHETIC-NO-LOGIN!,+959000000013,,AGENT,2024-03-03 10:23:12
100013,1,"Synthetic Township 14, Myanmar",2026-02-12 11:27:05,synthetic.agent.000014@example.invalid,HEALTH,Synthetic Agent 000014,!SYNTHETIC-NO-LOGIN!,+959000000014,,AGENT,2026-05-29 11:27:05
100014,1,"Synthetic Township 15, Myanmar",2023-02-21 16:33:06,synthetic.agent.000015@example.invalid,MOTOR,Synthetic Agent 000015,!SYNTHETIC-NO-LOGIN!,+959000000015,,AGENT,2023-04-17 16:33:06
100015,1,"Synthetic Township 16, Myanmar",2023-09-12 06:35:23,synthetic.agent.000016@example.invalid,TRAVEL,Synthetic Agent 000016,!SYNTHETIC-NO-LOGIN!,+959000000016,,AGENT,2023-10-16 06:35:23
100016,1,"Synthetic Township 17, Myanmar",2023-11-09 20:22:18,synthetic.agent.000017@example.invalid,PROPERTY,Synthetic Agent 000017,!SYNTHETIC-NO-LOGIN!,+959000000017,,AGENT,2023-12-01 20:22:18
100017,1,"Synthetic Township 18, Myanmar",2024-04-15 23:23:47,synthetic.agent.000018@example.invalid,PERSONAL_ACCIDENT,Synthetic Agent 000018,!SYNTHETIC-NO-LOGIN!,+959000000018,,AGENT,2024-06-17 23:23:47
100018,1,"Synthetic Township 19, Myanmar",2026-07-04 19:51:22,synthetic.agent.000019@example.invalid,LIFE,Synthetic Agent 000019,!SYNTHETIC-NO-LOGIN!,+959000000019,,AGENT,2026-07-27 19:51:22
100019,1,"Synthetic Township 20, Myanmar",2022-07-16 13:50:48,synthetic.agent.000020@example.invalid,HEALTH,Synthetic Agent 000020,!SYNTHETIC-NO-LOGIN!,+959000000020,,AGENT,2022-10-02 13:50:48
100020,1,"Synthetic Township 21, Myanmar",2023-01-30 05:22:19,synthetic.agent.000021@example.invalid,MOTOR,Synthetic Agent 000021,!SYNTHETIC-NO-LOGIN!,+959000000021,,AGENT,2023-03-27 05:22:19
100021,1,"Synthetic Township 22, Myanmar",2024-02-02 20:16:18,synthetic.agent.000022@example.invalid,TRAVEL,Synthetic Agent 000022,!SYNTHETIC-NO-LOGIN!,+959000000022,,AGENT,2024-05-20 20:16:18
100022,1,"Synthetic Township 23, Myanmar",2024-05-08 23:39:53,synthetic.agent.000023@example.invalid,PROPERTY,Synthetic Agent 000023,!SYNTHETIC-NO-LOGIN!,+959000000023,,AGENT,2024-05-21 23:39:53
100023,1,"Synthetic Township 24, Myanmar",2022-04-13 04:31:54,synthetic.agent.000024@example.invalid,PERSONAL_ACCIDENT,Synthetic Agent 000024,!SYNTHETIC-NO-LOGIN!,+959000000024,,AGENT,2022-06-26 04:31:54
100024,1,"Synthetic Township 25, Myanmar",2026-07-23 15:04:00,synthetic.agent.000025@example.invalid,LIFE,Synthetic Agent 000025,!SYNTHETIC-NO-LOGIN!,+959000000025,,AGENT,2026-09-10 15:04:00
100025,1,"Synthetic Township 26, Myanmar",2023-12-02 18:31:03,synthetic.agent.000026@example.invalid,HEALTH,Synthetic Agent 000026,!SYNTHETIC-NO-LOGIN!,+959000000026,,AGENT,2023-12-31 18:31:03
100026,1,"Synthetic Township 27, Myanmar",2026-01-05 03:33:51,synthetic.agent.000027@example.invalid,MOTOR,Synthetic Agent 000027,!SYNTHETIC-NO-LOGIN!,+959000000027,,AGENT,2026-05-05 03:33:51
100027,1,"Synthetic Township 28, Myanmar",2026-02-22 12:45:02,synthetic.agent.000028@example.invalid,TRAVEL,Synthetic Agent 000028,!SYNTHETIC-NO-LOGIN!,+959000000028,,AGENT,2026-06-04 12:45:02
100028,1,"Synthetic Township 29, Myanmar",2023-07-16 14:42:46,synthetic.agent.000029@example.invalid,PROPERTY,Synthetic Agent 000029,!SYNTHETIC-NO-LOGIN!,+959000000029,,AGENT,2023-09-23 14:42:46
100029,1,"Synthetic Township 30, Myanmar",2023-03-22 21:50:48,synthetic.agent.000030@example.invalid,PERSONAL_ACCIDENT,Synthetic Agent 000030,!SYNTHETIC-NO-LOGIN!,+959000000030,,AGENT,2023-07-10 21:50:48
100030,1,"Synthetic Township 31, Myanmar",2022-04-10 07:25:17,synthetic.agent.000031@example.invalid,LIFE,Synthetic Agent 000031,!SYNTHETIC-NO-LOGIN!,+959000000031,,AGENT,2022-07-23 07:25:17
100031,1,"Synthetic Township 32, Myanmar",2026-04-12 14:52:26,synthetic.agent.000032@example.invalid,HEALTH,Synthetic Agent 000032,!SYNTHETIC-NO-LOGIN!,+959000000032,,AGENT,2026-04-13 14:52:26
100032,1,"Synthetic Township 33, Myanmar",2026-05-17 02:59:04,synthetic.agent.000033@example.invalid,MOTOR,Synthetic Agent 000033,!SYNTHETIC-NO-LOGIN!,+959000000033,,AGENT,2026-06-12 02:59:04
100033,1,"Synthetic Township 34, Myanmar",2024-12-19 07:27:48,synthetic.agent.000034@example.invalid,TRAVEL,Synthetic Agent 000034,!SYNTHETIC-NO-LOGIN!,+959000000034,,AGENT,2025-03-27 07:27:48
100034,1,"Synthetic Township 35, Myanmar",2023-04-28 20:33:10,synthetic.agent.000035@example.invalid,PROPERTY,Synthetic Agent 000035,!SYNTHETIC-NO-LOGIN!,+959000000035,,AGENT,2023-05-31 20:33:10
100035,1,"Synthetic Township 36, Myanmar",2022-06-23 15:20:57,synthetic.agent.000036@example.invalid,PERSONAL_ACCIDENT,Synthetic Agent 000036,!SYNTHETIC-NO-LOGIN!,+959000000036,,AGENT,2022-08-06 15:20:57
100036,1,"Synthetic Township 37, Myanmar",2022-07-11 18:37:26,synthetic.agent.000037@example.invalid,LIFE,Synthetic Agent 000037,!SYNTHETIC-NO-LOGIN!,+959000000037,,AGENT,2022-10-10 18:37:26
100037,0,"Synthetic Township 38, Myanmar",2023-11-25 09:38:49,synthetic.agent.000038@example.invalid,HEALTH,Synthetic Agent 000038,!SYNTHETIC-NO-LOGIN!,+959000000038,,AGENT,2024-02-14 09:38:49
100038,1,"Synthetic Township 39, Myanmar",2022-05-01 02:57:06,synthetic.agent.000039@example.invalid,MOTOR,Synthetic Agent 000039,!SYNTHETIC-NO-LOGIN!,+959000000039,,AGENT,2022-07-01 02:57:06
100039,1,"Synthetic Township 40, Myanmar",2022-12-10 11:20:08,synthetic.agent.000040@example.invalid,TRAVEL,Synthetic Agent 000040,!SYNTHETIC-NO-LOGIN!,+959000000040,,AGENT,2023-02-21 11:20:08
100040,1,"Synthetic Township 41, Myanmar",2025-11-30 02:09:59,synthetic.agent.000041@example.invalid,PROPERTY,Synthetic Agent 000041,!SYNTHETIC-NO-LOGIN!,+959000000041,,AGENT,2026-03-07 02:09:59
100041,1,"Synthetic Township 42, Myanmar",2023-02-10 20:46:48,synthetic.agent.000042@example.invalid,PERSONAL_ACCIDENT,Synthetic Agent 000042,!SYNTHETIC-NO-LOGIN!,+959000000042,,AGENT,2023-04-10 20:46:48
100042,1,"Synthetic Township 43, Myanmar",2022-04-10 17:24:39,synthetic.agent.000043@example.invalid,LIFE,Synthetic Agent 000043,!SYNTHETIC-NO-LOGIN!,+959000000043,,AGENT,2022-07-07 17:24:39
100043,1,"Synthetic Township 44, Myanmar",2026-04-16 21:07:14,synthetic.agent.000044@example.invalid,HEALTH,Synthetic Agent 000044,!SYNTHETIC-NO-LOGIN!,+959000000044,,AGENT,2026-04-18 21:07:14
100044,1,"Synthetic Township 45, Myanmar",2022-05-26 19:12:43,synthetic.agent.000045@example.invalid,MOTOR,Synthetic Agent 000045,!SYNTHETIC-NO-LOGIN!,+959000000045,,AGENT,2022-06-19 19:12:43
100045,1,"Synthetic Township 46, Myanmar",2024-01-25 11:10:59,synthetic.agent.000046@example.invalid,TRAVEL,Synthetic Agent 000046,!SYNTHETIC-NO-LOGIN!,+959000000046,,AGENT,2024-04-06 11:10:59
100046,1,"Synthetic Township 47, Myanmar",2023-01-20 21:21:31,synthetic.agent.000047@example.invalid,PROPERTY,Synthetic Agent 000047,!SYNTHETIC-NO-LOGIN!,+959000000047,,AGENT,2023-05-06 21:21:31
100047,1,"Synthetic Township 48, Myanmar",2022-06-24 11:27:32,synthetic.agent.000048@example.invalid,PERSONAL_ACCIDENT,Synthetic Agent 000048,!SYNTHETIC-NO-LOGIN!,+959000000048,,AGENT,2022-09-02 11:27:32
100048,1,"Synthetic Township 49, Myanmar",2025-05-02 21:41:19,synthetic.agent.000049@example.invalid,LIFE,Synthetic Agent 000049,!SYNTHETIC-NO-LOGIN!,+959000000049,,AGENT,2025-06-27 21:41:19
100049,1,"Synthetic Township 50, Myanmar",2024-10-15 16:06:47,synthetic.agent.000050@example.invalid,HEALTH,Synthetic Agent 000050,!SYNTHETIC-NO-LOGIN!,+959000000050,,AGENT,2025-01-29 16:06:47
100050,1,"Synthetic Township 51, Myanmar",2025-01-27 22:18:04,synthetic.agent.000051@example.invalid,MOTOR,Synthetic Agent 000051,!SYNTHETIC-NO-LOGIN!,+959000000051,,AGENT,2025-02-01 22:18:04
100051,1,"Synthetic Township 52, Myanmar",2023-05-02 01:43:08,synthetic.agent.000052@example.invalid,TRAVEL,Synthetic Agent 000052,!SYNTHETIC-NO-LOGIN!,+959000000052,,AGENT,2023-07-28 01:43:08
100052,1,"Synthetic Township 53, Myanmar",2024-06-28 03:02:36,synthetic.agent.000053@example.invalid,PROPERTY,Synthetic Agent 000053,!SYNTHETIC-NO-LOGIN!,+959000000053,,AGENT,2024-10-04 03:02:36
100053,1,"Synthetic Township 54, Myanmar",2022-01-09 21:31:16,synthetic.agent.000054@example.invalid,PERSONAL_ACCIDENT,Synthetic Agent 000054,!SYNTHETIC-NO-LOGIN!,+959000000054,,AGENT,2022-03-08 21:31:16
100054,1,"Synthetic Township 55, Myanmar",2024-02-21 09:57:47,synthetic.agent.000055@example.invalid,LIFE,Synthetic Agent 000055,!SYNTHETIC-NO-LOGIN!,+959000000055,,AGENT,2024-04-04 09:57:47
100055,1,"Synthetic Township 56, Myanmar",2025-12-24 19:49:07,synthetic.agent.000056@example.invalid,HEALTH,Synthetic Agent 000056,!SYNTHETIC-NO-LOGIN!,+959000000056,,AGENT,2026-01-01 19:49:07
100056,1,"Synthetic Township 57, Myanmar",2024-11-03 00:13:43,synthetic.agent.000057@example.invalid,MOTOR,Synthetic Agent 000057,!SYNTHETIC-NO-LOGIN!,+959000000057,,AGENT,2024-12-05 00:13:43
100057,1,"Synthetic Township 58, Myanmar",2024-04-25 21:46:33,synthetic.agent.000058@example.invalid,TRAVEL,Synthetic Agent 000058,!SYNTHETIC-NO-LOGIN!,+959000000058,,AGENT,2024-05-18 21:46:33
100058,1,"Synthetic Township 59, Myanmar",2025-01-21 02:23:57,synthetic.agent.000059@example.invalid,PROPERTY,Synthetic Agent 000059,!SYNTHETIC-NO-LOGIN!,+959000000059,,AGENT,2025-02-16 02:23:57
100059,1,"Synthetic Township 60, Myanmar",2026-02-17 02:38:30,synthetic.agent.000060@example.invalid,PERSONAL_ACCIDENT,Synthetic Agent 000060,!SYNTHETIC-NO-LOGIN!,+959000000060,,AGENT,2026-04-23 02:38:30
100060,1,"Synthetic Township 1, Myanmar",2024-05-10 18:36:29,synthetic.agent.000061@example.invalid,LIFE,Synthetic Agent 000061,!SYNTHETIC-NO-LOGIN!,+959000000061,,AGENT,2024-07-28 18:36:29
100061,1,"Synthetic Township 2, Myanmar",2023-07-18 21:33:43,synthetic.agent.000062@example.invalid,HEALTH,Synthetic Agent 000062,!SYNTHETIC-NO-LOGIN!,+959000000062,,AGENT,2023-10-29 21:33:43
100062,1,"Synthetic Township 3, Myanmar",2024-04-13 22:02:47,synthetic.agent.000063@example.invalid,MOTOR,Synthetic Agent 000063,!SYNTHETIC-NO-LOGIN!,+959000000063,,AGENT,2024-07-24 22:02:47
100063,1,"Synthetic Township 4, Myanmar",2025-12-11 22:55:31,synthetic.agent.000064@example.invalid,TRAVEL,Synthetic Agent 000064,!SYNTHETIC-NO-LOGIN!,+959000000064,,AGENT,2026-04-05 22:55:31
100064,1,"Synthetic Township 5, Myanmar",2026-08-31 00:59:02,synthetic.agent.000065@example.invalid,PROPERTY,Synthetic Agent 000065,!SYNTHETIC-NO-LOGIN!,+959000000065,,AGENT,2026-09-02 00:59:02
100065,1,"Synthetic Township 6, Myanmar",2021-09-12 16:47:07,synthetic.agent.000066@example.invalid,PERSONAL_ACCIDENT,Synthetic Agent 000066,!SYNTHETIC-NO-LOGIN!,+959000000066,,AGENT,2021-10-28 16:47:07
100066,1,"Synthetic Township 7, Myanmar",2022-02-17 04:30:35,synthetic.agent.000067@example.invalid,LIFE,Synthetic Agent 000067,!SYNTHETIC-NO-LOGIN!,+959000000067,,AGENT,2022-04-12 04:30:35
100067,1,"Synthetic Township 8, Myanmar",2023-01-20 12:58:26,synthetic.agent.000068@example.invalid,HEALTH,Synthetic Agent 000068,!SYNTHETIC-NO-LOGIN!,+959000000068,,AGENT,2023-05-17 12:58:26
100068,1,"Synthetic Township 9, Myanmar",2025-10-20 11:19:05,synthetic.agent.000069@example.invalid,MOTOR,Synthetic Agent 000069,!SYNTHETIC-NO-LOGIN!,+959000000069,,AGENT,2025-11-09 11:19:05
100069,1,"Synthetic Township 10, Myanmar",2021-10-04 04:57:25,synthetic.agent.000070@example.invalid,TRAVEL,Synthetic Agent 000070,!SYNTHETIC-NO-LOGIN!,+959000000070,,AGENT,2021-11-29 04:57:25
100070,1,"Synthetic Township 11, Myanmar",2022-01-10 10:11:12,synthetic.agent.000071@example.invalid,PROPERTY,Synthetic Agent 000071,!SYNTHETIC-NO-LOGIN!,+959000000071,,AGENT,2022-02-26 10:11:12
100071,1,"Synthetic Township 12, Myanmar",2025-12-21 13:59:39,synthetic.agent.000072@example.invalid,PERSONAL_ACCIDENT,Synthetic Agent 000072,!SYNTHETIC-NO-LOGIN!,+959000000072,,AGENT,2026-02-24 13:59:39
100072,1,"Synthetic Township 13, Myanmar",2025-01-18 02:17:30,synthetic.agent.000073@example.invalid,LIFE,Synthetic Agent 000073,!SYNTHETIC-NO-LOGIN!,+959000000073,,AGENT,2025-03-25 02:17:30
100073,1,"Synthetic Township 14, Myanmar",2024-07-22 09:17:18,synthetic.agent.000074@example.invalid,HEALTH,Synthetic Agent 000074,!SYNTHETIC-NO-LOGIN!,+959000000074,,AGENT,2024-10-28 09:17:18
100074,0,"Synthetic Township 15, Myanmar",2022-12-12 14:41:23,synthetic.agent.000075@example.invalid,MOTOR,Synthetic Agent 000075,!SYNTHETIC-NO-LOGIN!,+959000000075,,AGENT,2023-01-11 14:41:23
100075,1,"Synthetic Township 16, Myanmar",2022-04-30 20:49:26,synthetic.agent.000076@example.invalid,TRAVEL,Synthetic Agent 000076,!SYNTHETIC-NO-LOGIN!,+959000000076,,AGENT,2022-05-15 20:49:26
100076,1,"Synthetic Township 17, Myanmar",2024-01-14 04:22:18,synthetic.agent.000077@example.invalid,PROPERTY,Synthetic Agent 000077,!SYNTHETIC-NO-LOGIN!,+959000000077,,AGENT,2024-01-27 04:22:18
100077,1,"Synthetic Township 18, Myanmar",2026-08-20 05:40:05,synthetic.agent.000078@example.invalid,PERSONAL_ACCIDENT,Synthetic Agent 000078,!SYNTHETIC-NO-LOGIN!,+959000000078,,AGENT,2026-12-15 05:40:05
100078,1,"Synthetic Township 19, Myanmar",2024-12-16 12:33:53,synthetic.agent.000079@example.invalid,LIFE,Synthetic Agent 000079,!SYNTHETIC-NO-LOGIN!,+959000000079,,AGENT,2025-03-24 12:33:53
100079,1,"Synthetic Township 20, Myanmar",2025-09-12 13:43:59,synthetic.agent.000080@example.invalid,HEALTH,Synthetic Agent 000080,!SYNTHETIC-NO-LOGIN!,+959000000080,,AGENT,2025-11-09 13:43:59
100080,1,"Synthetic Township 21, Myanmar",2022-05-27 03:22:34,synthetic.agent.000081@example.invalid,MOTOR,Synthetic Agent 000081,!SYNTHETIC-NO-LOGIN!,+959000000081,,AGENT,2022-06-16 03:22:34
100081,1,"Synthetic Township 22, Myanmar",2025-02-15 16:46:25,synthetic.agent.000082@example.invalid,TRAVEL,Synthetic Agent 000082,!SYNTHETIC-NO-LOGIN!,+959000000082,,AGENT,2025-04-29 16:46:25
100082,1,"Synthetic Township 23, Myanmar",2025-11-28 19:23:17,synthetic.agent.000083@example.invalid,PROPERTY,Synthetic Agent 000083,!SYNTHETIC-NO-LOGIN!,+959000000083,,AGENT,2026-03-07 19:23:17
100083,1,"Synthetic Township 24, Myanmar",2025-12-10 03:44:02,synthetic.agent.000084@example.invalid,PERSONAL_ACCIDENT,Synthetic Agent 000084,!SYNTHETIC-NO-LOGIN!,+959000000084,,AGENT,2026-03-26 03:44:02
100084,1,"Synthetic Township 25, Myanmar",2025-11-15 05:53:58,synthetic.agent.000085@example.invalid,LIFE,Synthetic Agent 000085,!SYNTHETIC-NO-LOGIN!,+959000000085,,AGENT,2026-01-02 05:53:58
100085,1,"Synthetic Township 26, Myanmar",2024-04-25 02:06:12,synthetic.agent.000086@example.invalid,HEALTH,Synthetic Agent 000086,!SYNTHETIC-NO-LOGIN!,+959000000086,,AGENT,2024-05-30 02:06:12
100086,1,"Synthetic Township 27, Myanmar",2022-07-08 01:02:10,synthetic.agent.000087@example.invalid,MOTOR,Synthetic Agent 000087,!SYNTHETIC-NO-LOGIN!,+959000000087,,AGENT,2022-08-09 01:02:10
100087,1,"Synthetic Township 28, Myanmar",2025-02-03 11:08:20,synthetic.agent.000088@example.invalid,TRAVEL,Synthetic Agent 000088,!SYNTHETIC-NO-LOGIN!,+959000000088,,AGENT,2025-05-01 11:08:20
100088,1,"Synthetic Township 29, Myanmar",2023-10-20 13:03:47,synthetic.agent.000089@example.invalid,PROPERTY,Synthetic Agent 000089,!SYNTHETIC-NO-LOGIN!,+959000000089,,AGENT,2023-11-10 13:03:47
100089,1,"Synthetic Township 30, Myanmar",2023-07-22 12:31:40,synthetic.agent.000090@example.invalid,PERSONAL_ACCIDENT,Synthetic Agent 000090,!SYNTHETIC-NO-LOGIN!,+959000000090,,AGENT,2023-11-08 12:31:40
100090,1,"Synthetic Township 31, Myanmar",2024-01-14 04:22:24,synthetic.agent.000091@example.invalid,LIFE,Synthetic Agent 000091,!SYNTHETIC-NO-LOGIN!,+959000000091,,AGENT,2024-01-21 04:22:24
100091,1,"Synthetic Township 32, Myanmar",2023-03-31 09:44:28,synthetic.agent.000092@example.invalid,HEALTH,Synthetic Agent 000092,!SYNTHETIC-NO-LOGIN!,+959000000092,,AGENT,2023-07-11 09:44:28
100092,1,"Synthetic Township 33, Myanmar",2026-08-21 10:05:46,synthetic.agent.000093@example.invalid,MOTOR,Synthetic Agent 000093,!SYNTHETIC-NO-LOGIN!,+959000000093,,AGENT,2026-10-14 10:05:46
100093,1,"Synthetic Township 34, Myanmar",2025-01-01 18:45:24,synthetic.agent.000094@example.invalid,TRAVEL,Synthetic Agent 000094,!SYNTHETIC-NO-LOGIN!,+959000000094,,AGENT,2025-05-01 18:45:24
100094,1,"Synthetic Township 35, Myanmar",2024-08-13 07:59:11,synthetic.agent.000095@example.invalid,PROPERTY,Synthetic Agent 000095,!SYNTHETIC-NO-LOGIN!,+959000000095,,AGENT,2024-10-04 07:59:11
100095,1,"Synthetic Township 36, Myanmar",2024-06-25 09:38:02,synthetic.agent.000096@example.invalid,PERSONAL_ACCIDENT,Synthetic Agent 000096,!SYNTHETIC-NO-LOGIN!,+959000000096,,AGENT,2024-08-15 09:38:02
100096,1,"Synthetic Township 37, Myanmar",2026-06-06 08:27:18,synthetic.agent.000097@example.invalid,LIFE,Synthetic Agent 000097,!SYNTHETIC-NO-LOGIN!,+959000000097,,AGENT,2026-08-01 08:27:18
100097,1,"Synthetic Township 38, Myanmar",2026-05-10 08:03:14,synthetic.agent.000098@example.invalid,HEALTH,Synthetic Agent 000098,!SYNTHETIC-NO-LOGIN!,+959000000098,,AGENT,2026-07-08 08:03:14
100098,1,"Synthetic Township 39, Myanmar",2022-12-21 15:57:22,synthetic.agent.000099@example.invalid,MOTOR,Synthetic Agent 000099,!SYNTHETIC-NO-LOGIN!,+959000000099,,AGENT,2023-01-03 15:57:22
100099,1,"Synthetic Township 40, Myanmar",2024-05-07 06:31:17,synthetic.agent.000100@example.invalid,TRAVEL,Synthetic Agent 000100,!SYNTHETIC-NO-LOGIN!,+959000000100,,AGENT,2024-07-06 06:31:17
100100,1,"Synthetic Township 41, Myanmar",2023-04-06 04:35:18,synthetic.agent.000101@example.invalid,PROPERTY,Synthetic Agent 000101,!SYNTHETIC-NO-LOGIN!,+959000000101,,AGENT,2023-07-16 04:35:18
100101,1,"Synthetic Township 42, Myanmar",2025-12-20 05:04:44,synthetic.agent.000102@example.invalid,PERSONAL_ACCIDENT,Synthetic Agent 000102,!SYNTHETIC-NO-LOGIN!,+959000000102,,AGENT,2026-01-06 05:04:44
100102,1,"Synthetic Township 43, Myanmar",2025-09-07 11:24:26,synthetic.agent.000103@example.invalid,LIFE,Synthetic Agent 000103,!SYNTHETIC-NO-LOGIN!,+959000000103,,AGENT,2025-10-17 11:24:26
100103,1,"Synthetic Township 44, Myanmar",2025-09-08 03:18:01,synthetic.agent.000104@example.invalid,HEALTH,Synthetic Agent 000104,!SYNTHETIC-NO-LOGIN!,+959000000104,,AGENT,2025-10-01 03:18:01
100104,1,"Synthetic Township 45, Myanmar",2026-05-18 04:28:40,synthetic.agent.000105@example.invalid,MOTOR,Synthetic Agent 000105,!SYNTHETIC-NO-LOGIN!,+959000000105,,AGENT,2026-07-17 04:28:40
100105,1,"Synthetic Township 46, Myanmar",2024-05-26 08:48:18,synthetic.agent.000106@example.invalid,TRAVEL,Synthetic Agent 000106,!SYNTHETIC-NO-LOGIN!,+959000000106,,AGENT,2024-09-18 08:48:18
100106,1,"Synthetic Township 47, Myanmar",2023-05-21 16:06:01,synthetic.agent.000107@example.invalid,PROPERTY,Synthetic Agent 000107,!SYNTHETIC-NO-LOGIN!,+959000000107,,AGENT,2023-08-19 16:06:01
100107,1,"Synthetic Township 48, Myanmar",2021-12-29 11:23:52,synthetic.agent.000108@example.invalid,PERSONAL_ACCIDENT,Synthetic Agent 000108,!SYNTHETIC-NO-LOGIN!,+959000000108,,AGENT,2022-01-22 11:23:52
100108,1,"Synthetic Township 49, Myanmar",2025-06-19 07:45:37,synthetic.agent.000109@example.invalid,LIFE,Synthetic Agent 000109,!SYNTHETIC-NO-LOGIN!,+959000000109,,AGENT,2025-07-27 07:45:37
100109,1,"Synthetic Township 50, Myanmar",2023-01-04 16:34:48,synthetic.agent.000110@example.invalid,HEALTH,Synthetic Agent 000110,!SYNTHETIC-NO-LOGIN!,+959000000110,,AGENT,2023-04-03 16:34:48
100110,1,"Synthetic Township 51, Myanmar",2023-06-24 13:42:26,synthetic.agent.000111@example.invalid,MOTOR,Synthetic Agent 000111,!SYNTHETIC-NO-LOGIN!,+959000000111,,AGENT,2023-09-27 13:42:26
100111,0,"Synthetic Township 52, Myanmar",2026-01-20 04:06:07,synthetic.agent.000112@example.invalid,TRAVEL,Synthetic Agent 000112,!SYNTHETIC-NO-LOGIN!,+959000000112,,AGENT,2026-04-18 04:06:07
100112,1,"Synthetic Township 53, Myanmar",2022-02-03 07:20:41,synthetic.agent.000113@example.invalid,PROPERTY,Synthetic Agent 000113,!SYNTHETIC-NO-LOGIN!,+959000000113,,AGENT,2022-03-04 07:20:41
100113,1,"Synthetic Township 54, Myanmar",2024-03-22 18:57:33,synthetic.agent.000114@example.invalid,PERSONAL_ACCIDENT,Synthetic Agent 000114,!SYNTHETIC-NO-LOGIN!,+959000000114,,AGENT,2024-05-10 18:57:33
100114,1,"Synthetic Township 55, Myanmar",2022-08-27 21:01:02,synthetic.agent.000115@example.invalid,LIFE,Synthetic Agent 000115,!SYNTHETIC-NO-LOGIN!,+959000000115,,AGENT,2022-12-10 21:01:02
100115,1,"Synthetic Township 56, Myanmar",2023-06-06 05:58:18,synthetic.agent.000116@example.invalid,HEALTH,Synthetic Agent 000116,!SYNTHETIC-NO-LOGIN!,+959000000116,,AGENT,2023-07-20 05:58:18
100116,1,"Synthetic Township 57, Myanmar",2022-10-09 08:04:57,synthetic.agent.000117@example.invalid,MOTOR,Synthetic Agent 000117,!SYNTHETIC-NO-LOGIN!,+959000000117,,AGENT,2023-01-20 08:04:57
100117,1,"Synthetic Township 58, Myanmar",2021-09-21 21:54:26,synthetic.agent.000118@example.invalid,TRAVEL,Synthetic Agent 000118,!SYNTHETIC-NO-LOGIN!,+959000000118,,AGENT,2021-09-22 21:54:26
100118,1,"Synthetic Township 59, Myanmar",2022-04-17 08:53:00,synthetic.agent.000119@example.invalid,PROPERTY,Synthetic Agent 000119,!SYNTHETIC-NO-LOGIN!,+959000000119,,AGENT,2022-07-11 08:53:00
100119,1,"Synthetic Township 60, Myanmar",2024-03-14 22:17:53,synthetic.agent.000120@example.invalid,PERSONAL_ACCIDENT,Synthetic Agent 000120,!SYNTHETIC-NO-LOGIN!,+959000000120,,AGENT,2024-06-18 22:17:53
100120,1,"Synthetic Township 1, Myanmar",2023-05-29 22:39:10,synthetic.agent.000121@example.invalid,LIFE,Synthetic Agent 000121,!SYNTHETIC-NO-LOGIN!,+959000000121,,AGENT,2023-09-07 22:39:10
100121,1,"Synthetic Township 2, Myanmar",2023-06-18 22:06:51,synthetic.agent.000122@example.invalid,HEALTH,Synthetic Agent 000122,!SYNTHETIC-NO-LOGIN!,+959000000122,,AGENT,2023-10-08 22:06:51
100122,1,"Synthetic Township 3, Myanmar",2024-04-23 08:53:22,synthetic.agent.000123@example.invalid,MOTOR,Synthetic Agent 000123,!SYNTHETIC-NO-LOGIN!,+959000000123,,AGENT,2024-07-20 08:53:22
100123,1,"Synthetic Township 4, Myanmar",2022-07-21 10:42:13,synthetic.agent.000124@example.invalid,TRAVEL,Synthetic Agent 000124,!SYNTHETIC-NO-LOGIN!,+959000000124,,AGENT,2022-09-22 10:42:13
100124,1,"Synthetic Township 5, Myanmar",2022-08-06 00:11:23,synthetic.agent.000125@example.invalid,PROPERTY,Synthetic Agent 000125,!SYNTHETIC-NO-LOGIN!,+959000000125,,AGENT,2022-08-21 00:11:23
100125,1,"Synthetic Township 6, Myanmar",2025-08-16 04:12:27,synthetic.agent.000126@example.invalid,PERSONAL_ACCIDENT,Synthetic Agent 000126,!SYNTHETIC-NO-LOGIN!,+959000000126,,AGENT,2025-11-24 04:12:27
100126,1,"Synthetic Township 7, Myanmar",2024-01-12 23:19:28,synthetic.agent.000127@example.invalid,LIFE,Synthetic Agent 000127,!SYNTHETIC-NO-LOGIN!,+959000000127,,AGENT,2024-02-04 23:19:28
100127,1,"Synthetic Township 8, Myanmar",2022-08-25 00:53:02,synthetic.agent.000128@example.invalid,HEALTH,Synthetic Agent 000128,!SYNTHETIC-NO-LOGIN!,+959000000128,,AGENT,2022-10-08 00:53:02
100128,1,"Synthetic Township 9, Myanmar",2021-12-29 05:23:51,synthetic.agent.000129@example.invalid,MOTOR,Synthetic Agent 000129,!SYNTHETIC-NO-LOGIN!,+959000000129,,AGENT,2022-01-20 05:23:51
100129,1,"Synthetic Township 10, Myanmar",2025-11-21 11:14:03,synthetic.agent.000130@example.invalid,TRAVEL,Synthetic Agent 000130,!SYNTHETIC-NO-LOGIN!,+959000000130,,AGENT,2025-12-19 11:14:03
100130,1,"Synthetic Township 11, Myanmar",2024-06-05 21:44:55,synthetic.agent.000131@example.invalid,PROPERTY,Synthetic Agent 000131,!SYNTHETIC-NO-LOGIN!,+959000000131,,AGENT,2024-08-31 21:44:55
100131,1,"Synthetic Township 12, Myanmar",2023-04-03 05:00:53,synthetic.agent.000132@example.invalid,PERSONAL_ACCIDENT,Synthetic Agent 000132,!SYNTHETIC-NO-LOGIN!,+959000000132,,AGENT,2023-04-14 05:00:53
100132,1,"Synthetic Township 13, Myanmar",2026-05-23 03:28:52,synthetic.agent.000133@example.invalid,LIFE,Synthetic Agent 000133,!SYNTHETIC-NO-LOGIN!,+959000000133,,AGENT,2026-07-02 03:28:52
100133,1,"Synthetic Township 14, Myanmar",2022-03-28 06:39:50,synthetic.agent.000134@example.invalid,HEALTH,Synthetic Agent 000134,!SYNTHETIC-NO-LOGIN!,+959000000134,,AGENT,2022-06-08 06:39:50
100134,1,"Synthetic Township 15, Myanmar",2022-01-24 02:01:39,synthetic.agent.000135@example.invalid,MOTOR,Synthetic Agent 000135,!SYNTHETIC-NO-LOGIN!,+959000000135,,AGENT,2022-04-30 02:01:39
100135,1,"Synthetic Township 16, Myanmar",2023-11-27 01:54:18,synthetic.agent.000136@example.invalid,TRAVEL,Synthetic Agent 000136,!SYNTHETIC-NO-LOGIN!,+959000000136,,AGENT,2024-02-14 01:54:18
100136,1,"Synthetic Township 17, Myanmar",2025-06-14 05:23:06,synthetic.agent.000137@example.invalid,PROPERTY,Synthetic Agent 000137,!SYNTHETIC-NO-LOGIN!,+959000000137,,AGENT,2025-07-05 05:23:06
100137,1,"Synthetic Township 18, Myanmar",2023-10-31 04:24:23,synthetic.agent.000138@example.invalid,PERSONAL_ACCIDENT,Synthetic Agent 000138,!SYNTHETIC-NO-LOGIN!,+959000000138,,AGENT,2024-02-26 04:24:23
100138,1,"Synthetic Township 19, Myanmar",2023-11-04 18:02:55,synthetic.agent.000139@example.invalid,LIFE,Synthetic Agent 000139,!SYNTHETIC-NO-LOGIN!,+959000000139,,AGENT,2023-12-24 18:02:55
100139,1,"Synthetic Township 20, Myanmar",2024-07-01 04:40:12,synthetic.agent.000140@example.invalid,HEALTH,Synthetic Agent 000140,!SYNTHETIC-NO-LOGIN!,+959000000140,,AGENT,2024-08-28 04:40:12
100140,1,"Synthetic Township 21, Myanmar",2026-05-04 19:22:43,synthetic.agent.000141@example.invalid,MOTOR,Synthetic Agent 000141,!SYNTHETIC-NO-LOGIN!,+959000000141,,AGENT,2026-05-24 19:22:43
100141,1,"Synthetic Township 22, Myanmar",2023-05-27 22:44:10,synthetic.agent.000142@example.invalid,TRAVEL,Synthetic Agent 000142,!SYNTHETIC-NO-LOGIN!,+959000000142,,AGENT,2023-09-21 22:44:10
100142,1,"Synthetic Township 23, Myanmar",2025-05-13 02:47:12,synthetic.agent.000143@example.invalid,PROPERTY,Synthetic Agent 000143,!SYNTHETIC-NO-LOGIN!,+959000000143,,AGENT,2025-06-12 02:47:12
100143,1,"Synthetic Township 24, Myanmar",2023-08-12 22:04:48,synthetic.agent.000144@example.invalid,PERSONAL_ACCIDENT,Synthetic Agent 000144,!SYNTHETIC-NO-LOGIN!,+959000000144,,AGENT,2023-09-16 22:04:48
100144,1,"Synthetic Township 25, Myanmar",2023-07-18 06:17:39,synthetic.agent.000145@example.invalid,LIFE,Synthetic Agent 000145,!SYNTHETIC-NO-LOGIN!,+959000000145,,AGENT,2023-08-24 06:17:39
100145,1,"Synthetic Township 26, Myanmar",2021-12-18 18:37:24,synthetic.agent.000146@example.invalid,HEALTH,Synthetic Agent 000146,!SYNTHETIC-NO-LOGIN!,+959000000146,,AGENT,2022-01-18 18:37:24
100146,1,"Synthetic Township 27, Myanmar",2023-09-27 08:56:04,synthetic.agent.000147@example.invalid,MOTOR,Synthetic Agent 000147,!SYNTHETIC-NO-LOGIN!,+959000000147,,AGENT,2023-11-07 08:56:04
100147,1,"Synthetic Township 28, Myanmar",2025-09-20 15:48:51,synthetic.agent.000148@example.invalid,TRAVEL,Synthetic Agent 000148,!SYNTHETIC-NO-LOGIN!,+959000000148,,AGENT,2025-10-11 15:48:51
100148,0,"Synthetic Township 29, Myanmar",2022-11-20 19:47:12,synthetic.agent.000149@example.invalid,PROPERTY,Synthetic Agent 000149,!SYNTHETIC-NO-LOGIN!,+959000000149,,AGENT,2022-12-27 19:47:12
100149,1,"Synthetic Township 30, Myanmar",2022-06-23 15:18:36,synthetic.agent.000150@example.invalid,PERSONAL_ACCIDENT,Synthetic Agent 000150,!SYNTHETIC-NO-LOGIN!,+959000000150,,AGENT,2022-10-17 15:18:36
100150,1,"Synthetic Township 31, Myanmar",2024-09-25 14:26:34,synthetic.agent.000151@example.invalid,LIFE,Synthetic Agent 000151,!SYNTHETIC-NO-LOGIN!,+959000000151,,AGENT,2025-01-12 14:26:34
100151,1,"Synthetic Township 32, Myanmar",2025-05-20 02:55:11,synthetic.agent.000152@example.invalid,HEALTH,Synthetic Agent 000152,!SYNTHETIC-NO-LOGIN!,+959000000152,,AGENT,2025-08-28 02:55:11
100152,1,"Synthetic Township 33, Myanmar",2025-05-20 22:54:18,synthetic.agent.000153@example.invalid,MOTOR,Synthetic Agent 000153,!SYNTHETIC-NO-LOGIN!,+959000000153,,AGENT,2025-07-17 22:54:18
100153,1,"Synthetic Township 34, Myanmar",2023-08-08 08:03:12,synthetic.agent.000154@example.invalid,TRAVEL,Synthetic Agent 000154,!SYNTHETIC-NO-LOGIN!,+959000000154,,AGENT,2023-09-20 08:03:12
100154,1,"Synthetic Township 35, Myanmar",2026-01-12 19:50:54,synthetic.agent.000155@example.invalid,PROPERTY,Synthetic Agent 000155,!SYNTHETIC-NO-LOGIN!,+959000000155,,AGENT,2026-04-18 19:50:54
100155,1,"Synthetic Township 36, Myanmar",2025-05-18 12:45:05,synthetic.agent.000156@example.invalid,PERSONAL_ACCIDENT,Synthetic Agent 000156,!SYNTHETIC-NO-LOGIN!,+959000000156,,AGENT,2025-08-10 12:45:05
100156,1,"Synthetic Township 37, Myanmar",2024-05-10 16:23:57,synthetic.agent.000157@example.invalid,LIFE,Synthetic Agent 000157,!SYNTHETIC-NO-LOGIN!,+959000000157,,AGENT,2024-07-19 16:23:57
100157,1,"Synthetic Township 38, Myanmar",2025-08-27 02:57:30,synthetic.agent.000158@example.invalid,HEALTH,Synthetic Agent 000158,!SYNTHETIC-NO-LOGIN!,+959000000158,,AGENT,2025-09-25 02:57:30
100158,1,"Synthetic Township 39, Myanmar",2022-03-16 21:43:47,synthetic.agent.000159@example.invalid,MOTOR,Synthetic Agent 000159,!SYNTHETIC-NO-LOGIN!,+959000000159,,AGENT,2022-04-25 21:43:47
100159,1,"Synthetic Township 40, Myanmar",2023-03-22 00:30:07,synthetic.agent.000160@example.invalid,TRAVEL,Synthetic Agent 000160,!SYNTHETIC-NO-LOGIN!,+959000000160,,AGENT,2023-06-06 00:30:07
100160,1,"Synthetic Township 41, Myanmar",2023-04-30 05:53:48,synthetic.agent.000161@example.invalid,PROPERTY,Synthetic Agent 000161,!SYNTHETIC-NO-LOGIN!,+959000000161,,AGENT,2023-07-28 05:53:48
100161,1,"Synthetic Township 42, Myanmar",2021-12-02 18:23:38,synthetic.agent.000162@example.invalid,PERSONAL_ACCIDENT,Synthetic Agent 000162,!SYNTHETIC-NO-LOGIN!,+959000000162,,AGENT,2022-01-08 18:23:38
100162,1,"Synthetic Township 43, Myanmar",2024-12-01 02:48:44,synthetic.agent.000163@example.invalid,LIFE,Synthetic Agent 000163,!SYNTHETIC-NO-LOGIN!,+959000000163,,AGENT,2025-02-28 02:48:44
100163,1,"Synthetic Township 44, Myanmar",2025-12-25 18:26:44,synthetic.agent.000164@example.invalid,HEALTH,Synthetic Agent 000164,!SYNTHETIC-NO-LOGIN!,+959000000164,,AGENT,2026-03-25 18:26:44
100164,1,"Synthetic Township 45, Myanmar",2023-06-18 16:58:04,synthetic.agent.000165@example.invalid,MOTOR,Synthetic Agent 000165,!SYNTHETIC-NO-LOGIN!,+959000000165,,AGENT,2023-08-19 16:58:04
100165,1,"Synthetic Township 46, Myanmar",2025-04-04 07:16:50,synthetic.agent.000166@example.invalid,TRAVEL,Synthetic Agent 000166,!SYNTHETIC-NO-LOGIN!,+959000000166,,AGENT,2025-04-21 07:16:50
100166,1,"Synthetic Township 47, Myanmar",2024-05-18 20:09:31,synthetic.agent.000167@example.invalid,PROPERTY,Synthetic Agent 000167,!SYNTHETIC-NO-LOGIN!,+959000000167,,AGENT,2024-07-20 20:09:31
100167,1,"Synthetic Township 48, Myanmar",2023-11-07 08:27:47,synthetic.agent.000168@example.invalid,PERSONAL_ACCIDENT,Synthetic Agent 000168,!SYNTHETIC-NO-LOGIN!,+959000000168,,AGENT,2023-11-28 08:27:47
100168,1,"Synthetic Township 49, Myanmar",2025-10-11 18:06:42,synthetic.agent.000169@example.invalid,LIFE,Synthetic Agent 000169,!SYNTHETIC-NO-LOGIN!,+959000000169,,AGENT,2025-10-28 18:06:42
100169,1,"Synthetic Township 50, Myanmar",2026-08-12 06:05:54,synthetic.agent.000170@example.invalid,HEALTH,Synthetic Agent 000170,!SYNTHETIC-NO-LOGIN!,+959000000170,,AGENT,2026-10-30 06:05:54
100170,1,"Synthetic Township 51, Myanmar",2023-06-18 23:33:46,synthetic.agent.000171@example.invalid,MOTOR,Synthetic Agent 000171,!SYNTHETIC-NO-LOGIN!,+959000000171,,AGENT,2023-08-01 23:33:46
100171,1,"Synthetic Township 52, Myanmar",2022-04-12 22:33:31,synthetic.agent.000172@example.invalid,TRAVEL,Synthetic Agent 000172,!SYNTHETIC-NO-LOGIN!,+959000000172,,AGENT,2022-04-28 22:33:31
100172,1,"Synthetic Township 53, Myanmar",2024-04-04 08:07:49,synthetic.agent.000173@example.invalid,PROPERTY,Synthetic Agent 000173,!SYNTHETIC-NO-LOGIN!,+959000000173,,AGENT,2024-06-08 08:07:49
100173,1,"Synthetic Township 54, Myanmar",2025-09-01 04:56:40,synthetic.agent.000174@example.invalid,PERSONAL_ACCIDENT,Synthetic Agent 000174,!SYNTHETIC-NO-LOGIN!,+959000000174,,AGENT,2025-12-19 04:56:40
100174,1,"Synthetic Township 55, Myanmar",2026-04-26 15:07:49,synthetic.agent.000175@example.invalid,LIFE,Synthetic Agent 000175,!SYNTHETIC-NO-LOGIN!,+959000000175,,AGENT,2026-05-03 15:07:49
100175,1,"Synthetic Township 56, Myanmar",2021-12-25 01:38:11,synthetic.agent.000176@example.invalid,HEALTH,Synthetic Agent 000176,!SYNTHETIC-NO-LOGIN!,+959000000176,,AGENT,2022-03-22 01:38:11
100176,1,"Synthetic Township 57, Myanmar",2024-05-19 02:33:36,synthetic.agent.000177@example.invalid,MOTOR,Synthetic Agent 000177,!SYNTHETIC-NO-LOGIN!,+959000000177,,AGENT,2024-06-09 02:33:36
100177,1,"Synthetic Township 58, Myanmar",2024-09-26 07:27:25,synthetic.agent.000178@example.invalid,TRAVEL,Synthetic Agent 000178,!SYNTHETIC-NO-LOGIN!,+959000000178,,AGENT,2024-11-18 07:27:25
100178,1,"Synthetic Township 59, Myanmar",2023-11-23 05:49:59,synthetic.agent.000179@example.invalid,PROPERTY,Synthetic Agent 000179,!SYNTHETIC-NO-LOGIN!,+959000000179,,AGENT,2023-12-18 05:49:59
100179,1,"Synthetic Township 60, Myanmar",2022-11-05 12:40:03,synthetic.agent.000180@example.invalid,PERSONAL_ACCIDENT,Synthetic Agent 000180,!SYNTHETIC-NO-LOGIN!,+959000000180,,AGENT,2023-01-23 12:40:03
100180,1,"Synthetic Township 1, Myanmar",2025-02-16 08:12:34,synthetic.agent.000181@example.invalid,LIFE,Synthetic Agent 000181,!SYNTHETIC-NO-LOGIN!,+959000000181,,AGENT,2025-04-10 08:12:34
100181,1,"Synthetic Township 2, Myanmar",2024-09-13 12:45:01,synthetic.agent.000182@example.invalid,HEALTH,Synthetic Agent 000182,!SYNTHETIC-NO-LOGIN!,+959000000182,,AGENT,2024-12-27 12:45:01
100182,1,"Synthetic Township 3, Myanmar",2024-07-16 02:42:09,synthetic.agent.000183@example.invalid,MOTOR,Synthetic Agent 000183,!SYNTHETIC-NO-LOGIN!,+959000000183,,AGENT,2024-09-09 02:42:09
100183,1,"Synthetic Township 4, Myanmar",2022-12-17 14:16:34,synthetic.agent.000184@example.invalid,TRAVEL,Synthetic Agent 000184,!SYNTHETIC-NO-LOGIN!,+959000000184,,AGENT,2023-01-15 14:16:34
100184,1,"Synthetic Township 5, Myanmar",2023-02-04 20:10:16,synthetic.agent.000185@example.invalid,PROPERTY,Synthetic Agent 000185,!SYNTHETIC-NO-LOGIN!,+959000000185,,AGENT,2023-03-15 20:10:16
100185,0,"Synthetic Township 6, Myanmar",2024-08-22 14:26:24,synthetic.agent.000186@example.invalid,PERSONAL_ACCIDENT,Synthetic Agent 000186,!SYNTHETIC-NO-LOGIN!,+959000000186,,AGENT,2024-11-18 14:26:24
100186,1,"Synthetic Township 7, Myanmar",2022-04-16 10:29:40,synthetic.agent.000187@example.invalid,LIFE,Synthetic Agent 000187,!SYNTHETIC-NO-LOGIN!,+959000000187,,AGENT,2022-04-17 10:29:40
100187,1,"Synthetic Township 8, Myanmar",2024-06-27 19:46:21,synthetic.agent.000188@example.invalid,HEALTH,Synthetic Agent 000188,!SYNTHETIC-NO-LOGIN!,+959000000188,,AGENT,2024-07-27 19:46:21
100188,1,"Synthetic Township 9, Myanmar",2023-04-26 01:23:40,synthetic.agent.000189@example.invalid,MOTOR,Synthetic Agent 000189,!SYNTHETIC-NO-LOGIN!,+959000000189,,AGENT,2023-07-08 01:23:40
100189,1,"Synthetic Township 10, Myanmar",2025-09-30 01:24:43,synthetic.agent.000190@example.invalid,TRAVEL,Synthetic Agent 000190,!SYNTHETIC-NO-LOGIN!,+959000000190,,AGENT,2025-10-26 01:24:43
100190,1,"Synthetic Township 11, Myanmar",2024-06-22 13:42:52,synthetic.agent.000191@example.invalid,PROPERTY,Synthetic Agent 000191,!SYNTHETIC-NO-LOGIN!,+959000000191,,AGENT,2024-07-31 13:42:52
100191,1,"Synthetic Township 12, Myanmar",2025-11-19 04:30:59,synthetic.agent.000192@example.invalid,PERSONAL_ACCIDENT,Synthetic Agent 000192,!SYNTHETIC-NO-LOGIN!,+959000000192,,AGENT,2026-03-12 04:30:59
100192,1,"Synthetic Township 13, Myanmar",2024-11-06 14:21:35,synthetic.agent.000193@example.invalid,LIFE,Synthetic Agent 000193,!SYNTHETIC-NO-LOGIN!,+959000000193,,AGENT,2025-01-31 14:21:35
100193,1,"Synthetic Township 14, Myanmar",2026-07-27 11:01:46,synthetic.agent.000194@example.invalid,HEALTH,Synthetic Agent 000194,!SYNTHETIC-NO-LOGIN!,+959000000194,,AGENT,2026-10-27 11:01:46
100194,1,"Synthetic Township 15, Myanmar",2023-04-16 09:14:38,synthetic.agent.000195@example.invalid,MOTOR,Synthetic Agent 000195,!SYNTHETIC-NO-LOGIN!,+959000000195,,AGENT,2023-06-24 09:14:38
100195,1,"Synthetic Township 16, Myanmar",2022-03-29 22:34:02,synthetic.agent.000196@example.invalid,TRAVEL,Synthetic Agent 000196,!SYNTHETIC-NO-LOGIN!,+959000000196,,AGENT,2022-04-08 22:34:02
100196,1,"Synthetic Township 17, Myanmar",2022-03-21 16:10:48,synthetic.agent.000197@example.invalid,PROPERTY,Synthetic Agent 000197,!SYNTHETIC-NO-LOGIN!,+959000000197,,AGENT,2022-06-05 16:10:48
100197,1,"Synthetic Township 18, Myanmar",2023-09-07 14:22:17,synthetic.agent.000198@example.invalid,PERSONAL_ACCIDENT,Synthetic Agent 000198,!SYNTHETIC-NO-LOGIN!,+959000000198,,AGENT,2023-12-26 14:22:17
100198,1,"Synthetic Township 19, Myanmar",2023-09-17 14:16:04,synthetic.agent.000199@example.invalid,LIFE,Synthetic Agent 000199,!SYNTHETIC-NO-LOGIN!,+959000000199,,AGENT,2023-10-28 14:16:04
100199,1,"Synthetic Township 20, Myanmar",2023-01-03 22:31:05,synthetic.agent.000200@example.invalid,HEALTH,Synthetic Agent 000200,!SYNTHETIC-NO-LOGIN!,+959000000200,,AGENT,2023-03-01 22:31:05
100200,1,"Synthetic Township 21, Myanmar",2024-12-07 02:33:01,synthetic.agent.000201@example.invalid,MOTOR,Synthetic Agent 000201,!SYNTHETIC-NO-LOGIN!,+959000000201,,AGENT,2025-02-10 02:33:01
100201,1,"Synthetic Township 22, Myanmar",2021-12-12 15:23:03,synthetic.agent.000202@example.invalid,TRAVEL,Synthetic Agent 000202,!SYNTHETIC-NO-LOGIN!,+959000000202,,AGENT,2022-02-12 15:23:03
100202,1,"Synthetic Township 23, Myanmar",2025-01-15 12:32:44,synthetic.agent.000203@example.invalid,PROPERTY,Synthetic Agent 000203,!SYNTHETIC-NO-LOGIN!,+959000000203,,AGENT,2025-02-01 12:32:44
100203,1,"Synthetic Township 24, Myanmar",2026-04-12 23:28:08,synthetic.agent.000204@example.invalid,PERSONAL_ACCIDENT,Synthetic Agent 000204,!SYNTHETIC-NO-LOGIN!,+959000000204,,AGENT,2026-05-16 23:28:08
100204,1,"Synthetic Township 25, Myanmar",2022-02-23 01:56:20,synthetic.agent.000205@example.invalid,LIFE,Synthetic Agent 000205,!SYNTHETIC-NO-LOGIN!,+959000000205,,AGENT,2022-03-22 01:56:20
100205,1,"Synthetic Township 26, Myanmar",2021-11-12 10:20:50,synthetic.agent.000206@example.invalid,HEALTH,Synthetic Agent 000206,!SYNTHETIC-NO-LOGIN!,+959000000206,,AGENT,2021-11-30 10:20:50
100206,1,"Synthetic Township 27, Myanmar",2025-08-12 06:51:09,synthetic.agent.000207@example.invalid,MOTOR,Synthetic Agent 000207,!SYNTHETIC-NO-LOGIN!,+959000000207,,AGENT,2025-08-25 06:51:09
100207,1,"Synthetic Township 28, Myanmar",2024-06-18 02:37:24,synthetic.agent.000208@example.invalid,TRAVEL,Synthetic Agent 000208,!SYNTHETIC-NO-LOGIN!,+959000000208,,AGENT,2024-08-13 02:37:24
100208,1,"Synthetic Township 29, Myanmar",2023-06-30 13:38:01,synthetic.agent.000209@example.invalid,PROPERTY,Synthetic Agent 000209,!SYNTHETIC-NO-LOGIN!,+959000000209,,AGENT,2023-10-23 13:38:01
100209,1,"Synthetic Township 30, Myanmar",2025-06-12 17:19:39,synthetic.agent.000210@example.invalid,PERSONAL_ACCIDENT,Synthetic Agent 000210,!SYNTHETIC-NO-LOGIN!,+959000000210,,AGENT,2025-09-29 17:19:39
100210,1,"Synthetic Township 31, Myanmar",2025-05-02 19:50:44,synthetic.agent.000211@example.invalid,LIFE,Synthetic Agent 000211,!SYNTHETIC-NO-LOGIN!,+959000000211,,AGENT,2025-05-15 19:50:44
100211,1,"Synthetic Township 32, Myanmar",2026-06-17 00:27:14,synthetic.agent.000212@example.invalid,HEALTH,Synthetic Agent 000212,!SYNTHETIC-NO-LOGIN!,+959000000212,,AGENT,2026-08-20 00:27:14
100212,1,"Synthetic Township 33, Myanmar",2024-02-11 18:53:41,synthetic.agent.000213@example.invalid,MOTOR,Synthetic Agent 000213,!SYNTHETIC-NO-LOGIN!,+959000000213,,AGENT,2024-04-05 18:53:41
100213,1,"Synthetic Township 34, Myanmar",2021-09-13 19:01:32,synthetic.agent.000214@example.invalid,TRAVEL,Synthetic Agent 000214,!SYNTHETIC-NO-LOGIN!,+959000000214,,AGENT,2022-01-04 19:01:32
100214,1,"Synthetic Township 35, Myanmar",2024-04-27 19:12:58,synthetic.agent.000215@example.invalid,PROPERTY,Synthetic Agent 000215,!SYNTHETIC-NO-LOGIN!,+959000000215,,AGENT,2024-06-11 19:12:58
100215,1,"Synthetic Township 36, Myanmar",2023-02-01 09:56:26,synthetic.agent.000216@example.invalid,PERSONAL_ACCIDENT,Synthetic Agent 000216,!SYNTHETIC-NO-LOGIN!,+959000000216,,AGENT,2023-04-09 09:56:26
100216,1,"Synthetic Township 37, Myanmar",2025-04-27 16:50:31,synthetic.agent.000217@example.invalid,LIFE,Synthetic Agent 000217,!SYNTHETIC-NO-LOGIN!,+959000000217,,AGENT,2025-07-13 16:50:31
100217,1,"Synthetic Township 38, Myanmar",2025-01-09 10:50:39,synthetic.agent.000218@example.invalid,HEALTH,Synthetic Agent 000218,!SYNTHETIC-NO-LOGIN!,+959000000218,,AGENT,2025-03-11 10:50:39
100218,1,"Synthetic Township 39, Myanmar",2026-03-06 12:41:15,synthetic.agent.000219@example.invalid,MOTOR,Synthetic Agent 000219,!SYNTHETIC-NO-LOGIN!,+959000000219,,AGENT,2026-04-08 12:41:15
100219,1,"Synthetic Township 40, Myanmar",2025-10-24 10:18:32,synthetic.agent.000220@example.invalid,TRAVEL,Synthetic Agent 000220,!SYNTHETIC-NO-LOGIN!,+959000000220,,AGENT,2026-02-13 10:18:32
100220,1,"Synthetic Township 41, Myanmar",2025-11-04 16:59:57,synthetic.agent.000221@example.invalid,PROPERTY,Synthetic Agent 000221,!SYNTHETIC-NO-LOGIN!,+959000000221,,AGENT,2025-11-23 16:59:57
100221,1,"Synthetic Township 42, Myanmar",2022-11-17 21:41:02,synthetic.agent.000222@example.invalid,PERSONAL_ACCIDENT,Synthetic Agent 000222,!SYNTHETIC-NO-LOGIN!,+959000000222,,AGENT,2023-03-12 21:41:02
100222,0,"Synthetic Township 43, Myanmar",2021-09-23 05:09:31,synthetic.agent.000223@example.invalid,LIFE,Synthetic Agent 000223,!SYNTHETIC-NO-LOGIN!,+959000000223,,AGENT,2021-12-22 05:09:31
100223,1,"Synthetic Township 44, Myanmar",2025-02-17 18:02:05,synthetic.agent.000224@example.invalid,HEALTH,Synthetic Agent 000224,!SYNTHETIC-NO-LOGIN!,+959000000224,,AGENT,2025-04-09 18:02:05
100224,1,"Synthetic Township 45, Myanmar",2025-10-23 04:20:01,synthetic.agent.000225@example.invalid,MOTOR,Synthetic Agent 000225,!SYNTHETIC-NO-LOGIN!,+959000000225,,AGENT,2025-11-07 04:20:01
100225,1,"Synthetic Township 46, Myanmar",2023-04-12 04:18:31,synthetic.agent.000226@example.invalid,TRAVEL,Synthetic Agent 000226,!SYNTHETIC-NO-LOGIN!,+959000000226,,AGENT,2023-05-14 04:18:31
100226,1,"Synthetic Township 47, Myanmar",2022-02-13 05:45:57,synthetic.agent.000227@example.invalid,PROPERTY,Synthetic Agent 000227,!SYNTHETIC-NO-LOGIN!,+959000000227,,AGENT,2022-02-19 05:45:57
100227,1,"Synthetic Township 48, Myanmar",2025-03-21 10:33:32,synthetic.agent.000228@example.invalid,PERSONAL_ACCIDENT,Synthetic Agent 000228,!SYNTHETIC-NO-LOGIN!,+959000000228,,AGENT,2025-04-02 10:33:32
100228,1,"Synthetic Township 49, Myanmar",2022-11-28 04:42:57,synthetic.agent.000229@example.invalid,LIFE,Synthetic Agent 000229,!SYNTHETIC-NO-LOGIN!,+959000000229,,AGENT,2022-12-14 04:42:57
100229,1,"Synthetic Township 50, Myanmar",2022-03-07 22:26:48,synthetic.agent.000230@example.invalid,HEALTH,Synthetic Agent 000230,!SYNTHETIC-NO-LOGIN!,+959000000230,,AGENT,2022-06-28 22:26:48
100230,1,"Synthetic Township 51, Myanmar",2025-03-06 05:55:43,synthetic.agent.000231@example.invalid,MOTOR,Synthetic Agent 000231,!SYNTHETIC-NO-LOGIN!,+959000000231,,AGENT,2025-04-18 05:55:43
100231,1,"Synthetic Township 52, Myanmar",2022-04-02 15:29:45,synthetic.agent.000232@example.invalid,TRAVEL,Synthetic Agent 000232,!SYNTHETIC-NO-LOGIN!,+959000000232,,AGENT,2022-06-18 15:29:45
100232,1,"Synthetic Township 53, Myanmar",2025-02-03 22:36:12,synthetic.agent.000233@example.invalid,PROPERTY,Synthetic Agent 000233,!SYNTHETIC-NO-LOGIN!,+959000000233,,AGENT,2025-02-22 22:36:12
100233,1,"Synthetic Township 54, Myanmar",2024-08-11 09:28:35,synthetic.agent.000234@example.invalid,PERSONAL_ACCIDENT,Synthetic Agent 000234,!SYNTHETIC-NO-LOGIN!,+959000000234,,AGENT,2024-11-11 09:28:35
100234,1,"Synthetic Township 55, Myanmar",2022-03-06 15:01:34,synthetic.agent.000235@example.invalid,LIFE,Synthetic Agent 000235,!SYNTHETIC-NO-LOGIN!,+959000000235,,AGENT,2022-03-20 15:01:34
100235,1,"Synthetic Township 56, Myanmar",2025-05-30 14:23:00,synthetic.agent.000236@example.invalid,HEALTH,Synthetic Agent 000236,!SYNTHETIC-NO-LOGIN!,+959000000236,,AGENT,2025-08-04 14:23:00
100236,1,"Synthetic Township 57, Myanmar",2024-05-26 18:42:46,synthetic.agent.000237@example.invalid,MOTOR,Synthetic Agent 000237,!SYNTHETIC-NO-LOGIN!,+959000000237,,AGENT,2024-07-02 18:42:46
100237,1,"Synthetic Township 58, Myanmar",2025-04-19 00:34:00,synthetic.agent.000238@example.invalid,TRAVEL,Synthetic Agent 000238,!SYNTHETIC-NO-LOGIN!,+959000000238,,AGENT,2025-05-25 00:34:00
100238,1,"Synthetic Township 59, Myanmar",2025-06-04 23:13:53,synthetic.agent.000239@example.invalid,PROPERTY,Synthetic Agent 000239,!SYNTHETIC-NO-LOGIN!,+959000000239,,AGENT,2025-06-15 23:13:53
100239,1,"Synthetic Township 60, Myanmar",2023-07-07 17:12:21,synthetic.agent.000240@example.invalid,PERSONAL_ACCIDENT,Synthetic Agent 000240,!SYNTHETIC-NO-LOGIN!,+959000000240,,AGENT,2023-10-22 17:12:21
100240,1,"Synthetic Township 1, Myanmar",2026-06-13 14:34:07,synthetic.agent.000241@example.invalid,LIFE,Synthetic Agent 000241,!SYNTHETIC-NO-LOGIN!,+959000000241,,AGENT,2026-08-30 14:34:07
100241,1,"Synthetic Township 2, Myanmar",2021-11-09 15:49:09,synthetic.agent.000242@example.invalid,HEALTH,Synthetic Agent 000242,!SYNTHETIC-NO-LOGIN!,+959000000242,,AGENT,2022-03-07 15:49:09
100242,1,"Synthetic Township 3, Myanmar",2024-08-29 11:54:23,synthetic.agent.000243@example.invalid,MOTOR,Synthetic Agent 000243,!SYNTHETIC-NO-LOGIN!,+959000000243,,AGENT,2024-10-06 11:54:23
100243,1,"Synthetic Township 4, Myanmar",2024-05-18 22:57:18,synthetic.agent.000244@example.invalid,TRAVEL,Synthetic Agent 000244,!SYNTHETIC-NO-LOGIN!,+959000000244,,AGENT,2024-08-27 22:57:18
100244,1,"Synthetic Township 5, Myanmar",2025-02-28 10:42:56,synthetic.agent.000245@example.invalid,PROPERTY,Synthetic Agent 000245,!SYNTHETIC-NO-LOGIN!,+959000000245,,AGENT,2025-06-01 10:42:56
100245,1,"Synthetic Township 6, Myanmar",2024-06-19 15:36:11,synthetic.agent.000246@example.invalid,PERSONAL_ACCIDENT,Synthetic Agent 000246,!SYNTHETIC-NO-LOGIN!,+959000000246,,AGENT,2024-10-11 15:36:11
100246,1,"Synthetic Township 7, Myanmar",2024-07-28 04:16:19,synthetic.agent.000247@example.invalid,LIFE,Synthetic Agent 000247,!SYNTHETIC-NO-LOGIN!,+959000000247,,AGENT,2024-07-31 04:16:19
100247,1,"Synthetic Township 8, Myanmar",2024-07-22 19:33:48,synthetic.agent.000248@example.invalid,HEALTH,Synthetic Agent 000248,!SYNTHETIC-NO-LOGIN!,+959000000248,,AGENT,2024-09-09 19:33:48
100248,1,"Synthetic Township 9, Myanmar",2025-05-02 00:25:35,synthetic.agent.000249@example.invalid,MOTOR,Synthetic Agent 000249,!SYNTHETIC-NO-LOGIN!,+959000000249,,AGENT,2025-07-07 00:25:35
100249,1,"Synthetic Township 10, Myanmar",2026-08-22 14:28:36,synthetic.agent.000250@example.invalid,TRAVEL,Synthetic Agent 000250,!SYNTHETIC-NO-LOGIN!,+959000000250,,AGENT,2026-10-11 14:28:36
100250,1,"Synthetic Township 11, Myanmar",2025-04-03 09:16:02,synthetic.agent.000251@example.invalid,PROPERTY,Synthetic Agent 000251,!SYNTHETIC-NO-LOGIN!,+959000000251,,AGENT,2025-05-14 09:16:02
100251,1,"Synthetic Township 12, Myanmar",2026-02-07 07:48:44,synthetic.customer.000252@example.invalid,,Synthetic Customer 000252,!SYNTHETIC-NO-LOGIN!,+959000000252,,CUSTOMER,2026-02-21 07:48:44
100252,1,"Synthetic Township 13, Myanmar",2025-09-28 17:14:45,synthetic.customer.000253@example.invalid,,Synthetic Customer 000253,!SYNTHETIC-NO-LOGIN!,+959000000253,,CUSTOMER,2025-11-05 17:14:45
100253,1,"Synthetic Township 14, Myanmar",2024-08-09 22:08:04,synthetic.customer.000254@example.invalid,,Synthetic Customer 000254,!SYNTHETIC-NO-LOGIN!,+959000000254,,CUSTOMER,2024-09-28 22:08:04
100254,1,"Synthetic Township 15, Myanmar",2025-07-08 18:57:05,synthetic.customer.000255@example.invalid,,Synthetic Customer 000255,!SYNTHETIC-NO-LOGIN!,+959000000255,,CUSTOMER,2025-09-25 18:57:05
100255,1,"Synthetic Township 16, Myanmar",2023-09-01 15:27:43,synthetic.customer.000256@example.invalid,,Synthetic Customer 000256,!SYNTHETIC-NO-LOGIN!,+959000000256,,CUSTOMER,2023-12-28 15:27:43
100256,1,"Synthetic Township 17, Myanmar",2023-02-08 11:16:41,synthetic.customer.000257@example.invalid,,Synthetic Customer 000257,!SYNTHETIC-NO-LOGIN!,+959000000257,,CUSTOMER,2023-04-05 11:16:41
100257,1,"Synthetic Township 18, Myanmar",2024-07-25 03:41:52,synthetic.customer.000258@example.invalid,,Synthetic Customer 000258,!SYNTHETIC-NO-LOGIN!,+959000000258,,CUSTOMER,2024-08-27 03:41:52
100258,1,"Synthetic Township 19, Myanmar",2026-06-16 12:37:32,synthetic.customer.000259@example.invalid,,Synthetic Customer 000259,!SYNTHETIC-NO-LOGIN!,+959000000259,,CUSTOMER,2026-08-23 12:37:32
100259,0,"Synthetic Township 20, Myanmar",2025-02-19 01:34:45,synthetic.customer.000260@example.invalid,,Synthetic Customer 000260,!SYNTHETIC-NO-LOGIN!,+959000000260,,CUSTOMER,2025-06-12 01:34:45
100260,1,"Synthetic Township 21, Myanmar",2026-04-18 15:37:30,synthetic.customer.000261@example.invalid,,Synthetic Customer 000261,!SYNTHETIC-NO-LOGIN!,+959000000261,,CUSTOMER,2026-08-03 15:37:30
100261,1,"Synthetic Township 22, Myanmar",2023-10-22 10:45:34,synthetic.customer.000262@example.invalid,,Synthetic Customer 000262,!SYNTHETIC-NO-LOGIN!,+959000000262,,CUSTOMER,2024-01-18 10:45:34
100262,1,"Synthetic Township 23, Myanmar",2022-07-25 13:28:21,synthetic.customer.000263@example.invalid,,Synthetic Customer 000263,!SYNTHETIC-NO-LOGIN!,+959000000263,,CUSTOMER,2022-11-15 13:28:21
100263,1,"Synthetic Township 24, Myanmar",2025-07-22 20:39:29,synthetic.customer.000264@example.invalid,,Synthetic Customer 000264,!SYNTHETIC-NO-LOGIN!,+959000000264,,CUSTOMER,2025-10-01 20:39:29
100264,1,"Synthetic Township 25, Myanmar",2024-02-22 16:00:35,synthetic.customer.000265@example.invalid,,Synthetic Customer 000265,!SYNTHETIC-NO-LOGIN!,+959000000265,,CUSTOMER,2024-06-12 16:00:35
100265,1,"Synthetic Township 26, Myanmar",2026-07-30 03:26:33,synthetic.customer.000266@example.invalid,,Synthetic Customer 000266,!SYNTHETIC-NO-LOGIN!,+959000000266,,CUSTOMER,2026-09-07 03:26:33
100266,1,"Synthetic Township 27, Myanmar",2023-08-16 09:36:27,synthetic.customer.000267@example.invalid,,Synthetic Customer 000267,!SYNTHETIC-NO-LOGIN!,+959000000267,,CUSTOMER,2023-11-19 09:36:27
100267,1,"Synthetic Township 28, Myanmar",2023-03-28 13:16:24,synthetic.customer.000268@example.invalid,,Synthetic Customer 000268,!SYNTHETIC-NO-LOGIN!,+959000000268,,CUSTOMER,2023-06-25 13:16:24
100268,1,"Synthetic Township 29, Myanmar",2026-05-13 07:58:54,synthetic.customer.000269@example.invalid,,Synthetic Customer 000269,!SYNTHETIC-NO-LOGIN!,+959000000269,,CUSTOMER,2026-08-12 07:58:54
100269,1,"Synthetic Township 30, Myanmar",2024-03-28 01:14:31,synthetic.customer.000270@example.invalid,,Synthetic Customer 000270,!SYNTHETIC-NO-LOGIN!,+959000000270,,CUSTOMER,2024-07-23 01:14:31
100270,1,"Synthetic Township 31, Myanmar",2023-12-21 18:37:09,synthetic.customer.000271@example.invalid,,Synthetic Customer 000271,!SYNTHETIC-NO-LOGIN!,+959000000271,,CUSTOMER,2024-04-12 18:37:09
100271,1,"Synthetic Township 32, Myanmar",2025-07-29 06:53:40,synthetic.customer.000272@example.invalid,,Synthetic Customer 000272,!SYNTHETIC-NO-LOGIN!,+959000000272,,CUSTOMER,2025-08-13 06:53:40
100272,1,"Synthetic Township 33, Myanmar",2025-07-27 22:30:55,synthetic.customer.000273@example.invalid,,Synthetic Customer 000273,!SYNTHETIC-NO-LOGIN!,+959000000273,,CUSTOMER,2025-09-01 22:30:55
100273,1,"Synthetic Township 34, Myanmar",2025-10-31 11:08:35,synthetic.customer.000274@example.invalid,,Synthetic Customer 000274,!SYNTHETIC-NO-LOGIN!,+959000000274,,CUSTOMER,2025-11-08 11:08:35
100274,1,"Synthetic Township 35, Myanmar",2022-07-31 15:22:29,synthetic.customer.000275@example.invalid,,Synthetic Customer 000275,!SYNTHETIC-NO-LOGIN!,+959000000275,,CUSTOMER,2022-10-21 15:22:29
100275,1,"Synthetic Township 36, Myanmar",2025-11-09 19:00:02,synthetic.customer.000276@example.invalid,,Synthetic Customer 000276,!SYNTHETIC-NO-LOGIN!,+959000000276,,CUSTOMER,2025-12-04 19:00:02
100276,1,"Synthetic Township 37, Myanmar",2026-07-02 18:44:51,synthetic.customer.000277@example.invalid,,Synthetic Customer 000277,!SYNTHETIC-NO-LOGIN!,+959000000277,,CUSTOMER,2026-08-10 18:44:51
100277,1,"Synthetic Township 38, Myanmar",2026-06-06 09:03:56,synthetic.customer.000278@example.invalid,,Synthetic Customer 000278,!SYNTHETIC-NO-LOGIN!,+959000000278,,CUSTOMER,2026-09-30 09:03:56
100278,1,"Synthetic Township 39, Myanmar",2024-07-06 02:26:19,synthetic.customer.000279@example.invalid,,Synthetic Customer 000279,!SYNTHETIC-NO-LOGIN!,+959000000279,,CUSTOMER,2024-08-06 02:26:19
100279,1,"Synthetic Township 40, Myanmar",2024-05-17 10:19:53,synthetic.customer.000280@example.invalid,,Synthetic Customer 000280,!SYNTHETIC-NO-LOGIN!,+959000000280,,CUSTOMER,2024-07-16 10:19:53
100280,1,"Synthetic Township 41, Myanmar",2024-11-19 22:14:51,synthetic.customer.000281@example.invalid,,Synthetic Customer 000281,!SYNTHETIC-NO-LOGIN!,+959000000281,,CUSTOMER,2025-03-18 22:14:51
100281,1,"Synthetic Township 42, Myanmar",2024-03-18 22:35:21,synthetic.customer.000282@example.invalid,,Synthetic Customer 000282,!SYNTHETIC-NO-LOGIN!,+959000000282,,CUSTOMER,2024-04-24 22:35:21
100282,1,"Synthetic Township 43, Myanmar",2025-10-03 22:43:25,synthetic.customer.000283@example.invalid,,Synthetic Customer 000283,!SYNTHETIC-NO-LOGIN!,+959000000283,,CUSTOMER,2025-11-17 22:43:25
100283,1,"Synthetic Township 44, Myanmar",2024-12-28 18:05:28,synthetic.customer.000284@example.invalid,,Synthetic Customer 000284,!SYNTHETIC-NO-LOGIN!,+959000000284,,CUSTOMER,2025-03-20 18:05:28
100284,1,"Synthetic Township 45, Myanmar",2024-01-25 04:20:52,synthetic.customer.000285@example.invalid,,Synthetic Customer 000285,!SYNTHETIC-NO-LOGIN!,+959000000285,,CUSTOMER,2024-02-24 04:20:52
100285,1,"Synthetic Township 46, Myanmar",2022-10-06 11:08:06,synthetic.customer.000286@example.invalid,,Synthetic Customer 000286,!SYNTHETIC-NO-LOGIN!,+959000000286,,CUSTOMER,2022-12-15 11:08:06
100286,1,"Synthetic Township 47, Myanmar",2023-11-01 12:02:22,synthetic.customer.000287@example.invalid,,Synthetic Customer 000287,!SYNTHETIC-NO-LOGIN!,+959000000287,,CUSTOMER,2023-12-26 12:02:22
100287,1,"Synthetic Township 48, Myanmar",2024-03-25 02:23:57,synthetic.customer.000288@example.invalid,,Synthetic Customer 000288,!SYNTHETIC-NO-LOGIN!,+959000000288,,CUSTOMER,2024-07-10 02:23:57
100288,1,"Synthetic Township 49, Myanmar",2021-10-29 03:43:00,synthetic.customer.000289@example.invalid,,Synthetic Customer 000289,!SYNTHETIC-NO-LOGIN!,+959000000289,,CUSTOMER,2022-02-14 03:43:00
100289,1,"Synthetic Township 50, Myanmar",2022-08-12 22:26:55,synthetic.customer.000290@example.invalid,,Synthetic Customer 000290,!SYNTHETIC-NO-LOGIN!,+959000000290,,CUSTOMER,2022-08-29 22:26:55
100290,1,"Synthetic Township 51, Myanmar",2023-08-20 02:20:14,synthetic.customer.000291@example.invalid,,Synthetic Customer 000291,!SYNTHETIC-NO-LOGIN!,+959000000291,,CUSTOMER,2023-09-05 02:20:14
100291,1,"Synthetic Township 52, Myanmar",2023-11-12 02:32:53,synthetic.customer.000292@example.invalid,,Synthetic Customer 000292,!SYNTHETIC-NO-LOGIN!,+959000000292,,CUSTOMER,2024-01-14 02:32:53
100292,1,"Synthetic Township 53, Myanmar",2023-04-10 21:05:31,synthetic.customer.000293@example.invalid,,Synthetic Customer 000293,!SYNTHETIC-NO-LOGIN!,+959000000293,,CUSTOMER,2023-04-23 21:05:31
100293,1,"Synthetic Township 54, Myanmar",2023-02-10 17:04:48,synthetic.customer.000294@example.invalid,,Synthetic Customer 000294,!SYNTHETIC-NO-LOGIN!,+959000000294,,CUSTOMER,2023-03-14 17:04:48
100294,1,"Synthetic Township 55, Myanmar",2026-06-21 14:36:34,synthetic.customer.000295@example.invalid,,Synthetic Customer 000295,!SYNTHETIC-NO-LOGIN!,+959000000295,,CUSTOMER,2026-07-14 14:36:34
100295,1,"Synthetic Township 56, Myanmar",2023-04-16 22:29:45,synthetic.customer.000296@example.invalid,,Synthetic Customer 000296,!SYNTHETIC-NO-LOGIN!,+959000000296,,CUSTOMER,2023-06-18 22:29:45
100296,0,"Synthetic Township 57, Myanmar",2023-04-03 12:54:00,synthetic.customer.000297@example.invalid,,Synthetic Customer 000297,!SYNTHETIC-NO-LOGIN!,+959000000297,,CUSTOMER,2023-07-23 12:54:00
100297,1,"Synthetic Township 58, Myanmar",2023-02-23 06:41:24,synthetic.customer.000298@example.invalid,,Synthetic Customer 000298,!SYNTHETIC-NO-LOGIN!,+959000000298,,CUSTOMER,2023-06-01 06:41:24
100298,1,"Synthetic Township 59, Myanmar",2024-09-16 15:34:51,synthetic.customer.000299@example.invalid,,Synthetic Customer 000299,!SYNTHETIC-NO-LOGIN!,+959000000299,,CUSTOMER,2024-10-11 15:34:51
100299,1,"Synthetic Township 60, Myanmar",2025-01-06 18:18:56,synthetic.customer.000300@example.invalid,,Synthetic Customer 000300,!SYNTHETIC-NO-LOGIN!,+959000000300,,CUSTOMER,2025-04-05 18:18:56
100300,1,"Synthetic Township 1, Myanmar",2023-01-12 09:46:42,synthetic.customer.000301@example.invalid,,Synthetic Customer 000301,!SYNTHETIC-NO-LOGIN!,+959000000301,,CUSTOMER,2023-02-13 09:46:42
100301,1,"Synthetic Township 2, Myanmar",2022-11-22 21:03:52,synthetic.customer.000302@example.invalid,,Synthetic Customer 000302,!SYNTHETIC-NO-LOGIN!,+959000000302,,CUSTOMER,2022-12-26 21:03:52
100302,1,"Synthetic Township 3, Myanmar",2022-04-09 10:59:35,synthetic.customer.000303@example.invalid,,Synthetic Customer 000303,!SYNTHETIC-NO-LOGIN!,+959000000303,,CUSTOMER,2022-05-15 10:59:35
100303,1,"Synthetic Township 4, Myanmar",2023-10-07 19:21:08,synthetic.customer.000304@example.invalid,,Synthetic Customer 000304,!SYNTHETIC-NO-LOGIN!,+959000000304,,CUSTOMER,2024-01-27 19:21:08
100304,1,"Synthetic Township 5, Myanmar",2022-03-02 19:30:03,synthetic.customer.000305@example.invalid,,Synthetic Customer 000305,!SYNTHETIC-NO-LOGIN!,+959000000305,,CUSTOMER,2022-06-25 19:30:03
100305,1,"Synthetic Township 6, Myanmar",2024-02-13 03:50:22,synthetic.customer.000306@example.invalid,,Synthetic Customer 000306,!SYNTHETIC-NO-LOGIN!,+959000000306,,CUSTOMER,2024-03-21 03:50:22
100306,1,"Synthetic Township 7, Myanmar",2025-10-19 02:33:36,synthetic.customer.000307@example.invalid,,Synthetic Customer 000307,!SYNTHETIC-NO-LOGIN!,+959000000307,,CUSTOMER,2025-12-23 02:33:36
100307,1,"Synthetic Township 8, Myanmar",2023-11-16 22:44:14,synthetic.customer.000308@example.invalid,,Synthetic Customer 000308,!SYNTHETIC-NO-LOGIN!,+959000000308,,CUSTOMER,2024-03-14 22:44:14
100308,1,"Synthetic Township 9, Myanmar",2022-01-22 04:02:28,synthetic.customer.000309@example.invalid,,Synthetic Customer 000309,!SYNTHETIC-NO-LOGIN!,+959000000309,,CUSTOMER,2022-01-31 04:02:28
100309,1,"Synthetic Township 10, Myanmar",2026-08-23 22:57:57,synthetic.customer.000310@example.invalid,,Synthetic Customer 000310,!SYNTHETIC-NO-LOGIN!,+959000000310,,CUSTOMER,2026-11-07 22:57:57
100310,1,"Synthetic Township 11, Myanmar",2025-11-02 11:00:42,synthetic.customer.000311@example.invalid,,Synthetic Customer 000311,!SYNTHETIC-NO-LOGIN!,+959000000311,,CUSTOMER,2025-12-24 11:00:42
100311,1,"Synthetic Township 12, Myanmar",2022-07-28 07:33:43,synthetic.customer.000312@example.invalid,,Synthetic Customer 000312,!SYNTHETIC-NO-LOGIN!,+959000000312,,CUSTOMER,2022-09-30 07:33:43
100312,1,"Synthetic Township 13, Myanmar",2025-04-02 12:59:46,synthetic.customer.000313@example.invalid,,Synthetic Customer 000313,!SYNTHETIC-NO-LOGIN!,+959000000313,,CUSTOMER,2025-07-26 12:59:46
100313,1,"Synthetic Township 14, Myanmar",2025-12-07 07:51:51,synthetic.customer.000314@example.invalid,,Synthetic Customer 000314,!SYNTHETIC-NO-LOGIN!,+959000000314,,CUSTOMER,2026-03-10 07:51:51
100314,1,"Synthetic Township 15, Myanmar",2025-08-19 22:02:08,synthetic.customer.000315@example.invalid,,Synthetic Customer 000315,!SYNTHETIC-NO-LOGIN!,+959000000315,,CUSTOMER,2025-11-25 22:02:08
100315,1,"Synthetic Township 16, Myanmar",2022-05-18 03:04:50,synthetic.customer.000316@example.invalid,,Synthetic Customer 000316,!SYNTHETIC-NO-LOGIN!,+959000000316,,CUSTOMER,2022-05-24 03:04:50
100316,1,"Synthetic Township 17, Myanmar",2023-12-06 12:36:55,synthetic.customer.000317@example.invalid,,Synthetic Customer 000317,!SYNTHETIC-NO-LOGIN!,+959000000317,,CUSTOMER,2024-02-22 12:36:55
100317,1,"Synthetic Township 18, Myanmar",2025-02-25 12:51:22,synthetic.customer.000318@example.invalid,,Synthetic Customer 000318,!SYNTHETIC-NO-LOGIN!,+959000000318,,CUSTOMER,2025-04-23 12:51:22
100318,1,"Synthetic Township 19, Myanmar",2026-03-02 13:10:51,synthetic.customer.000319@example.invalid,,Synthetic Customer 000319,!SYNTHETIC-NO-LOGIN!,+959000000319,,CUSTOMER,2026-06-12 13:10:51
100319,1,"Synthetic Township 20, Myanmar",2024-10-31 01:04:00,synthetic.customer.000320@example.invalid,,Synthetic Customer 000320,!SYNTHETIC-NO-LOGIN!,+959000000320,,CUSTOMER,2025-02-06 01:04:00
100320,1,"Synthetic Township 21, Myanmar",2024-01-10 19:00:54,synthetic.customer.000321@example.invalid,,Synthetic Customer 000321,!SYNTHETIC-NO-LOGIN!,+959000000321,,CUSTOMER,2024-03-08 19:00:54
100321,1,"Synthetic Township 22, Myanmar",2023-11-02 00:33:51,synthetic.customer.000322@example.invalid,,Synthetic Customer 000322,!SYNTHETIC-NO-LOGIN!,+959000000322,,CUSTOMER,2023-12-03 00:33:51
100322,1,"Synthetic Township 23, Myanmar",2023-08-07 03:30:10,synthetic.customer.000323@example.invalid,,Synthetic Customer 000323,!SYNTHETIC-NO-LOGIN!,+959000000323,,CUSTOMER,2023-10-01 03:30:10
100323,1,"Synthetic Township 24, Myanmar",2023-09-04 05:48:42,synthetic.customer.000324@example.invalid,,Synthetic Customer 000324,!SYNTHETIC-NO-LOGIN!,+959000000324,,CUSTOMER,2023-09-28 05:48:42
100324,1,"Synthetic Township 25, Myanmar",2021-10-09 05:54:07,synthetic.customer.000325@example.invalid,,Synthetic Customer 000325,!SYNTHETIC-NO-LOGIN!,+959000000325,,CUSTOMER,2021-10-27 05:54:07
100325,1,"Synthetic Township 26, Myanmar",2023-08-28 13:46:02,synthetic.customer.000326@example.invalid,,Synthetic Customer 000326,!SYNTHETIC-NO-LOGIN!,+959000000326,,CUSTOMER,2023-12-14 13:46:02
100326,1,"Synthetic Township 27, Myanmar",2023-04-16 13:39:32,synthetic.customer.000327@example.invalid,,Synthetic Customer 000327,!SYNTHETIC-NO-LOGIN!,+959000000327,,CUSTOMER,2023-06-28 13:39:32
100327,1,"Synthetic Township 28, Myanmar",2026-06-02 04:07:34,synthetic.customer.000328@example.invalid,,Synthetic Customer 000328,!SYNTHETIC-NO-LOGIN!,+959000000328,,CUSTOMER,2026-07-19 04:07:34
100328,1,"Synthetic Township 29, Myanmar",2026-02-01 16:45:23,synthetic.customer.000329@example.invalid,,Synthetic Customer 000329,!SYNTHETIC-NO-LOGIN!,+959000000329,,CUSTOMER,2026-04-30 16:45:23
100329,1,"Synthetic Township 30, Myanmar",2024-08-28 07:07:36,synthetic.customer.000330@example.invalid,,Synthetic Customer 000330,!SYNTHETIC-NO-LOGIN!,+959000000330,,CUSTOMER,2024-10-22 07:07:36
100330,1,"Synthetic Township 31, Myanmar",2025-07-23 16:06:26,synthetic.customer.000331@example.invalid,,Synthetic Customer 000331,!SYNTHETIC-NO-LOGIN!,+959000000331,,CUSTOMER,2025-09-17 16:06:26
100331,1,"Synthetic Township 32, Myanmar",2022-06-09 18:49:48,synthetic.customer.000332@example.invalid,,Synthetic Customer 000332,!SYNTHETIC-NO-LOGIN!,+959000000332,,CUSTOMER,2022-09-19 18:49:48
100332,1,"Synthetic Township 33, Myanmar",2025-05-22 09:17:21,synthetic.customer.000333@example.invalid,,Synthetic Customer 000333,!SYNTHETIC-NO-LOGIN!,+959000000333,,CUSTOMER,2025-09-18 09:17:21
100333,0,"Synthetic Township 34, Myanmar",2023-06-22 07:26:24,synthetic.customer.000334@example.invalid,,Synthetic Customer 000334,!SYNTHETIC-NO-LOGIN!,+959000000334,,CUSTOMER,2023-09-24 07:26:24
100334,1,"Synthetic Township 35, Myanmar",2024-02-03 16:31:48,synthetic.customer.000335@example.invalid,,Synthetic Customer 000335,!SYNTHETIC-NO-LOGIN!,+959000000335,,CUSTOMER,2024-04-22 16:31:48
100335,1,"Synthetic Township 36, Myanmar",2025-07-18 02:26:22,synthetic.customer.000336@example.invalid,,Synthetic Customer 000336,!SYNTHETIC-NO-LOGIN!,+959000000336,,CUSTOMER,2025-11-01 02:26:22
100336,1,"Synthetic Township 37, Myanmar",2026-02-11 00:15:54,synthetic.customer.000337@example.invalid,,Synthetic Customer 000337,!SYNTHETIC-NO-LOGIN!,+959000000337,,CUSTOMER,2026-02-26 00:15:54
100337,1,"Synthetic Township 38, Myanmar",2025-12-07 03:41:47,synthetic.customer.000338@example.invalid,,Synthetic Customer 000338,!SYNTHETIC-NO-LOGIN!,+959000000338,,CUSTOMER,2026-02-16 03:41:47
100338,1,"Synthetic Township 39, Myanmar",2023-06-03 16:39:57,synthetic.customer.000339@example.invalid,,Synthetic Customer 000339,!SYNTHETIC-NO-LOGIN!,+959000000339,,CUSTOMER,2023-09-25 16:39:57
100339,1,"Synthetic Township 40, Myanmar",2023-05-27 10:16:11,synthetic.customer.000340@example.invalid,,Synthetic Customer 000340,!SYNTHETIC-NO-LOGIN!,+959000000340,,CUSTOMER,2023-05-31 10:16:11
100340,1,"Synthetic Township 41, Myanmar",2024-12-28 20:43:27,synthetic.customer.000341@example.invalid,,Synthetic Customer 000341,!SYNTHETIC-NO-LOGIN!,+959000000341,,CUSTOMER,2025-01-09 20:43:27
100341,1,"Synthetic Township 42, Myanmar",2026-02-21 01:10:38,synthetic.customer.000342@example.invalid,,Synthetic Customer 000342,!SYNTHETIC-NO-LOGIN!,+959000000342,,CUSTOMER,2026-03-09 01:10:38
100342,1,"Synthetic Township 43, Myanmar",2022-07-23 04:41:57,synthetic.customer.000343@example.invalid,,Synthetic Customer 000343,!SYNTHETIC-NO-LOGIN!,+959000000343,,CUSTOMER,2022-09-05 04:41:57
100343,1,"Synthetic Township 44, Myanmar",2023-08-29 01:35:11,synthetic.customer.000344@example.invalid,,Synthetic Customer 000344,!SYNTHETIC-NO-LOGIN!,+959000000344,,CUSTOMER,2023-09-05 01:35:11
100344,1,"Synthetic Township 45, Myanmar",2026-01-22 19:02:36,synthetic.customer.000345@example.invalid,,Synthetic Customer 000345,!SYNTHETIC-NO-LOGIN!,+959000000345,,CUSTOMER,2026-01-30 19:02:36
100345,1,"Synthetic Township 46, Myanmar",2026-02-13 23:08:25,synthetic.customer.000346@example.invalid,,Synthetic Customer 000346,!SYNTHETIC-NO-LOGIN!,+959000000346,,CUSTOMER,2026-05-31 23:08:25
100346,1,"Synthetic Township 47, Myanmar",2025-02-03 14:57:03,synthetic.customer.000347@example.invalid,,Synthetic Customer 000347,!SYNTHETIC-NO-LOGIN!,+959000000347,,CUSTOMER,2025-02-27 14:57:03
100347,1,"Synthetic Township 48, Myanmar",2023-03-21 09:35:53,synthetic.customer.000348@example.invalid,,Synthetic Customer 000348,!SYNTHETIC-NO-LOGIN!,+959000000348,,CUSTOMER,2023-04-30 09:35:53
100348,1,"Synthetic Township 49, Myanmar",2024-08-24 00:58:54,synthetic.customer.000349@example.invalid,,Synthetic Customer 000349,!SYNTHETIC-NO-LOGIN!,+959000000349,,CUSTOMER,2024-11-11 00:58:54
100349,1,"Synthetic Township 50, Myanmar",2022-12-17 06:49:36,synthetic.customer.000350@example.invalid,,Synthetic Customer 000350,!SYNTHETIC-NO-LOGIN!,+959000000350,,CUSTOMER,2022-12-17 06:49:36
100350,1,"Synthetic Township 51, Myanmar",2025-07-09 04:28:07,synthetic.customer.000351@example.invalid,,Synthetic Customer 000351,!SYNTHETIC-NO-LOGIN!,+959000000351,,CUSTOMER,2025-09-15 04:28:07
100351,1,"Synthetic Township 52, Myanmar",2022-07-19 16:40:59,synthetic.customer.000352@example.invalid,,Synthetic Customer 000352,!SYNTHETIC-NO-LOGIN!,+959000000352,,CUSTOMER,2022-10-25 16:40:59
100352,1,"Synthetic Township 53, Myanmar",2023-09-14 07:16:56,synthetic.customer.000353@example.invalid,,Synthetic Customer 000353,!SYNTHETIC-NO-LOGIN!,+959000000353,,CUSTOMER,2023-09-21 07:16:56
100353,1,"Synthetic Township 54, Myanmar",2025-11-01 10:25:45,synthetic.customer.000354@example.invalid,,Synthetic Customer 000354,!SYNTHETIC-NO-LOGIN!,+959000000354,,CUSTOMER,2025-11-25 10:25:45
100354,1,"Synthetic Township 55, Myanmar",2025-06-24 00:12:34,synthetic.customer.000355@example.invalid,,Synthetic Customer 000355,!SYNTHETIC-NO-LOGIN!,+959000000355,,CUSTOMER,2025-08-10 00:12:34
100355,1,"Synthetic Township 56, Myanmar",2025-02-26 01:07:14,synthetic.customer.000356@example.invalid,,Synthetic Customer 000356,!SYNTHETIC-NO-LOGIN!,+959000000356,,CUSTOMER,2025-06-23 01:07:14
100356,1,"Synthetic Township 57, Myanmar",2024-06-22 17:52:13,synthetic.customer.000357@example.invalid,,Synthetic Customer 000357,!SYNTHETIC-NO-LOGIN!,+959000000357,,CUSTOMER,2024-07-15 17:52:13
100357,1,"Synthetic Township 58, Myanmar",2025-01-21 10:32:58,synthetic.customer.000358@example.invalid,,Synthetic Customer 000358,!SYNTHETIC-NO-LOGIN!,+959000000358,,CUSTOMER,2025-04-05 10:32:58
100358,1,"Synthetic Township 59, Myanmar",2021-12-11 01:08:56,synthetic.customer.000359@example.invalid,,Synthetic Customer 000359,!SYNTHETIC-NO-LOGIN!,+959000000359,,CUSTOMER,2022-01-19 01:08:56
100359,1,"Synthetic Township 60, Myanmar",2025-08-26 16:22:10,synthetic.customer.000360@example.invalid,,Synthetic Customer 000360,!SYNTHETIC-NO-LOGIN!,+959000000360,,CUSTOMER,2025-10-27 16:22:10
100360,1,"Synthetic Township 1, Myanmar",2026-01-30 06:42:15,synthetic.customer.000361@example.invalid,,Synthetic Customer 000361,!SYNTHETIC-NO-LOGIN!,+959000000361,,CUSTOMER,2026-05-27 06:42:15
100361,1,"Synthetic Township 2, Myanmar",2024-04-23 10:41:38,synthetic.customer.000362@example.invalid,,Synthetic Customer 000362,!SYNTHETIC-NO-LOGIN!,+959000000362,,CUSTOMER,2024-05-28 10:41:38
100362,1,"Synthetic Township 3, Myanmar",2021-10-12 03:31:11,synthetic.customer.000363@example.invalid,,Synthetic Customer 000363,!SYNTHETIC-NO-LOGIN!,+959000000363,,CUSTOMER,2021-12-06 03:31:11
100363,1,"Synthetic Township 4, Myanmar",2024-07-15 10:42:24,synthetic.customer.000364@example.invalid,,Synthetic Customer 000364,!SYNTHETIC-NO-LOGIN!,+959000000364,,CUSTOMER,2024-08-15 10:42:24
100364,1,"Synthetic Township 5, Myanmar",2022-05-02 16:09:05,synthetic.customer.000365@example.invalid,,Synthetic Customer 000365,!SYNTHETIC-NO-LOGIN!,+959000000365,,CUSTOMER,2022-08-15 16:09:05
100365,1,"Synthetic Township 6, Myanmar",2023-08-24 06:25:43,synthetic.customer.000366@example.invalid,,Synthetic Customer 000366,!SYNTHETIC-NO-LOGIN!,+959000000366,,CUSTOMER,2023-09-28 06:25:43
100366,1,"Synthetic Township 7, Myanmar",2022-04-28 01:19:53,synthetic.customer.000367@example.invalid,,Synthetic Customer 000367,!SYNTHETIC-NO-LOGIN!,+959000000367,,CUSTOMER,2022-05-17 01:19:53
100367,1,"Synthetic Township 8, Myanmar",2022-04-28 12:15:01,synthetic.customer.000368@example.invalid,,Synthetic Customer 000368,!SYNTHETIC-NO-LOGIN!,+959000000368,,CUSTOMER,2022-07-16 12:15:01
100368,1,"Synthetic Township 9, Myanmar",2023-05-18 11:56:55,synthetic.customer.000369@example.invalid,,Synthetic Customer 000369,!SYNTHETIC-NO-LOGIN!,+959000000369,,CUSTOMER,2023-08-04 11:56:55
100369,1,"Synthetic Township 10, Myanmar",2023-02-18 11:58:02,synthetic.customer.000370@example.invalid,,Synthetic Customer 000370,!SYNTHETIC-NO-LOGIN!,+959000000370,,CUSTOMER,2023-03-28 11:58:02
100370,0,"Synthetic Township 11, Myanmar",2025-01-04 12:04:40,synthetic.customer.000371@example.invalid,,Synthetic Customer 000371,!SYNTHETIC-NO-LOGIN!,+959000000371,,CUSTOMER,2025-01-11 12:04:40
100371,1,"Synthetic Township 12, Myanmar",2025-11-17 00:05:09,synthetic.customer.000372@example.invalid,,Synthetic Customer 000372,!SYNTHETIC-NO-LOGIN!,+959000000372,,CUSTOMER,2026-02-06 00:05:09
100372,1,"Synthetic Township 13, Myanmar",2023-06-25 08:02:47,synthetic.customer.000373@example.invalid,,Synthetic Customer 000373,!SYNTHETIC-NO-LOGIN!,+959000000373,,CUSTOMER,2023-07-18 08:02:47
100373,1,"Synthetic Township 14, Myanmar",2026-06-25 13:10:27,synthetic.customer.000374@example.invalid,,Synthetic Customer 000374,!SYNTHETIC-NO-LOGIN!,+959000000374,,CUSTOMER,2026-09-21 13:10:27
100374,1,"Synthetic Township 15, Myanmar",2023-08-06 22:23:08,synthetic.customer.000375@example.invalid,,Synthetic Customer 000375,!SYNTHETIC-NO-LOGIN!,+959000000375,,CUSTOMER,2023-11-09 22:23:08
100375,1,"Synthetic Township 16, Myanmar",2022-10-13 12:59:06,synthetic.customer.000376@example.invalid,,Synthetic Customer 000376,!SYNTHETIC-NO-LOGIN!,+959000000376,,CUSTOMER,2023-02-09 12:59:06
100376,1,"Synthetic Township 17, Myanmar",2023-02-14 10:12:10,synthetic.customer.000377@example.invalid,,Synthetic Customer 000377,!SYNTHETIC-NO-LOGIN!,+959000000377,,CUSTOMER,2023-02-28 10:12:10
100377,1,"Synthetic Township 18, Myanmar",2025-02-11 19:38:14,synthetic.customer.000378@example.invalid,,Synthetic Customer 000378,!SYNTHETIC-NO-LOGIN!,+959000000378,,CUSTOMER,2025-03-31 19:38:14
100378,1,"Synthetic Township 19, Myanmar",2026-05-02 07:53:16,synthetic.customer.000379@example.invalid,,Synthetic Customer 000379,!SYNTHETIC-NO-LOGIN!,+959000000379,,CUSTOMER,2026-05-06 07:53:16
100379,1,"Synthetic Township 20, Myanmar",2026-04-23 22:24:46,synthetic.customer.000380@example.invalid,,Synthetic Customer 000380,!SYNTHETIC-NO-LOGIN!,+959000000380,,CUSTOMER,2026-06-06 22:24:46
100380,1,"Synthetic Township 21, Myanmar",2024-12-03 11:59:35,synthetic.customer.000381@example.invalid,,Synthetic Customer 000381,!SYNTHETIC-NO-LOGIN!,+959000000381,,CUSTOMER,2025-01-19 11:59:35
100381,1,"Synthetic Township 22, Myanmar",2024-07-22 06:56:44,synthetic.customer.000382@example.invalid,,Synthetic Customer 000382,!SYNTHETIC-NO-LOGIN!,+959000000382,,CUSTOMER,2024-10-23 06:56:44
100382,1,"Synthetic Township 23, Myanmar",2021-10-14 08:16:27,synthetic.customer.000383@example.invalid,,Synthetic Customer 000383,!SYNTHETIC-NO-LOGIN!,+959000000383,,CUSTOMER,2021-10-17 08:16:27
100383,1,"Synthetic Township 24, Myanmar",2025-02-05 10:30:19,synthetic.customer.000384@example.invalid,,Synthetic Customer 000384,!SYNTHETIC-NO-LOGIN!,+959000000384,,CUSTOMER,2025-03-21 10:30:19
100384,1,"Synthetic Township 25, Myanmar",2025-02-01 12:25:01,synthetic.customer.000385@example.invalid,,Synthetic Customer 000385,!SYNTHETIC-NO-LOGIN!,+959000000385,,CUSTOMER,2025-03-07 12:25:01
100385,1,"Synthetic Township 26, Myanmar",2024-04-22 14:00:18,synthetic.customer.000386@example.invalid,,Synthetic Customer 000386,!SYNTHETIC-NO-LOGIN!,+959000000386,,CUSTOMER,2024-04-27 14:00:18
100386,1,"Synthetic Township 27, Myanmar",2023-04-17 14:43:01,synthetic.customer.000387@example.invalid,,Synthetic Customer 000387,!SYNTHETIC-NO-LOGIN!,+959000000387,,CUSTOMER,2023-08-01 14:43:01
100387,1,"Synthetic Township 28, Myanmar",2023-12-15 15:48:37,synthetic.customer.000388@example.invalid,,Synthetic Customer 000388,!SYNTHETIC-NO-LOGIN!,+959000000388,,CUSTOMER,2024-04-02 15:48:37
100388,1,"Synthetic Township 29, Myanmar",2021-09-17 12:50:34,synthetic.customer.000389@example.invalid,,Synthetic Customer 000389,!SYNTHETIC-NO-LOGIN!,+959000000389,,CUSTOMER,2021-10-29 12:50:34
100389,1,"Synthetic Township 30, Myanmar",2025-05-10 10:25:46,synthetic.customer.000390@example.invalid,,Synthetic Customer 000390,!SYNTHETIC-NO-LOGIN!,+959000000390,,CUSTOMER,2025-08-21 10:25:46
100390,1,"Synthetic Township 31, Myanmar",2021-09-02 23:45:27,synthetic.customer.000391@example.invalid,,Synthetic Customer 000391,!SYNTHETIC-NO-LOGIN!,+959000000391,,CUSTOMER,2021-09-17 23:45:27
100391,1,"Synthetic Township 32, Myanmar",2021-12-26 21:38:39,synthetic.customer.000392@example.invalid,,Synthetic Customer 000392,!SYNTHETIC-NO-LOGIN!,+959000000392,,CUSTOMER,2022-02-12 21:38:39
100392,1,"Synthetic Township 33, Myanmar",2025-03-04 23:28:40,synthetic.customer.000393@example.invalid,,Synthetic Customer 000393,!SYNTHETIC-NO-LOGIN!,+959000000393,,CUSTOMER,2025-05-28 23:28:40
100393,1,"Synthetic Township 34, Myanmar",2026-05-09 05:31:27,synthetic.customer.000394@example.invalid,,Synthetic Customer 000394,!SYNTHETIC-NO-LOGIN!,+959000000394,,CUSTOMER,2026-07-06 05:31:27
100394,1,"Synthetic Township 35, Myanmar",2023-05-04 00:08:45,synthetic.customer.000395@example.invalid,,Synthetic Customer 000395,!SYNTHETIC-NO-LOGIN!,+959000000395,,CUSTOMER,2023-05-19 00:08:45
100395,1,"Synthetic Township 36, Myanmar",2024-05-05 11:05:54,synthetic.customer.000396@example.invalid,,Synthetic Customer 000396,!SYNTHETIC-NO-LOGIN!,+959000000396,,CUSTOMER,2024-08-02 11:05:54
100396,1,"Synthetic Township 37, Myanmar",2024-11-04 14:38:03,synthetic.customer.000397@example.invalid,,Synthetic Customer 000397,!SYNTHETIC-NO-LOGIN!,+959000000397,,CUSTOMER,2024-11-11 14:38:03
100397,1,"Synthetic Township 38, Myanmar",2025-02-22 00:18:00,synthetic.customer.000398@example.invalid,,Synthetic Customer 000398,!SYNTHETIC-NO-LOGIN!,+959000000398,,CUSTOMER,2025-03-30 00:18:00
100398,1,"Synthetic Township 39, Myanmar",2021-10-24 13:35:59,synthetic.customer.000399@example.invalid,,Synthetic Customer 000399,!SYNTHETIC-NO-LOGIN!,+959000000399,,CUSTOMER,2022-01-04 13:35:59
100399,1,"Synthetic Township 40, Myanmar",2024-08-22 18:01:25,synthetic.customer.000400@example.invalid,,Synthetic Customer 000400,!SYNTHETIC-NO-LOGIN!,+959000000400,,CUSTOMER,2024-08-23 18:01:25
100400,1,"Synthetic Township 41, Myanmar",2025-06-11 00:02:03,synthetic.customer.000401@example.invalid,,Synthetic Customer 000401,!SYNTHETIC-NO-LOGIN!,+959000000401,,CUSTOMER,2025-07-14 00:02:03
100401,1,"Synthetic Township 42, Myanmar",2022-07-05 20:52:15,synthetic.customer.000402@example.invalid,,Synthetic Customer 000402,!SYNTHETIC-NO-LOGIN!,+959000000402,,CUSTOMER,2022-07-06 20:52:15
100402,1,"Synthetic Township 43, Myanmar",2025-10-10 14:06:44,synthetic.customer.000403@example.invalid,,Synthetic Customer 000403,!SYNTHETIC-NO-LOGIN!,+959000000403,,CUSTOMER,2026-01-01 14:06:44
100403,1,"Synthetic Township 44, Myanmar",2023-03-15 07:58:24,synthetic.customer.000404@example.invalid,,Synthetic Customer 000404,!SYNTHETIC-NO-LOGIN!,+959000000404,,CUSTOMER,2023-05-27 07:58:24
100404,1,"Synthetic Township 45, Myanmar",2026-08-13 20:05:44,synthetic.customer.000405@example.invalid,,Synthetic Customer 000405,!SYNTHETIC-NO-LOGIN!,+959000000405,,CUSTOMER,2026-11-03 20:05:44
100405,1,"Synthetic Township 46, Myanmar",2023-01-21 08:38:06,synthetic.customer.000406@example.invalid,,Synthetic Customer 000406,!SYNTHETIC-NO-LOGIN!,+959000000406,,CUSTOMER,2023-05-12 08:38:06
100406,1,"Synthetic Township 47, Myanmar",2024-01-20 03:36:14,synthetic.customer.000407@example.invalid,,Synthetic Customer 000407,!SYNTHETIC-NO-LOGIN!,+959000000407,,CUSTOMER,2024-01-30 03:36:14
100407,0,"Synthetic Township 48, Myanmar",2022-06-03 15:22:58,synthetic.customer.000408@example.invalid,,Synthetic Customer 000408,!SYNTHETIC-NO-LOGIN!,+959000000408,,CUSTOMER,2022-07-19 15:22:58
100408,1,"Synthetic Township 49, Myanmar",2024-06-24 08:41:39,synthetic.customer.000409@example.invalid,,Synthetic Customer 000409,!SYNTHETIC-NO-LOGIN!,+959000000409,,CUSTOMER,2024-09-08 08:41:39
100409,1,"Synthetic Township 50, Myanmar",2024-06-01 07:07:21,synthetic.customer.000410@example.invalid,,Synthetic Customer 000410,!SYNTHETIC-NO-LOGIN!,+959000000410,,CUSTOMER,2024-09-22 07:07:21
100410,1,"Synthetic Township 51, Myanmar",2024-07-07 07:49:33,synthetic.customer.000411@example.invalid,,Synthetic Customer 000411,!SYNTHETIC-NO-LOGIN!,+959000000411,,CUSTOMER,2024-07-30 07:49:33
100411,1,"Synthetic Township 52, Myanmar",2026-06-15 14:10:03,synthetic.customer.000412@example.invalid,,Synthetic Customer 000412,!SYNTHETIC-NO-LOGIN!,+959000000412,,CUSTOMER,2026-08-18 14:10:03
100412,1,"Synthetic Township 53, Myanmar",2021-12-23 08:57:24,synthetic.customer.000413@example.invalid,,Synthetic Customer 000413,!SYNTHETIC-NO-LOGIN!,+959000000413,,CUSTOMER,2022-02-13 08:57:24
100413,1,"Synthetic Township 54, Myanmar",2025-09-24 14:50:33,synthetic.customer.000414@example.invalid,,Synthetic Customer 000414,!SYNTHETIC-NO-LOGIN!,+959000000414,,CUSTOMER,2025-12-02 14:50:33
100414,1,"Synthetic Township 55, Myanmar",2026-08-13 13:10:55,synthetic.customer.000415@example.invalid,,Synthetic Customer 000415,!SYNTHETIC-NO-LOGIN!,+959000000415,,CUSTOMER,2026-11-01 13:10:55
100415,1,"Synthetic Township 56, Myanmar",2024-08-03 06:34:34,synthetic.customer.000416@example.invalid,,Synthetic Customer 000416,!SYNTHETIC-NO-LOGIN!,+959000000416,,CUSTOMER,2024-10-05 06:34:34
100416,1,"Synthetic Township 57, Myanmar",2024-12-16 09:37:36,synthetic.customer.000417@example.invalid,,Synthetic Customer 000417,!SYNTHETIC-NO-LOGIN!,+959000000417,,CUSTOMER,2025-03-25 09:37:36
100417,1,"Synthetic Township 58, Myanmar",2023-08-02 03:59:29,synthetic.customer.000418@example.invalid,,Synthetic Customer 000418,!SYNTHETIC-NO-LOGIN!,+959000000418,,CUSTOMER,2023-08-07 03:59:29
100418,1,"Synthetic Township 59, Myanmar",2022-01-23 22:02:14,synthetic.customer.000419@example.invalid,,Synthetic Customer 000419,!SYNTHETIC-NO-LOGIN!,+959000000419,,CUSTOMER,2022-05-17 22:02:14
100419,1,"Synthetic Township 60, Myanmar",2025-02-07 22:06:31,synthetic.customer.000420@example.invalid,,Synthetic Customer 000420,!SYNTHETIC-NO-LOGIN!,+959000000420,,CUSTOMER,2025-04-10 22:06:31
100420,1,"Synthetic Township 1, Myanmar",2023-04-12 01:02:02,synthetic.customer.000421@example.invalid,,Synthetic Customer 000421,!SYNTHETIC-NO-LOGIN!,+959000000421,,CUSTOMER,2023-08-01 01:02:02
100421,1,"Synthetic Township 2, Myanmar",2026-08-27 05:13:25,synthetic.customer.000422@example.invalid,,Synthetic Customer 000422,!SYNTHETIC-NO-LOGIN!,+959000000422,,CUSTOMER,2026-10-24 05:13:25
100422,1,"Synthetic Township 3, Myanmar",2026-01-27 20:59:36,synthetic.customer.000423@example.invalid,,Synthetic Customer 000423,!SYNTHETIC-NO-LOGIN!,+959000000423,,CUSTOMER,2026-05-26 20:59:36
100423,1,"Synthetic Township 4, Myanmar",2024-05-05 18:59:34,synthetic.customer.000424@example.invalid,,Synthetic Customer 000424,!SYNTHETIC-NO-LOGIN!,+959000000424,,CUSTOMER,2024-05-31 18:59:34
100424,1,"Synthetic Township 5, Myanmar",2025-04-08 14:10:22,synthetic.customer.000425@example.invalid,,Synthetic Customer 000425,!SYNTHETIC-NO-LOGIN!,+959000000425,,CUSTOMER,2025-05-16 14:10:22
100425,1,"Synthetic Township 6, Myanmar",2026-02-09 16:22:23,synthetic.customer.000426@example.invalid,,Synthetic Customer 000426,!SYNTHETIC-NO-LOGIN!,+959000000426,,CUSTOMER,2026-05-21 16:22:23
100426,1,"Synthetic Township 7, Myanmar",2025-02-06 12:19:55,synthetic.customer.000427@example.invalid,,Synthetic Customer 000427,!SYNTHETIC-NO-LOGIN!,+959000000427,,CUSTOMER,2025-05-01 12:19:55
100427,1,"Synthetic Township 8, Myanmar",2026-08-02 18:24:04,synthetic.customer.000428@example.invalid,,Synthetic Customer 000428,!SYNTHETIC-NO-LOGIN!,+959000000428,,CUSTOMER,2026-11-19 18:24:04
100428,1,"Synthetic Township 9, Myanmar",2025-02-18 19:48:52,synthetic.customer.000429@example.invalid,,Synthetic Customer 000429,!SYNTHETIC-NO-LOGIN!,+959000000429,,CUSTOMER,2025-04-02 19:48:52
100429,1,"Synthetic Township 10, Myanmar",2022-12-29 12:47:19,synthetic.customer.000430@example.invalid,,Synthetic Customer 000430,!SYNTHETIC-NO-LOGIN!,+959000000430,,CUSTOMER,2023-01-28 12:47:19
100430,1,"Synthetic Township 11, Myanmar",2024-09-06 18:32:16,synthetic.customer.000431@example.invalid,,Synthetic Customer 000431,!SYNTHETIC-NO-LOGIN!,+959000000431,,CUSTOMER,2024-11-15 18:32:16
100431,1,"Synthetic Township 12, Myanmar",2024-10-13 11:12:20,synthetic.customer.000432@example.invalid,,Synthetic Customer 000432,!SYNTHETIC-NO-LOGIN!,+959000000432,,CUSTOMER,2025-02-06 11:12:20
100432,1,"Synthetic Township 13, Myanmar",2026-02-25 18:05:40,synthetic.customer.000433@example.invalid,,Synthetic Customer 000433,!SYNTHETIC-NO-LOGIN!,+959000000433,,CUSTOMER,2026-04-17 18:05:40
100433,1,"Synthetic Township 14, Myanmar",2026-04-20 08:36:14,synthetic.customer.000434@example.invalid,,Synthetic Customer 000434,!SYNTHETIC-NO-LOGIN!,+959000000434,,CUSTOMER,2026-05-25 08:36:14
100434,1,"Synthetic Township 15, Myanmar",2023-06-10 19:32:03,synthetic.customer.000435@example.invalid,,Synthetic Customer 000435,!SYNTHETIC-NO-LOGIN!,+959000000435,,CUSTOMER,2023-09-26 19:32:03
100435,1,"Synthetic Township 16, Myanmar",2025-05-05 04:10:46,synthetic.customer.000436@example.invalid,,Synthetic Customer 000436,!SYNTHETIC-NO-LOGIN!,+959000000436,,CUSTOMER,2025-06-16 04:10:46
100436,1,"Synthetic Township 17, Myanmar",2024-12-13 05:37:09,synthetic.customer.000437@example.invalid,,Synthetic Customer 000437,!SYNTHETIC-NO-LOGIN!,+959000000437,,CUSTOMER,2025-02-12 05:37:09
100437,1,"Synthetic Township 18, Myanmar",2024-08-13 13:17:02,synthetic.customer.000438@example.invalid,,Synthetic Customer 000438,!SYNTHETIC-NO-LOGIN!,+959000000438,,CUSTOMER,2024-09-11 13:17:02
100438,1,"Synthetic Township 19, Myanmar",2022-03-29 17:15:00,synthetic.customer.000439@example.invalid,,Synthetic Customer 000439,!SYNTHETIC-NO-LOGIN!,+959000000439,,CUSTOMER,2022-06-28 17:15:00
100439,1,"Synthetic Township 20, Myanmar",2022-07-17 19:17:29,synthetic.customer.000440@example.invalid,,Synthetic Customer 000440,!SYNTHETIC-NO-LOGIN!,+959000000440,,CUSTOMER,2022-07-20 19:17:29
100440,1,"Synthetic Township 21, Myanmar",2023-07-02 17:39:47,synthetic.customer.000441@example.invalid,,Synthetic Customer 000441,!SYNTHETIC-NO-LOGIN!,+959000000441,,CUSTOMER,2023-07-17 17:39:47
100441,1,"Synthetic Township 22, Myanmar",2024-12-19 04:46:19,synthetic.customer.000442@example.invalid,,Synthetic Customer 000442,!SYNTHETIC-NO-LOGIN!,+959000000442,,CUSTOMER,2025-03-10 04:46:19
100442,1,"Synthetic Township 23, Myanmar",2023-01-18 20:46:29,synthetic.customer.000443@example.invalid,,Synthetic Customer 000443,!SYNTHETIC-NO-LOGIN!,+959000000443,,CUSTOMER,2023-03-30 20:46:29
100443,1,"Synthetic Township 24, Myanmar",2024-09-07 00:17:54,synthetic.customer.000444@example.invalid,,Synthetic Customer 000444,!SYNTHETIC-NO-LOGIN!,+959000000444,,CUSTOMER,2024-10-06 00:17:54
100444,0,"Synthetic Township 25, Myanmar",2025-05-31 08:55:35,synthetic.customer.000445@example.invalid,,Synthetic Customer 000445,!SYNTHETIC-NO-LOGIN!,+959000000445,,CUSTOMER,2025-09-13 08:55:35
100445,1,"Synthetic Township 26, Myanmar",2022-01-16 18:29:48,synthetic.customer.000446@example.invalid,,Synthetic Customer 000446,!SYNTHETIC-NO-LOGIN!,+959000000446,,CUSTOMER,2022-03-02 18:29:48
100446,1,"Synthetic Township 27, Myanmar",2022-11-23 14:57:23,synthetic.customer.000447@example.invalid,,Synthetic Customer 000447,!SYNTHETIC-NO-LOGIN!,+959000000447,,CUSTOMER,2023-01-25 14:57:23
100447,1,"Synthetic Township 28, Myanmar",2023-03-05 08:27:17,synthetic.customer.000448@example.invalid,,Synthetic Customer 000448,!SYNTHETIC-NO-LOGIN!,+959000000448,,CUSTOMER,2023-06-12 08:27:17
100448,1,"Synthetic Township 29, Myanmar",2023-01-02 05:45:03,synthetic.customer.000449@example.invalid,,Synthetic Customer 000449,!SYNTHETIC-NO-LOGIN!,+959000000449,,CUSTOMER,2023-04-23 05:45:03
100449,1,"Synthetic Township 30, Myanmar",2023-02-20 19:05:29,synthetic.customer.000450@example.invalid,,Synthetic Customer 000450,!SYNTHETIC-NO-LOGIN!,+959000000450,,CUSTOMER,2023-06-12 19:05:29
100450,1,"Synthetic Township 31, Myanmar",2023-02-04 11:12:00,synthetic.customer.000451@example.invalid,,Synthetic Customer 000451,!SYNTHETIC-NO-LOGIN!,+959000000451,,CUSTOMER,2023-05-19 11:12:00
100451,1,"Synthetic Township 32, Myanmar",2023-10-16 10:58:08,synthetic.customer.000452@example.invalid,,Synthetic Customer 000452,!SYNTHETIC-NO-LOGIN!,+959000000452,,CUSTOMER,2024-01-22 10:58:08
100452,1,"Synthetic Township 33, Myanmar",2024-08-16 14:52:57,synthetic.customer.000453@example.invalid,,Synthetic Customer 000453,!SYNTHETIC-NO-LOGIN!,+959000000453,,CUSTOMER,2024-11-08 14:52:57
100453,1,"Synthetic Township 34, Myanmar",2022-10-12 18:05:16,synthetic.customer.000454@example.invalid,,Synthetic Customer 000454,!SYNTHETIC-NO-LOGIN!,+959000000454,,CUSTOMER,2023-01-29 18:05:16
100454,1,"Synthetic Township 35, Myanmar",2022-08-06 02:52:01,synthetic.customer.000455@example.invalid,,Synthetic Customer 000455,!SYNTHETIC-NO-LOGIN!,+959000000455,,CUSTOMER,2022-11-23 02:52:01
100455,1,"Synthetic Township 36, Myanmar",2024-08-06 00:37:08,synthetic.customer.000456@example.invalid,,Synthetic Customer 000456,!SYNTHETIC-NO-LOGIN!,+959000000456,,CUSTOMER,2024-10-27 00:37:08
100456,1,"Synthetic Township 37, Myanmar",2022-10-28 10:28:42,synthetic.customer.000457@example.invalid,,Synthetic Customer 000457,!SYNTHETIC-NO-LOGIN!,+959000000457,,CUSTOMER,2023-02-12 10:28:42
100457,1,"Synthetic Township 38, Myanmar",2022-02-12 02:11:40,synthetic.customer.000458@example.invalid,,Synthetic Customer 000458,!SYNTHETIC-NO-LOGIN!,+959000000458,,CUSTOMER,2022-02-26 02:11:40
100458,1,"Synthetic Township 39, Myanmar",2021-09-30 10:01:20,synthetic.customer.000459@example.invalid,,Synthetic Customer 000459,!SYNTHETIC-NO-LOGIN!,+959000000459,,CUSTOMER,2022-01-17 10:01:20
100459,1,"Synthetic Township 40, Myanmar",2022-07-07 04:59:37,synthetic.customer.000460@example.invalid,,Synthetic Customer 000460,!SYNTHETIC-NO-LOGIN!,+959000000460,,CUSTOMER,2022-08-12 04:59:37
100460,1,"Synthetic Township 41, Myanmar",2024-11-29 03:58:03,synthetic.customer.000461@example.invalid,,Synthetic Customer 000461,!SYNTHETIC-NO-LOGIN!,+959000000461,,CUSTOMER,2025-03-05 03:58:03
100461,1,"Synthetic Township 42, Myanmar",2022-10-25 08:58:05,synthetic.customer.000462@example.invalid,,Synthetic Customer 000462,!SYNTHETIC-NO-LOGIN!,+959000000462,,CUSTOMER,2022-12-23 08:58:05
100462,1,"Synthetic Township 43, Myanmar",2022-12-30 00:05:53,synthetic.customer.000463@example.invalid,,Synthetic Customer 000463,!SYNTHETIC-NO-LOGIN!,+959000000463,,CUSTOMER,2023-04-26 00:05:53
100463,1,"Synthetic Township 44, Myanmar",2023-09-27 20:27:32,synthetic.customer.000464@example.invalid,,Synthetic Customer 000464,!SYNTHETIC-NO-LOGIN!,+959000000464,,CUSTOMER,2023-11-07 20:27:32
100464,1,"Synthetic Township 45, Myanmar",2023-10-07 09:03:16,synthetic.customer.000465@example.invalid,,Synthetic Customer 000465,!SYNTHETIC-NO-LOGIN!,+959000000465,,CUSTOMER,2023-12-11 09:03:16
100465,1,"Synthetic Township 46, Myanmar",2026-03-01 06:42:30,synthetic.customer.000466@example.invalid,,Synthetic Customer 000466,!SYNTHETIC-NO-LOGIN!,+959000000466,,CUSTOMER,2026-05-25 06:42:30
100466,1,"Synthetic Township 47, Myanmar",2022-07-07 00:17:31,synthetic.customer.000467@example.invalid,,Synthetic Customer 000467,!SYNTHETIC-NO-LOGIN!,+959000000467,,CUSTOMER,2022-08-23 00:17:31
100467,1,"Synthetic Township 48, Myanmar",2023-10-07 17:38:52,synthetic.customer.000468@example.invalid,,Synthetic Customer 000468,!SYNTHETIC-NO-LOGIN!,+959000000468,,CUSTOMER,2023-12-30 17:38:52
100468,1,"Synthetic Township 49, Myanmar",2024-09-30 08:02:20,synthetic.customer.000469@example.invalid,,Synthetic Customer 000469,!SYNTHETIC-NO-LOGIN!,+959000000469,,CUSTOMER,2024-10-10 08:02:20
100469,1,"Synthetic Township 50, Myanmar",2023-08-23 13:16:32,synthetic.customer.000470@example.invalid,,Synthetic Customer 000470,!SYNTHETIC-NO-LOGIN!,+959000000470,,CUSTOMER,2023-09-10 13:16:32
100470,1,"Synthetic Township 51, Myanmar",2022-02-15 16:36:57,synthetic.customer.000471@example.invalid,,Synthetic Customer 000471,!SYNTHETIC-NO-LOGIN!,+959000000471,,CUSTOMER,2022-03-08 16:36:57
100471,1,"Synthetic Township 52, Myanmar",2023-06-05 04:26:24,synthetic.customer.000472@example.invalid,,Synthetic Customer 000472,!SYNTHETIC-NO-LOGIN!,+959000000472,,CUSTOMER,2023-06-12 04:26:24
100472,1,"Synthetic Township 53, Myanmar",2026-04-07 18:33:50,synthetic.customer.000473@example.invalid,,Synthetic Customer 000473,!SYNTHETIC-NO-LOGIN!,+959000000473,,CUSTOMER,2026-05-03 18:33:50
100473,1,"Synthetic Township 54, Myanmar",2026-01-09 18:23:09,synthetic.customer.000474@example.invalid,,Synthetic Customer 000474,!SYNTHETIC-NO-LOGIN!,+959000000474,,CUSTOMER,2026-03-21 18:23:09
100474,1,"Synthetic Township 55, Myanmar",2026-04-02 05:26:52,synthetic.customer.000475@example.invalid,,Synthetic Customer 000475,!SYNTHETIC-NO-LOGIN!,+959000000475,,CUSTOMER,2026-05-27 05:26:52
100475,1,"Synthetic Township 56, Myanmar",2026-07-11 12:57:31,synthetic.customer.000476@example.invalid,,Synthetic Customer 000476,!SYNTHETIC-NO-LOGIN!,+959000000476,,CUSTOMER,2026-09-11 12:57:31
100476,1,"Synthetic Township 57, Myanmar",2022-12-23 12:02:04,synthetic.customer.000477@example.invalid,,Synthetic Customer 000477,!SYNTHETIC-NO-LOGIN!,+959000000477,,CUSTOMER,2023-03-13 12:02:04
100477,1,"Synthetic Township 58, Myanmar",2026-01-04 08:28:01,synthetic.customer.000478@example.invalid,,Synthetic Customer 000478,!SYNTHETIC-NO-LOGIN!,+959000000478,,CUSTOMER,2026-03-23 08:28:01
100478,1,"Synthetic Township 59, Myanmar",2022-03-25 23:55:25,synthetic.customer.000479@example.invalid,,Synthetic Customer 000479,!SYNTHETIC-NO-LOGIN!,+959000000479,,CUSTOMER,2022-07-06 23:55:25
100479,1,"Synthetic Township 60, Myanmar",2024-12-23 11:10:14,synthetic.customer.000480@example.invalid,,Synthetic Customer 000480,!SYNTHETIC-NO-LOGIN!,+959000000480,,CUSTOMER,2024-12-23 11:10:14
100480,1,"Synthetic Township 1, Myanmar",2026-02-16 13:30:40,synthetic.customer.000481@example.invalid,,Synthetic Customer 000481,!SYNTHETIC-NO-LOGIN!,+959000000481,,CUSTOMER,2026-05-24 13:30:40
100481,0,"Synthetic Township 2, Myanmar",2026-08-28 07:50:38,synthetic.customer.000482@example.invalid,,Synthetic Customer 000482,!SYNTHETIC-NO-LOGIN!,+959000000482,,CUSTOMER,2026-10-11 07:50:38
100482,1,"Synthetic Township 3, Myanmar",2024-10-05 02:25:27,synthetic.customer.000483@example.invalid,,Synthetic Customer 000483,!SYNTHETIC-NO-LOGIN!,+959000000483,,CUSTOMER,2024-10-06 02:25:27
100483,1,"Synthetic Township 4, Myanmar",2024-12-31 15:33:45,synthetic.customer.000484@example.invalid,,Synthetic Customer 000484,!SYNTHETIC-NO-LOGIN!,+959000000484,,CUSTOMER,2025-02-11 15:33:45
100484,1,"Synthetic Township 5, Myanmar",2026-08-17 21:00:53,synthetic.customer.000485@example.invalid,,Synthetic Customer 000485,!SYNTHETIC-NO-LOGIN!,+959000000485,,CUSTOMER,2026-09-26 21:00:53
100485,1,"Synthetic Township 6, Myanmar",2024-05-12 22:09:35,synthetic.customer.000486@example.invalid,,Synthetic Customer 000486,!SYNTHETIC-NO-LOGIN!,+959000000486,,CUSTOMER,2024-08-30 22:09:35
100486,1,"Synthetic Township 7, Myanmar",2023-05-10 08:27:17,synthetic.customer.000487@example.invalid,,Synthetic Customer 000487,!SYNTHETIC-NO-LOGIN!,+959000000487,,CUSTOMER,2023-07-27 08:27:17
100487,1,"Synthetic Township 8, Myanmar",2025-03-31 05:45:42,synthetic.customer.000488@example.invalid,,Synthetic Customer 000488,!SYNTHETIC-NO-LOGIN!,+959000000488,,CUSTOMER,2025-06-20 05:45:42
100488,1,"Synthetic Township 9, Myanmar",2023-02-26 11:45:39,synthetic.customer.000489@example.invalid,,Synthetic Customer 000489,!SYNTHETIC-NO-LOGIN!,+959000000489,,CUSTOMER,2023-04-24 11:45:39
100489,1,"Synthetic Township 10, Myanmar",2024-01-26 22:35:30,synthetic.customer.000490@example.invalid,,Synthetic Customer 000490,!SYNTHETIC-NO-LOGIN!,+959000000490,,CUSTOMER,2024-03-31 22:35:30
100490,1,"Synthetic Township 11, Myanmar",2025-07-26 12:19:33,synthetic.customer.000491@example.invalid,,Synthetic Customer 000491,!SYNTHETIC-NO-LOGIN!,+959000000491,,CUSTOMER,2025-11-11 12:19:33
100491,1,"Synthetic Township 12, Myanmar",2022-12-01 07:53:41,synthetic.customer.000492@example.invalid,,Synthetic Customer 000492,!SYNTHETIC-NO-LOGIN!,+959000000492,,CUSTOMER,2022-12-30 07:53:41
100492,1,"Synthetic Township 13, Myanmar",2023-10-21 13:08:37,synthetic.customer.000493@example.invalid,,Synthetic Customer 000493,!SYNTHETIC-NO-LOGIN!,+959000000493,,CUSTOMER,2023-11-12 13:08:37
100493,1,"Synthetic Township 14, Myanmar",2022-05-05 03:22:24,synthetic.customer.000494@example.invalid,,Synthetic Customer 000494,!SYNTHETIC-NO-LOGIN!,+959000000494,,CUSTOMER,2022-05-29 03:22:24
100494,1,"Synthetic Township 15, Myanmar",2022-06-22 00:13:25,synthetic.customer.000495@example.invalid,,Synthetic Customer 000495,!SYNTHETIC-NO-LOGIN!,+959000000495,,CUSTOMER,2022-08-29 00:13:25
100495,1,"Synthetic Township 16, Myanmar",2026-08-16 04:33:49,synthetic.customer.000496@example.invalid,,Synthetic Customer 000496,!SYNTHETIC-NO-LOGIN!,+959000000496,,CUSTOMER,2026-09-19 04:33:49
100496,1,"Synthetic Township 17, Myanmar",2024-10-19 13:49:11,synthetic.customer.000497@example.invalid,,Synthetic Customer 000497,!SYNTHETIC-NO-LOGIN!,+959000000497,,CUSTOMER,2025-01-29 13:49:11
100497,1,"Synthetic Township 18, Myanmar",2026-06-07 14:01:17,synthetic.customer.000498@example.invalid,,Synthetic Customer 000498,!SYNTHETIC-NO-LOGIN!,+959000000498,,CUSTOMER,2026-09-01 14:01:17
100498,1,"Synthetic Township 19, Myanmar",2025-04-05 23:10:16,synthetic.customer.000499@example.invalid,,Synthetic Customer 000499,!SYNTHETIC-NO-LOGIN!,+959000000499,,CUSTOMER,2025-04-15 23:10:16
100499,1,"Synthetic Township 20, Myanmar",2023-09-10 22:00:07,synthetic.customer.000500@example.invalid,,Synthetic Customer 000500,!SYNTHETIC-NO-LOGIN!,+959000000500,,CUSTOMER,2023-09-17 22:00:07
100500,1,"Synthetic Township 21, Myanmar",2023-05-23 07:01:29,synthetic.customer.000501@example.invalid,,Synthetic Customer 000501,!SYNTHETIC-NO-LOGIN!,+959000000501,,CUSTOMER,2023-05-27 07:01:29
100501,1,"Synthetic Township 22, Myanmar",2026-02-13 20:04:49,synthetic.customer.000502@example.invalid,,Synthetic Customer 000502,!SYNTHETIC-NO-LOGIN!,+959000000502,,CUSTOMER,2026-05-06 20:04:49
100502,1,"Synthetic Township 23, Myanmar",2024-01-20 13:01:55,synthetic.customer.000503@example.invalid,,Synthetic Customer 000503,!SYNTHETIC-NO-LOGIN!,+959000000503,,CUSTOMER,2024-03-28 13:01:55
100503,1,"Synthetic Township 24, Myanmar",2025-12-19 00:54:33,synthetic.customer.000504@example.invalid,,Synthetic Customer 000504,!SYNTHETIC-NO-LOGIN!,+959000000504,,CUSTOMER,2026-03-22 00:54:33
100504,1,"Synthetic Township 25, Myanmar",2023-07-03 01:54:18,synthetic.customer.000505@example.invalid,,Synthetic Customer 000505,!SYNTHETIC-NO-LOGIN!,+959000000505,,CUSTOMER,2023-09-04 01:54:18
100505,1,"Synthetic Township 26, Myanmar",2026-01-23 02:31:39,synthetic.customer.000506@example.invalid,,Synthetic Customer 000506,!SYNTHETIC-NO-LOGIN!,+959000000506,,CUSTOMER,2026-05-20 02:31:39
100506,1,"Synthetic Township 27, Myanmar",2021-09-30 23:25:23,synthetic.customer.000507@example.invalid,,Synthetic Customer 000507,!SYNTHETIC-NO-LOGIN!,+959000000507,,CUSTOMER,2021-11-24 23:25:23
100507,1,"Synthetic Township 28, Myanmar",2024-03-31 12:49:33,synthetic.customer.000508@example.invalid,,Synthetic Customer 000508,!SYNTHETIC-NO-LOGIN!,+959000000508,,CUSTOMER,2024-04-07 12:49:33
100508,1,"Synthetic Township 29, Myanmar",2025-07-12 22:22:12,synthetic.customer.000509@example.invalid,,Synthetic Customer 000509,!SYNTHETIC-NO-LOGIN!,+959000000509,,CUSTOMER,2025-09-20 22:22:12
100509,1,"Synthetic Township 30, Myanmar",2025-06-08 08:58:35,synthetic.customer.000510@example.invalid,,Synthetic Customer 000510,!SYNTHETIC-NO-LOGIN!,+959000000510,,CUSTOMER,2025-08-05 08:58:35
100510,1,"Synthetic Township 31, Myanmar",2022-02-19 10:04:56,synthetic.customer.000511@example.invalid,,Synthetic Customer 000511,!SYNTHETIC-NO-LOGIN!,+959000000511,,CUSTOMER,2022-04-10 10:04:56
100511,1,"Synthetic Township 32, Myanmar",2024-10-30 20:02:19,synthetic.customer.000512@example.invalid,,Synthetic Customer 000512,!SYNTHETIC-NO-LOGIN!,+959000000512,,CUSTOMER,2024-11-08 20:02:19
100512,1,"Synthetic Township 33, Myanmar",2025-09-06 22:45:19,synthetic.customer.000513@example.invalid,,Synthetic Customer 000513,!SYNTHETIC-NO-LOGIN!,+959000000513,,CUSTOMER,2025-11-02 22:45:19
100513,1,"Synthetic Township 34, Myanmar",2026-07-29 06:35:49,synthetic.customer.000514@example.invalid,,Synthetic Customer 000514,!SYNTHETIC-NO-LOGIN!,+959000000514,,CUSTOMER,2026-11-05 06:35:49
100514,1,"Synthetic Township 35, Myanmar",2026-01-11 17:50:23,synthetic.customer.000515@example.invalid,,Synthetic Customer 000515,!SYNTHETIC-NO-LOGIN!,+959000000515,,CUSTOMER,2026-02-18 17:50:23
100515,1,"Synthetic Township 36, Myanmar",2026-05-14 15:22:34,synthetic.customer.000516@example.invalid,,Synthetic Customer 000516,!SYNTHETIC-NO-LOGIN!,+959000000516,,CUSTOMER,2026-07-27 15:22:34
100516,1,"Synthetic Township 37, Myanmar",2024-11-07 06:48:12,synthetic.customer.000517@example.invalid,,Synthetic Customer 000517,!SYNTHETIC-NO-LOGIN!,+959000000517,,CUSTOMER,2024-12-22 06:48:12
100517,1,"Synthetic Township 38, Myanmar",2026-06-08 12:22:53,synthetic.customer.000518@example.invalid,,Synthetic Customer 000518,!SYNTHETIC-NO-LOGIN!,+959000000518,,CUSTOMER,2026-08-08 12:22:53
100518,0,"Synthetic Township 39, Myanmar",2025-08-05 11:34:14,synthetic.customer.000519@example.invalid,,Synthetic Customer 000519,!SYNTHETIC-NO-LOGIN!,+959000000519,,CUSTOMER,2025-10-15 11:34:14
100519,1,"Synthetic Township 40, Myanmar",2024-01-24 05:56:40,synthetic.customer.000520@example.invalid,,Synthetic Customer 000520,!SYNTHETIC-NO-LOGIN!,+959000000520,,CUSTOMER,2024-02-01 05:56:40
100520,1,"Synthetic Township 41, Myanmar",2023-04-14 05:09:35,synthetic.customer.000521@example.invalid,,Synthetic Customer 000521,!SYNTHETIC-NO-LOGIN!,+959000000521,,CUSTOMER,2023-07-15 05:09:35
100521,1,"Synthetic Township 42, Myanmar",2022-06-09 10:18:50,synthetic.customer.000522@example.invalid,,Synthetic Customer 000522,!SYNTHETIC-NO-LOGIN!,+959000000522,,CUSTOMER,2022-07-02 10:18:50
100522,1,"Synthetic Township 43, Myanmar",2023-07-03 18:23:12,synthetic.customer.000523@example.invalid,,Synthetic Customer 000523,!SYNTHETIC-NO-LOGIN!,+959000000523,,CUSTOMER,2023-10-16 18:23:12
100523,1,"Synthetic Township 44, Myanmar",2025-06-05 05:35:53,synthetic.customer.000524@example.invalid,,Synthetic Customer 000524,!SYNTHETIC-NO-LOGIN!,+959000000524,,CUSTOMER,2025-09-19 05:35:53
100524,1,"Synthetic Township 45, Myanmar",2023-01-27 22:35:05,synthetic.customer.000525@example.invalid,,Synthetic Customer 000525,!SYNTHETIC-NO-LOGIN!,+959000000525,,CUSTOMER,2023-04-06 22:35:05
100525,1,"Synthetic Township 46, Myanmar",2024-07-06 09:11:44,synthetic.customer.000526@example.invalid,,Synthetic Customer 000526,!SYNTHETIC-NO-LOGIN!,+959000000526,,CUSTOMER,2024-10-10 09:11:44
100526,1,"Synthetic Township 47, Myanmar",2022-10-15 08:24:18,synthetic.customer.000527@example.invalid,,Synthetic Customer 000527,!SYNTHETIC-NO-LOGIN!,+959000000527,,CUSTOMER,2022-12-01 08:24:18
100527,1,"Synthetic Township 48, Myanmar",2025-11-28 07:45:37,synthetic.customer.000528@example.invalid,,Synthetic Customer 000528,!SYNTHETIC-NO-LOGIN!,+959000000528,,CUSTOMER,2026-03-15 07:45:37
100528,1,"Synthetic Township 49, Myanmar",2023-12-22 11:22:24,synthetic.customer.000529@example.invalid,,Synthetic Customer 000529,!SYNTHETIC-NO-LOGIN!,+959000000529,,CUSTOMER,2024-03-01 11:22:24
100529,1,"Synthetic Township 50, Myanmar",2026-04-18 05:45:30,synthetic.customer.000530@example.invalid,,Synthetic Customer 000530,!SYNTHETIC-NO-LOGIN!,+959000000530,,CUSTOMER,2026-07-14 05:45:30
100530,1,"Synthetic Township 51, Myanmar",2022-11-25 07:58:32,synthetic.customer.000531@example.invalid,,Synthetic Customer 000531,!SYNTHETIC-NO-LOGIN!,+959000000531,,CUSTOMER,2023-03-15 07:58:32
100531,1,"Synthetic Township 52, Myanmar",2023-05-20 01:57:06,synthetic.customer.000532@example.invalid,,Synthetic Customer 000532,!SYNTHETIC-NO-LOGIN!,+959000000532,,CUSTOMER,2023-07-19 01:57:06
100532,1,"Synthetic Township 53, Myanmar",2022-11-25 01:30:55,synthetic.customer.000533@example.invalid,,Synthetic Customer 000533,!SYNTHETIC-NO-LOGIN!,+959000000533,,CUSTOMER,2023-01-13 01:30:55
100533,1,"Synthetic Township 54, Myanmar",2022-06-24 09:35:57,synthetic.customer.000534@example.invalid,,Synthetic Customer 000534,!SYNTHETIC-NO-LOGIN!,+959000000534,,CUSTOMER,2022-09-28 09:35:57
100534,1,"Synthetic Township 55, Myanmar",2022-10-28 06:22:06,synthetic.customer.000535@example.invalid,,Synthetic Customer 000535,!SYNTHETIC-NO-LOGIN!,+959000000535,,CUSTOMER,2022-12-30 06:22:06
100535,1,"Synthetic Township 56, Myanmar",2024-04-29 14:20:09,synthetic.customer.000536@example.invalid,,Synthetic Customer 000536,!SYNTHETIC-NO-LOGIN!,+959000000536,,CUSTOMER,2024-07-31 14:20:09
100536,1,"Synthetic Township 57, Myanmar",2022-01-31 17:41:25,synthetic.customer.000537@example.invalid,,Synthetic Customer 000537,!SYNTHETIC-NO-LOGIN!,+959000000537,,CUSTOMER,2022-04-10 17:41:25
100537,1,"Synthetic Township 58, Myanmar",2022-07-21 05:35:58,synthetic.customer.000538@example.invalid,,Synthetic Customer 000538,!SYNTHETIC-NO-LOGIN!,+959000000538,,CUSTOMER,2022-09-08 05:35:58
100538,1,"Synthetic Township 59, Myanmar",2022-02-13 11:07:19,synthetic.customer.000539@example.invalid,,Synthetic Customer 000539,!SYNTHETIC-NO-LOGIN!,+959000000539,,CUSTOMER,2022-04-23 11:07:19
100539,1,"Synthetic Township 60, Myanmar",2025-06-18 06:04:18,synthetic.customer.000540@example.invalid,,Synthetic Customer 000540,!SYNTHETIC-NO-LOGIN!,+959000000540,,CUSTOMER,2025-09-13 06:04:18
100540,1,"Synthetic Township 1, Myanmar",2024-01-29 06:31:54,synthetic.customer.000541@example.invalid,,Synthetic Customer 000541,!SYNTHETIC-NO-LOGIN!,+959000000541,,CUSTOMER,2024-02-05 06:31:54
100541,1,"Synthetic Township 2, Myanmar",2022-09-26 19:13:44,synthetic.customer.000542@example.invalid,,Synthetic Customer 000542,!SYNTHETIC-NO-LOGIN!,+959000000542,,CUSTOMER,2022-12-27 19:13:44
100542,1,"Synthetic Township 3, Myanmar",2023-12-26 10:28:36,synthetic.customer.000543@example.invalid,,Synthetic Customer 000543,!SYNTHETIC-NO-LOGIN!,+959000000543,,CUSTOMER,2024-02-05 10:28:36
100543,1,"Synthetic Township 4, Myanmar",2021-10-26 09:45:35,synthetic.customer.000544@example.invalid,,Synthetic Customer 000544,!SYNTHETIC-NO-LOGIN!,+959000000544,,CUSTOMER,2022-02-06 09:45:35
100544,1,"Synthetic Township 5, Myanmar",2024-06-09 03:49:51,synthetic.customer.000545@example.invalid,,Synthetic Customer 000545,!SYNTHETIC-NO-LOGIN!,+959000000545,,CUSTOMER,2024-09-29 03:49:51
100545,1,"Synthetic Township 6, Myanmar",2025-10-03 02:56:25,synthetic.customer.000546@example.invalid,,Synthetic Customer 000546,!SYNTHETIC-NO-LOGIN!,+959000000546,,CUSTOMER,2025-11-24 02:56:25
100546,1,"Synthetic Township 7, Myanmar",2024-08-10 01:00:54,synthetic.customer.000547@example.invalid,,Synthetic Customer 000547,!SYNTHETIC-NO-LOGIN!,+959000000547,,CUSTOMER,2024-11-02 01:00:54
100547,1,"Synthetic Township 8, Myanmar",2026-05-29 09:44:54,synthetic.customer.000548@example.invalid,,Synthetic Customer 000548,!SYNTHETIC-NO-LOGIN!,+959000000548,,CUSTOMER,2026-07-23 09:44:54
100548,1,"Synthetic Township 9, Myanmar",2021-12-11 07:42:43,synthetic.customer.000549@example.invalid,,Synthetic Customer 000549,!SYNTHETIC-NO-LOGIN!,+959000000549,,CUSTOMER,2022-04-01 07:42:43
100549,1,"Synthetic Township 10, Myanmar",2025-04-10 17:52:52,synthetic.customer.000550@example.invalid,,Synthetic Customer 000550,!SYNTHETIC-NO-LOGIN!,+959000000550,,CUSTOMER,2025-07-13 17:52:52
100550,1,"Synthetic Township 11, Myanmar",2024-01-05 00:20:38,synthetic.customer.000551@example.invalid,,Synthetic Customer 000551,!SYNTHETIC-NO-LOGIN!,+959000000551,,CUSTOMER,2024-03-09 00:20:38
100551,1,"Synthetic Township 12, Myanmar",2026-06-15 10:03:30,synthetic.customer.000552@example.invalid,,Synthetic Customer 000552,!SYNTHETIC-NO-LOGIN!,+959000000552,,CUSTOMER,2026-07-22 10:03:30
100552,1,"Synthetic Township 13, Myanmar",2026-03-15 06:25:36,synthetic.customer.000553@example.invalid,,Synthetic Customer 000553,!SYNTHETIC-NO-LOGIN!,+959000000553,,CUSTOMER,2026-06-18 06:25:36
100553,1,"Synthetic Township 14, Myanmar",2024-08-01 10:05:44,synthetic.customer.000554@example.invalid,,Synthetic Customer 000554,!SYNTHETIC-NO-LOGIN!,+959000000554,,CUSTOMER,2024-11-10 10:05:44
100554,1,"Synthetic Township 15, Myanmar",2023-01-20 23:03:54,synthetic.customer.000555@example.invalid,,Synthetic Customer 000555,!SYNTHETIC-NO-LOGIN!,+959000000555,,CUSTOMER,2023-04-02 23:03:54
100555,0,"Synthetic Township 16, Myanmar",2025-04-09 07:33:44,synthetic.customer.000556@example.invalid,,Synthetic Customer 000556,!SYNTHETIC-NO-LOGIN!,+959000000556,,CUSTOMER,2025-05-26 07:33:44
100556,1,"Synthetic Township 17, Myanmar",2022-09-04 11:16:38,synthetic.customer.000557@example.invalid,,Synthetic Customer 000557,!SYNTHETIC-NO-LOGIN!,+959000000557,,CUSTOMER,2022-09-09 11:16:38
100557,1,"Synthetic Township 18, Myanmar",2024-02-08 02:57:48,synthetic.customer.000558@example.invalid,,Synthetic Customer 000558,!SYNTHETIC-NO-LOGIN!,+959000000558,,CUSTOMER,2024-03-28 02:57:48
100558,1,"Synthetic Township 19, Myanmar",2026-01-24 09:18:43,synthetic.customer.000559@example.invalid,,Synthetic Customer 000559,!SYNTHETIC-NO-LOGIN!,+959000000559,,CUSTOMER,2026-05-16 09:18:43
100559,1,"Synthetic Township 20, Myanmar",2024-01-31 05:31:19,synthetic.customer.000560@example.invalid,,Synthetic Customer 000560,!SYNTHETIC-NO-LOGIN!,+959000000560,,CUSTOMER,2024-03-06 05:31:19
100560,1,"Synthetic Township 21, Myanmar",2022-08-06 07:19:31,synthetic.customer.000561@example.invalid,,Synthetic Customer 000561,!SYNTHETIC-NO-LOGIN!,+959000000561,,CUSTOMER,2022-10-15 07:19:31
100561,1,"Synthetic Township 22, Myanmar",2023-06-23 10:11:54,synthetic.customer.000562@example.invalid,,Synthetic Customer 000562,!SYNTHETIC-NO-LOGIN!,+959000000562,,CUSTOMER,2023-07-21 10:11:54
100562,1,"Synthetic Township 23, Myanmar",2024-03-05 21:19:06,synthetic.customer.000563@example.invalid,,Synthetic Customer 000563,!SYNTHETIC-NO-LOGIN!,+959000000563,,CUSTOMER,2024-03-12 21:19:06
100563,1,"Synthetic Township 24, Myanmar",2022-03-30 22:02:41,synthetic.customer.000564@example.invalid,,Synthetic Customer 000564,!SYNTHETIC-NO-LOGIN!,+959000000564,,CUSTOMER,2022-06-08 22:02:41
100564,1,"Synthetic Township 25, Myanmar",2026-04-05 04:47:01,synthetic.customer.000565@example.invalid,,Synthetic Customer 000565,!SYNTHETIC-NO-LOGIN!,+959000000565,,CUSTOMER,2026-07-11 04:47:01
100565,1,"Synthetic Township 26, Myanmar",2023-01-18 05:00:46,synthetic.customer.000566@example.invalid,,Synthetic Customer 000566,!SYNTHETIC-NO-LOGIN!,+959000000566,,CUSTOMER,2023-05-06 05:00:46
100566,1,"Synthetic Township 27, Myanmar",2026-04-08 09:24:04,synthetic.customer.000567@example.invalid,,Synthetic Customer 000567,!SYNTHETIC-NO-LOGIN!,+959000000567,,CUSTOMER,2026-05-31 09:24:04
100567,1,"Synthetic Township 28, Myanmar",2024-06-30 19:01:05,synthetic.customer.000568@example.invalid,,Synthetic Customer 000568,!SYNTHETIC-NO-LOGIN!,+959000000568,,CUSTOMER,2024-09-14 19:01:05
100568,1,"Synthetic Township 29, Myanmar",2023-05-16 02:57:26,synthetic.customer.000569@example.invalid,,Synthetic Customer 000569,!SYNTHETIC-NO-LOGIN!,+959000000569,,CUSTOMER,2023-05-20 02:57:26
100569,1,"Synthetic Township 30, Myanmar",2023-01-23 17:24:25,synthetic.customer.000570@example.invalid,,Synthetic Customer 000570,!SYNTHETIC-NO-LOGIN!,+959000000570,,CUSTOMER,2023-04-11 17:24:25
100570,1,"Synthetic Township 31, Myanmar",2024-08-04 10:23:00,synthetic.customer.000571@example.invalid,,Synthetic Customer 000571,!SYNTHETIC-NO-LOGIN!,+959000000571,,CUSTOMER,2024-10-16 10:23:00
100571,1,"Synthetic Township 32, Myanmar",2022-02-06 16:12:15,synthetic.customer.000572@example.invalid,,Synthetic Customer 000572,!SYNTHETIC-NO-LOGIN!,+959000000572,,CUSTOMER,2022-05-18 16:12:15
100572,1,"Synthetic Township 33, Myanmar",2023-05-26 07:27:36,synthetic.customer.000573@example.invalid,,Synthetic Customer 000573,!SYNTHETIC-NO-LOGIN!,+959000000573,,CUSTOMER,2023-08-19 07:27:36
100573,1,"Synthetic Township 34, Myanmar",2024-08-03 01:19:48,synthetic.customer.000574@example.invalid,,Synthetic Customer 000574,!SYNTHETIC-NO-LOGIN!,+959000000574,,CUSTOMER,2024-10-11 01:19:48
100574,1,"Synthetic Township 35, Myanmar",2022-10-23 18:22:51,synthetic.customer.000575@example.invalid,,Synthetic Customer 000575,!SYNTHETIC-NO-LOGIN!,+959000000575,,CUSTOMER,2022-11-18 18:22:51
100575,1,"Synthetic Township 36, Myanmar",2023-08-24 06:10:30,synthetic.customer.000576@example.invalid,,Synthetic Customer 000576,!SYNTHETIC-NO-LOGIN!,+959000000576,,CUSTOMER,2023-09-04 06:10:30
100576,1,"Synthetic Township 37, Myanmar",2023-04-25 06:19:11,synthetic.customer.000577@example.invalid,,Synthetic Customer 000577,!SYNTHETIC-NO-LOGIN!,+959000000577,,CUSTOMER,2023-07-01 06:19:11
100577,1,"Synthetic Township 38, Myanmar",2024-05-25 11:42:39,synthetic.customer.000578@example.invalid,,Synthetic Customer 000578,!SYNTHETIC-NO-LOGIN!,+959000000578,,CUSTOMER,2024-06-17 11:42:39
100578,1,"Synthetic Township 39, Myanmar",2025-05-19 21:57:16,synthetic.customer.000579@example.invalid,,Synthetic Customer 000579,!SYNTHETIC-NO-LOGIN!,+959000000579,,CUSTOMER,2025-09-05 21:57:16
100579,1,"Synthetic Township 40, Myanmar",2023-01-20 04:15:29,synthetic.customer.000580@example.invalid,,Synthetic Customer 000580,!SYNTHETIC-NO-LOGIN!,+959000000580,,CUSTOMER,2023-01-31 04:15:29
100580,1,"Synthetic Township 41, Myanmar",2022-05-16 05:43:17,synthetic.customer.000581@example.invalid,,Synthetic Customer 000581,!SYNTHETIC-NO-LOGIN!,+959000000581,,CUSTOMER,2022-08-31 05:43:17
100581,1,"Synthetic Township 42, Myanmar",2022-12-19 01:59:51,synthetic.customer.000582@example.invalid,,Synthetic Customer 000582,!SYNTHETIC-NO-LOGIN!,+959000000582,,CUSTOMER,2023-01-20 01:59:51
100582,1,"Synthetic Township 43, Myanmar",2024-02-17 06:29:38,synthetic.customer.000583@example.invalid,,Synthetic Customer 000583,!SYNTHETIC-NO-LOGIN!,+959000000583,,CUSTOMER,2024-02-25 06:29:38
100583,1,"Synthetic Township 44, Myanmar",2023-05-17 07:39:52,synthetic.customer.000584@example.invalid,,Synthetic Customer 000584,!SYNTHETIC-NO-LOGIN!,+959000000584,,CUSTOMER,2023-06-10 07:39:52
100584,1,"Synthetic Township 45, Myanmar",2023-02-05 06:08:47,synthetic.customer.000585@example.invalid,,Synthetic Customer 000585,!SYNTHETIC-NO-LOGIN!,+959000000585,,CUSTOMER,2023-03-09 06:08:47
100585,1,"Synthetic Township 46, Myanmar",2025-07-26 23:31:57,synthetic.customer.000586@example.invalid,,Synthetic Customer 000586,!SYNTHETIC-NO-LOGIN!,+959000000586,,CUSTOMER,2025-11-04 23:31:57
100586,1,"Synthetic Township 47, Myanmar",2026-02-25 20:38:34,synthetic.customer.000587@example.invalid,,Synthetic Customer 000587,!SYNTHETIC-NO-LOGIN!,+959000000587,,CUSTOMER,2026-03-22 20:38:34
100587,1,"Synthetic Township 48, Myanmar",2024-11-08 17:32:13,synthetic.customer.000588@example.invalid,,Synthetic Customer 000588,!SYNTHETIC-NO-LOGIN!,+959000000588,,CUSTOMER,2024-12-25 17:32:13
100588,1,"Synthetic Township 49, Myanmar",2025-02-04 09:31:31,synthetic.customer.000589@example.invalid,,Synthetic Customer 000589,!SYNTHETIC-NO-LOGIN!,+959000000589,,CUSTOMER,2025-03-30 09:31:31
100589,1,"Synthetic Township 50, Myanmar",2025-03-07 05:40:41,synthetic.customer.000590@example.invalid,,Synthetic Customer 000590,!SYNTHETIC-NO-LOGIN!,+959000000590,,CUSTOMER,2025-04-25 05:40:41
100590,1,"Synthetic Township 51, Myanmar",2023-11-09 18:50:18,synthetic.customer.000591@example.invalid,,Synthetic Customer 000591,!SYNTHETIC-NO-LOGIN!,+959000000591,,CUSTOMER,2024-01-22 18:50:18
100591,1,"Synthetic Township 52, Myanmar",2024-11-14 05:55:25,synthetic.customer.000592@example.invalid,,Synthetic Customer 000592,!SYNTHETIC-NO-LOGIN!,+959000000592,,CUSTOMER,2025-01-24 05:55:25
100592,0,"Synthetic Township 53, Myanmar",2022-09-29 17:07:30,synthetic.customer.000593@example.invalid,,Synthetic Customer 000593,!SYNTHETIC-NO-LOGIN!,+959000000593,,CUSTOMER,2022-12-31 17:07:30
100593,1,"Synthetic Township 54, Myanmar",2021-11-19 18:32:23,synthetic.customer.000594@example.invalid,,Synthetic Customer 000594,!SYNTHETIC-NO-LOGIN!,+959000000594,,CUSTOMER,2021-11-19 18:32:23
100594,1,"Synthetic Township 55, Myanmar",2021-10-03 20:31:32,synthetic.customer.000595@example.invalid,,Synthetic Customer 000595,!SYNTHETIC-NO-LOGIN!,+959000000595,,CUSTOMER,2022-01-18 20:31:32
100595,1,"Synthetic Township 56, Myanmar",2026-01-09 20:07:43,synthetic.customer.000596@example.invalid,,Synthetic Customer 000596,!SYNTHETIC-NO-LOGIN!,+959000000596,,CUSTOMER,2026-01-23 20:07:43
100596,1,"Synthetic Township 57, Myanmar",2022-11-07 06:07:18,synthetic.customer.000597@example.invalid,,Synthetic Customer 000597,!SYNTHETIC-NO-LOGIN!,+959000000597,,CUSTOMER,2023-02-09 06:07:18
100597,1,"Synthetic Township 58, Myanmar",2022-11-01 22:07:33,synthetic.customer.000598@example.invalid,,Synthetic Customer 000598,!SYNTHETIC-NO-LOGIN!,+959000000598,,CUSTOMER,2022-12-31 22:07:33
100598,1,"Synthetic Township 59, Myanmar",2023-10-31 19:16:21,synthetic.customer.000599@example.invalid,,Synthetic Customer 000599,!SYNTHETIC-NO-LOGIN!,+959000000599,,CUSTOMER,2023-11-25 19:16:21
100599,1,"Synthetic Township 60, Myanmar",2024-11-01 21:37:37,synthetic.customer.000600@example.invalid,,Synthetic Customer 000600,!SYNTHETIC-NO-LOGIN!,+959000000600,,CUSTOMER,2025-01-23 21:37:37
100600,1,"Synthetic Township 1, Myanmar",2025-09-04 11:37:02,synthetic.customer.000601@example.invalid,,Synthetic Customer 000601,!SYNTHETIC-NO-LOGIN!,+959000000601,,CUSTOMER,2025-11-23 11:37:02
100601,1,"Synthetic Township 2, Myanmar",2024-08-21 06:59:32,synthetic.customer.000602@example.invalid,,Synthetic Customer 000602,!SYNTHETIC-NO-LOGIN!,+959000000602,,CUSTOMER,2024-09-04 06:59:32
100602,1,"Synthetic Township 3, Myanmar",2022-08-29 02:26:57,synthetic.customer.000603@example.invalid,,Synthetic Customer 000603,!SYNTHETIC-NO-LOGIN!,+959000000603,,CUSTOMER,2022-11-17 02:26:57
100603,1,"Synthetic Township 4, Myanmar",2026-03-17 22:36:14,synthetic.customer.000604@example.invalid,,Synthetic Customer 000604,!SYNTHETIC-NO-LOGIN!,+959000000604,,CUSTOMER,2026-06-16 22:36:14
100604,1,"Synthetic Township 5, Myanmar",2022-09-25 00:19:48,synthetic.customer.000605@example.invalid,,Synthetic Customer 000605,!SYNTHETIC-NO-LOGIN!,+959000000605,,CUSTOMER,2023-01-22 00:19:48
100605,1,"Synthetic Township 6, Myanmar",2025-09-04 21:38:36,synthetic.customer.000606@example.invalid,,Synthetic Customer 000606,!SYNTHETIC-NO-LOGIN!,+959000000606,,CUSTOMER,2025-12-10 21:38:36
100606,1,"Synthetic Township 7, Myanmar",2026-02-22 20:10:37,synthetic.customer.000607@example.invalid,,Synthetic Customer 000607,!SYNTHETIC-NO-LOGIN!,+959000000607,,CUSTOMER,2026-03-15 20:10:37
100607,1,"Synthetic Township 8, Myanmar",2024-03-11 18:46:52,synthetic.customer.000608@example.invalid,,Synthetic Customer 000608,!SYNTHETIC-NO-LOGIN!,+959000000608,,CUSTOMER,2024-04-24 18:46:52
100608,1,"Synthetic Township 9, Myanmar",2025-02-15 17:58:33,synthetic.customer.000609@example.invalid,,Synthetic Customer 000609,!SYNTHETIC-NO-LOGIN!,+959000000609,,CUSTOMER,2025-04-12 17:58:33
100609,1,"Synthetic Township 10, Myanmar",2023-04-15 12:16:16,synthetic.customer.000610@example.invalid,,Synthetic Customer 000610,!SYNTHETIC-NO-LOGIN!,+959000000610,,CUSTOMER,2023-08-03 12:16:16
100610,1,"Synthetic Township 11, Myanmar",2023-08-28 11:05:12,synthetic.customer.000611@example.invalid,,Synthetic Customer 000611,!SYNTHETIC-NO-LOGIN!,+959000000611,,CUSTOMER,2023-10-24 11:05:12
100611,1,"Synthetic Township 12, Myanmar",2025-10-07 00:46:53,synthetic.customer.000612@example.invalid,,Synthetic Customer 000612,!SYNTHETIC-NO-LOGIN!,+959000000612,,CUSTOMER,2025-12-22 00:46:53
100612,1,"Synthetic Township 13, Myanmar",2023-05-19 00:19:22,synthetic.customer.000613@example.invalid,,Synthetic Customer 000613,!SYNTHETIC-NO-LOGIN!,+959000000613,,CUSTOMER,2023-05-22 00:19:22
100613,1,"Synthetic Township 14, Myanmar",2024-03-11 04:47:19,synthetic.customer.000614@example.invalid,,Synthetic Customer 000614,!SYNTHETIC-NO-LOGIN!,+959000000614,,CUSTOMER,2024-06-27 04:47:19
100614,1,"Synthetic Township 15, Myanmar",2026-03-15 20:48:15,synthetic.customer.000615@example.invalid,,Synthetic Customer 000615,!SYNTHETIC-NO-LOGIN!,+959000000615,,CUSTOMER,2026-05-11 20:48:15
100615,1,"Synthetic Township 16, Myanmar",2023-01-01 19:54:18,synthetic.customer.000616@example.invalid,,Synthetic Customer 000616,!SYNTHETIC-NO-LOGIN!,+959000000616,,CUSTOMER,2023-01-17 19:54:18
100616,1,"Synthetic Township 17, Myanmar",2026-07-20 05:40:58,synthetic.customer.000617@example.invalid,,Synthetic Customer 000617,!SYNTHETIC-NO-LOGIN!,+959000000617,,CUSTOMER,2026-09-27 05:40:58
100617,1,"Synthetic Township 18, Myanmar",2025-06-27 23:31:20,synthetic.customer.000618@example.invalid,,Synthetic Customer 000618,!SYNTHETIC-NO-LOGIN!,+959000000618,,CUSTOMER,2025-09-10 23:31:20
100618,1,"Synthetic Township 19, Myanmar",2026-03-17 17:02:11,synthetic.customer.000619@example.invalid,,Synthetic Customer 000619,!SYNTHETIC-NO-LOGIN!,+959000000619,,CUSTOMER,2026-06-06 17:02:11
100619,1,"Synthetic Township 20, Myanmar",2022-09-16 07:44:55,synthetic.customer.000620@example.invalid,,Synthetic Customer 000620,!SYNTHETIC-NO-LOGIN!,+959000000620,,CUSTOMER,2022-10-04 07:44:55
100620,1,"Synthetic Township 21, Myanmar",2022-02-10 14:32:55,synthetic.customer.000621@example.invalid,,Synthetic Customer 000621,!SYNTHETIC-NO-LOGIN!,+959000000621,,CUSTOMER,2022-04-03 14:32:55
100621,1,"Synthetic Township 22, Myanmar",2024-06-28 11:32:07,synthetic.customer.000622@example.invalid,,Synthetic Customer 000622,!SYNTHETIC-NO-LOGIN!,+959000000622,,CUSTOMER,2024-07-16 11:32:07
100622,1,"Synthetic Township 23, Myanmar",2025-01-14 04:46:23,synthetic.customer.000623@example.invalid,,Synthetic Customer 000623,!SYNTHETIC-NO-LOGIN!,+959000000623,,CUSTOMER,2025-04-16 04:46:23
100623,1,"Synthetic Township 24, Myanmar",2024-07-11 01:08:48,synthetic.customer.000624@example.invalid,,Synthetic Customer 000624,!SYNTHETIC-NO-LOGIN!,+959000000624,,CUSTOMER,2024-09-01 01:08:48
100624,1,"Synthetic Township 25, Myanmar",2023-11-04 16:15:22,synthetic.customer.000625@example.invalid,,Synthetic Customer 000625,!SYNTHETIC-NO-LOGIN!,+959000000625,,CUSTOMER,2023-11-22 16:15:22
100625,1,"Synthetic Township 26, Myanmar",2025-10-19 10:41:30,synthetic.customer.000626@example.invalid,,Synthetic Customer 000626,!SYNTHETIC-NO-LOGIN!,+959000000626,,CUSTOMER,2026-01-03 10:41:30
100626,1,"Synthetic Township 27, Myanmar",2022-07-11 09:51:51,synthetic.customer.000627@example.invalid,,Synthetic Customer 000627,!SYNTHETIC-NO-LOGIN!,+959000000627,,CUSTOMER,2022-08-19 09:51:51
100627,1,"Synthetic Township 28, Myanmar",2026-08-13 19:22:56,synthetic.customer.000628@example.invalid,,Synthetic Customer 000628,!SYNTHETIC-NO-LOGIN!,+959000000628,,CUSTOMER,2026-09-10 19:22:56
100628,1,"Synthetic Township 29, Myanmar",2022-10-09 13:05:34,synthetic.customer.000629@example.invalid,,Synthetic Customer 000629,!SYNTHETIC-NO-LOGIN!,+959000000629,,CUSTOMER,2022-12-04 13:05:34
100629,0,"Synthetic Township 30, Myanmar",2026-06-27 02:36:15,synthetic.customer.000630@example.invalid,,Synthetic Customer 000630,!SYNTHETIC-NO-LOGIN!,+959000000630,,CUSTOMER,2026-09-20 02:36:15
100630,1,"Synthetic Township 31, Myanmar",2026-07-22 08:55:33,synthetic.customer.000631@example.invalid,,Synthetic Customer 000631,!SYNTHETIC-NO-LOGIN!,+959000000631,,CUSTOMER,2026-11-19 08:55:33
100631,1,"Synthetic Township 32, Myanmar",2026-07-26 16:57:17,synthetic.customer.000632@example.invalid,,Synthetic Customer 000632,!SYNTHETIC-NO-LOGIN!,+959000000632,,CUSTOMER,2026-11-14 16:57:17
100632,1,"Synthetic Township 33, Myanmar",2022-10-26 00:39:23,synthetic.customer.000633@example.invalid,,Synthetic Customer 000633,!SYNTHETIC-NO-LOGIN!,+959000000633,,CUSTOMER,2022-12-02 00:39:23
100633,1,"Synthetic Township 34, Myanmar",2021-12-07 07:34:20,synthetic.customer.000634@example.invalid,,Synthetic Customer 000634,!SYNTHETIC-NO-LOGIN!,+959000000634,,CUSTOMER,2022-01-15 07:34:20
100634,1,"Synthetic Township 35, Myanmar",2024-06-02 15:47:03,synthetic.customer.000635@example.invalid,,Synthetic Customer 000635,!SYNTHETIC-NO-LOGIN!,+959000000635,,CUSTOMER,2024-06-29 15:47:03
100635,1,"Synthetic Township 36, Myanmar",2025-09-14 06:37:02,synthetic.customer.000636@example.invalid,,Synthetic Customer 000636,!SYNTHETIC-NO-LOGIN!,+959000000636,,CUSTOMER,2025-10-19 06:37:02
100636,1,"Synthetic Township 37, Myanmar",2025-03-06 00:10:11,synthetic.customer.000637@example.invalid,,Synthetic Customer 000637,!SYNTHETIC-NO-LOGIN!,+959000000637,,CUSTOMER,2025-05-01 00:10:11
100637,1,"Synthetic Township 38, Myanmar",2021-09-18 21:00:31,synthetic.customer.000638@example.invalid,,Synthetic Customer 000638,!SYNTHETIC-NO-LOGIN!,+959000000638,,CUSTOMER,2021-12-15 21:00:31
100638,1,"Synthetic Township 39, Myanmar",2024-04-11 20:07:39,synthetic.customer.000639@example.invalid,,Synthetic Customer 000639,!SYNTHETIC-NO-LOGIN!,+959000000639,,CUSTOMER,2024-06-22 20:07:39
100639,1,"Synthetic Township 40, Myanmar",2024-02-03 05:31:19,synthetic.customer.000640@example.invalid,,Synthetic Customer 000640,!SYNTHETIC-NO-LOGIN!,+959000000640,,CUSTOMER,2024-04-12 05:31:19
100640,1,"Synthetic Township 41, Myanmar",2026-02-11 21:22:56,synthetic.customer.000641@example.invalid,,Synthetic Customer 000641,!SYNTHETIC-NO-LOGIN!,+959000000641,,CUSTOMER,2026-04-20 21:22:56
100641,1,"Synthetic Township 42, Myanmar",2023-11-23 21:47:03,synthetic.customer.000642@example.invalid,,Synthetic Customer 000642,!SYNTHETIC-NO-LOGIN!,+959000000642,,CUSTOMER,2024-02-29 21:47:03
100642,1,"Synthetic Township 43, Myanmar",2024-02-14 11:17:47,synthetic.customer.000643@example.invalid,,Synthetic Customer 000643,!SYNTHETIC-NO-LOGIN!,+959000000643,,CUSTOMER,2024-05-07 11:17:47
100643,1,"Synthetic Township 44, Myanmar",2023-11-08 05:35:06,synthetic.customer.000644@example.invalid,,Synthetic Customer 000644,!SYNTHETIC-NO-LOGIN!,+959000000644,,CUSTOMER,2023-12-07 05:35:06
100644,1,"Synthetic Township 45, Myanmar",2023-03-23 01:31:25,synthetic.customer.000645@example.invalid,,Synthetic Customer 000645,!SYNTHETIC-NO-LOGIN!,+959000000645,,CUSTOMER,2023-03-25 01:31:25
100645,1,"Synthetic Township 46, Myanmar",2026-01-04 22:13:25,synthetic.customer.000646@example.invalid,,Synthetic Customer 000646,!SYNTHETIC-NO-LOGIN!,+959000000646,,CUSTOMER,2026-04-02 22:13:25
100646,1,"Synthetic Township 47, Myanmar",2023-12-30 04:11:43,synthetic.customer.000647@example.invalid,,Synthetic Customer 000647,!SYNTHETIC-NO-LOGIN!,+959000000647,,CUSTOMER,2024-02-27 04:11:43
100647,1,"Synthetic Township 48, Myanmar",2024-09-14 18:16:15,synthetic.customer.000648@example.invalid,,Synthetic Customer 000648,!SYNTHETIC-NO-LOGIN!,+959000000648,,CUSTOMER,2024-11-16 18:16:15
100648,1,"Synthetic Township 49, Myanmar",2022-10-09 21:08:59,synthetic.customer.000649@example.invalid,,Synthetic Customer 000649,!SYNTHETIC-NO-LOGIN!,+959000000649,,CUSTOMER,2022-11-15 21:08:59
100649,1,"Synthetic Township 50, Myanmar",2024-08-06 15:53:54,synthetic.customer.000650@example.invalid,,Synthetic Customer 000650,!SYNTHETIC-NO-LOGIN!,+959000000650,,CUSTOMER,2024-09-10 15:53:54
100650,1,"Synthetic Township 51, Myanmar",2022-10-29 09:20:35,synthetic.customer.000651@example.invalid,,Synthetic Customer 000651,!SYNTHETIC-NO-LOGIN!,+959000000651,,CUSTOMER,2022-12-09 09:20:35
100651,1,"Synthetic Township 52, Myanmar",2026-04-04 23:46:38,synthetic.customer.000652@example.invalid,,Synthetic Customer 000652,!SYNTHETIC-NO-LOGIN!,+959000000652,,CUSTOMER,2026-07-01 23:46:38
100652,1,"Synthetic Township 53, Myanmar",2025-10-24 14:51:46,synthetic.customer.000653@example.invalid,,Synthetic Customer 000653,!SYNTHETIC-NO-LOGIN!,+959000000653,,CUSTOMER,2025-12-28 14:51:46
100653,1,"Synthetic Township 54, Myanmar",2026-08-28 08:05:16,synthetic.customer.000654@example.invalid,,Synthetic Customer 000654,!SYNTHETIC-NO-LOGIN!,+959000000654,,CUSTOMER,2026-12-26 08:05:16
100654,1,"Synthetic Township 55, Myanmar",2024-03-10 06:54:47,synthetic.customer.000655@example.invalid,,Synthetic Customer 000655,!SYNTHETIC-NO-LOGIN!,+959000000655,,CUSTOMER,2024-04-23 06:54:47
100655,1,"Synthetic Township 56, Myanmar",2023-07-01 22:40:49,synthetic.customer.000656@example.invalid,,Synthetic Customer 000656,!SYNTHETIC-NO-LOGIN!,+959000000656,,CUSTOMER,2023-08-14 22:40:49
100656,1,"Synthetic Township 57, Myanmar",2022-01-05 18:06:22,synthetic.customer.000657@example.invalid,,Synthetic Customer 000657,!SYNTHETIC-NO-LOGIN!,+959000000657,,CUSTOMER,2022-01-23 18:06:22
100657,1,"Synthetic Township 58, Myanmar",2025-12-08 03:32:26,synthetic.customer.000658@example.invalid,,Synthetic Customer 000658,!SYNTHETIC-NO-LOGIN!,+959000000658,,CUSTOMER,2026-01-26 03:32:26
100658,1,"Synthetic Township 59, Myanmar",2025-02-19 04:50:00,synthetic.customer.000659@example.invalid,,Synthetic Customer 000659,!SYNTHETIC-NO-LOGIN!,+959000000659,,CUSTOMER,2025-04-13 04:50:00
100659,1,"Synthetic Township 60, Myanmar",2024-05-31 20:24:26,synthetic.customer.000660@example.invalid,,Synthetic Customer 000660,!SYNTHETIC-NO-LOGIN!,+959000000660,,CUSTOMER,2024-07-14 20:24:26
100660,1,"Synthetic Township 1, Myanmar",2022-04-18 16:13:00,synthetic.customer.000661@example.invalid,,Synthetic Customer 000661,!SYNTHETIC-NO-LOGIN!,+959000000661,,CUSTOMER,2022-05-18 16:13:00
100661,1,"Synthetic Township 2, Myanmar",2024-10-17 04:33:51,synthetic.customer.000662@example.invalid,,Synthetic Customer 000662,!SYNTHETIC-NO-LOGIN!,+959000000662,,CUSTOMER,2025-01-11 04:33:51
100662,1,"Synthetic Township 3, Myanmar",2022-02-08 05:01:35,synthetic.customer.000663@example.invalid,,Synthetic Customer 000663,!SYNTHETIC-NO-LOGIN!,+959000000663,,CUSTOMER,2022-04-30 05:01:35
100663,1,"Synthetic Township 4, Myanmar",2022-01-01 17:19:41,synthetic.customer.000664@example.invalid,,Synthetic Customer 000664,!SYNTHETIC-NO-LOGIN!,+959000000664,,CUSTOMER,2022-03-26 17:19:41
100664,1,"Synthetic Township 5, Myanmar",2025-06-03 01:22:27,synthetic.customer.000665@example.invalid,,Synthetic Customer 000665,!SYNTHETIC-NO-LOGIN!,+959000000665,,CUSTOMER,2025-09-10 01:22:27
100665,1,"Synthetic Township 6, Myanmar",2022-03-17 07:44:12,synthetic.customer.000666@example.invalid,,Synthetic Customer 000666,!SYNTHETIC-NO-LOGIN!,+959000000666,,CUSTOMER,2022-05-16 07:44:12
100666,0,"Synthetic Township 7, Myanmar",2026-03-30 11:14:42,synthetic.customer.000667@example.invalid,,Synthetic Customer 000667,!SYNTHETIC-NO-LOGIN!,+959000000667,,CUSTOMER,2026-04-24 11:14:42
100667,1,"Synthetic Township 8, Myanmar",2025-12-29 11:15:26,synthetic.customer.000668@example.invalid,,Synthetic Customer 000668,!SYNTHETIC-NO-LOGIN!,+959000000668,,CUSTOMER,2026-01-27 11:15:26
100668,1,"Synthetic Township 9, Myanmar",2022-04-23 15:05:54,synthetic.customer.000669@example.invalid,,Synthetic Customer 000669,!SYNTHETIC-NO-LOGIN!,+959000000669,,CUSTOMER,2022-06-18 15:05:54
100669,1,"Synthetic Township 10, Myanmar",2022-06-30 21:48:09,synthetic.customer.000670@example.invalid,,Synthetic Customer 000670,!SYNTHETIC-NO-LOGIN!,+959000000670,,CUSTOMER,2022-08-15 21:48:09
100670,1,"Synthetic Township 11, Myanmar",2024-09-01 04:26:04,synthetic.customer.000671@example.invalid,,Synthetic Customer 000671,!SYNTHETIC-NO-LOGIN!,+959000000671,,CUSTOMER,2024-09-17 04:26:04
100671,1,"Synthetic Township 12, Myanmar",2024-10-28 23:53:53,synthetic.customer.000672@example.invalid,,Synthetic Customer 000672,!SYNTHETIC-NO-LOGIN!,+959000000672,,CUSTOMER,2025-02-11 23:53:53
100672,1,"Synthetic Township 13, Myanmar",2023-02-24 10:54:55,synthetic.customer.000673@example.invalid,,Synthetic Customer 000673,!SYNTHETIC-NO-LOGIN!,+959000000673,,CUSTOMER,2023-05-01 10:54:55
100673,1,"Synthetic Township 14, Myanmar",2024-04-15 07:54:51,synthetic.customer.000674@example.invalid,,Synthetic Customer 000674,!SYNTHETIC-NO-LOGIN!,+959000000674,,CUSTOMER,2024-04-21 07:54:51
100674,1,"Synthetic Township 15, Myanmar",2023-03-05 00:17:43,synthetic.customer.000675@example.invalid,,Synthetic Customer 000675,!SYNTHETIC-NO-LOGIN!,+959000000675,,CUSTOMER,2023-04-10 00:17:43
100675,1,"Synthetic Township 16, Myanmar",2026-05-17 20:09:45,synthetic.customer.000676@example.invalid,,Synthetic Customer 000676,!SYNTHETIC-NO-LOGIN!,+959000000676,,CUSTOMER,2026-07-31 20:09:45
100676,1,"Synthetic Township 17, Myanmar",2022-07-03 07:04:34,synthetic.customer.000677@example.invalid,,Synthetic Customer 000677,!SYNTHETIC-NO-LOGIN!,+959000000677,,CUSTOMER,2022-10-05 07:04:34
100677,1,"Synthetic Township 18, Myanmar",2025-07-22 12:48:10,synthetic.customer.000678@example.invalid,,Synthetic Customer 000678,!SYNTHETIC-NO-LOGIN!,+959000000678,,CUSTOMER,2025-08-17 12:48:10
100678,1,"Synthetic Township 19, Myanmar",2022-03-27 07:16:37,synthetic.customer.000679@example.invalid,,Synthetic Customer 000679,!SYNTHETIC-NO-LOGIN!,+959000000679,,CUSTOMER,2022-06-08 07:16:37
100679,1,"Synthetic Township 20, Myanmar",2024-09-26 02:36:23,synthetic.customer.000680@example.invalid,,Synthetic Customer 000680,!SYNTHETIC-NO-LOGIN!,+959000000680,,CUSTOMER,2025-01-20 02:36:23
100680,1,"Synthetic Township 21, Myanmar",2025-04-20 11:14:03,synthetic.customer.000681@example.invalid,,Synthetic Customer 000681,!SYNTHETIC-NO-LOGIN!,+959000000681,,CUSTOMER,2025-06-07 11:14:03
100681,1,"Synthetic Township 22, Myanmar",2021-11-16 20:53:10,synthetic.customer.000682@example.invalid,,Synthetic Customer 000682,!SYNTHETIC-NO-LOGIN!,+959000000682,,CUSTOMER,2022-03-01 20:53:10
100682,1,"Synthetic Township 23, Myanmar",2023-02-24 04:00:02,synthetic.customer.000683@example.invalid,,Synthetic Customer 000683,!SYNTHETIC-NO-LOGIN!,+959000000683,,CUSTOMER,2023-05-31 04:00:02
100683,1,"Synthetic Township 24, Myanmar",2022-06-26 03:27:25,synthetic.customer.000684@example.invalid,,Synthetic Customer 000684,!SYNTHETIC-NO-LOGIN!,+959000000684,,CUSTOMER,2022-08-27 03:27:25
100684,1,"Synthetic Township 25, Myanmar",2022-12-28 14:56:22,synthetic.customer.000685@example.invalid,,Synthetic Customer 000685,!SYNTHETIC-NO-LOGIN!,+959000000685,,CUSTOMER,2023-01-01 14:56:22
100685,1,"Synthetic Township 26, Myanmar",2022-04-30 02:56:40,synthetic.customer.000686@example.invalid,,Synthetic Customer 000686,!SYNTHETIC-NO-LOGIN!,+959000000686,,CUSTOMER,2022-05-23 02:56:40
100686,1,"Synthetic Township 27, Myanmar",2022-03-18 23:46:19,synthetic.customer.000687@example.invalid,,Synthetic Customer 000687,!SYNTHETIC-NO-LOGIN!,+959000000687,,CUSTOMER,2022-03-22 23:46:19
100687,1,"Synthetic Township 28, Myanmar",2024-08-04 01:59:44,synthetic.customer.000688@example.invalid,,Synthetic Customer 000688,!SYNTHETIC-NO-LOGIN!,+959000000688,,CUSTOMER,2024-08-04 01:59:44
100688,1,"Synthetic Township 29, Myanmar",2021-11-10 03:50:06,synthetic.customer.000689@example.invalid,,Synthetic Customer 000689,!SYNTHETIC-NO-LOGIN!,+959000000689,,CUSTOMER,2022-02-11 03:50:06
100689,1,"Synthetic Township 30, Myanmar",2025-12-06 20:40:58,synthetic.customer.000690@example.invalid,,Synthetic Customer 000690,!SYNTHETIC-NO-LOGIN!,+959000000690,,CUSTOMER,2026-02-02 20:40:58
100690,1,"Synthetic Township 31, Myanmar",2024-12-16 01:36:04,synthetic.customer.000691@example.invalid,,Synthetic Customer 000691,!SYNTHETIC-NO-LOGIN!,+959000000691,,CUSTOMER,2025-01-15 01:36:04
100691,1,"Synthetic Township 32, Myanmar",2023-02-19 00:05:24,synthetic.customer.000692@example.invalid,,Synthetic Customer 000692,!SYNTHETIC-NO-LOGIN!,+959000000692,,CUSTOMER,2023-04-10 00:05:24
100692,1,"Synthetic Township 33, Myanmar",2023-03-25 11:35:09,synthetic.customer.000693@example.invalid,,Synthetic Customer 000693,!SYNTHETIC-NO-LOGIN!,+959000000693,,CUSTOMER,2023-06-23 11:35:09
100693,1,"Synthetic Township 34, Myanmar",2025-07-01 22:44:44,synthetic.customer.000694@example.invalid,,Synthetic Customer 000694,!SYNTHETIC-NO-LOGIN!,+959000000694,,CUSTOMER,2025-09-23 22:44:44
100694,1,"Synthetic Township 35, Myanmar",2022-08-23 12:14:47,synthetic.customer.000695@example.invalid,,Synthetic Customer 000695,!SYNTHETIC-NO-LOGIN!,+959000000695,,CUSTOMER,2022-10-19 12:14:47
100695,1,"Synthetic Township 36, Myanmar",2021-09-01 11:28:30,synthetic.customer.000696@example.invalid,,Synthetic Customer 000696,!SYNTHETIC-NO-LOGIN!,+959000000696,,CUSTOMER,2021-12-19 11:28:30
100696,1,"Synthetic Township 37, Myanmar",2023-02-26 12:57:11,synthetic.customer.000697@example.invalid,,Synthetic Customer 000697,!SYNTHETIC-NO-LOGIN!,+959000000697,,CUSTOMER,2023-05-15 12:57:11
100697,1,"Synthetic Township 38, Myanmar",2026-05-03 01:25:58,synthetic.customer.000698@example.invalid,,Synthetic Customer 000698,!SYNTHETIC-NO-LOGIN!,+959000000698,,CUSTOMER,2026-08-10 01:25:58
100698,1,"Synthetic Township 39, Myanmar",2025-05-02 11:01:06,synthetic.customer.000699@example.invalid,,Synthetic Customer 000699,!SYNTHETIC-NO-LOGIN!,+959000000699,,CUSTOMER,2025-07-02 11:01:06
100699,1,"Synthetic Township 40, Myanmar",2021-10-21 14:11:40,synthetic.customer.000700@example.invalid,,Synthetic Customer 000700,!SYNTHETIC-NO-LOGIN!,+959000000700,,CUSTOMER,2022-01-18 14:11:40
100700,1,"Synthetic Township 41, Myanmar",2023-09-24 05:11:09,synthetic.customer.000701@example.invalid,,Synthetic Customer 000701,!SYNTHETIC-NO-LOGIN!,+959000000701,,CUSTOMER,2023-12-14 05:11:09
100701,1,"Synthetic Township 42, Myanmar",2022-11-16 19:15:35,synthetic.customer.000702@example.invalid,,Synthetic Customer 000702,!SYNTHETIC-NO-LOGIN!,+959000000702,,CUSTOMER,2023-02-15 19:15:35
100702,1,"Synthetic Township 43, Myanmar",2022-08-09 14:25:22,synthetic.customer.000703@example.invalid,,Synthetic Customer 000703,!SYNTHETIC-NO-LOGIN!,+959000000703,,CUSTOMER,2022-10-22 14:25:22
100703,0,"Synthetic Township 44, Myanmar",2024-09-19 23:56:56,synthetic.customer.000704@example.invalid,,Synthetic Customer 000704,!SYNTHETIC-NO-LOGIN!,+959000000704,,CUSTOMER,2024-11-28 23:56:56
100704,1,"Synthetic Township 45, Myanmar",2022-08-09 19:37:12,synthetic.customer.000705@example.invalid,,Synthetic Customer 000705,!SYNTHETIC-NO-LOGIN!,+959000000705,,CUSTOMER,2022-11-11 19:37:12
100705,1,"Synthetic Township 46, Myanmar",2026-05-30 14:31:12,synthetic.customer.000706@example.invalid,,Synthetic Customer 000706,!SYNTHETIC-NO-LOGIN!,+959000000706,,CUSTOMER,2026-09-14 14:31:12
100706,1,"Synthetic Township 47, Myanmar",2026-03-18 21:20:43,synthetic.customer.000707@example.invalid,,Synthetic Customer 000707,!SYNTHETIC-NO-LOGIN!,+959000000707,,CUSTOMER,2026-05-24 21:20:43
100707,1,"Synthetic Township 48, Myanmar",2024-06-25 09:16:12,synthetic.customer.000708@example.invalid,,Synthetic Customer 000708,!SYNTHETIC-NO-LOGIN!,+959000000708,,CUSTOMER,2024-07-27 09:16:12
100708,1,"Synthetic Township 49, Myanmar",2026-02-19 10:38:56,synthetic.customer.000709@example.invalid,,Synthetic Customer 000709,!SYNTHETIC-NO-LOGIN!,+959000000709,,CUSTOMER,2026-03-09 10:38:56
100709,1,"Synthetic Township 50, Myanmar",2024-07-24 19:12:20,synthetic.customer.000710@example.invalid,,Synthetic Customer 000710,!SYNTHETIC-NO-LOGIN!,+959000000710,,CUSTOMER,2024-11-11 19:12:20
100710,1,"Synthetic Township 51, Myanmar",2021-11-20 19:23:16,synthetic.customer.000711@example.invalid,,Synthetic Customer 000711,!SYNTHETIC-NO-LOGIN!,+959000000711,,CUSTOMER,2022-03-02 19:23:16
100711,1,"Synthetic Township 52, Myanmar",2023-05-03 17:03:41,synthetic.customer.000712@example.invalid,,Synthetic Customer 000712,!SYNTHETIC-NO-LOGIN!,+959000000712,,CUSTOMER,2023-07-06 17:03:41
100712,1,"Synthetic Township 53, Myanmar",2024-10-13 03:47:22,synthetic.customer.000713@example.invalid,,Synthetic Customer 000713,!SYNTHETIC-NO-LOGIN!,+959000000713,,CUSTOMER,2024-10-13 03:47:22
100713,1,"Synthetic Township 54, Myanmar",2025-03-06 23:31:37,synthetic.customer.000714@example.invalid,,Synthetic Customer 000714,!SYNTHETIC-NO-LOGIN!,+959000000714,,CUSTOMER,2025-03-20 23:31:37
100714,1,"Synthetic Township 55, Myanmar",2025-04-01 16:02:55,synthetic.customer.000715@example.invalid,,Synthetic Customer 000715,!SYNTHETIC-NO-LOGIN!,+959000000715,,CUSTOMER,2025-05-22 16:02:55
100715,1,"Synthetic Township 56, Myanmar",2022-11-22 15:22:59,synthetic.customer.000716@example.invalid,,Synthetic Customer 000716,!SYNTHETIC-NO-LOGIN!,+959000000716,,CUSTOMER,2023-01-10 15:22:59
100716,1,"Synthetic Township 57, Myanmar",2022-12-18 23:47:30,synthetic.customer.000717@example.invalid,,Synthetic Customer 000717,!SYNTHETIC-NO-LOGIN!,+959000000717,,CUSTOMER,2023-01-19 23:47:30
100717,1,"Synthetic Township 58, Myanmar",2024-01-05 15:29:53,synthetic.customer.000718@example.invalid,,Synthetic Customer 000718,!SYNTHETIC-NO-LOGIN!,+959000000718,,CUSTOMER,2024-03-18 15:29:53
100718,1,"Synthetic Township 59, Myanmar",2025-10-05 04:56:03,synthetic.customer.000719@example.invalid,,Synthetic Customer 000719,!SYNTHETIC-NO-LOGIN!,+959000000719,,CUSTOMER,2025-11-05 04:56:03
100719,1,"Synthetic Township 60, Myanmar",2022-05-27 10:42:28,synthetic.customer.000720@example.invalid,,Synthetic Customer 000720,!SYNTHETIC-NO-LOGIN!,+959000000720,,CUSTOMER,2022-08-29 10:42:28
100720,1,"Synthetic Township 1, Myanmar",2022-08-18 19:23:47,synthetic.customer.000721@example.invalid,,Synthetic Customer 000721,!SYNTHETIC-NO-LOGIN!,+959000000721,,CUSTOMER,2022-10-12 19:23:47
100721,1,"Synthetic Township 2, Myanmar",2024-04-03 19:16:08,synthetic.customer.000722@example.invalid,,Synthetic Customer 000722,!SYNTHETIC-NO-LOGIN!,+959000000722,,CUSTOMER,2024-08-01 19:16:08
100722,1,"Synthetic Township 3, Myanmar",2023-06-11 05:23:18,synthetic.customer.000723@example.invalid,,Synthetic Customer 000723,!SYNTHETIC-NO-LOGIN!,+959000000723,,CUSTOMER,2023-06-19 05:23:18
100723,1,"Synthetic Township 4, Myanmar",2024-05-31 13:27:47,synthetic.customer.000724@example.invalid,,Synthetic Customer 000724,!SYNTHETIC-NO-LOGIN!,+959000000724,,CUSTOMER,2024-07-04 13:27:47
100724,1,"Synthetic Township 5, Myanmar",2022-09-23 04:29:09,synthetic.customer.000725@example.invalid,,Synthetic Customer 000725,!SYNTHETIC-NO-LOGIN!,+959000000725,,CUSTOMER,2023-01-09 04:29:09
100725,1,"Synthetic Township 6, Myanmar",2025-09-16 18:02:32,synthetic.customer.000726@example.invalid,,Synthetic Customer 000726,!SYNTHETIC-NO-LOGIN!,+959000000726,,CUSTOMER,2025-10-07 18:02:32
100726,1,"Synthetic Township 7, Myanmar",2021-10-24 03:45:28,synthetic.customer.000727@example.invalid,,Synthetic Customer 000727,!SYNTHETIC-NO-LOGIN!,+959000000727,,CUSTOMER,2022-02-13 03:45:28
100727,1,"Synthetic Township 8, Myanmar",2026-05-18 00:46:09,synthetic.customer.000728@example.invalid,,Synthetic Customer 000728,!SYNTHETIC-NO-LOGIN!,+959000000728,,CUSTOMER,2026-08-19 00:46:09
100728,1,"Synthetic Township 9, Myanmar",2026-07-31 13:46:46,synthetic.customer.000729@example.invalid,,Synthetic Customer 000729,!SYNTHETIC-NO-LOGIN!,+959000000729,,CUSTOMER,2026-10-04 13:46:46
100729,1,"Synthetic Township 10, Myanmar",2023-07-08 03:08:27,synthetic.customer.000730@example.invalid,,Synthetic Customer 000730,!SYNTHETIC-NO-LOGIN!,+959000000730,,CUSTOMER,2023-09-27 03:08:27
100730,1,"Synthetic Township 11, Myanmar",2024-03-06 14:16:26,synthetic.customer.000731@example.invalid,,Synthetic Customer 000731,!SYNTHETIC-NO-LOGIN!,+959000000731,,CUSTOMER,2024-03-31 14:16:26
100731,1,"Synthetic Township 12, Myanmar",2022-04-20 22:10:17,synthetic.customer.000732@example.invalid,,Synthetic Customer 000732,!SYNTHETIC-NO-LOGIN!,+959000000732,,CUSTOMER,2022-04-23 22:10:17
100732,1,"Synthetic Township 13, Myanmar",2022-08-01 17:50:21,synthetic.customer.000733@example.invalid,,Synthetic Customer 000733,!SYNTHETIC-NO-LOGIN!,+959000000733,,CUSTOMER,2022-08-09 17:50:21
100733,1,"Synthetic Township 14, Myanmar",2022-03-17 16:09:22,synthetic.customer.000734@example.invalid,,Synthetic Customer 000734,!SYNTHETIC-NO-LOGIN!,+959000000734,,CUSTOMER,2022-04-03 16:09:22
100734,1,"Synthetic Township 15, Myanmar",2024-03-08 23:48:20,synthetic.customer.000735@example.invalid,,Synthetic Customer 000735,!SYNTHETIC-NO-LOGIN!,+959000000735,,CUSTOMER,2024-05-25 23:48:20
100735,1,"Synthetic Township 16, Myanmar",2025-07-30 10:01:31,synthetic.customer.000736@example.invalid,,Synthetic Customer 000736,!SYNTHETIC-NO-LOGIN!,+959000000736,,CUSTOMER,2025-08-12 10:01:31
100736,1,"Synthetic Township 17, Myanmar",2022-03-16 07:38:36,synthetic.customer.000737@example.invalid,,Synthetic Customer 000737,!SYNTHETIC-NO-LOGIN!,+959000000737,,CUSTOMER,2022-06-28 07:38:36
100737,1,"Synthetic Township 18, Myanmar",2024-05-29 16:00:08,synthetic.customer.000738@example.invalid,,Synthetic Customer 000738,!SYNTHETIC-NO-LOGIN!,+959000000738,,CUSTOMER,2024-06-21 16:00:08
100738,1,"Synthetic Township 19, Myanmar",2026-08-07 12:04:07,synthetic.customer.000739@example.invalid,,Synthetic Customer 000739,!SYNTHETIC-NO-LOGIN!,+959000000739,,CUSTOMER,2026-11-07 12:04:07
100739,1,"Synthetic Township 20, Myanmar",2023-02-14 04:14:11,synthetic.customer.000740@example.invalid,,Synthetic Customer 000740,!SYNTHETIC-NO-LOGIN!,+959000000740,,CUSTOMER,2023-06-11 04:14:11
100740,0,"Synthetic Township 21, Myanmar",2022-04-17 04:58:40,synthetic.customer.000741@example.invalid,,Synthetic Customer 000741,!SYNTHETIC-NO-LOGIN!,+959000000741,,CUSTOMER,2022-07-16 04:58:40
100741,1,"Synthetic Township 22, Myanmar",2026-02-07 20:11:52,synthetic.customer.000742@example.invalid,,Synthetic Customer 000742,!SYNTHETIC-NO-LOGIN!,+959000000742,,CUSTOMER,2026-05-30 20:11:52
100742,1,"Synthetic Township 23, Myanmar",2025-11-17 16:26:18,synthetic.customer.000743@example.invalid,,Synthetic Customer 000743,!SYNTHETIC-NO-LOGIN!,+959000000743,,CUSTOMER,2026-03-16 16:26:18
100743,1,"Synthetic Township 24, Myanmar",2023-01-20 23:42:55,synthetic.customer.000744@example.invalid,,Synthetic Customer 000744,!SYNTHETIC-NO-LOGIN!,+959000000744,,CUSTOMER,2023-04-09 23:42:55
100744,1,"Synthetic Township 25, Myanmar",2025-02-18 18:24:57,synthetic.customer.000745@example.invalid,,Synthetic Customer 000745,!SYNTHETIC-NO-LOGIN!,+959000000745,,CUSTOMER,2025-03-27 18:24:57
100745,1,"Synthetic Township 26, Myanmar",2022-04-17 05:33:31,synthetic.customer.000746@example.invalid,,Synthetic Customer 000746,!SYNTHETIC-NO-LOGIN!,+959000000746,,CUSTOMER,2022-05-24 05:33:31
100746,1,"Synthetic Township 27, Myanmar",2024-04-04 12:14:30,synthetic.customer.000747@example.invalid,,Synthetic Customer 000747,!SYNTHETIC-NO-LOGIN!,+959000000747,,CUSTOMER,2024-07-10 12:14:30
100747,1,"Synthetic Township 28, Myanmar",2022-05-29 01:32:09,synthetic.customer.000748@example.invalid,,Synthetic Customer 000748,!SYNTHETIC-NO-LOGIN!,+959000000748,,CUSTOMER,2022-09-10 01:32:09
100748,1,"Synthetic Township 29, Myanmar",2024-02-19 06:04:52,synthetic.customer.000749@example.invalid,,Synthetic Customer 000749,!SYNTHETIC-NO-LOGIN!,+959000000749,,CUSTOMER,2024-05-30 06:04:52
100749,1,"Synthetic Township 30, Myanmar",2023-05-10 14:31:23,synthetic.customer.000750@example.invalid,,Synthetic Customer 000750,!SYNTHETIC-NO-LOGIN!,+959000000750,,CUSTOMER,2023-06-08 14:31:23
100750,1,"Synthetic Township 31, Myanmar",2025-03-27 02:35:12,synthetic.customer.000751@example.invalid,,Synthetic Customer 000751,!SYNTHETIC-NO-LOGIN!,+959000000751,,CUSTOMER,2025-04-18 02:35:12
100751,1,"Synthetic Township 32, Myanmar",2024-03-05 20:32:26,synthetic.customer.000752@example.invalid,,Synthetic Customer 000752,!SYNTHETIC-NO-LOGIN!,+959000000752,,CUSTOMER,2024-04-06 20:32:26
100752,1,"Synthetic Township 33, Myanmar",2024-05-10 04:53:09,synthetic.customer.000753@example.invalid,,Synthetic Customer 000753,!SYNTHETIC-NO-LOGIN!,+959000000753,,CUSTOMER,2024-09-04 04:53:09
100753,1,"Synthetic Township 34, Myanmar",2022-11-01 15:09:24,synthetic.customer.000754@example.invalid,,Synthetic Customer 000754,!SYNTHETIC-NO-LOGIN!,+959000000754,,CUSTOMER,2023-01-12 15:09:24
100754,1,"Synthetic Township 35, Myanmar",2025-01-28 13:44:31,synthetic.customer.000755@example.invalid,,Synthetic Customer 000755,!SYNTHETIC-NO-LOGIN!,+959000000755,,CUSTOMER,2025-02-23 13:44:31
100755,1,"Synthetic Township 36, Myanmar",2022-09-12 23:20:47,synthetic.customer.000756@example.invalid,,Synthetic Customer 000756,!SYNTHETIC-NO-LOGIN!,+959000000756,,CUSTOMER,2022-11-07 23:20:47
100756,1,"Synthetic Township 37, Myanmar",2024-09-26 11:36:44,synthetic.customer.000757@example.invalid,,Synthetic Customer 000757,!SYNTHETIC-NO-LOGIN!,+959000000757,,CUSTOMER,2024-10-19 11:36:44
100757,1,"Synthetic Township 38, Myanmar",2025-06-23 13:43:06,synthetic.customer.000758@example.invalid,,Synthetic Customer 000758,!SYNTHETIC-NO-LOGIN!,+959000000758,,CUSTOMER,2025-09-04 13:43:06
100758,1,"Synthetic Township 39, Myanmar",2024-07-20 02:00:26,synthetic.customer.000759@example.invalid,,Synthetic Customer 000759,!SYNTHETIC-NO-LOGIN!,+959000000759,,CUSTOMER,2024-08-09 02:00:26
100759,1,"Synthetic Township 40, Myanmar",2023-01-24 19:28:38,synthetic.customer.000760@example.invalid,,Synthetic Customer 000760,!SYNTHETIC-NO-LOGIN!,+959000000760,,CUSTOMER,2023-04-18 19:28:38
100760,1,"Synthetic Township 41, Myanmar",2025-11-13 03:47:46,synthetic.customer.000761@example.invalid,,Synthetic Customer 000761,!SYNTHETIC-NO-LOGIN!,+959000000761,,CUSTOMER,2025-11-18 03:47:46
100761,1,"Synthetic Township 42, Myanmar",2024-06-07 12:08:49,synthetic.customer.000762@example.invalid,,Synthetic Customer 000762,!SYNTHETIC-NO-LOGIN!,+959000000762,,CUSTOMER,2024-09-02 12:08:49
100762,1,"Synthetic Township 43, Myanmar",2026-08-31 16:59:29,synthetic.customer.000763@example.invalid,,Synthetic Customer 000763,!SYNTHETIC-NO-LOGIN!,+959000000763,,CUSTOMER,2026-11-22 16:59:29
100763,1,"Synthetic Township 44, Myanmar",2024-05-23 07:32:25,synthetic.customer.000764@example.invalid,,Synthetic Customer 000764,!SYNTHETIC-NO-LOGIN!,+959000000764,,CUSTOMER,2024-08-28 07:32:25
100764,1,"Synthetic Township 45, Myanmar",2022-04-13 00:27:50,synthetic.customer.000765@example.invalid,,Synthetic Customer 000765,!SYNTHETIC-NO-LOGIN!,+959000000765,,CUSTOMER,2022-06-24 00:27:50
100765,1,"Synthetic Township 46, Myanmar",2025-01-17 17:21:35,synthetic.customer.000766@example.invalid,,Synthetic Customer 000766,!SYNTHETIC-NO-LOGIN!,+959000000766,,CUSTOMER,2025-02-17 17:21:35
100766,1,"Synthetic Township 47, Myanmar",2022-11-13 20:14:18,synthetic.customer.000767@example.invalid,,Synthetic Customer 000767,!SYNTHETIC-NO-LOGIN!,+959000000767,,CUSTOMER,2023-03-01 20:14:18
100767,1,"Synthetic Township 48, Myanmar",2024-11-16 23:28:27,synthetic.customer.000768@example.invalid,,Synthetic Customer 000768,!SYNTHETIC-NO-LOGIN!,+959000000768,,CUSTOMER,2024-11-24 23:28:27
100768,1,"Synthetic Township 49, Myanmar",2023-06-27 05:48:03,synthetic.customer.000769@example.invalid,,Synthetic Customer 000769,!SYNTHETIC-NO-LOGIN!,+959000000769,,CUSTOMER,2023-08-05 05:48:03
100769,1,"Synthetic Township 50, Myanmar",2022-12-08 09:09:15,synthetic.customer.000770@example.invalid,,Synthetic Customer 000770,!SYNTHETIC-NO-LOGIN!,+959000000770,,CUSTOMER,2023-01-19 09:09:15
100770,1,"Synthetic Township 51, Myanmar",2024-10-03 04:12:35,synthetic.customer.000771@example.invalid,,Synthetic Customer 000771,!SYNTHETIC-NO-LOGIN!,+959000000771,,CUSTOMER,2024-11-05 04:12:35
100771,1,"Synthetic Township 52, Myanmar",2022-02-06 15:33:27,synthetic.customer.000772@example.invalid,,Synthetic Customer 000772,!SYNTHETIC-NO-LOGIN!,+959000000772,,CUSTOMER,2022-03-04 15:33:27
100772,1,"Synthetic Township 53, Myanmar",2023-11-09 10:29:40,synthetic.customer.000773@example.invalid,,Synthetic Customer 000773,!SYNTHETIC-NO-LOGIN!,+959000000773,,CUSTOMER,2023-11-09 10:29:40
100773,1,"Synthetic Township 54, Myanmar",2024-03-17 18:17:05,synthetic.customer.000774@example.invalid,,Synthetic Customer 000774,!SYNTHETIC-NO-LOGIN!,+959000000774,,CUSTOMER,2024-04-15 18:17:05
100774,1,"Synthetic Township 55, Myanmar",2021-10-02 08:22:19,synthetic.customer.000775@example.invalid,,Synthetic Customer 000775,!SYNTHETIC-NO-LOGIN!,+959000000775,,CUSTOMER,2021-10-19 08:22:19
100775,1,"Synthetic Township 56, Myanmar",2023-08-03 22:28:17,synthetic.customer.000776@example.invalid,,Synthetic Customer 000776,!SYNTHETIC-NO-LOGIN!,+959000000776,,CUSTOMER,2023-11-27 22:28:17
100776,1,"Synthetic Township 57, Myanmar",2023-02-21 15:30:02,synthetic.customer.000777@example.invalid,,Synthetic Customer 000777,!SYNTHETIC-NO-LOGIN!,+959000000777,,CUSTOMER,2023-04-23 15:30:02
100777,0,"Synthetic Township 58, Myanmar",2021-12-03 20:17:49,synthetic.customer.000778@example.invalid,,Synthetic Customer 000778,!SYNTHETIC-NO-LOGIN!,+959000000778,,CUSTOMER,2022-02-16 20:17:49
100778,1,"Synthetic Township 59, Myanmar",2023-02-15 03:39:52,synthetic.customer.000779@example.invalid,,Synthetic Customer 000779,!SYNTHETIC-NO-LOGIN!,+959000000779,,CUSTOMER,2023-02-18 03:39:52
100779,1,"Synthetic Township 60, Myanmar",2025-10-11 16:41:10,synthetic.customer.000780@example.invalid,,Synthetic Customer 000780,!SYNTHETIC-NO-LOGIN!,+959000000780,,CUSTOMER,2026-01-21 16:41:10
100780,1,"Synthetic Township 1, Myanmar",2022-03-04 14:26:18,synthetic.customer.000781@example.invalid,,Synthetic Customer 000781,!SYNTHETIC-NO-LOGIN!,+959000000781,,CUSTOMER,2022-05-07 14:26:18
100781,1,"Synthetic Township 2, Myanmar",2026-08-23 13:20:54,synthetic.customer.000782@example.invalid,,Synthetic Customer 000782,!SYNTHETIC-NO-LOGIN!,+959000000782,,CUSTOMER,2026-09-09 13:20:54
100782,1,"Synthetic Township 3, Myanmar",2024-05-22 00:10:04,synthetic.customer.000783@example.invalid,,Synthetic Customer 000783,!SYNTHETIC-NO-LOGIN!,+959000000783,,CUSTOMER,2024-08-17 00:10:04
100783,1,"Synthetic Township 4, Myanmar",2022-11-07 23:45:26,synthetic.customer.000784@example.invalid,,Synthetic Customer 000784,!SYNTHETIC-NO-LOGIN!,+959000000784,,CUSTOMER,2022-12-26 23:45:26
100784,1,"Synthetic Township 5, Myanmar",2025-12-27 11:10:24,synthetic.customer.000785@example.invalid,,Synthetic Customer 000785,!SYNTHETIC-NO-LOGIN!,+959000000785,,CUSTOMER,2026-04-24 11:10:24
100785,1,"Synthetic Township 6, Myanmar",2023-05-01 20:28:32,synthetic.customer.000786@example.invalid,,Synthetic Customer 000786,!SYNTHETIC-NO-LOGIN!,+959000000786,,CUSTOMER,2023-07-05 20:28:32
100786,1,"Synthetic Township 7, Myanmar",2025-06-27 01:01:01,synthetic.customer.000787@example.invalid,,Synthetic Customer 000787,!SYNTHETIC-NO-LOGIN!,+959000000787,,CUSTOMER,2025-07-06 01:01:01
100787,1,"Synthetic Township 8, Myanmar",2025-05-16 02:59:42,synthetic.customer.000788@example.invalid,,Synthetic Customer 000788,!SYNTHETIC-NO-LOGIN!,+959000000788,,CUSTOMER,2025-05-24 02:59:42
100788,1,"Synthetic Township 9, Myanmar",2022-02-24 08:35:02,synthetic.customer.000789@example.invalid,,Synthetic Customer 000789,!SYNTHETIC-NO-LOGIN!,+959000000789,,CUSTOMER,2022-05-20 08:35:02
100789,1,"Synthetic Township 10, Myanmar",2023-06-08 09:24:37,synthetic.customer.000790@example.invalid,,Synthetic Customer 000790,!SYNTHETIC-NO-LOGIN!,+959000000790,,CUSTOMER,2023-07-02 09:24:37
100790,1,"Synthetic Township 11, Myanmar",2025-01-26 17:26:26,synthetic.customer.000791@example.invalid,,Synthetic Customer 000791,!SYNTHETIC-NO-LOGIN!,+959000000791,,CUSTOMER,2025-05-23 17:26:26
100791,1,"Synthetic Township 12, Myanmar",2024-04-23 09:57:53,synthetic.customer.000792@example.invalid,,Synthetic Customer 000792,!SYNTHETIC-NO-LOGIN!,+959000000792,,CUSTOMER,2024-05-21 09:57:53
100792,1,"Synthetic Township 13, Myanmar",2023-05-29 00:14:55,synthetic.customer.000793@example.invalid,,Synthetic Customer 000793,!SYNTHETIC-NO-LOGIN!,+959000000793,,CUSTOMER,2023-08-17 00:14:55
100793,1,"Synthetic Township 14, Myanmar",2025-11-14 02:02:42,synthetic.customer.000794@example.invalid,,Synthetic Customer 000794,!SYNTHETIC-NO-LOGIN!,+959000000794,,CUSTOMER,2026-02-04 02:02:42
100794,1,"Synthetic Township 15, Myanmar",2022-08-22 02:56:44,synthetic.customer.000795@example.invalid,,Synthetic Customer 000795,!SYNTHETIC-NO-LOGIN!,+959000000795,,CUSTOMER,2022-10-30 02:56:44
100795,1,"Synthetic Township 16, Myanmar",2022-05-26 15:44:25,synthetic.customer.000796@example.invalid,,Synthetic Customer 000796,!SYNTHETIC-NO-LOGIN!,+959000000796,,CUSTOMER,2022-08-26 15:44:25
100796,1,"Synthetic Township 17, Myanmar",2022-07-14 13:46:25,synthetic.customer.000797@example.invalid,,Synthetic Customer 000797,!SYNTHETIC-NO-LOGIN!,+959000000797,,CUSTOMER,2022-09-06 13:46:25
100797,1,"Synthetic Township 18, Myanmar",2026-08-17 21:58:55,synthetic.customer.000798@example.invalid,,Synthetic Customer 000798,!SYNTHETIC-NO-LOGIN!,+959000000798,,CUSTOMER,2026-11-03 21:58:55
100798,1,"Synthetic Township 19, Myanmar",2022-09-08 12:43:24,synthetic.customer.000799@example.invalid,,Synthetic Customer 000799,!SYNTHETIC-NO-LOGIN!,+959000000799,,CUSTOMER,2022-10-11 12:43:24
100799,1,"Synthetic Township 20, Myanmar",2022-05-14 14:09:27,synthetic.customer.000800@example.invalid,,Synthetic Customer 000800,!SYNTHETIC-NO-LOGIN!,+959000000800,,CUSTOMER,2022-06-01 14:09:27
100800,1,"Synthetic Township 21, Myanmar",2023-04-23 04:35:00,synthetic.customer.000801@example.invalid,,Synthetic Customer 000801,!SYNTHETIC-NO-LOGIN!,+959000000801,,CUSTOMER,2023-08-09 04:35:00
100801,1,"Synthetic Township 22, Myanmar",2023-10-02 04:56:58,synthetic.customer.000802@example.invalid,,Synthetic Customer 000802,!SYNTHETIC-NO-LOGIN!,+959000000802,,CUSTOMER,2023-10-04 04:56:58
100802,1,"Synthetic Township 23, Myanmar",2022-02-25 17:23:46,synthetic.customer.000803@example.invalid,,Synthetic Customer 000803,!SYNTHETIC-NO-LOGIN!,+959000000803,,CUSTOMER,2022-04-15 17:23:46
100803,1,"Synthetic Township 24, Myanmar",2023-02-25 23:31:52,synthetic.customer.000804@example.invalid,,Synthetic Customer 000804,!SYNTHETIC-NO-LOGIN!,+959000000804,,CUSTOMER,2023-04-05 23:31:52
100804,1,"Synthetic Township 25, Myanmar",2025-06-06 16:10:36,synthetic.customer.000805@example.invalid,,Synthetic Customer 000805,!SYNTHETIC-NO-LOGIN!,+959000000805,,CUSTOMER,2025-08-09 16:10:36
100805,1,"Synthetic Township 26, Myanmar",2022-10-26 00:46:00,synthetic.customer.000806@example.invalid,,Synthetic Customer 000806,!SYNTHETIC-NO-LOGIN!,+959000000806,,CUSTOMER,2022-12-29 00:46:00
100806,1,"Synthetic Township 27, Myanmar",2022-04-23 18:05:39,synthetic.customer.000807@example.invalid,,Synthetic Customer 000807,!SYNTHETIC-NO-LOGIN!,+959000000807,,CUSTOMER,2022-05-02 18:05:39
100807,1,"Synthetic Township 28, Myanmar",2022-03-31 21:00:21,synthetic.customer.000808@example.invalid,,Synthetic Customer 000808,!SYNTHETIC-NO-LOGIN!,+959000000808,,CUSTOMER,2022-04-17 21:00:21
100808,1,"Synthetic Township 29, Myanmar",2023-05-27 06:29:29,synthetic.customer.000809@example.invalid,,Synthetic Customer 000809,!SYNTHETIC-NO-LOGIN!,+959000000809,,CUSTOMER,2023-09-12 06:29:29
100809,1,"Synthetic Township 30, Myanmar",2022-03-17 14:29:07,synthetic.customer.000810@example.invalid,,Synthetic Customer 000810,!SYNTHETIC-NO-LOGIN!,+959000000810,,CUSTOMER,2022-03-28 14:29:07
100810,1,"Synthetic Township 31, Myanmar",2025-05-31 11:08:35,synthetic.customer.000811@example.invalid,,Synthetic Customer 000811,!SYNTHETIC-NO-LOGIN!,+959000000811,,CUSTOMER,2025-09-21 11:08:35
100811,1,"Synthetic Township 32, Myanmar",2023-08-05 02:21:35,synthetic.customer.000812@example.invalid,,Synthetic Customer 000812,!SYNTHETIC-NO-LOGIN!,+959000000812,,CUSTOMER,2023-08-29 02:21:35
100812,1,"Synthetic Township 33, Myanmar",2024-04-25 09:48:57,synthetic.customer.000813@example.invalid,,Synthetic Customer 000813,!SYNTHETIC-NO-LOGIN!,+959000000813,,CUSTOMER,2024-05-30 09:48:57
100813,1,"Synthetic Township 34, Myanmar",2022-10-19 04:01:33,synthetic.customer.000814@example.invalid,,Synthetic Customer 000814,!SYNTHETIC-NO-LOGIN!,+959000000814,,CUSTOMER,2022-12-07 04:01:33
100814,0,"Synthetic Township 35, Myanmar",2025-02-09 17:22:58,synthetic.customer.000815@example.invalid,,Synthetic Customer 000815,!SYNTHETIC-NO-LOGIN!,+959000000815,,CUSTOMER,2025-02-15 17:22:58
100815,1,"Synthetic Township 36, Myanmar",2023-05-30 20:33:27,synthetic.customer.000816@example.invalid,,Synthetic Customer 000816,!SYNTHETIC-NO-LOGIN!,+959000000816,,CUSTOMER,2023-06-12 20:33:27
100816,1,"Synthetic Township 37, Myanmar",2023-12-04 02:02:12,synthetic.customer.000817@example.invalid,,Synthetic Customer 000817,!SYNTHETIC-NO-LOGIN!,+959000000817,,CUSTOMER,2024-01-25 02:02:12
100817,1,"Synthetic Township 38, Myanmar",2026-03-05 08:21:22,synthetic.customer.000818@example.invalid,,Synthetic Customer 000818,!SYNTHETIC-NO-LOGIN!,+959000000818,,CUSTOMER,2026-04-18 08:21:22
100818,1,"Synthetic Township 39, Myanmar",2024-06-28 02:17:51,synthetic.customer.000819@example.invalid,,Synthetic Customer 000819,!SYNTHETIC-NO-LOGIN!,+959000000819,,CUSTOMER,2024-07-07 02:17:51
100819,1,"Synthetic Township 40, Myanmar",2025-02-07 04:13:06,synthetic.customer.000820@example.invalid,,Synthetic Customer 000820,!SYNTHETIC-NO-LOGIN!,+959000000820,,CUSTOMER,2025-05-29 04:13:06
100820,1,"Synthetic Township 41, Myanmar",2022-09-05 00:40:52,synthetic.customer.000821@example.invalid,,Synthetic Customer 000821,!SYNTHETIC-NO-LOGIN!,+959000000821,,CUSTOMER,2022-09-05 00:40:52
100821,1,"Synthetic Township 42, Myanmar",2021-12-09 15:28:12,synthetic.customer.000822@example.invalid,,Synthetic Customer 000822,!SYNTHETIC-NO-LOGIN!,+959000000822,,CUSTOMER,2021-12-14 15:28:12
100822,1,"Synthetic Township 43, Myanmar",2025-12-10 04:35:14,synthetic.customer.000823@example.invalid,,Synthetic Customer 000823,!SYNTHETIC-NO-LOGIN!,+959000000823,,CUSTOMER,2026-03-17 04:35:14
100823,1,"Synthetic Township 44, Myanmar",2022-12-23 19:50:01,synthetic.customer.000824@example.invalid,,Synthetic Customer 000824,!SYNTHETIC-NO-LOGIN!,+959000000824,,CUSTOMER,2023-02-18 19:50:01
100824,1,"Synthetic Township 45, Myanmar",2024-05-05 16:11:14,synthetic.customer.000825@example.invalid,,Synthetic Customer 000825,!SYNTHETIC-NO-LOGIN!,+959000000825,,CUSTOMER,2024-05-15 16:11:14
100825,1,"Synthetic Township 46, Myanmar",2025-11-29 02:04:53,synthetic.customer.000826@example.invalid,,Synthetic Customer 000826,!SYNTHETIC-NO-LOGIN!,+959000000826,,CUSTOMER,2026-02-23 02:04:53
100826,1,"Synthetic Township 47, Myanmar",2023-01-13 10:19:46,synthetic.customer.000827@example.invalid,,Synthetic Customer 000827,!SYNTHETIC-NO-LOGIN!,+959000000827,,CUSTOMER,2023-01-31 10:19:46
100827,1,"Synthetic Township 48, Myanmar",2023-07-01 07:00:57,synthetic.customer.000828@example.invalid,,Synthetic Customer 000828,!SYNTHETIC-NO-LOGIN!,+959000000828,,CUSTOMER,2023-09-27 07:00:57
100828,1,"Synthetic Township 49, Myanmar",2022-01-15 11:25:59,synthetic.customer.000829@example.invalid,,Synthetic Customer 000829,!SYNTHETIC-NO-LOGIN!,+959000000829,,CUSTOMER,2022-04-21 11:25:59
100829,1,"Synthetic Township 50, Myanmar",2023-01-18 17:07:31,synthetic.customer.000830@example.invalid,,Synthetic Customer 000830,!SYNTHETIC-NO-LOGIN!,+959000000830,,CUSTOMER,2023-02-23 17:07:31
100830,1,"Synthetic Township 51, Myanmar",2021-11-02 04:52:37,synthetic.customer.000831@example.invalid,,Synthetic Customer 000831,!SYNTHETIC-NO-LOGIN!,+959000000831,,CUSTOMER,2021-12-25 04:52:37
100831,1,"Synthetic Township 52, Myanmar",2021-12-30 10:59:07,synthetic.customer.000832@example.invalid,,Synthetic Customer 000832,!SYNTHETIC-NO-LOGIN!,+959000000832,,CUSTOMER,2022-03-15 10:59:07
100832,1,"Synthetic Township 53, Myanmar",2026-01-21 11:15:15,synthetic.customer.000833@example.invalid,,Synthetic Customer 000833,!SYNTHETIC-NO-LOGIN!,+959000000833,,CUSTOMER,2026-05-04 11:15:15
100833,1,"Synthetic Township 54, Myanmar",2021-11-29 00:52:40,synthetic.customer.000834@example.invalid,,Synthetic Customer 000834,!SYNTHETIC-NO-LOGIN!,+959000000834,,CUSTOMER,2021-12-23 00:52:40
100834,1,"Synthetic Township 55, Myanmar",2024-11-01 03:23:09,synthetic.customer.000835@example.invalid,,Synthetic Customer 000835,!SYNTHETIC-NO-LOGIN!,+959000000835,,CUSTOMER,2025-02-01 03:23:09
100835,1,"Synthetic Township 56, Myanmar",2022-09-21 09:18:49,synthetic.customer.000836@example.invalid,,Synthetic Customer 000836,!SYNTHETIC-NO-LOGIN!,+959000000836,,CUSTOMER,2022-11-13 09:18:49
100836,1,"Synthetic Township 57, Myanmar",2026-05-11 00:33:27,synthetic.customer.000837@example.invalid,,Synthetic Customer 000837,!SYNTHETIC-NO-LOGIN!,+959000000837,,CUSTOMER,2026-06-28 00:33:27
100837,1,"Synthetic Township 58, Myanmar",2026-08-28 13:36:48,synthetic.customer.000838@example.invalid,,Synthetic Customer 000838,!SYNTHETIC-NO-LOGIN!,+959000000838,,CUSTOMER,2026-08-29 13:36:48
100838,1,"Synthetic Township 59, Myanmar",2025-03-27 12:56:40,synthetic.customer.000839@example.invalid,,Synthetic Customer 000839,!SYNTHETIC-NO-LOGIN!,+959000000839,,CUSTOMER,2025-07-12 12:56:40
100839,1,"Synthetic Township 60, Myanmar",2025-06-20 14:10:02,synthetic.customer.000840@example.invalid,,Synthetic Customer 000840,!SYNTHETIC-NO-LOGIN!,+959000000840,,CUSTOMER,2025-10-01 14:10:02
100840,1,"Synthetic Township 1, Myanmar",2025-12-25 16:03:55,synthetic.customer.000841@example.invalid,,Synthetic Customer 000841,!SYNTHETIC-NO-LOGIN!,+959000000841,,CUSTOMER,2026-02-10 16:03:55
100841,1,"Synthetic Township 2, Myanmar",2026-03-11 16:41:46,synthetic.customer.000842@example.invalid,,Synthetic Customer 000842,!SYNTHETIC-NO-LOGIN!,+959000000842,,CUSTOMER,2026-05-06 16:41:46
100842,1,"Synthetic Township 3, Myanmar",2022-10-31 21:58:02,synthetic.customer.000843@example.invalid,,Synthetic Customer 000843,!SYNTHETIC-NO-LOGIN!,+959000000843,,CUSTOMER,2022-12-20 21:58:02
100843,1,"Synthetic Township 4, Myanmar",2026-07-28 16:07:26,synthetic.customer.000844@example.invalid,,Synthetic Customer 000844,!SYNTHETIC-NO-LOGIN!,+959000000844,,CUSTOMER,2026-10-30 16:07:26
100844,1,"Synthetic Township 5, Myanmar",2023-09-17 10:10:55,synthetic.customer.000845@example.invalid,,Synthetic Customer 000845,!SYNTHETIC-NO-LOGIN!,+959000000845,,CUSTOMER,2023-09-19 10:10:55
100845,1,"Synthetic Township 6, Myanmar",2025-09-10 17:01:43,synthetic.customer.000846@example.invalid,,Synthetic Customer 000846,!SYNTHETIC-NO-LOGIN!,+959000000846,,CUSTOMER,2025-12-05 17:01:43
100846,1,"Synthetic Township 7, Myanmar",2026-04-17 15:11:51,synthetic.customer.000847@example.invalid,,Synthetic Customer 000847,!SYNTHETIC-NO-LOGIN!,+959000000847,,CUSTOMER,2026-06-07 15:11:51
100847,1,"Synthetic Township 8, Myanmar",2023-02-15 06:04:10,synthetic.customer.000848@example.invalid,,Synthetic Customer 000848,!SYNTHETIC-NO-LOGIN!,+959000000848,,CUSTOMER,2023-06-13 06:04:10
100848,1,"Synthetic Township 9, Myanmar",2025-03-21 09:48:57,synthetic.customer.000849@example.invalid,,Synthetic Customer 000849,!SYNTHETIC-NO-LOGIN!,+959000000849,,CUSTOMER,2025-04-25 09:48:57
100849,1,"Synthetic Township 10, Myanmar",2024-03-27 09:05:43,synthetic.customer.000850@example.invalid,,Synthetic Customer 000850,!SYNTHETIC-NO-LOGIN!,+959000000850,,CUSTOMER,2024-07-21 09:05:43
100850,1,"Synthetic Township 11, Myanmar",2024-02-15 20:19:53,synthetic.customer.000851@example.invalid,,Synthetic Customer 000851,!SYNTHETIC-NO-LOGIN!,+959000000851,,CUSTOMER,2024-03-12 20:19:53
100851,0,"Synthetic Township 12, Myanmar",2024-01-16 10:25:46,synthetic.customer.000852@example.invalid,,Synthetic Customer 000852,!SYNTHETIC-NO-LOGIN!,+959000000852,,CUSTOMER,2024-03-05 10:25:46
100852,1,"Synthetic Township 13, Myanmar",2024-05-14 23:46:05,synthetic.customer.000853@example.invalid,,Synthetic Customer 000853,!SYNTHETIC-NO-LOGIN!,+959000000853,,CUSTOMER,2024-06-22 23:46:05
100853,1,"Synthetic Township 14, Myanmar",2025-11-13 21:15:28,synthetic.customer.000854@example.invalid,,Synthetic Customer 000854,!SYNTHETIC-NO-LOGIN!,+959000000854,,CUSTOMER,2026-02-22 21:15:28
100854,1,"Synthetic Township 15, Myanmar",2025-09-13 20:57:33,synthetic.customer.000855@example.invalid,,Synthetic Customer 000855,!SYNTHETIC-NO-LOGIN!,+959000000855,,CUSTOMER,2026-01-09 20:57:33
100855,1,"Synthetic Township 16, Myanmar",2025-10-03 14:35:33,synthetic.customer.000856@example.invalid,,Synthetic Customer 000856,!SYNTHETIC-NO-LOGIN!,+959000000856,,CUSTOMER,2026-01-25 14:35:33
100856,1,"Synthetic Township 17, Myanmar",2024-10-12 12:29:06,synthetic.customer.000857@example.invalid,,Synthetic Customer 000857,!SYNTHETIC-NO-LOGIN!,+959000000857,,CUSTOMER,2024-12-08 12:29:06
100857,1,"Synthetic Township 18, Myanmar",2024-03-26 03:52:46,synthetic.customer.000858@example.invalid,,Synthetic Customer 000858,!SYNTHETIC-NO-LOGIN!,+959000000858,,CUSTOMER,2024-06-23 03:52:46
100858,1,"Synthetic Township 19, Myanmar",2022-05-25 06:56:32,synthetic.customer.000859@example.invalid,,Synthetic Customer 000859,!SYNTHETIC-NO-LOGIN!,+959000000859,,CUSTOMER,2022-06-27 06:56:32
100859,1,"Synthetic Township 20, Myanmar",2024-11-03 05:15:25,synthetic.customer.000860@example.invalid,,Synthetic Customer 000860,!SYNTHETIC-NO-LOGIN!,+959000000860,,CUSTOMER,2024-12-19 05:15:25
100860,1,"Synthetic Township 21, Myanmar",2023-11-18 22:45:03,synthetic.customer.000861@example.invalid,,Synthetic Customer 000861,!SYNTHETIC-NO-LOGIN!,+959000000861,,CUSTOMER,2023-12-27 22:45:03
100861,1,"Synthetic Township 22, Myanmar",2026-07-31 13:36:25,synthetic.customer.000862@example.invalid,,Synthetic Customer 000862,!SYNTHETIC-NO-LOGIN!,+959000000862,,CUSTOMER,2026-09-05 13:36:25
100862,1,"Synthetic Township 23, Myanmar",2023-02-18 15:06:59,synthetic.customer.000863@example.invalid,,Synthetic Customer 000863,!SYNTHETIC-NO-LOGIN!,+959000000863,,CUSTOMER,2023-05-04 15:06:59
100863,1,"Synthetic Township 24, Myanmar",2022-04-14 22:55:56,synthetic.customer.000864@example.invalid,,Synthetic Customer 000864,!SYNTHETIC-NO-LOGIN!,+959000000864,,CUSTOMER,2022-05-21 22:55:56
100864,1,"Synthetic Township 25, Myanmar",2025-01-10 08:31:02,synthetic.customer.000865@example.invalid,,Synthetic Customer 000865,!SYNTHETIC-NO-LOGIN!,+959000000865,,CUSTOMER,2025-03-31 08:31:02
100865,1,"Synthetic Township 26, Myanmar",2022-11-20 14:51:14,synthetic.customer.000866@example.invalid,,Synthetic Customer 000866,!SYNTHETIC-NO-LOGIN!,+959000000866,,CUSTOMER,2023-02-18 14:51:14
100866,1,"Synthetic Township 27, Myanmar",2024-09-20 23:46:28,synthetic.customer.000867@example.invalid,,Synthetic Customer 000867,!SYNTHETIC-NO-LOGIN!,+959000000867,,CUSTOMER,2024-12-27 23:46:28
100867,1,"Synthetic Township 28, Myanmar",2026-02-26 22:54:12,synthetic.customer.000868@example.invalid,,Synthetic Customer 000868,!SYNTHETIC-NO-LOGIN!,+959000000868,,CUSTOMER,2026-06-03 22:54:12
100868,1,"Synthetic Township 29, Myanmar",2023-05-12 15:01:15,synthetic.customer.000869@example.invalid,,Synthetic Customer 000869,!SYNTHETIC-NO-LOGIN!,+959000000869,,CUSTOMER,2023-09-03 15:01:15
100869,1,"Synthetic Township 30, Myanmar",2025-06-08 16:09:42,synthetic.customer.000870@example.invalid,,Synthetic Customer 000870,!SYNTHETIC-NO-LOGIN!,+959000000870,,CUSTOMER,2025-08-06 16:09:42
100870,1,"Synthetic Township 31, Myanmar",2022-08-26 08:00:29,synthetic.customer.000871@example.invalid,,Synthetic Customer 000871,!SYNTHETIC-NO-LOGIN!,+959000000871,,CUSTOMER,2022-09-17 08:00:29
100871,1,"Synthetic Township 32, Myanmar",2023-01-06 17:25:09,synthetic.customer.000872@example.invalid,,Synthetic Customer 000872,!SYNTHETIC-NO-LOGIN!,+959000000872,,CUSTOMER,2023-04-13 17:25:09
100872,1,"Synthetic Township 33, Myanmar",2024-07-11 02:44:59,synthetic.customer.000873@example.invalid,,Synthetic Customer 000873,!SYNTHETIC-NO-LOGIN!,+959000000873,,CUSTOMER,2024-08-21 02:44:59
100873,1,"Synthetic Township 34, Myanmar",2021-12-13 23:51:06,synthetic.customer.000874@example.invalid,,Synthetic Customer 000874,!SYNTHETIC-NO-LOGIN!,+959000000874,,CUSTOMER,2021-12-24 23:51:06
100874,1,"Synthetic Township 35, Myanmar",2022-09-16 01:41:17,synthetic.customer.000875@example.invalid,,Synthetic Customer 000875,!SYNTHETIC-NO-LOGIN!,+959000000875,,CUSTOMER,2022-12-15 01:41:17
100875,1,"Synthetic Township 36, Myanmar",2024-08-08 01:03:38,synthetic.customer.000876@example.invalid,,Synthetic Customer 000876,!SYNTHETIC-NO-LOGIN!,+959000000876,,CUSTOMER,2024-11-10 01:03:38
100876,1,"Synthetic Township 37, Myanmar",2026-02-14 18:02:04,synthetic.customer.000877@example.invalid,,Synthetic Customer 000877,!SYNTHETIC-NO-LOGIN!,+959000000877,,CUSTOMER,2026-02-21 18:02:04
100877,1,"Synthetic Township 38, Myanmar",2022-12-03 00:51:36,synthetic.customer.000878@example.invalid,,Synthetic Customer 000878,!SYNTHETIC-NO-LOGIN!,+959000000878,,CUSTOMER,2023-01-10 00:51:36
100878,1,"Synthetic Township 39, Myanmar",2022-07-03 21:24:54,synthetic.customer.000879@example.invalid,,Synthetic Customer 000879,!SYNTHETIC-NO-LOGIN!,+959000000879,,CUSTOMER,2022-08-26 21:24:54
100879,1,"Synthetic Township 40, Myanmar",2024-03-03 01:53:45,synthetic.customer.000880@example.invalid,,Synthetic Customer 000880,!SYNTHETIC-NO-LOGIN!,+959000000880,,CUSTOMER,2024-04-02 01:53:45
100880,1,"Synthetic Township 41, Myanmar",2022-01-16 19:38:34,synthetic.customer.000881@example.invalid,,Synthetic Customer 000881,!SYNTHETIC-NO-LOGIN!,+959000000881,,CUSTOMER,2022-05-07 19:38:34
100881,1,"Synthetic Township 42, Myanmar",2024-09-04 20:02:31,synthetic.customer.000882@example.invalid,,Synthetic Customer 000882,!SYNTHETIC-NO-LOGIN!,+959000000882,,CUSTOMER,2024-12-08 20:02:31
100882,1,"Synthetic Township 43, Myanmar",2024-07-27 06:42:35,synthetic.customer.000883@example.invalid,,Synthetic Customer 000883,!SYNTHETIC-NO-LOGIN!,+959000000883,,CUSTOMER,2024-08-26 06:42:35
100883,1,"Synthetic Township 44, Myanmar",2023-11-12 04:36:21,synthetic.customer.000884@example.invalid,,Synthetic Customer 000884,!SYNTHETIC-NO-LOGIN!,+959000000884,,CUSTOMER,2024-01-28 04:36:21
100884,1,"Synthetic Township 45, Myanmar",2023-06-30 09:24:55,synthetic.customer.000885@example.invalid,,Synthetic Customer 000885,!SYNTHETIC-NO-LOGIN!,+959000000885,,CUSTOMER,2023-07-30 09:24:55
100885,1,"Synthetic Township 46, Myanmar",2024-09-12 21:44:44,synthetic.customer.000886@example.invalid,,Synthetic Customer 000886,!SYNTHETIC-NO-LOGIN!,+959000000886,,CUSTOMER,2024-11-19 21:44:44
100886,1,"Synthetic Township 47, Myanmar",2024-01-26 02:34:55,synthetic.customer.000887@example.invalid,,Synthetic Customer 000887,!SYNTHETIC-NO-LOGIN!,+959000000887,,CUSTOMER,2024-05-22 02:34:55
100887,1,"Synthetic Township 48, Myanmar",2024-01-31 05:02:21,synthetic.customer.000888@example.invalid,,Synthetic Customer 000888,!SYNTHETIC-NO-LOGIN!,+959000000888,,CUSTOMER,2024-04-07 05:02:21
100888,0,"Synthetic Township 49, Myanmar",2022-06-20 19:32:04,synthetic.customer.000889@example.invalid,,Synthetic Customer 000889,!SYNTHETIC-NO-LOGIN!,+959000000889,,CUSTOMER,2022-07-01 19:32:04
100889,1,"Synthetic Township 50, Myanmar",2025-05-19 21:15:32,synthetic.customer.000890@example.invalid,,Synthetic Customer 000890,!SYNTHETIC-NO-LOGIN!,+959000000890,,CUSTOMER,2025-05-23 21:15:32
100890,1,"Synthetic Township 51, Myanmar",2024-06-07 15:05:14,synthetic.customer.000891@example.invalid,,Synthetic Customer 000891,!SYNTHETIC-NO-LOGIN!,+959000000891,,CUSTOMER,2024-07-29 15:05:14
100891,1,"Synthetic Township 52, Myanmar",2025-11-24 06:44:56,synthetic.customer.000892@example.invalid,,Synthetic Customer 000892,!SYNTHETIC-NO-LOGIN!,+959000000892,,CUSTOMER,2025-12-23 06:44:56
100892,1,"Synthetic Township 53, Myanmar",2026-02-18 04:07:04,synthetic.customer.000893@example.invalid,,Synthetic Customer 000893,!SYNTHETIC-NO-LOGIN!,+959000000893,,CUSTOMER,2026-03-05 04:07:04
100893,1,"Synthetic Township 54, Myanmar",2025-07-30 18:15:25,synthetic.customer.000894@example.invalid,,Synthetic Customer 000894,!SYNTHETIC-NO-LOGIN!,+959000000894,,CUSTOMER,2025-10-08 18:15:25
100894,1,"Synthetic Township 55, Myanmar",2026-01-26 14:35:22,synthetic.customer.000895@example.invalid,,Synthetic Customer 000895,!SYNTHETIC-NO-LOGIN!,+959000000895,,CUSTOMER,2026-02-12 14:35:22
100895,1,"Synthetic Township 56, Myanmar",2022-06-20 12:55:40,synthetic.customer.000896@example.invalid,,Synthetic Customer 000896,!SYNTHETIC-NO-LOGIN!,+959000000896,,CUSTOMER,2022-07-28 12:55:40
100896,1,"Synthetic Township 57, Myanmar",2022-09-09 04:45:04,synthetic.customer.000897@example.invalid,,Synthetic Customer 000897,!SYNTHETIC-NO-LOGIN!,+959000000897,,CUSTOMER,2022-09-10 04:45:04
100897,1,"Synthetic Township 58, Myanmar",2022-04-11 11:13:51,synthetic.customer.000898@example.invalid,,Synthetic Customer 000898,!SYNTHETIC-NO-LOGIN!,+959000000898,,CUSTOMER,2022-05-19 11:13:51
100898,1,"Synthetic Township 59, Myanmar",2025-06-26 12:19:28,synthetic.customer.000899@example.invalid,,Synthetic Customer 000899,!SYNTHETIC-NO-LOGIN!,+959000000899,,CUSTOMER,2025-09-09 12:19:28
100899,1,"Synthetic Township 60, Myanmar",2026-03-28 16:22:59,synthetic.customer.000900@example.invalid,,Synthetic Customer 000900,!SYNTHETIC-NO-LOGIN!,+959000000900,,CUSTOMER,2026-07-09 16:22:59
100900,1,"Synthetic Township 1, Myanmar",2025-08-05 17:27:08,synthetic.customer.000901@example.invalid,,Synthetic Customer 000901,!SYNTHETIC-NO-LOGIN!,+959000000901,,CUSTOMER,2025-09-12 17:27:08
100901,1,"Synthetic Township 2, Myanmar",2023-04-02 18:00:13,synthetic.customer.000902@example.invalid,,Synthetic Customer 000902,!SYNTHETIC-NO-LOGIN!,+959000000902,,CUSTOMER,2023-07-25 18:00:13
100902,1,"Synthetic Township 3, Myanmar",2023-11-26 22:51:48,synthetic.customer.000903@example.invalid,,Synthetic Customer 000903,!SYNTHETIC-NO-LOGIN!,+959000000903,,CUSTOMER,2024-01-10 22:51:48
100903,1,"Synthetic Township 4, Myanmar",2022-05-02 02:24:41,synthetic.customer.000904@example.invalid,,Synthetic Customer 000904,!SYNTHETIC-NO-LOGIN!,+959000000904,,CUSTOMER,2022-07-07 02:24:41
100904,1,"Synthetic Township 5, Myanmar",2024-03-04 23:46:41,synthetic.customer.000905@example.invalid,,Synthetic Customer 000905,!SYNTHETIC-NO-LOGIN!,+959000000905,,CUSTOMER,2024-03-26 23:46:41
100905,1,"Synthetic Township 6, Myanmar",2023-05-28 10:27:56,synthetic.customer.000906@example.invalid,,Synthetic Customer 000906,!SYNTHETIC-NO-LOGIN!,+959000000906,,CUSTOMER,2023-09-20 10:27:56
100906,1,"Synthetic Township 7, Myanmar",2022-12-17 11:28:48,synthetic.customer.000907@example.invalid,,Synthetic Customer 000907,!SYNTHETIC-NO-LOGIN!,+959000000907,,CUSTOMER,2023-03-27 11:28:48
100907,1,"Synthetic Township 8, Myanmar",2026-05-09 09:04:51,synthetic.customer.000908@example.invalid,,Synthetic Customer 000908,!SYNTHETIC-NO-LOGIN!,+959000000908,,CUSTOMER,2026-06-07 09:04:51
100908,1,"Synthetic Township 9, Myanmar",2022-02-06 14:25:45,synthetic.customer.000909@example.invalid,,Synthetic Customer 000909,!SYNTHETIC-NO-LOGIN!,+959000000909,,CUSTOMER,2022-04-03 14:25:45
100909,1,"Synthetic Township 10, Myanmar",2021-12-24 04:50:31,synthetic.customer.000910@example.invalid,,Synthetic Customer 000910,!SYNTHETIC-NO-LOGIN!,+959000000910,,CUSTOMER,2022-01-31 04:50:31
100910,1,"Synthetic Township 11, Myanmar",2022-02-14 18:05:07,synthetic.customer.000911@example.invalid,,Synthetic Customer 000911,!SYNTHETIC-NO-LOGIN!,+959000000911,,CUSTOMER,2022-02-20 18:05:07
100911,1,"Synthetic Township 12, Myanmar",2024-01-13 02:47:57,synthetic.customer.000912@example.invalid,,Synthetic Customer 000912,!SYNTHETIC-NO-LOGIN!,+959000000912,,CUSTOMER,2024-05-11 02:47:57
100912,1,"Synthetic Township 13, Myanmar",2022-08-26 08:33:45,synthetic.customer.000913@example.invalid,,Synthetic Customer 000913,!SYNTHETIC-NO-LOGIN!,+959000000913,,CUSTOMER,2022-09-11 08:33:45
100913,1,"Synthetic Township 14, Myanmar",2024-08-16 23:25:52,synthetic.customer.000914@example.invalid,,Synthetic Customer 000914,!SYNTHETIC-NO-LOGIN!,+959000000914,,CUSTOMER,2024-11-05 23:25:52
100914,1,"Synthetic Township 15, Myanmar",2024-08-13 19:21:45,synthetic.customer.000915@example.invalid,,Synthetic Customer 000915,!SYNTHETIC-NO-LOGIN!,+959000000915,,CUSTOMER,2024-11-11 19:21:45
100915,1,"Synthetic Township 16, Myanmar",2021-12-04 21:22:37,synthetic.customer.000916@example.invalid,,Synthetic Customer 000916,!SYNTHETIC-NO-LOGIN!,+959000000916,,CUSTOMER,2022-01-03 21:22:37
100916,1,"Synthetic Township 17, Myanmar",2024-06-14 20:04:33,synthetic.customer.000917@example.invalid,,Synthetic Customer 000917,!SYNTHETIC-NO-LOGIN!,+959000000917,,CUSTOMER,2024-09-21 20:04:33
100917,1,"Synthetic Township 18, Myanmar",2026-07-26 13:37:39,synthetic.customer.000918@example.invalid,,Synthetic Customer 000918,!SYNTHETIC-NO-LOGIN!,+959000000918,,CUSTOMER,2026-09-15 13:37:39
100918,1,"Synthetic Township 19, Myanmar",2025-09-20 15:02:01,synthetic.customer.000919@example.invalid,,Synthetic Customer 000919,!SYNTHETIC-NO-LOGIN!,+959000000919,,CUSTOMER,2026-01-01 15:02:01
100919,1,"Synthetic Township 20, Myanmar",2026-01-06 01:08:39,synthetic.customer.000920@example.invalid,,Synthetic Customer 000920,!SYNTHETIC-NO-LOGIN!,+959000000920,,CUSTOMER,2026-04-01 01:08:39
100920,1,"Synthetic Township 21, Myanmar",2022-05-18 13:33:07,synthetic.customer.000921@example.invalid,,Synthetic Customer 000921,!SYNTHETIC-NO-LOGIN!,+959000000921,,CUSTOMER,2022-06-06 13:33:07
100921,1,"Synthetic Township 22, Myanmar",2024-09-08 20:49:29,synthetic.customer.000922@example.invalid,,Synthetic Customer 000922,!SYNTHETIC-NO-LOGIN!,+959000000922,,CUSTOMER,2024-12-24 20:49:29
100922,1,"Synthetic Township 23, Myanmar",2026-03-19 05:02:46,synthetic.customer.000923@example.invalid,,Synthetic Customer 000923,!SYNTHETIC-NO-LOGIN!,+959000000923,,CUSTOMER,2026-06-22 05:02:46
100923,1,"Synthetic Township 24, Myanmar",2022-08-03 23:43:53,synthetic.customer.000924@example.invalid,,Synthetic Customer 000924,!SYNTHETIC-NO-LOGIN!,+959000000924,,CUSTOMER,2022-08-21 23:43:53
100924,1,"Synthetic Township 25, Myanmar",2021-09-15 10:02:08,synthetic.customer.000925@example.invalid,,Synthetic Customer 000925,!SYNTHETIC-NO-LOGIN!,+959000000925,,CUSTOMER,2021-09-24 10:02:08
100925,0,"Synthetic Township 26, Myanmar",2025-06-06 21:17:22,synthetic.customer.000926@example.invalid,,Synthetic Customer 000926,!SYNTHETIC-NO-LOGIN!,+959000000926,,CUSTOMER,2025-06-14 21:17:22
100926,1,"Synthetic Township 27, Myanmar",2022-03-29 15:45:32,synthetic.customer.000927@example.invalid,,Synthetic Customer 000927,!SYNTHETIC-NO-LOGIN!,+959000000927,,CUSTOMER,2022-07-19 15:45:32
100927,1,"Synthetic Township 28, Myanmar",2025-11-02 18:11:11,synthetic.customer.000928@example.invalid,,Synthetic Customer 000928,!SYNTHETIC-NO-LOGIN!,+959000000928,,CUSTOMER,2025-11-25 18:11:11
100928,1,"Synthetic Township 29, Myanmar",2022-11-27 21:11:01,synthetic.customer.000929@example.invalid,,Synthetic Customer 000929,!SYNTHETIC-NO-LOGIN!,+959000000929,,CUSTOMER,2023-01-26 21:11:01
100929,1,"Synthetic Township 30, Myanmar",2023-08-22 16:05:40,synthetic.customer.000930@example.invalid,,Synthetic Customer 000930,!SYNTHETIC-NO-LOGIN!,+959000000930,,CUSTOMER,2023-12-15 16:05:40
100930,1,"Synthetic Township 31, Myanmar",2022-10-24 14:00:12,synthetic.customer.000931@example.invalid,,Synthetic Customer 000931,!SYNTHETIC-NO-LOGIN!,+959000000931,,CUSTOMER,2022-11-18 14:00:12
100931,1,"Synthetic Township 32, Myanmar",2024-03-22 18:15:56,synthetic.customer.000932@example.invalid,,Synthetic Customer 000932,!SYNTHETIC-NO-LOGIN!,+959000000932,,CUSTOMER,2024-04-16 18:15:56
100932,1,"Synthetic Township 33, Myanmar",2025-09-29 17:47:30,synthetic.customer.000933@example.invalid,,Synthetic Customer 000933,!SYNTHETIC-NO-LOGIN!,+959000000933,,CUSTOMER,2025-11-01 17:47:30
100933,1,"Synthetic Township 34, Myanmar",2024-03-13 04:38:04,synthetic.customer.000934@example.invalid,,Synthetic Customer 000934,!SYNTHETIC-NO-LOGIN!,+959000000934,,CUSTOMER,2024-06-25 04:38:04
100934,1,"Synthetic Township 35, Myanmar",2025-01-13 14:57:24,synthetic.customer.000935@example.invalid,,Synthetic Customer 000935,!SYNTHETIC-NO-LOGIN!,+959000000935,,CUSTOMER,2025-01-20 14:57:24
100935,1,"Synthetic Township 36, Myanmar",2024-12-09 00:05:51,synthetic.customer.000936@example.invalid,,Synthetic Customer 000936,!SYNTHETIC-NO-LOGIN!,+959000000936,,CUSTOMER,2025-01-22 00:05:51
100936,1,"Synthetic Township 37, Myanmar",2025-06-05 00:11:06,synthetic.customer.000937@example.invalid,,Synthetic Customer 000937,!SYNTHETIC-NO-LOGIN!,+959000000937,,CUSTOMER,2025-07-02 00:11:06
100937,1,"Synthetic Township 38, Myanmar",2023-09-08 06:20:25,synthetic.customer.000938@example.invalid,,Synthetic Customer 000938,!SYNTHETIC-NO-LOGIN!,+959000000938,,CUSTOMER,2023-11-16 06:20:25
100938,1,"Synthetic Township 39, Myanmar",2024-09-21 16:42:21,synthetic.customer.000939@example.invalid,,Synthetic Customer 000939,!SYNTHETIC-NO-LOGIN!,+959000000939,,CUSTOMER,2024-09-27 16:42:21
100939,1,"Synthetic Township 40, Myanmar",2024-10-30 15:41:57,synthetic.customer.000940@example.invalid,,Synthetic Customer 000940,!SYNTHETIC-NO-LOGIN!,+959000000940,,CUSTOMER,2025-01-04 15:41:57
100940,1,"Synthetic Township 41, Myanmar",2023-01-10 10:28:32,synthetic.customer.000941@example.invalid,,Synthetic Customer 000941,!SYNTHETIC-NO-LOGIN!,+959000000941,,CUSTOMER,2023-05-01 10:28:32
100941,1,"Synthetic Township 42, Myanmar",2022-03-02 13:37:14,synthetic.customer.000942@example.invalid,,Synthetic Customer 000942,!SYNTHETIC-NO-LOGIN!,+959000000942,,CUSTOMER,2022-04-03 13:37:14
100942,1,"Synthetic Township 43, Myanmar",2025-07-14 16:17:56,synthetic.customer.000943@example.invalid,,Synthetic Customer 000943,!SYNTHETIC-NO-LOGIN!,+959000000943,,CUSTOMER,2025-07-24 16:17:56
100943,1,"Synthetic Township 44, Myanmar",2025-10-11 01:54:45,synthetic.customer.000944@example.invalid,,Synthetic Customer 000944,!SYNTHETIC-NO-LOGIN!,+959000000944,,CUSTOMER,2026-01-02 01:54:45
100944,1,"Synthetic Township 45, Myanmar",2026-02-17 13:53:16,synthetic.customer.000945@example.invalid,,Synthetic Customer 000945,!SYNTHETIC-NO-LOGIN!,+959000000945,,CUSTOMER,2026-03-10 13:53:16
100945,1,"Synthetic Township 46, Myanmar",2026-01-06 21:34:32,synthetic.customer.000946@example.invalid,,Synthetic Customer 000946,!SYNTHETIC-NO-LOGIN!,+959000000946,,CUSTOMER,2026-02-20 21:34:32
100946,1,"Synthetic Township 47, Myanmar",2024-01-22 21:40:22,synthetic.customer.000947@example.invalid,,Synthetic Customer 000947,!SYNTHETIC-NO-LOGIN!,+959000000947,,CUSTOMER,2024-04-13 21:40:22
100947,1,"Synthetic Township 48, Myanmar",2024-06-21 15:05:49,synthetic.customer.000948@example.invalid,,Synthetic Customer 000948,!SYNTHETIC-NO-LOGIN!,+959000000948,,CUSTOMER,2024-08-22 15:05:49
100948,1,"Synthetic Township 49, Myanmar",2024-02-04 15:21:27,synthetic.customer.000949@example.invalid,,Synthetic Customer 000949,!SYNTHETIC-NO-LOGIN!,+959000000949,,CUSTOMER,2024-05-31 15:21:27
100949,1,"Synthetic Township 50, Myanmar",2022-04-25 02:40:28,synthetic.customer.000950@example.invalid,,Synthetic Customer 000950,!SYNTHETIC-NO-LOGIN!,+959000000950,,CUSTOMER,2022-04-29 02:40:28
100950,1,"Synthetic Township 51, Myanmar",2024-11-08 20:54:59,synthetic.customer.000951@example.invalid,,Synthetic Customer 000951,!SYNTHETIC-NO-LOGIN!,+959000000951,,CUSTOMER,2024-11-24 20:54:59
100951,1,"Synthetic Township 52, Myanmar",2025-08-06 00:53:50,synthetic.customer.000952@example.invalid,,Synthetic Customer 000952,!SYNTHETIC-NO-LOGIN!,+959000000952,,CUSTOMER,2025-10-07 00:53:50
100952,1,"Synthetic Township 53, Myanmar",2024-03-18 03:29:39,synthetic.customer.000953@example.invalid,,Synthetic Customer 000953,!SYNTHETIC-NO-LOGIN!,+959000000953,,CUSTOMER,2024-07-01 03:29:39
100953,1,"Synthetic Township 54, Myanmar",2026-02-21 18:08:09,synthetic.customer.000954@example.invalid,,Synthetic Customer 000954,!SYNTHETIC-NO-LOGIN!,+959000000954,,CUSTOMER,2026-04-17 18:08:09
100954,1,"Synthetic Township 55, Myanmar",2022-10-24 05:05:01,synthetic.customer.000955@example.invalid,,Synthetic Customer 000955,!SYNTHETIC-NO-LOGIN!,+959000000955,,CUSTOMER,2022-11-03 05:05:01
100955,1,"Synthetic Township 56, Myanmar",2021-11-12 10:45:03,synthetic.customer.000956@example.invalid,,Synthetic Customer 000956,!SYNTHETIC-NO-LOGIN!,+959000000956,,CUSTOMER,2021-11-26 10:45:03
100956,1,"Synthetic Township 57, Myanmar",2022-06-14 06:54:40,synthetic.customer.000957@example.invalid,,Synthetic Customer 000957,!SYNTHETIC-NO-LOGIN!,+959000000957,,CUSTOMER,2022-07-19 06:54:40
100957,1,"Synthetic Township 58, Myanmar",2024-10-02 07:41:23,synthetic.customer.000958@example.invalid,,Synthetic Customer 000958,!SYNTHETIC-NO-LOGIN!,+959000000958,,CUSTOMER,2024-10-23 07:41:23
100958,1,"Synthetic Township 59, Myanmar",2021-11-14 00:37:37,synthetic.customer.000959@example.invalid,,Synthetic Customer 000959,!SYNTHETIC-NO-LOGIN!,+959000000959,,CUSTOMER,2021-11-22 00:37:37
100959,1,"Synthetic Township 60, Myanmar",2022-08-22 22:50:18,synthetic.customer.000960@example.invalid,,Synthetic Customer 000960,!SYNTHETIC-NO-LOGIN!,+959000000960,,CUSTOMER,2022-12-20 22:50:18
100960,1,"Synthetic Township 1, Myanmar",2022-08-26 06:22:08,synthetic.customer.000961@example.invalid,,Synthetic Customer 000961,!SYNTHETIC-NO-LOGIN!,+959000000961,,CUSTOMER,2022-09-18 06:22:08
100961,1,"Synthetic Township 2, Myanmar",2026-05-27 18:22:14,synthetic.customer.000962@example.invalid,,Synthetic Customer 000962,!SYNTHETIC-NO-LOGIN!,+959000000962,,CUSTOMER,2026-05-29 18:22:14
100962,0,"Synthetic Township 3, Myanmar",2025-11-05 20:53:12,synthetic.customer.000963@example.invalid,,Synthetic Customer 000963,!SYNTHETIC-NO-LOGIN!,+959000000963,,CUSTOMER,2026-02-23 20:53:12
100963,1,"Synthetic Township 4, Myanmar",2022-04-07 01:37:25,synthetic.customer.000964@example.invalid,,Synthetic Customer 000964,!SYNTHETIC-NO-LOGIN!,+959000000964,,CUSTOMER,2022-07-20 01:37:25
100964,1,"Synthetic Township 5, Myanmar",2022-04-29 04:22:09,synthetic.customer.000965@example.invalid,,Synthetic Customer 000965,!SYNTHETIC-NO-LOGIN!,+959000000965,,CUSTOMER,2022-05-13 04:22:09
100965,1,"Synthetic Township 6, Myanmar",2023-01-04 07:26:21,synthetic.customer.000966@example.invalid,,Synthetic Customer 000966,!SYNTHETIC-NO-LOGIN!,+959000000966,,CUSTOMER,2023-01-30 07:26:21
100966,1,"Synthetic Township 7, Myanmar",2022-03-28 23:07:07,synthetic.customer.000967@example.invalid,,Synthetic Customer 000967,!SYNTHETIC-NO-LOGIN!,+959000000967,,CUSTOMER,2022-05-29 23:07:07
100967,1,"Synthetic Township 8, Myanmar",2026-05-14 15:18:44,synthetic.customer.000968@example.invalid,,Synthetic Customer 000968,!SYNTHETIC-NO-LOGIN!,+959000000968,,CUSTOMER,2026-07-13 15:18:44
100968,1,"Synthetic Township 9, Myanmar",2023-02-22 02:55:20,synthetic.customer.000969@example.invalid,,Synthetic Customer 000969,!SYNTHETIC-NO-LOGIN!,+959000000969,,CUSTOMER,2023-04-26 02:55:20
100969,1,"Synthetic Township 10, Myanmar",2021-12-16 06:49:30,synthetic.customer.000970@example.invalid,,Synthetic Customer 000970,!SYNTHETIC-NO-LOGIN!,+959000000970,,CUSTOMER,2022-02-10 06:49:30
100970,1,"Synthetic Township 11, Myanmar",2023-02-03 00:33:01,synthetic.customer.000971@example.invalid,,Synthetic Customer 000971,!SYNTHETIC-NO-LOGIN!,+959000000971,,CUSTOMER,2023-05-25 00:33:01
100971,1,"Synthetic Township 12, Myanmar",2024-01-25 20:37:42,synthetic.customer.000972@example.invalid,,Synthetic Customer 000972,!SYNTHETIC-NO-LOGIN!,+959000000972,,CUSTOMER,2024-03-07 20:37:42
100972,1,"Synthetic Township 13, Myanmar",2025-10-30 15:32:07,synthetic.customer.000973@example.invalid,,Synthetic Customer 000973,!SYNTHETIC-NO-LOGIN!,+959000000973,,CUSTOMER,2026-02-23 15:32:07
100973,1,"Synthetic Township 14, Myanmar",2023-04-20 03:51:54,synthetic.customer.000974@example.invalid,,Synthetic Customer 000974,!SYNTHETIC-NO-LOGIN!,+959000000974,,CUSTOMER,2023-07-03 03:51:54
100974,1,"Synthetic Township 15, Myanmar",2023-01-19 15:18:30,synthetic.customer.000975@example.invalid,,Synthetic Customer 000975,!SYNTHETIC-NO-LOGIN!,+959000000975,,CUSTOMER,2023-02-18 15:18:30
100975,1,"Synthetic Township 16, Myanmar",2026-02-07 10:52:44,synthetic.customer.000976@example.invalid,,Synthetic Customer 000976,!SYNTHETIC-NO-LOGIN!,+959000000976,,CUSTOMER,2026-05-31 10:52:44
100976,1,"Synthetic Township 17, Myanmar",2021-09-30 21:03:26,synthetic.customer.000977@example.invalid,,Synthetic Customer 000977,!SYNTHETIC-NO-LOGIN!,+959000000977,,CUSTOMER,2021-11-27 21:03:26
100977,1,"Synthetic Township 18, Myanmar",2022-10-18 15:23:34,synthetic.customer.000978@example.invalid,,Synthetic Customer 000978,!SYNTHETIC-NO-LOGIN!,+959000000978,,CUSTOMER,2022-11-12 15:23:34
100978,1,"Synthetic Township 19, Myanmar",2024-07-07 16:03:32,synthetic.customer.000979@example.invalid,,Synthetic Customer 000979,!SYNTHETIC-NO-LOGIN!,+959000000979,,CUSTOMER,2024-08-21 16:03:32
100979,1,"Synthetic Township 20, Myanmar",2022-11-09 15:52:07,synthetic.customer.000980@example.invalid,,Synthetic Customer 000980,!SYNTHETIC-NO-LOGIN!,+959000000980,,CUSTOMER,2023-02-05 15:52:07
100980,1,"Synthetic Township 21, Myanmar",2026-02-13 12:50:07,synthetic.customer.000981@example.invalid,,Synthetic Customer 000981,!SYNTHETIC-NO-LOGIN!,+959000000981,,CUSTOMER,2026-02-22 12:50:07
100981,1,"Synthetic Township 22, Myanmar",2024-04-20 01:44:42,synthetic.customer.000982@example.invalid,,Synthetic Customer 000982,!SYNTHETIC-NO-LOGIN!,+959000000982,,CUSTOMER,2024-08-10 01:44:42
100982,1,"Synthetic Township 23, Myanmar",2021-11-13 13:19:04,synthetic.customer.000983@example.invalid,,Synthetic Customer 000983,!SYNTHETIC-NO-LOGIN!,+959000000983,,CUSTOMER,2022-02-04 13:19:04
100983,1,"Synthetic Township 24, Myanmar",2023-11-04 19:58:34,synthetic.customer.000984@example.invalid,,Synthetic Customer 000984,!SYNTHETIC-NO-LOGIN!,+959000000984,,CUSTOMER,2024-02-03 19:58:34
100984,1,"Synthetic Township 25, Myanmar",2022-09-12 20:56:57,synthetic.customer.000985@example.invalid,,Synthetic Customer 000985,!SYNTHETIC-NO-LOGIN!,+959000000985,,CUSTOMER,2022-09-30 20:56:57
100985,1,"Synthetic Township 26, Myanmar",2024-07-17 06:43:22,synthetic.customer.000986@example.invalid,,Synthetic Customer 000986,!SYNTHETIC-NO-LOGIN!,+959000000986,,CUSTOMER,2024-09-07 06:43:22
100986,1,"Synthetic Township 27, Myanmar",2023-03-15 18:47:25,synthetic.customer.000987@example.invalid,,Synthetic Customer 000987,!SYNTHETIC-NO-LOGIN!,+959000000987,,CUSTOMER,2023-07-04 18:47:25
100987,1,"Synthetic Township 28, Myanmar",2022-06-23 08:19:56,synthetic.customer.000988@example.invalid,,Synthetic Customer 000988,!SYNTHETIC-NO-LOGIN!,+959000000988,,CUSTOMER,2022-07-20 08:19:56
100988,1,"Synthetic Township 29, Myanmar",2023-05-09 06:50:18,synthetic.customer.000989@example.invalid,,Synthetic Customer 000989,!SYNTHETIC-NO-LOGIN!,+959000000989,,CUSTOMER,2023-05-13 06:50:18
100989,1,"Synthetic Township 30, Myanmar",2023-04-24 04:43:02,synthetic.customer.000990@example.invalid,,Synthetic Customer 000990,!SYNTHETIC-NO-LOGIN!,+959000000990,,CUSTOMER,2023-08-04 04:43:02
100990,1,"Synthetic Township 31, Myanmar",2026-08-19 18:29:18,synthetic.customer.000991@example.invalid,,Synthetic Customer 000991,!SYNTHETIC-NO-LOGIN!,+959000000991,,CUSTOMER,2026-10-21 18:29:18
100991,1,"Synthetic Township 32, Myanmar",2025-07-11 18:50:25,synthetic.customer.000992@example.invalid,,Synthetic Customer 000992,!SYNTHETIC-NO-LOGIN!,+959000000992,,CUSTOMER,2025-11-05 18:50:25
100992,1,"Synthetic Township 33, Myanmar",2025-05-06 03:51:20,synthetic.customer.000993@example.invalid,,Synthetic Customer 000993,!SYNTHETIC-NO-LOGIN!,+959000000993,,CUSTOMER,2025-06-11 03:51:20
100993,1,"Synthetic Township 34, Myanmar",2025-08-21 07:03:01,synthetic.customer.000994@example.invalid,,Synthetic Customer 000994,!SYNTHETIC-NO-LOGIN!,+959000000994,,CUSTOMER,2025-10-08 07:03:01
100994,1,"Synthetic Township 35, Myanmar",2026-05-23 01:17:01,synthetic.customer.000995@example.invalid,,Synthetic Customer 000995,!SYNTHETIC-NO-LOGIN!,+959000000995,,CUSTOMER,2026-07-01 01:17:01
100995,1,"Synthetic Township 36, Myanmar",2023-06-17 12:57:55,synthetic.customer.000996@example.invalid,,Synthetic Customer 000996,!SYNTHETIC-NO-LOGIN!,+959000000996,,CUSTOMER,2023-08-14 12:57:55
100996,1,"Synthetic Township 37, Myanmar",2022-06-19 22:38:35,synthetic.customer.000997@example.invalid,,Synthetic Customer 000997,!SYNTHETIC-NO-LOGIN!,+959000000997,,CUSTOMER,2022-07-16 22:38:35
100997,1,"Synthetic Township 38, Myanmar",2022-07-20 10:48:43,synthetic.customer.000998@example.invalid,,Synthetic Customer 000998,!SYNTHETIC-NO-LOGIN!,+959000000998,,CUSTOMER,2022-08-14 10:48:43
100998,1,"Synthetic Township 39, Myanmar",2022-06-07 14:14:37,synthetic.customer.000999@example.invalid,,Synthetic Customer 000999,!SYNTHETIC-NO-LOGIN!,+959000000999,,CUSTOMER,2022-10-01 14:14:37
100999,0,"Synthetic Township 40, Myanmar",2021-09-30 11:39:54,synthetic.customer.001000@example.invalid,,Synthetic Customer 001000,!SYNTHETIC-NO-LOGIN!,+959000001000,,CUSTOMER,2021-10-10 11:39:54
101000,1,"Synthetic Township 41, Myanmar",2023-05-20 04:18:55,synthetic.customer.001001@example.invalid,,Synthetic Customer 001001,!SYNTHETIC-NO-LOGIN!,+959000001001,,CUSTOMER,2023-06-19 04:18:55
101001,1,"Synthetic Township 42, Myanmar",2025-12-09 23:05:56,synthetic.customer.001002@example.invalid,,Synthetic Customer 001002,!SYNTHETIC-NO-LOGIN!,+959000001002,,CUSTOMER,2026-01-08 23:05:56
101002,1,"Synthetic Township 43, Myanmar",2024-02-20 01:59:10,synthetic.customer.001003@example.invalid,,Synthetic Customer 001003,!SYNTHETIC-NO-LOGIN!,+959000001003,,CUSTOMER,2024-02-25 01:59:10
101003,1,"Synthetic Township 44, Myanmar",2024-03-15 05:58:25,synthetic.customer.001004@example.invalid,,Synthetic Customer 001004,!SYNTHETIC-NO-LOGIN!,+959000001004,,CUSTOMER,2024-05-03 05:58:25
101004,1,"Synthetic Township 45, Myanmar",2023-02-16 12:25:02,synthetic.customer.001005@example.invalid,,Synthetic Customer 001005,!SYNTHETIC-NO-LOGIN!,+959000001005,,CUSTOMER,2023-02-24 12:25:02
101005,1,"Synthetic Township 46, Myanmar",2022-02-24 19:10:18,synthetic.customer.001006@example.invalid,,Synthetic Customer 001006,!SYNTHETIC-NO-LOGIN!,+959000001006,,CUSTOMER,2022-03-22 19:10:18
101006,1,"Synthetic Township 47, Myanmar",2026-03-23 00:39:24,synthetic.customer.001007@example.invalid,,Synthetic Customer 001007,!SYNTHETIC-NO-LOGIN!,+959000001007,,CUSTOMER,2026-07-11 00:39:24
101007,1,"Synthetic Township 48, Myanmar",2023-05-10 17:50:36,synthetic.customer.001008@example.invalid,,Synthetic Customer 001008,!SYNTHETIC-NO-LOGIN!,+959000001008,,CUSTOMER,2023-07-22 17:50:36
101008,1,"Synthetic Township 49, Myanmar",2025-04-17 17:18:46,synthetic.customer.001009@example.invalid,,Synthetic Customer 001009,!SYNTHETIC-NO-LOGIN!,+959000001009,,CUSTOMER,2025-06-03 17:18:46
101009,1,"Synthetic Township 50, Myanmar",2023-09-28 19:52:42,synthetic.customer.001010@example.invalid,,Synthetic Customer 001010,!SYNTHETIC-NO-LOGIN!,+959000001010,,CUSTOMER,2023-12-04 19:52:42
101010,1,"Synthetic Township 51, Myanmar",2026-08-04 00:50:13,synthetic.customer.001011@example.invalid,,Synthetic Customer 001011,!SYNTHETIC-NO-LOGIN!,+959000001011,,CUSTOMER,2026-11-08 00:50:13
101011,1,"Synthetic Township 52, Myanmar",2025-06-07 07:18:22,synthetic.customer.001012@example.invalid,,Synthetic Customer 001012,!SYNTHETIC-NO-LOGIN!,+959000001012,,CUSTOMER,2025-06-28 07:18:22
101012,1,"Synthetic Township 53, Myanmar",2025-11-25 13:35:16,synthetic.customer.001013@example.invalid,,Synthetic Customer 001013,!SYNTHETIC-NO-LOGIN!,+959000001013,,CUSTOMER,2025-12-14 13:35:16
101013,1,"Synthetic Township 54, Myanmar",2026-06-03 03:05:01,synthetic.customer.001014@example.invalid,,Synthetic Customer 001014,!SYNTHETIC-NO-LOGIN!,+959000001014,,CUSTOMER,2026-06-06 03:05:01
101014,1,"Synthetic Township 55, Myanmar",2023-11-21 21:11:06,synthetic.customer.001015@example.invalid,,Synthetic Customer 001015,!SYNTHETIC-NO-LOGIN!,+959000001015,,CUSTOMER,2024-01-24 21:11:06
101015,1,"Synthetic Township 56, Myanmar",2023-12-08 04:36:17,synthetic.customer.001016@example.invalid,,Synthetic Customer 001016,!SYNTHETIC-NO-LOGIN!,+959000001016,,CUSTOMER,2023-12-12 04:36:17
101016,1,"Synthetic Township 57, Myanmar",2023-02-20 22:38:37,synthetic.customer.001017@example.invalid,,Synthetic Customer 001017,!SYNTHETIC-NO-LOGIN!,+959000001017,,CUSTOMER,2023-06-07 22:38:37
101017,1,"Synthetic Township 58, Myanmar",2025-09-13 00:51:29,synthetic.customer.001018@example.invalid,,Synthetic Customer 001018,!SYNTHETIC-NO-LOGIN!,+959000001018,,CUSTOMER,2025-12-27 00:51:29
101018,1,"Synthetic Township 59, Myanmar",2026-08-06 01:51:56,synthetic.customer.001019@example.invalid,,Synthetic Customer 001019,!SYNTHETIC-NO-LOGIN!,+959000001019,,CUSTOMER,2026-11-16 01:51:56
101019,1,"Synthetic Township 60, Myanmar",2026-07-01 12:52:40,synthetic.customer.001020@example.invalid,,Synthetic Customer 001020,!SYNTHETIC-NO-LOGIN!,+959000001020,,CUSTOMER,2026-09-14 12:52:40
101020,1,"Synthetic Township 1, Myanmar",2024-05-31 07:06:01,synthetic.customer.001021@example.invalid,,Synthetic Customer 001021,!SYNTHETIC-NO-LOGIN!,+959000001021,,CUSTOMER,2024-08-08 07:06:01
101021,1,"Synthetic Township 2, Myanmar",2024-05-01 12:07:30,synthetic.customer.001022@example.invalid,,Synthetic Customer 001022,!SYNTHETIC-NO-LOGIN!,+959000001022,,CUSTOMER,2024-08-10 12:07:30
101022,1,"Synthetic Township 3, Myanmar",2023-10-05 12:14:21,synthetic.customer.001023@example.invalid,,Synthetic Customer 001023,!SYNTHETIC-NO-LOGIN!,+959000001023,,CUSTOMER,2023-10-27 12:14:21
101023,1,"Synthetic Township 4, Myanmar",2023-06-24 20:55:29,synthetic.customer.001024@example.invalid,,Synthetic Customer 001024,!SYNTHETIC-NO-LOGIN!,+959000001024,,CUSTOMER,2023-09-08 20:55:29
101024,1,"Synthetic Township 5, Myanmar",2025-03-28 12:41:41,synthetic.customer.001025@example.invalid,,Synthetic Customer 001025,!SYNTHETIC-NO-LOGIN!,+959000001025,,CUSTOMER,2025-05-04 12:41:41
101025,1,"Synthetic Township 6, Myanmar",2025-06-24 10:09:17,synthetic.customer.001026@example.invalid,,Synthetic Customer 001026,!SYNTHETIC-NO-LOGIN!,+959000001026,,CUSTOMER,2025-09-11 10:09:17
101026,1,"Synthetic Township 7, Myanmar",2026-01-15 00:17:07,synthetic.customer.001027@example.invalid,,Synthetic Customer 001027,!SYNTHETIC-NO-LOGIN!,+959000001027,,CUSTOMER,2026-03-19 00:17:07
101027,1,"Synthetic Township 8, Myanmar",2025-01-29 22:22:01,synthetic.customer.001028@example.invalid,,Synthetic Customer 001028,!SYNTHETIC-NO-LOGIN!,+959000001028,,CUSTOMER,2025-03-16 22:22:01
101028,1,"Synthetic Township 9, Myanmar",2022-08-24 11:50:11,synthetic.customer.001029@example.invalid,,Synthetic Customer 001029,!SYNTHETIC-NO-LOGIN!,+959000001029,,CUSTOMER,2022-08-28 11:50:11
101029,1,"Synthetic Township 10, Myanmar",2021-10-01 23:38:38,synthetic.customer.001030@example.invalid,,Synthetic Customer 001030,!SYNTHETIC-NO-LOGIN!,+959000001030,,CUSTOMER,2021-11-30 23:38:38
101030,1,"Synthetic Township 11, Myanmar",2022-07-09 12:09:16,synthetic.customer.001031@example.invalid,,Synthetic Customer 001031,!SYNTHETIC-NO-LOGIN!,+959000001031,,CUSTOMER,2022-10-24 12:09:16
101031,1,"Synthetic Township 12, Myanmar",2021-09-08 19:50:31,synthetic.customer.001032@example.invalid,,Synthetic Customer 001032,!SYNTHETIC-NO-LOGIN!,+959000001032,,CUSTOMER,2021-10-18 19:50:31
101032,1,"Synthetic Township 13, Myanmar",2022-12-20 23:41:40,synthetic.customer.001033@example.invalid,,Synthetic Customer 001033,!SYNTHETIC-NO-LOGIN!,+959000001033,,CUSTOMER,2023-04-05 23:41:40
101033,1,"Synthetic Township 14, Myanmar",2022-06-16 04:55:28,synthetic.customer.001034@example.invalid,,Synthetic Customer 001034,!SYNTHETIC-NO-LOGIN!,+959000001034,,CUSTOMER,2022-09-06 04:55:28
101034,1,"Synthetic Township 15, Myanmar",2023-03-20 08:32:36,synthetic.customer.001035@example.invalid,,Synthetic Customer 001035,!SYNTHETIC-NO-LOGIN!,+959000001035,,CUSTOMER,2023-05-21 08:32:36
101035,1,"Synthetic Township 16, Myanmar",2021-11-01 10:13:56,synthetic.customer.001036@example.invalid,,Synthetic Customer 001036,!SYNTHETIC-NO-LOGIN!,+959000001036,,CUSTOMER,2021-11-08 10:13:56
101036,0,"Synthetic Township 17, Myanmar",2024-10-10 11:46:58,synthetic.customer.001037@example.invalid,,Synthetic Customer 001037,!SYNTHETIC-NO-LOGIN!,+959000001037,,CUSTOMER,2025-01-16 11:46:58
101037,1,"Synthetic Township 18, Myanmar",2025-01-25 16:09:08,synthetic.customer.001038@example.invalid,,Synthetic Customer 001038,!SYNTHETIC-NO-LOGIN!,+959000001038,,CUSTOMER,2025-05-24 16:09:08
101038,1,"Synthetic Township 19, Myanmar",2025-03-05 00:10:02,synthetic.customer.001039@example.invalid,,Synthetic Customer 001039,!SYNTHETIC-NO-LOGIN!,+959000001039,,CUSTOMER,2025-04-29 00:10:02
101039,1,"Synthetic Township 20, Myanmar",2024-05-18 13:59:37,synthetic.customer.001040@example.invalid,,Synthetic Customer 001040,!SYNTHETIC-NO-LOGIN!,+959000001040,,CUSTOMER,2024-07-30 13:59:37
101040,1,"Synthetic Township 21, Myanmar",2022-01-25 00:35:48,synthetic.customer.001041@example.invalid,,Synthetic Customer 001041,!SYNTHETIC-NO-LOGIN!,+959000001041,,CUSTOMER,2022-02-13 00:35:48
101041,1,"Synthetic Township 22, Myanmar",2026-03-31 00:34:22,synthetic.customer.001042@example.invalid,,Synthetic Customer 001042,!SYNTHETIC-NO-LOGIN!,+959000001042,,CUSTOMER,2026-05-09 00:34:22
101042,1,"Synthetic Township 23, Myanmar",2023-11-13 14:16:38,synthetic.customer.001043@example.invalid,,Synthetic Customer 001043,!SYNTHETIC-NO-LOGIN!,+959000001043,,CUSTOMER,2023-12-03 14:16:38
101043,1,"Synthetic Township 24, Myanmar",2026-05-11 08:58:47,synthetic.customer.001044@example.invalid,,Synthetic Customer 001044,!SYNTHETIC-NO-LOGIN!,+959000001044,,CUSTOMER,2026-06-15 08:58:47
101044,1,"Synthetic Township 25, Myanmar",2023-10-27 13:21:26,synthetic.customer.001045@example.invalid,,Synthetic Customer 001045,!SYNTHETIC-NO-LOGIN!,+959000001045,,CUSTOMER,2024-02-16 13:21:26
101045,1,"Synthetic Township 26, Myanmar",2023-06-16 11:10:16,synthetic.customer.001046@example.invalid,,Synthetic Customer 001046,!SYNTHETIC-NO-LOGIN!,+959000001046,,CUSTOMER,2023-07-29 11:10:16
101046,1,"Synthetic Township 27, Myanmar",2024-04-14 05:29:43,synthetic.customer.001047@example.invalid,,Synthetic Customer 001047,!SYNTHETIC-NO-LOGIN!,+959000001047,,CUSTOMER,2024-06-14 05:29:43
101047,1,"Synthetic Township 28, Myanmar",2025-03-20 21:32:47,synthetic.customer.001048@example.invalid,,Synthetic Customer 001048,!SYNTHETIC-NO-LOGIN!,+959000001048,,CUSTOMER,2025-05-10 21:32:47
101048,1,"Synthetic Township 29, Myanmar",2023-01-10 08:43:33,synthetic.customer.001049@example.invalid,,Synthetic Customer 001049,!SYNTHETIC-NO-LOGIN!,+959000001049,,CUSTOMER,2023-01-22 08:43:33
101049,1,"Synthetic Township 30, Myanmar",2024-05-29 03:27:08,synthetic.customer.001050@example.invalid,,Synthetic Customer 001050,!SYNTHETIC-NO-LOGIN!,+959000001050,,CUSTOMER,2024-06-22 03:27:08
101050,1,"Synthetic Township 31, Myanmar",2022-12-09 15:48:04,synthetic.customer.001051@example.invalid,,Synthetic Customer 001051,!SYNTHETIC-NO-LOGIN!,+959000001051,,CUSTOMER,2023-03-31 15:48:04
101051,1,"Synthetic Township 32, Myanmar",2025-08-10 23:32:12,synthetic.customer.001052@example.invalid,,Synthetic Customer 001052,!SYNTHETIC-NO-LOGIN!,+959000001052,,CUSTOMER,2025-11-12 23:32:12
101052,1,"Synthetic Township 33, Myanmar",2026-07-11 03:51:10,synthetic.customer.001053@example.invalid,,Synthetic Customer 001053,!SYNTHETIC-NO-LOGIN!,+959000001053,,CUSTOMER,2026-11-07 03:51:10
101053,1,"Synthetic Township 34, Myanmar",2024-05-20 09:35:47,synthetic.customer.001054@example.invalid,,Synthetic Customer 001054,!SYNTHETIC-NO-LOGIN!,+959000001054,,CUSTOMER,2024-08-09 09:35:47
101054,1,"Synthetic Township 35, Myanmar",2023-10-27 07:28:19,synthetic.customer.001055@example.invalid,,Synthetic Customer 001055,!SYNTHETIC-NO-LOGIN!,+959000001055,,CUSTOMER,2023-12-07 07:28:19
101055,1,"Synthetic Township 36, Myanmar",2026-04-24 16:39:51,synthetic.customer.001056@example.invalid,,Synthetic Customer 001056,!SYNTHETIC-NO-LOGIN!,+959000001056,,CUSTOMER,2026-05-28 16:39:51
101056,1,"Synthetic Township 37, Myanmar",2024-09-14 04:30:14,synthetic.customer.001057@example.invalid,,Synthetic Customer 001057,!SYNTHETIC-NO-LOGIN!,+959000001057,,CUSTOMER,2024-10-12 04:30:14
101057,1,"Synthetic Township 38, Myanmar",2022-09-27 04:20:53,synthetic.customer.001058@example.invalid,,Synthetic Customer 001058,!SYNTHETIC-NO-LOGIN!,+959000001058,,CUSTOMER,2022-10-13 04:20:53
101058,1,"Synthetic Township 39, Myanmar",2025-05-14 12:44:38,synthetic.customer.001059@example.invalid,,Synthetic Customer 001059,!SYNTHETIC-NO-LOGIN!,+959000001059,,CUSTOMER,2025-08-28 12:44:38
101059,1,"Synthetic Township 40, Myanmar",2022-10-18 19:14:16,synthetic.customer.001060@example.invalid,,Synthetic Customer 001060,!SYNTHETIC-NO-LOGIN!,+959000001060,,CUSTOMER,2022-12-21 19:14:16
101060,1,"Synthetic Township 41, Myanmar",2023-07-06 19:42:38,synthetic.customer.001061@example.invalid,,Synthetic Customer 001061,!SYNTHETIC-NO-LOGIN!,+959000001061,,CUSTOMER,2023-10-21 19:42:38
101061,1,"Synthetic Township 42, Myanmar",2024-02-15 22:17:31,synthetic.customer.001062@example.invalid,,Synthetic Customer 001062,!SYNTHETIC-NO-LOGIN!,+959000001062,,CUSTOMER,2024-04-20 22:17:31
101062,1,"Synthetic Township 43, Myanmar",2024-03-28 07:31:02,synthetic.customer.001063@example.invalid,,Synthetic Customer 001063,!SYNTHETIC-NO-LOGIN!,+959000001063,,CUSTOMER,2024-06-04 07:31:02
101063,1,"Synthetic Township 44, Myanmar",2024-04-15 08:59:11,synthetic.customer.001064@example.invalid,,Synthetic Customer 001064,!SYNTHETIC-NO-LOGIN!,+959000001064,,CUSTOMER,2024-04-22 08:59:11
101064,1,"Synthetic Township 45, Myanmar",2022-01-26 22:23:02,synthetic.customer.001065@example.invalid,,Synthetic Customer 001065,!SYNTHETIC-NO-LOGIN!,+959000001065,,CUSTOMER,2022-02-03 22:23:02
101065,1,"Synthetic Township 46, Myanmar",2022-08-26 16:41:18,synthetic.customer.001066@example.invalid,,Synthetic Customer 001066,!SYNTHETIC-NO-LOGIN!,+959000001066,,CUSTOMER,2022-11-18 16:41:18
101066,1,"Synthetic Township 47, Myanmar",2024-03-12 21:35:45,synthetic.customer.001067@example.invalid,,Synthetic Customer 001067,!SYNTHETIC-NO-LOGIN!,+959000001067,,CUSTOMER,2024-04-11 21:35:45
101067,1,"Synthetic Township 48, Myanmar",2026-07-06 05:45:14,synthetic.customer.001068@example.invalid,,Synthetic Customer 001068,!SYNTHETIC-NO-LOGIN!,+959000001068,,CUSTOMER,2026-08-14 05:45:14
101068,1,"Synthetic Township 49, Myanmar",2022-01-22 20:22:54,synthetic.customer.001069@example.invalid,,Synthetic Customer 001069,!SYNTHETIC-NO-LOGIN!,+959000001069,,CUSTOMER,2022-05-12 20:22:54
101069,1,"Synthetic Township 50, Myanmar",2022-01-23 01:17:09,synthetic.customer.001070@example.invalid,,Synthetic Customer 001070,!SYNTHETIC-NO-LOGIN!,+959000001070,,CUSTOMER,2022-04-09 01:17:09
101070,1,"Synthetic Township 51, Myanmar",2022-07-01 21:51:10,synthetic.customer.001071@example.invalid,,Synthetic Customer 001071,!SYNTHETIC-NO-LOGIN!,+959000001071,,CUSTOMER,2022-07-25 21:51:10
101071,1,"Synthetic Township 52, Myanmar",2022-09-22 22:27:16,synthetic.customer.001072@example.invalid,,Synthetic Customer 001072,!SYNTHETIC-NO-LOGIN!,+959000001072,,CUSTOMER,2022-12-08 22:27:16
101072,1,"Synthetic Township 53, Myanmar",2022-03-29 11:50:26,synthetic.customer.001073@example.invalid,,Synthetic Customer 001073,!SYNTHETIC-NO-LOGIN!,+959000001073,,CUSTOMER,2022-06-26 11:50:26
101073,0,"Synthetic Township 54, Myanmar",2023-06-02 21:50:59,synthetic.customer.001074@example.invalid,,Synthetic Customer 001074,!SYNTHETIC-NO-LOGIN!,+959000001074,,CUSTOMER,2023-07-25 21:50:59
101074,1,"Synthetic Township 55, Myanmar",2026-04-26 03:41:52,synthetic.customer.001075@example.invalid,,Synthetic Customer 001075,!SYNTHETIC-NO-LOGIN!,+959000001075,,CUSTOMER,2026-05-12 03:41:52
101075,1,"Synthetic Township 56, Myanmar",2023-05-06 22:38:25,synthetic.customer.001076@example.invalid,,Synthetic Customer 001076,!SYNTHETIC-NO-LOGIN!,+959000001076,,CUSTOMER,2023-07-09 22:38:25
101076,1,"Synthetic Township 57, Myanmar",2025-07-05 08:59:45,synthetic.customer.001077@example.invalid,,Synthetic Customer 001077,!SYNTHETIC-NO-LOGIN!,+959000001077,,CUSTOMER,2025-10-10 08:59:45
101077,1,"Synthetic Township 58, Myanmar",2026-04-11 21:16:41,synthetic.customer.001078@example.invalid,,Synthetic Customer 001078,!SYNTHETIC-NO-LOGIN!,+959000001078,,CUSTOMER,2026-05-27 21:16:41
101078,1,"Synthetic Township 59, Myanmar",2022-06-10 12:14:45,synthetic.customer.001079@example.invalid,,Synthetic Customer 001079,!SYNTHETIC-NO-LOGIN!,+959000001079,,CUSTOMER,2022-09-01 12:14:45
101079,1,"Synthetic Township 60, Myanmar",2023-01-23 05:32:18,synthetic.customer.001080@example.invalid,,Synthetic Customer 001080,!SYNTHETIC-NO-LOGIN!,+959000001080,,CUSTOMER,2023-03-04 05:32:18
101080,1,"Synthetic Township 1, Myanmar",2021-09-07 01:12:31,synthetic.customer.001081@example.invalid,,Synthetic Customer 001081,!SYNTHETIC-NO-LOGIN!,+959000001081,,CUSTOMER,2021-12-19 01:12:31
101081,1,"Synthetic Township 2, Myanmar",2023-01-08 03:50:21,synthetic.customer.001082@example.invalid,,Synthetic Customer 001082,!SYNTHETIC-NO-LOGIN!,+959000001082,,CUSTOMER,2023-04-08 03:50:21
101082,1,"Synthetic Township 3, Myanmar",2026-06-06 11:13:14,synthetic.customer.001083@example.invalid,,Synthetic Customer 001083,!SYNTHETIC-NO-LOGIN!,+959000001083,,CUSTOMER,2026-07-26 11:13:14
101083,1,"Synthetic Township 4, Myanmar",2025-01-20 07:30:17,synthetic.customer.001084@example.invalid,,Synthetic Customer 001084,!SYNTHETIC-NO-LOGIN!,+959000001084,,CUSTOMER,2025-01-26 07:30:17
101084,1,"Synthetic Township 5, Myanmar",2022-04-26 18:03:35,synthetic.customer.001085@example.invalid,,Synthetic Customer 001085,!SYNTHETIC-NO-LOGIN!,+959000001085,,CUSTOMER,2022-08-08 18:03:35
101085,1,"Synthetic Township 6, Myanmar",2022-11-30 13:40:26,synthetic.customer.001086@example.invalid,,Synthetic Customer 001086,!SYNTHETIC-NO-LOGIN!,+959000001086,,CUSTOMER,2023-02-27 13:40:26
101086,1,"Synthetic Township 7, Myanmar",2024-06-20 14:54:43,synthetic.customer.001087@example.invalid,,Synthetic Customer 001087,!SYNTHETIC-NO-LOGIN!,+959000001087,,CUSTOMER,2024-08-23 14:54:43
101087,1,"Synthetic Township 8, Myanmar",2024-05-17 22:31:30,synthetic.customer.001088@example.invalid,,Synthetic Customer 001088,!SYNTHETIC-NO-LOGIN!,+959000001088,,CUSTOMER,2024-06-05 22:31:30
101088,1,"Synthetic Township 9, Myanmar",2022-08-01 08:52:10,synthetic.customer.001089@example.invalid,,Synthetic Customer 001089,!SYNTHETIC-NO-LOGIN!,+959000001089,,CUSTOMER,2022-10-24 08:52:10
101089,1,"Synthetic Township 10, Myanmar",2025-10-23 07:42:42,synthetic.customer.001090@example.invalid,,Synthetic Customer 001090,!SYNTHETIC-NO-LOGIN!,+959000001090,,CUSTOMER,2026-01-23 07:42:42
101090,1,"Synthetic Township 11, Myanmar",2024-09-09 12:39:44,synthetic.customer.001091@example.invalid,,Synthetic Customer 001091,!SYNTHETIC-NO-LOGIN!,+959000001091,,CUSTOMER,2024-09-22 12:39:44
101091,1,"Synthetic Township 12, Myanmar",2023-08-12 03:13:08,synthetic.customer.001092@example.invalid,,Synthetic Customer 001092,!SYNTHETIC-NO-LOGIN!,+959000001092,,CUSTOMER,2023-10-20 03:13:08
101092,1,"Synthetic Township 13, Myanmar",2022-07-31 05:29:05,synthetic.customer.001093@example.invalid,,Synthetic Customer 001093,!SYNTHETIC-NO-LOGIN!,+959000001093,,CUSTOMER,2022-08-16 05:29:05
101093,1,"Synthetic Township 14, Myanmar",2024-10-03 18:41:34,synthetic.customer.001094@example.invalid,,Synthetic Customer 001094,!SYNTHETIC-NO-LOGIN!,+959000001094,,CUSTOMER,2024-12-21 18:41:34
101094,1,"Synthetic Township 15, Myanmar",2022-07-09 19:39:51,synthetic.customer.001095@example.invalid,,Synthetic Customer 001095,!SYNTHETIC-NO-LOGIN!,+959000001095,,CUSTOMER,2022-07-25 19:39:51
101095,1,"Synthetic Township 16, Myanmar",2026-05-30 05:35:43,synthetic.customer.001096@example.invalid,,Synthetic Customer 001096,!SYNTHETIC-NO-LOGIN!,+959000001096,,CUSTOMER,2026-08-05 05:35:43
101096,1,"Synthetic Township 17, Myanmar",2025-03-04 07:46:18,synthetic.customer.001097@example.invalid,,Synthetic Customer 001097,!SYNTHETIC-NO-LOGIN!,+959000001097,,CUSTOMER,2025-04-08 07:46:18
101097,1,"Synthetic Township 18, Myanmar",2022-08-11 00:09:08,synthetic.customer.001098@example.invalid,,Synthetic Customer 001098,!SYNTHETIC-NO-LOGIN!,+959000001098,,CUSTOMER,2022-12-05 00:09:08
101098,1,"Synthetic Township 19, Myanmar",2025-03-27 13:51:36,synthetic.customer.001099@example.invalid,,Synthetic Customer 001099,!SYNTHETIC-NO-LOGIN!,+959000001099,,CUSTOMER,2025-04-21 13:51:36
101099,1,"Synthetic Township 20, Myanmar",2026-06-11 01:40:40,synthetic.customer.001100@example.invalid,,Synthetic Customer 001100,!SYNTHETIC-NO-LOGIN!,+959000001100,,CUSTOMER,2026-07-22 01:40:40
101100,1,"Synthetic Township 21, Myanmar",2026-02-10 23:25:10,synthetic.customer.001101@example.invalid,,Synthetic Customer 001101,!SYNTHETIC-NO-LOGIN!,+959000001101,,CUSTOMER,2026-04-15 23:25:10
101101,1,"Synthetic Township 22, Myanmar",2023-07-11 15:02:07,synthetic.customer.001102@example.invalid,,Synthetic Customer 001102,!SYNTHETIC-NO-LOGIN!,+959000001102,,CUSTOMER,2023-10-28 15:02:07
101102,1,"Synthetic Township 23, Myanmar",2026-03-08 16:03:20,synthetic.customer.001103@example.invalid,,Synthetic Customer 001103,!SYNTHETIC-NO-LOGIN!,+959000001103,,CUSTOMER,2026-07-04 16:03:20
101103,1,"Synthetic Township 24, Myanmar",2025-01-10 18:44:46,synthetic.customer.001104@example.invalid,,Synthetic Customer 001104,!SYNTHETIC-NO-LOGIN!,+959000001104,,CUSTOMER,2025-02-20 18:44:46
101104,1,"Synthetic Township 25, Myanmar",2026-02-07 20:36:10,synthetic.customer.001105@example.invalid,,Synthetic Customer 001105,!SYNTHETIC-NO-LOGIN!,+959000001105,,CUSTOMER,2026-02-19 20:36:10
101105,1,"Synthetic Township 26, Myanmar",2024-10-11 13:15:27,synthetic.customer.001106@example.invalid,,Synthetic Customer 001106,!SYNTHETIC-NO-LOGIN!,+959000001106,,CUSTOMER,2024-12-04 13:15:27
101106,1,"Synthetic Township 27, Myanmar",2026-02-09 22:04:38,synthetic.customer.001107@example.invalid,,Synthetic Customer 001107,!SYNTHETIC-NO-LOGIN!,+959000001107,,CUSTOMER,2026-03-29 22:04:38
101107,1,"Synthetic Township 28, Myanmar",2021-10-03 15:32:32,synthetic.customer.001108@example.invalid,,Synthetic Customer 001108,!SYNTHETIC-NO-LOGIN!,+959000001108,,CUSTOMER,2022-01-23 15:32:32
101108,1,"Synthetic Township 29, Myanmar",2025-09-30 18:50:11,synthetic.customer.001109@example.invalid,,Synthetic Customer 001109,!SYNTHETIC-NO-LOGIN!,+959000001109,,CUSTOMER,2026-01-05 18:50:11
101109,1,"Synthetic Township 30, Myanmar",2024-10-21 17:21:18,synthetic.customer.001110@example.invalid,,Synthetic Customer 001110,!SYNTHETIC-NO-LOGIN!,+959000001110,,CUSTOMER,2024-10-28 17:21:18
101110,0,"Synthetic Township 31, Myanmar",2021-12-07 04:41:26,synthetic.customer.001111@example.invalid,,Synthetic Customer 001111,!SYNTHETIC-NO-LOGIN!,+959000001111,,CUSTOMER,2022-04-06 04:41:26
101111,1,"Synthetic Township 32, Myanmar",2022-04-27 19:15:42,synthetic.customer.001112@example.invalid,,Synthetic Customer 001112,!SYNTHETIC-NO-LOGIN!,+959000001112,,CUSTOMER,2022-07-09 19:15:42
101112,1,"Synthetic Township 33, Myanmar",2025-08-23 08:34:09,synthetic.customer.001113@example.invalid,,Synthetic Customer 001113,!SYNTHETIC-NO-LOGIN!,+959000001113,,CUSTOMER,2025-09-08 08:34:09
101113,1,"Synthetic Township 34, Myanmar",2023-07-21 09:07:04,synthetic.customer.001114@example.invalid,,Synthetic Customer 001114,!SYNTHETIC-NO-LOGIN!,+959000001114,,CUSTOMER,2023-10-05 09:07:04
101114,1,"Synthetic Township 35, Myanmar",2022-11-11 07:33:54,synthetic.customer.001115@example.invalid,,Synthetic Customer 001115,!SYNTHETIC-NO-LOGIN!,+959000001115,,CUSTOMER,2022-12-12 07:33:54
101115,1,"Synthetic Township 36, Myanmar",2022-08-06 14:45:51,synthetic.customer.001116@example.invalid,,Synthetic Customer 001116,!SYNTHETIC-NO-LOGIN!,+959000001116,,CUSTOMER,2022-12-04 14:45:51
101116,1,"Synthetic Township 37, Myanmar",2023-06-15 01:46:34,synthetic.customer.001117@example.invalid,,Synthetic Customer 001117,!SYNTHETIC-NO-LOGIN!,+959000001117,,CUSTOMER,2023-08-12 01:46:34
101117,1,"Synthetic Township 38, Myanmar",2023-10-22 09:54:29,synthetic.customer.001118@example.invalid,,Synthetic Customer 001118,!SYNTHETIC-NO-LOGIN!,+959000001118,,CUSTOMER,2024-01-05 09:54:29
101118,1,"Synthetic Township 39, Myanmar",2025-03-25 15:17:51,synthetic.customer.001119@example.invalid,,Synthetic Customer 001119,!SYNTHETIC-NO-LOGIN!,+959000001119,,CUSTOMER,2025-05-21 15:17:51
101119,1,"Synthetic Township 40, Myanmar",2022-06-16 08:36:44,synthetic.customer.001120@example.invalid,,Synthetic Customer 001120,!SYNTHETIC-NO-LOGIN!,+959000001120,,CUSTOMER,2022-06-18 08:36:44
101120,1,"Synthetic Township 41, Myanmar",2021-10-19 10:37:14,synthetic.customer.001121@example.invalid,,Synthetic Customer 001121,!SYNTHETIC-NO-LOGIN!,+959000001121,,CUSTOMER,2021-10-20 10:37:14
101121,1,"Synthetic Township 42, Myanmar",2022-03-23 15:18:28,synthetic.customer.001122@example.invalid,,Synthetic Customer 001122,!SYNTHETIC-NO-LOGIN!,+959000001122,,CUSTOMER,2022-07-02 15:18:28
101122,1,"Synthetic Township 43, Myanmar",2026-07-18 19:54:08,synthetic.customer.001123@example.invalid,,Synthetic Customer 001123,!SYNTHETIC-NO-LOGIN!,+959000001123,,CUSTOMER,2026-11-08 19:54:08
101123,1,"Synthetic Township 44, Myanmar",2022-07-11 13:50:58,synthetic.customer.001124@example.invalid,,Synthetic Customer 001124,!SYNTHETIC-NO-LOGIN!,+959000001124,,CUSTOMER,2022-10-13 13:50:58
101124,1,"Synthetic Township 45, Myanmar",2025-11-16 08:59:00,synthetic.customer.001125@example.invalid,,Synthetic Customer 001125,!SYNTHETIC-NO-LOGIN!,+959000001125,,CUSTOMER,2026-02-05 08:59:00
101125,1,"Synthetic Township 46, Myanmar",2022-05-07 18:35:01,synthetic.customer.001126@example.invalid,,Synthetic Customer 001126,!SYNTHETIC-NO-LOGIN!,+959000001126,,CUSTOMER,2022-07-22 18:35:01
101126,1,"Synthetic Township 47, Myanmar",2025-05-14 03:27:09,synthetic.customer.001127@example.invalid,,Synthetic Customer 001127,!SYNTHETIC-NO-LOGIN!,+959000001127,,CUSTOMER,2025-06-09 03:27:09
101127,1,"Synthetic Township 48, Myanmar",2024-10-10 21:33:27,synthetic.customer.001128@example.invalid,,Synthetic Customer 001128,!SYNTHETIC-NO-LOGIN!,+959000001128,,CUSTOMER,2024-12-16 21:33:27
101128,1,"Synthetic Township 49, Myanmar",2025-09-18 21:49:43,synthetic.customer.001129@example.invalid,,Synthetic Customer 001129,!SYNTHETIC-NO-LOGIN!,+959000001129,,CUSTOMER,2025-11-27 21:49:43
101129,1,"Synthetic Township 50, Myanmar",2022-09-21 11:25:01,synthetic.customer.001130@example.invalid,,Synthetic Customer 001130,!SYNTHETIC-NO-LOGIN!,+959000001130,,CUSTOMER,2022-11-16 11:25:01
101130,1,"Synthetic Township 51, Myanmar",2026-02-23 08:12:26,synthetic.customer.001131@example.invalid,,Synthetic Customer 001131,!SYNTHETIC-NO-LOGIN!,+959000001131,,CUSTOMER,2026-03-07 08:12:26
101131,1,"Synthetic Township 52, Myanmar",2022-02-09 23:17:00,synthetic.customer.001132@example.invalid,,Synthetic Customer 001132,!SYNTHETIC-NO-LOGIN!,+959000001132,,CUSTOMER,2022-05-05 23:17:00
101132,1,"Synthetic Township 53, Myanmar",2022-05-11 07:16:42,synthetic.customer.001133@example.invalid,,Synthetic Customer 001133,!SYNTHETIC-NO-LOGIN!,+959000001133,,CUSTOMER,2022-05-25 07:16:42
101133,1,"Synthetic Township 54, Myanmar",2021-12-04 17:06:17,synthetic.customer.001134@example.invalid,,Synthetic Customer 001134,!SYNTHETIC-NO-LOGIN!,+959000001134,,CUSTOMER,2022-03-09 17:06:17
101134,1,"Synthetic Township 55, Myanmar",2025-03-09 16:45:51,synthetic.customer.001135@example.invalid,,Synthetic Customer 001135,!SYNTHETIC-NO-LOGIN!,+959000001135,,CUSTOMER,2025-05-29 16:45:51
101135,1,"Synthetic Township 56, Myanmar",2025-08-12 12:34:58,synthetic.customer.001136@example.invalid,,Synthetic Customer 001136,!SYNTHETIC-NO-LOGIN!,+959000001136,,CUSTOMER,2025-09-16 12:34:58
101136,1,"Synthetic Township 57, Myanmar",2026-06-24 06:56:04,synthetic.customer.001137@example.invalid,,Synthetic Customer 001137,!SYNTHETIC-NO-LOGIN!,+959000001137,,CUSTOMER,2026-10-20 06:56:04
101137,1,"Synthetic Township 58, Myanmar",2024-03-12 17:28:46,synthetic.customer.001138@example.invalid,,Synthetic Customer 001138,!SYNTHETIC-NO-LOGIN!,+959000001138,,CUSTOMER,2024-04-12 17:28:46
101138,1,"Synthetic Township 59, Myanmar",2022-04-20 06:05:23,synthetic.customer.001139@example.invalid,,Synthetic Customer 001139,!SYNTHETIC-NO-LOGIN!,+959000001139,,CUSTOMER,2022-07-12 06:05:23
101139,1,"Synthetic Township 60, Myanmar",2023-02-25 13:39:25,synthetic.customer.001140@example.invalid,,Synthetic Customer 001140,!SYNTHETIC-NO-LOGIN!,+959000001140,,CUSTOMER,2023-05-03 13:39:25
101140,1,"Synthetic Township 1, Myanmar",2023-08-09 13:46:11,synthetic.customer.001141@example.invalid,,Synthetic Customer 001141,!SYNTHETIC-NO-LOGIN!,+959000001141,,CUSTOMER,2023-09-10 13:46:11
101141,1,"Synthetic Township 2, Myanmar",2022-10-12 11:50:32,synthetic.customer.001142@example.invalid,,Synthetic Customer 001142,!SYNTHETIC-NO-LOGIN!,+959000001142,,CUSTOMER,2023-01-30 11:50:32
101142,1,"Synthetic Township 3, Myanmar",2022-06-20 03:58:57,synthetic.customer.001143@example.invalid,,Synthetic Customer 001143,!SYNTHETIC-NO-LOGIN!,+959000001143,,CUSTOMER,2022-07-15 03:58:57
101143,1,"Synthetic Township 4, Myanmar",2026-05-24 09:27:14,synthetic.customer.001144@example.invalid,,Synthetic Customer 001144,!SYNTHETIC-NO-LOGIN!,+959000001144,,CUSTOMER,2026-06-13 09:27:14
101144,1,"Synthetic Township 5, Myanmar",2026-03-27 15:48:15,synthetic.customer.001145@example.invalid,,Synthetic Customer 001145,!SYNTHETIC-NO-LOGIN!,+959000001145,,CUSTOMER,2026-07-25 15:48:15
101145,1,"Synthetic Township 6, Myanmar",2022-02-07 09:41:58,synthetic.customer.001146@example.invalid,,Synthetic Customer 001146,!SYNTHETIC-NO-LOGIN!,+959000001146,,CUSTOMER,2022-04-09 09:41:58
101146,1,"Synthetic Township 7, Myanmar",2023-10-05 02:55:38,synthetic.customer.001147@example.invalid,,Synthetic Customer 001147,!SYNTHETIC-NO-LOGIN!,+959000001147,,CUSTOMER,2023-10-18 02:55:38
101147,0,"Synthetic Township 8, Myanmar",2023-04-12 00:35:52,synthetic.customer.001148@example.invalid,,Synthetic Customer 001148,!SYNTHETIC-NO-LOGIN!,+959000001148,,CUSTOMER,2023-05-11 00:35:52
101148,1,"Synthetic Township 9, Myanmar",2026-08-23 13:20:15,synthetic.customer.001149@example.invalid,,Synthetic Customer 001149,!SYNTHETIC-NO-LOGIN!,+959000001149,,CUSTOMER,2026-12-21 13:20:15
101149,1,"Synthetic Township 10, Myanmar",2025-12-11 08:23:55,synthetic.customer.001150@example.invalid,,Synthetic Customer 001150,!SYNTHETIC-NO-LOGIN!,+959000001150,,CUSTOMER,2026-01-15 08:23:55
101150,1,"Synthetic Township 11, Myanmar",2025-01-12 05:05:27,synthetic.customer.001151@example.invalid,,Synthetic Customer 001151,!SYNTHETIC-NO-LOGIN!,+959000001151,,CUSTOMER,2025-04-23 05:05:27
101151,1,"Synthetic Township 12, Myanmar",2026-06-06 17:27:59,synthetic.customer.001152@example.invalid,,Synthetic Customer 001152,!SYNTHETIC-NO-LOGIN!,+959000001152,,CUSTOMER,2026-10-01 17:27:59
101152,1,"Synthetic Township 13, Myanmar",2023-05-18 03:47:36,synthetic.customer.001153@example.invalid,,Synthetic Customer 001153,!SYNTHETIC-NO-LOGIN!,+959000001153,,CUSTOMER,2023-06-02 03:47:36
101153,1,"Synthetic Township 14, Myanmar",2026-04-01 19:32:30,synthetic.customer.001154@example.invalid,,Synthetic Customer 001154,!SYNTHETIC-NO-LOGIN!,+959000001154,,CUSTOMER,2026-06-01 19:32:30
101154,1,"Synthetic Township 15, Myanmar",2021-12-04 11:41:48,synthetic.customer.001155@example.invalid,,Synthetic Customer 001155,!SYNTHETIC-NO-LOGIN!,+959000001155,,CUSTOMER,2022-02-23 11:41:48
101155,1,"Synthetic Township 16, Myanmar",2026-06-11 07:37:34,synthetic.customer.001156@example.invalid,,Synthetic Customer 001156,!SYNTHETIC-NO-LOGIN!,+959000001156,,CUSTOMER,2026-10-07 07:37:34
101156,1,"Synthetic Township 17, Myanmar",2024-09-01 13:57:16,synthetic.customer.001157@example.invalid,,Synthetic Customer 001157,!SYNTHETIC-NO-LOGIN!,+959000001157,,CUSTOMER,2024-09-03 13:57:16
101157,1,"Synthetic Township 18, Myanmar",2023-05-12 23:20:23,synthetic.customer.001158@example.invalid,,Synthetic Customer 001158,!SYNTHETIC-NO-LOGIN!,+959000001158,,CUSTOMER,2023-06-28 23:20:23
101158,1,"Synthetic Township 19, Myanmar",2025-07-28 06:17:05,synthetic.customer.001159@example.invalid,,Synthetic Customer 001159,!SYNTHETIC-NO-LOGIN!,+959000001159,,CUSTOMER,2025-10-02 06:17:05
101159,1,"Synthetic Township 20, Myanmar",2023-04-20 14:17:52,synthetic.customer.001160@example.invalid,,Synthetic Customer 001160,!SYNTHETIC-NO-LOGIN!,+959000001160,,CUSTOMER,2023-05-11 14:17:52
101160,1,"Synthetic Township 21, Myanmar",2025-01-21 04:32:09,synthetic.customer.001161@example.invalid,,Synthetic Customer 001161,!SYNTHETIC-NO-LOGIN!,+959000001161,,CUSTOMER,2025-03-25 04:32:09
101161,1,"Synthetic Township 22, Myanmar",2025-06-28 13:55:06,synthetic.customer.001162@example.invalid,,Synthetic Customer 001162,!SYNTHETIC-NO-LOGIN!,+959000001162,,CUSTOMER,2025-08-22 13:55:06
101162,1,"Synthetic Township 23, Myanmar",2026-07-02 01:19:22,synthetic.customer.001163@example.invalid,,Synthetic Customer 001163,!SYNTHETIC-NO-LOGIN!,+959000001163,,CUSTOMER,2026-07-21 01:19:22
101163,1,"Synthetic Township 24, Myanmar",2026-04-30 10:17:56,synthetic.customer.001164@example.invalid,,Synthetic Customer 001164,!SYNTHETIC-NO-LOGIN!,+959000001164,,CUSTOMER,2026-06-19 10:17:56
101164,1,"Synthetic Township 25, Myanmar",2025-05-04 05:35:19,synthetic.customer.001165@example.invalid,,Synthetic Customer 001165,!SYNTHETIC-NO-LOGIN!,+959000001165,,CUSTOMER,2025-05-24 05:35:19
101165,1,"Synthetic Township 26, Myanmar",2022-01-19 22:15:58,synthetic.customer.001166@example.invalid,,Synthetic Customer 001166,!SYNTHETIC-NO-LOGIN!,+959000001166,,CUSTOMER,2022-02-25 22:15:58
101166,1,"Synthetic Township 27, Myanmar",2024-02-24 00:40:45,synthetic.customer.001167@example.invalid,,Synthetic Customer 001167,!SYNTHETIC-NO-LOGIN!,+959000001167,,CUSTOMER,2024-05-26 00:40:45
101167,1,"Synthetic Township 28, Myanmar",2022-02-21 07:14:20,synthetic.customer.001168@example.invalid,,Synthetic Customer 001168,!SYNTHETIC-NO-LOGIN!,+959000001168,,CUSTOMER,2022-03-22 07:14:20
101168,1,"Synthetic Township 29, Myanmar",2025-05-08 11:52:09,synthetic.customer.001169@example.invalid,,Synthetic Customer 001169,!SYNTHETIC-NO-LOGIN!,+959000001169,,CUSTOMER,2025-07-07 11:52:09
101169,1,"Synthetic Township 30, Myanmar",2024-04-24 21:31:08,synthetic.customer.001170@example.invalid,,Synthetic Customer 001170,!SYNTHETIC-NO-LOGIN!,+959000001170,,CUSTOMER,2024-05-06 21:31:08
101170,1,"Synthetic Township 31, Myanmar",2023-06-11 00:21:57,synthetic.customer.001171@example.invalid,,Synthetic Customer 001171,!SYNTHETIC-NO-LOGIN!,+959000001171,,CUSTOMER,2023-10-08 00:21:57
101171,1,"Synthetic Township 32, Myanmar",2021-12-22 15:34:12,synthetic.customer.001172@example.invalid,,Synthetic Customer 001172,!SYNTHETIC-NO-LOGIN!,+959000001172,,CUSTOMER,2022-04-11 15:34:12
101172,1,"Synthetic Township 33, Myanmar",2021-10-20 14:15:34,synthetic.customer.001173@example.invalid,,Synthetic Customer 001173,!SYNTHETIC-NO-LOGIN!,+959000001173,,CUSTOMER,2021-12-01 14:15:34
101173,1,"Synthetic Township 34, Myanmar",2021-12-06 22:57:42,synthetic.customer.001174@example.invalid,,Synthetic Customer 001174,!SYNTHETIC-NO-LOGIN!,+959000001174,,CUSTOMER,2022-01-23 22:57:42
101174,1,"Synthetic Township 35, Myanmar",2024-08-30 23:23:01,synthetic.customer.001175@example.invalid,,Synthetic Customer 001175,!SYNTHETIC-NO-LOGIN!,+959000001175,,CUSTOMER,2024-09-22 23:23:01
101175,1,"Synthetic Township 36, Myanmar",2026-05-09 07:24:49,synthetic.customer.001176@example.invalid,,Synthetic Customer 001176,!SYNTHETIC-NO-LOGIN!,+959000001176,,CUSTOMER,2026-06-29 07:24:49
101176,1,"Synthetic Township 37, Myanmar",2024-10-02 06:21:34,synthetic.customer.001177@example.invalid,,Synthetic Customer 001177,!SYNTHETIC-NO-LOGIN!,+959000001177,,CUSTOMER,2025-01-24 06:21:34
101177,1,"Synthetic Township 38, Myanmar",2025-06-18 16:05:18,synthetic.customer.001178@example.invalid,,Synthetic Customer 001178,!SYNTHETIC-NO-LOGIN!,+959000001178,,CUSTOMER,2025-10-16 16:05:18
101178,1,"Synthetic Township 39, Myanmar",2022-12-20 05:40:19,synthetic.customer.001179@example.invalid,,Synthetic Customer 001179,!SYNTHETIC-NO-LOGIN!,+959000001179,,CUSTOMER,2023-02-24 05:40:19
101179,1,"Synthetic Township 40, Myanmar",2023-08-31 10:10:41,synthetic.customer.001180@example.invalid,,Synthetic Customer 001180,!SYNTHETIC-NO-LOGIN!,+959000001180,,CUSTOMER,2023-09-08 10:10:41
101180,1,"Synthetic Township 41, Myanmar",2026-03-23 05:31:16,synthetic.customer.001181@example.invalid,,Synthetic Customer 001181,!SYNTHETIC-NO-LOGIN!,+959000001181,,CUSTOMER,2026-03-31 05:31:16
101181,1,"Synthetic Township 42, Myanmar",2025-09-22 18:53:17,synthetic.customer.001182@example.invalid,,Synthetic Customer 001182,!SYNTHETIC-NO-LOGIN!,+959000001182,,CUSTOMER,2025-10-07 18:53:17
101182,1,"Synthetic Township 43, Myanmar",2026-05-26 21:40:59,synthetic.customer.001183@example.invalid,,Synthetic Customer 001183,!SYNTHETIC-NO-LOGIN!,+959000001183,,CUSTOMER,2026-08-29 21:40:59
101183,1,"Synthetic Township 44, Myanmar",2022-06-05 11:11:36,synthetic.customer.001184@example.invalid,,Synthetic Customer 001184,!SYNTHETIC-NO-LOGIN!,+959000001184,,CUSTOMER,2022-06-16 11:11:36
101184,0,"Synthetic Township 45, Myanmar",2023-09-07 21:29:18,synthetic.customer.001185@example.invalid,,Synthetic Customer 001185,!SYNTHETIC-NO-LOGIN!,+959000001185,,CUSTOMER,2023-12-29 21:29:18
101185,1,"Synthetic Township 46, Myanmar",2024-07-07 22:59:13,synthetic.customer.001186@example.invalid,,Synthetic Customer 001186,!SYNTHETIC-NO-LOGIN!,+959000001186,,CUSTOMER,2024-10-30 22:59:13
101186,1,"Synthetic Township 47, Myanmar",2024-08-18 16:24:36,synthetic.customer.001187@example.invalid,,Synthetic Customer 001187,!SYNTHETIC-NO-LOGIN!,+959000001187,,CUSTOMER,2024-12-08 16:24:36
101187,1,"Synthetic Township 48, Myanmar",2026-04-06 13:47:50,synthetic.customer.001188@example.invalid,,Synthetic Customer 001188,!SYNTHETIC-NO-LOGIN!,+959000001188,,CUSTOMER,2026-06-12 13:47:50
101188,1,"Synthetic Township 49, Myanmar",2024-03-26 13:51:43,synthetic.customer.001189@example.invalid,,Synthetic Customer 001189,!SYNTHETIC-NO-LOGIN!,+959000001189,,CUSTOMER,2024-04-29 13:51:43
101189,1,"Synthetic Township 50, Myanmar",2022-04-10 10:43:09,synthetic.customer.001190@example.invalid,,Synthetic Customer 001190,!SYNTHETIC-NO-LOGIN!,+959000001190,,CUSTOMER,2022-04-13 10:43:09
101190,1,"Synthetic Township 51, Myanmar",2024-05-16 07:27:29,synthetic.customer.001191@example.invalid,,Synthetic Customer 001191,!SYNTHETIC-NO-LOGIN!,+959000001191,,CUSTOMER,2024-06-05 07:27:29
101191,1,"Synthetic Township 52, Myanmar",2023-10-22 21:50:54,synthetic.customer.001192@example.invalid,,Synthetic Customer 001192,!SYNTHETIC-NO-LOGIN!,+959000001192,,CUSTOMER,2024-01-18 21:50:54
101192,1,"Synthetic Township 53, Myanmar",2025-07-22 09:06:33,synthetic.customer.001193@example.invalid,,Synthetic Customer 001193,!SYNTHETIC-NO-LOGIN!,+959000001193,,CUSTOMER,2025-08-25 09:06:33
101193,1,"Synthetic Township 54, Myanmar",2024-09-21 18:16:14,synthetic.customer.001194@example.invalid,,Synthetic Customer 001194,!SYNTHETIC-NO-LOGIN!,+959000001194,,CUSTOMER,2024-11-17 18:16:14
101194,1,"Synthetic Township 55, Myanmar",2025-11-21 13:58:51,synthetic.customer.001195@example.invalid,,Synthetic Customer 001195,!SYNTHETIC-NO-LOGIN!,+959000001195,,CUSTOMER,2025-12-08 13:58:51
101195,1,"Synthetic Township 56, Myanmar",2021-10-15 11:55:09,synthetic.customer.001196@example.invalid,,Synthetic Customer 001196,!SYNTHETIC-NO-LOGIN!,+959000001196,,CUSTOMER,2022-01-12 11:55:09
101196,1,"Synthetic Township 57, Myanmar",2024-06-15 20:16:19,synthetic.customer.001197@example.invalid,,Synthetic Customer 001197,!SYNTHETIC-NO-LOGIN!,+959000001197,,CUSTOMER,2024-08-07 20:16:19
101197,1,"Synthetic Township 58, Myanmar",2022-11-30 09:29:56,synthetic.customer.001198@example.invalid,,Synthetic Customer 001198,!SYNTHETIC-NO-LOGIN!,+959000001198,,CUSTOMER,2023-03-20 09:29:56
101198,1,"Synthetic Township 59, Myanmar",2022-08-14 13:19:56,synthetic.customer.001199@example.invalid,,Synthetic Customer 001199,!SYNTHETIC-NO-LOGIN!,+959000001199,,CUSTOMER,2022-09-13 13:19:56
101199,1,"Synthetic Township 60, Myanmar",2025-01-12 08:43:09,synthetic.customer.001200@example.invalid,,Synthetic Customer 001200,!SYNTHETIC-NO-LOGIN!,+959000001200,,CUSTOMER,2025-04-20 08:43:09
101200,1,"Synthetic Township 1, Myanmar",2021-12-20 04:46:46,synthetic.customer.001201@example.invalid,,Synthetic Customer 001201,!SYNTHETIC-NO-LOGIN!,+959000001201,,CUSTOMER,2021-12-27 04:46:46
101201,1,"Synthetic Township 2, Myanmar",2022-11-08 03:31:55,synthetic.customer.001202@example.invalid,,Synthetic Customer 001202,!SYNTHETIC-NO-LOGIN!,+959000001202,,CUSTOMER,2022-12-16 03:31:55
101202,1,"Synthetic Township 3, Myanmar",2024-05-22 11:15:15,synthetic.customer.001203@example.invalid,,Synthetic Customer 001203,!SYNTHETIC-NO-LOGIN!,+959000001203,,CUSTOMER,2024-06-25 11:15:15
101203,1,"Synthetic Township 4, Myanmar",2026-05-21 05:50:52,synthetic.customer.001204@example.invalid,,Synthetic Customer 001204,!SYNTHETIC-NO-LOGIN!,+959000001204,,CUSTOMER,2026-07-24 05:50:52
101204,1,"Synthetic Township 5, Myanmar",2022-10-10 10:50:07,synthetic.customer.001205@example.invalid,,Synthetic Customer 001205,!SYNTHETIC-NO-LOGIN!,+959000001205,,CUSTOMER,2023-01-07 10:50:07
101205,1,"Synthetic Township 6, Myanmar",2026-07-03 11:34:35,synthetic.customer.001206@example.invalid,,Synthetic Customer 001206,!SYNTHETIC-NO-LOGIN!,+959000001206,,CUSTOMER,2026-09-11 11:34:35
101206,1,"Synthetic Township 7, Myanmar",2023-04-17 22:07:52,synthetic.customer.001207@example.invalid,,Synthetic Customer 001207,!SYNTHETIC-NO-LOGIN!,+959000001207,,CUSTOMER,2023-07-31 22:07:52
101207,1,"Synthetic Township 8, Myanmar",2026-02-02 13:50:09,synthetic.customer.001208@example.invalid,,Synthetic Customer 001208,!SYNTHETIC-NO-LOGIN!,+959000001208,,CUSTOMER,2026-02-16 13:50:09
101208,1,"Synthetic Township 9, Myanmar",2025-10-04 12:28:26,synthetic.customer.001209@example.invalid,,Synthetic Customer 001209,!SYNTHETIC-NO-LOGIN!,+959000001209,,CUSTOMER,2025-10-09 12:28:26
101209,1,"Synthetic Township 10, Myanmar",2022-04-05 20:30:05,synthetic.customer.001210@example.invalid,,Synthetic Customer 001210,!SYNTHETIC-NO-LOGIN!,+959000001210,,CUSTOMER,2022-07-31 20:30:05
101210,1,"Synthetic Township 11, Myanmar",2024-02-14 02:43:31,synthetic.customer.001211@example.invalid,,Synthetic Customer 001211,!SYNTHETIC-NO-LOGIN!,+959000001211,,CUSTOMER,2024-03-30 02:43:31
101211,1,"Synthetic Township 12, Myanmar",2021-11-28 12:36:43,synthetic.customer.001212@example.invalid,,Synthetic Customer 001212,!SYNTHETIC-NO-LOGIN!,+959000001212,,CUSTOMER,2022-03-20 12:36:43
101212,1,"Synthetic Township 13, Myanmar",2024-03-21 09:05:00,synthetic.customer.001213@example.invalid,,Synthetic Customer 001213,!SYNTHETIC-NO-LOGIN!,+959000001213,,CUSTOMER,2024-07-15 09:05:00
101213,1,"Synthetic Township 14, Myanmar",2022-07-04 00:17:38,synthetic.customer.001214@example.invalid,,Synthetic Customer 001214,!SYNTHETIC-NO-LOGIN!,+959000001214,,CUSTOMER,2022-08-27 00:17:38
101214,1,"Synthetic Township 15, Myanmar",2022-04-18 21:04:10,synthetic.customer.001215@example.invalid,,Synthetic Customer 001215,!SYNTHETIC-NO-LOGIN!,+959000001215,,CUSTOMER,2022-05-06 21:04:10
101215,1,"Synthetic Township 16, Myanmar",2022-04-06 11:06:05,synthetic.customer.001216@example.invalid,,Synthetic Customer 001216,!SYNTHETIC-NO-LOGIN!,+959000001216,,CUSTOMER,2022-06-25 11:06:05
101216,1,"Synthetic Township 17, Myanmar",2022-04-19 11:00:32,synthetic.customer.001217@example.invalid,,Synthetic Customer 001217,!SYNTHETIC-NO-LOGIN!,+959000001217,,CUSTOMER,2022-06-24 11:00:32
101217,1,"Synthetic Township 18, Myanmar",2022-12-30 07:51:14,synthetic.customer.001218@example.invalid,,Synthetic Customer 001218,!SYNTHETIC-NO-LOGIN!,+959000001218,,CUSTOMER,2023-04-04 07:51:14
101218,1,"Synthetic Township 19, Myanmar",2026-03-10 04:39:48,synthetic.customer.001219@example.invalid,,Synthetic Customer 001219,!SYNTHETIC-NO-LOGIN!,+959000001219,,CUSTOMER,2026-06-30 04:39:48
101219,1,"Synthetic Township 20, Myanmar",2024-01-14 02:37:00,synthetic.customer.001220@example.invalid,,Synthetic Customer 001220,!SYNTHETIC-NO-LOGIN!,+959000001220,,CUSTOMER,2024-04-06 02:37:00
101220,1,"Synthetic Township 21, Myanmar",2022-05-30 18:28:10,synthetic.customer.001221@example.invalid,,Synthetic Customer 001221,!SYNTHETIC-NO-LOGIN!,+959000001221,,CUSTOMER,2022-09-01 18:28:10
101221,0,"Synthetic Township 22, Myanmar",2023-05-26 16:55:42,synthetic.customer.001222@example.invalid,,Synthetic Customer 001222,!SYNTHETIC-NO-LOGIN!,+959000001222,,CUSTOMER,2023-08-28 16:55:42
101222,1,"Synthetic Township 23, Myanmar",2023-03-22 05:39:01,synthetic.customer.001223@example.invalid,,Synthetic Customer 001223,!SYNTHETIC-NO-LOGIN!,+959000001223,,CUSTOMER,2023-05-03 05:39:01
101223,1,"Synthetic Township 24, Myanmar",2022-11-18 14:10:30,synthetic.customer.001224@example.invalid,,Synthetic Customer 001224,!SYNTHETIC-NO-LOGIN!,+959000001224,,CUSTOMER,2022-12-11 14:10:30
101224,1,"Synthetic Township 25, Myanmar",2026-02-11 09:08:29,synthetic.customer.001225@example.invalid,,Synthetic Customer 001225,!SYNTHETIC-NO-LOGIN!,+959000001225,,CUSTOMER,2026-03-30 09:08:29
101225,1,"Synthetic Township 26, Myanmar",2024-07-03 06:39:13,synthetic.customer.001226@example.invalid,,Synthetic Customer 001226,!SYNTHETIC-NO-LOGIN!,+959000001226,,CUSTOMER,2024-10-30 06:39:13
101226,1,"Synthetic Township 27, Myanmar",2025-06-27 05:49:35,synthetic.customer.001227@example.invalid,,Synthetic Customer 001227,!SYNTHETIC-NO-LOGIN!,+959000001227,,CUSTOMER,2025-10-22 05:49:35
101227,1,"Synthetic Township 28, Myanmar",2026-01-07 20:21:38,synthetic.customer.001228@example.invalid,,Synthetic Customer 001228,!SYNTHETIC-NO-LOGIN!,+959000001228,,CUSTOMER,2026-04-05 20:21:38
101228,1,"Synthetic Township 29, Myanmar",2021-11-25 12:16:26,synthetic.customer.001229@example.invalid,,Synthetic Customer 001229,!SYNTHETIC-NO-LOGIN!,+959000001229,,CUSTOMER,2021-12-06 12:16:26
101229,1,"Synthetic Township 30, Myanmar",2022-03-10 18:33:19,synthetic.customer.001230@example.invalid,,Synthetic Customer 001230,!SYNTHETIC-NO-LOGIN!,+959000001230,,CUSTOMER,2022-03-18 18:33:19
101230,1,"Synthetic Township 31, Myanmar",2023-02-11 04:52:21,synthetic.customer.001231@example.invalid,,Synthetic Customer 001231,!SYNTHETIC-NO-LOGIN!,+959000001231,,CUSTOMER,2023-02-13 04:52:21
101231,1,"Synthetic Township 32, Myanmar",2024-08-14 07:05:15,synthetic.customer.001232@example.invalid,,Synthetic Customer 001232,!SYNTHETIC-NO-LOGIN!,+959000001232,,CUSTOMER,2024-09-19 07:05:15
101232,1,"Synthetic Township 33, Myanmar",2022-11-11 07:59:57,synthetic.customer.001233@example.invalid,,Synthetic Customer 001233,!SYNTHETIC-NO-LOGIN!,+959000001233,,CUSTOMER,2023-01-07 07:59:57
101233,1,"Synthetic Township 34, Myanmar",2025-06-01 12:25:07,synthetic.customer.001234@example.invalid,,Synthetic Customer 001234,!SYNTHETIC-NO-LOGIN!,+959000001234,,CUSTOMER,2025-09-19 12:25:07
101234,1,"Synthetic Township 35, Myanmar",2022-03-02 08:10:09,synthetic.customer.001235@example.invalid,,Synthetic Customer 001235,!SYNTHETIC-NO-LOGIN!,+959000001235,,CUSTOMER,2022-04-13 08:10:09
101235,1,"Synthetic Township 36, Myanmar",2023-02-16 15:33:02,synthetic.customer.001236@example.invalid,,Synthetic Customer 001236,!SYNTHETIC-NO-LOGIN!,+959000001236,,CUSTOMER,2023-03-12 15:33:02
101236,1,"Synthetic Township 37, Myanmar",2024-01-05 06:22:17,synthetic.customer.001237@example.invalid,,Synthetic Customer 001237,!SYNTHETIC-NO-LOGIN!,+959000001237,,CUSTOMER,2024-02-15 06:22:17
101237,1,"Synthetic Township 38, Myanmar",2023-11-16 02:04:38,synthetic.customer.001238@example.invalid,,Synthetic Customer 001238,!SYNTHETIC-NO-LOGIN!,+959000001238,,CUSTOMER,2023-12-12 02:04:38
101238,1,"Synthetic Township 39, Myanmar",2025-02-05 13:27:14,synthetic.customer.001239@example.invalid,,Synthetic Customer 001239,!SYNTHETIC-NO-LOGIN!,+959000001239,,CUSTOMER,2025-02-17 13:27:14
101239,1,"Synthetic Township 40, Myanmar",2022-06-01 00:53:47,synthetic.customer.001240@example.invalid,,Synthetic Customer 001240,!SYNTHETIC-NO-LOGIN!,+959000001240,,CUSTOMER,2022-08-21 00:53:47
101240,1,"Synthetic Township 41, Myanmar",2022-05-01 15:14:20,synthetic.customer.001241@example.invalid,,Synthetic Customer 001241,!SYNTHETIC-NO-LOGIN!,+959000001241,,CUSTOMER,2022-06-26 15:14:20
101241,1,"Synthetic Township 42, Myanmar",2021-12-08 15:47:44,synthetic.customer.001242@example.invalid,,Synthetic Customer 001242,!SYNTHETIC-NO-LOGIN!,+959000001242,,CUSTOMER,2022-01-10 15:47:44
101242,1,"Synthetic Township 43, Myanmar",2025-01-01 21:30:39,synthetic.customer.001243@example.invalid,,Synthetic Customer 001243,!SYNTHETIC-NO-LOGIN!,+959000001243,,CUSTOMER,2025-04-27 21:30:39
101243,1,"Synthetic Township 44, Myanmar",2026-06-22 01:17:08,synthetic.customer.001244@example.invalid,,Synthetic Customer 001244,!SYNTHETIC-NO-LOGIN!,+959000001244,,CUSTOMER,2026-08-29 01:17:08
101244,1,"Synthetic Township 45, Myanmar",2022-03-23 14:49:55,synthetic.customer.001245@example.invalid,,Synthetic Customer 001245,!SYNTHETIC-NO-LOGIN!,+959000001245,,CUSTOMER,2022-06-15 14:49:55
101245,1,"Synthetic Township 46, Myanmar",2025-04-01 08:20:46,synthetic.customer.001246@example.invalid,,Synthetic Customer 001246,!SYNTHETIC-NO-LOGIN!,+959000001246,,CUSTOMER,2025-05-05 08:20:46
101246,1,"Synthetic Township 47, Myanmar",2023-12-30 10:18:23,synthetic.customer.001247@example.invalid,,Synthetic Customer 001247,!SYNTHETIC-NO-LOGIN!,+959000001247,,CUSTOMER,2024-01-19 10:18:23
101247,1,"Synthetic Township 48, Myanmar",2023-10-13 01:36:49,synthetic.customer.001248@example.invalid,,Synthetic Customer 001248,!SYNTHETIC-NO-LOGIN!,+959000001248,,CUSTOMER,2023-10-15 01:36:49
101248,1,"Synthetic Township 49, Myanmar",2026-02-20 00:26:03,synthetic.customer.001249@example.invalid,,Synthetic Customer 001249,!SYNTHETIC-NO-LOGIN!,+959000001249,,CUSTOMER,2026-06-01 00:26:03
101249,1,"Synthetic Township 50, Myanmar",2023-01-13 05:40:14,synthetic.customer.001250@example.invalid,,Synthetic Customer 001250,!SYNTHETIC-NO-LOGIN!,+959000001250,,CUSTOMER,2023-03-20 05:40:14
101250,1,"Synthetic Township 51, Myanmar",2025-05-20 06:14:21,synthetic.customer.001251@example.invalid,,Synthetic Customer 001251,!SYNTHETIC-NO-LOGIN!,+959000001251,,CUSTOMER,2025-08-25 06:14:21
101251,1,"Synthetic Township 52, Myanmar",2025-09-12 22:22:13,synthetic.customer.001252@example.invalid,,Synthetic Customer 001252,!SYNTHETIC-NO-LOGIN!,+959000001252,,CUSTOMER,2026-01-05 22:22:13
101252,1,"Synthetic Township 53, Myanmar",2025-01-06 08:15:16,synthetic.customer.001253@example.invalid,,Synthetic Customer 001253,!SYNTHETIC-NO-LOGIN!,+959000001253,,CUSTOMER,2025-02-27 08:15:16
101253,1,"Synthetic Township 54, Myanmar",2026-07-08 20:39:10,synthetic.customer.001254@example.invalid,,Synthetic Customer 001254,!SYNTHETIC-NO-LOGIN!,+959000001254,,CUSTOMER,2026-09-09 20:39:10
101254,1,"Synthetic Township 55, Myanmar",2022-11-29 08:19:52,synthetic.customer.001255@example.invalid,,Synthetic Customer 001255,!SYNTHETIC-NO-LOGIN!,+959000001255,,CUSTOMER,2022-12-06 08:19:52
101255,1,"Synthetic Township 56, Myanmar",2025-07-14 05:23:23,synthetic.customer.001256@example.invalid,,Synthetic Customer 001256,!SYNTHETIC-NO-LOGIN!,+959000001256,,CUSTOMER,2025-09-17 05:23:23
101256,1,"Synthetic Township 57, Myanmar",2022-08-23 02:09:23,synthetic.customer.001257@example.invalid,,Synthetic Customer 001257,!SYNTHETIC-NO-LOGIN!,+959000001257,,CUSTOMER,2022-11-05 02:09:23
101257,1,"Synthetic Township 58, Myanmar",2025-09-02 07:36:33,synthetic.customer.001258@example.invalid,,Synthetic Customer 001258,!SYNTHETIC-NO-LOGIN!,+959000001258,,CUSTOMER,2025-12-23 07:36:33
101258,0,"Synthetic Township 59, Myanmar",2023-05-17 11:40:04,synthetic.customer.001259@example.invalid,,Synthetic Customer 001259,!SYNTHETIC-NO-LOGIN!,+959000001259,,CUSTOMER,2023-05-31 11:40:04
101259,1,"Synthetic Township 60, Myanmar",2023-09-04 20:08:34,synthetic.customer.001260@example.invalid,,Synthetic Customer 001260,!SYNTHETIC-NO-LOGIN!,+959000001260,,CUSTOMER,2023-09-12 20:08:34
101260,1,"Synthetic Township 1, Myanmar",2025-01-30 19:25:40,synthetic.customer.001261@example.invalid,,Synthetic Customer 001261,!SYNTHETIC-NO-LOGIN!,+959000001261,,CUSTOMER,2025-04-20 19:25:40
101261,1,"Synthetic Township 2, Myanmar",2026-01-19 01:06:47,synthetic.customer.001262@example.invalid,,Synthetic Customer 001262,!SYNTHETIC-NO-LOGIN!,+959000001262,,CUSTOMER,2026-03-26 01:06:47
101262,1,"Synthetic Township 3, Myanmar",2021-12-22 22:05:51,synthetic.customer.001263@example.invalid,,Synthetic Customer 001263,!SYNTHETIC-NO-LOGIN!,+959000001263,,CUSTOMER,2022-02-07 22:05:51
101263,1,"Synthetic Township 4, Myanmar",2025-07-20 07:40:51,synthetic.customer.001264@example.invalid,,Synthetic Customer 001264,!SYNTHETIC-NO-LOGIN!,+959000001264,,CUSTOMER,2025-09-23 07:40:51
101264,1,"Synthetic Township 5, Myanmar",2026-03-31 02:42:32,synthetic.customer.001265@example.invalid,,Synthetic Customer 001265,!SYNTHETIC-NO-LOGIN!,+959000001265,,CUSTOMER,2026-04-21 02:42:32
101265,1,"Synthetic Township 6, Myanmar",2024-10-10 22:56:41,synthetic.customer.001266@example.invalid,,Synthetic Customer 001266,!SYNTHETIC-NO-LOGIN!,+959000001266,,CUSTOMER,2024-12-31 22:56:41
101266,1,"Synthetic Township 7, Myanmar",2025-07-23 20:54:42,synthetic.customer.001267@example.invalid,,Synthetic Customer 001267,!SYNTHETIC-NO-LOGIN!,+959000001267,,CUSTOMER,2025-08-05 20:54:42
101267,1,"Synthetic Township 8, Myanmar",2022-03-02 22:48:04,synthetic.customer.001268@example.invalid,,Synthetic Customer 001268,!SYNTHETIC-NO-LOGIN!,+959000001268,,CUSTOMER,2022-06-14 22:48:04
101268,1,"Synthetic Township 9, Myanmar",2022-11-21 23:43:22,synthetic.customer.001269@example.invalid,,Synthetic Customer 001269,!SYNTHETIC-NO-LOGIN!,+959000001269,,CUSTOMER,2023-02-25 23:43:22
101269,1,"Synthetic Township 10, Myanmar",2021-12-30 15:45:16,synthetic.customer.001270@example.invalid,,Synthetic Customer 001270,!SYNTHETIC-NO-LOGIN!,+959000001270,,CUSTOMER,2022-02-15 15:45:16
101270,1,"Synthetic Township 11, Myanmar",2022-08-25 07:04:03,synthetic.customer.001271@example.invalid,,Synthetic Customer 001271,!SYNTHETIC-NO-LOGIN!,+959000001271,,CUSTOMER,2022-11-19 07:04:03
101271,1,"Synthetic Township 12, Myanmar",2024-01-02 12:12:03,synthetic.customer.001272@example.invalid,,Synthetic Customer 001272,!SYNTHETIC-NO-LOGIN!,+959000001272,,CUSTOMER,2024-02-22 12:12:03
101272,1,"Synthetic Township 13, Myanmar",2022-05-12 18:43:27,synthetic.customer.001273@example.invalid,,Synthetic Customer 001273,!SYNTHETIC-NO-LOGIN!,+959000001273,,CUSTOMER,2022-05-12 18:43:27
101273,1,"Synthetic Township 14, Myanmar",2024-04-08 02:48:12,synthetic.customer.001274@example.invalid,,Synthetic Customer 001274,!SYNTHETIC-NO-LOGIN!,+959000001274,,CUSTOMER,2024-04-18 02:48:12
101274,1,"Synthetic Township 15, Myanmar",2026-05-21 02:40:24,synthetic.customer.001275@example.invalid,,Synthetic Customer 001275,!SYNTHETIC-NO-LOGIN!,+959000001275,,CUSTOMER,2026-07-06 02:40:24
101275,1,"Synthetic Township 16, Myanmar",2022-01-08 06:10:50,synthetic.customer.001276@example.invalid,,Synthetic Customer 001276,!SYNTHETIC-NO-LOGIN!,+959000001276,,CUSTOMER,2022-03-21 06:10:50
101276,1,"Synthetic Township 17, Myanmar",2025-11-24 08:35:09,synthetic.customer.001277@example.invalid,,Synthetic Customer 001277,!SYNTHETIC-NO-LOGIN!,+959000001277,,CUSTOMER,2025-12-03 08:35:09
101277,1,"Synthetic Township 18, Myanmar",2024-04-03 00:46:35,synthetic.customer.001278@example.invalid,,Synthetic Customer 001278,!SYNTHETIC-NO-LOGIN!,+959000001278,,CUSTOMER,2024-04-27 00:46:35
101278,1,"Synthetic Township 19, Myanmar",2025-09-26 23:36:26,synthetic.customer.001279@example.invalid,,Synthetic Customer 001279,!SYNTHETIC-NO-LOGIN!,+959000001279,,CUSTOMER,2025-11-16 23:36:26
101279,1,"Synthetic Township 20, Myanmar",2023-07-19 14:51:56,synthetic.customer.001280@example.invalid,,Synthetic Customer 001280,!SYNTHETIC-NO-LOGIN!,+959000001280,,CUSTOMER,2023-08-17 14:51:56
101280,1,"Synthetic Township 21, Myanmar",2023-07-11 23:08:25,synthetic.customer.001281@example.invalid,,Synthetic Customer 001281,!SYNTHETIC-NO-LOGIN!,+959000001281,,CUSTOMER,2023-10-11 23:08:25
101281,1,"Synthetic Township 22, Myanmar",2023-06-21 20:47:00,synthetic.customer.001282@example.invalid,,Synthetic Customer 001282,!SYNTHETIC-NO-LOGIN!,+959000001282,,CUSTOMER,2023-08-19 20:47:00
101282,1,"Synthetic Township 23, Myanmar",2023-06-13 22:53:49,synthetic.customer.001283@example.invalid,,Synthetic Customer 001283,!SYNTHETIC-NO-LOGIN!,+959000001283,,CUSTOMER,2023-08-02 22:53:49
101283,1,"Synthetic Township 24, Myanmar",2026-03-11 06:18:40,synthetic.customer.001284@example.invalid,,Synthetic Customer 001284,!SYNTHETIC-NO-LOGIN!,+959000001284,,CUSTOMER,2026-04-16 06:18:40
101284,1,"Synthetic Township 25, Myanmar",2023-08-20 00:31:22,synthetic.customer.001285@example.invalid,,Synthetic Customer 001285,!SYNTHETIC-NO-LOGIN!,+959000001285,,CUSTOMER,2023-11-05 00:31:22
101285,1,"Synthetic Township 26, Myanmar",2022-06-26 07:10:29,synthetic.customer.001286@example.invalid,,Synthetic Customer 001286,!SYNTHETIC-NO-LOGIN!,+959000001286,,CUSTOMER,2022-09-04 07:10:29
101286,1,"Synthetic Township 27, Myanmar",2026-01-23 13:17:35,synthetic.customer.001287@example.invalid,,Synthetic Customer 001287,!SYNTHETIC-NO-LOGIN!,+959000001287,,CUSTOMER,2026-04-17 13:17:35
101287,1,"Synthetic Township 28, Myanmar",2026-01-22 10:31:44,synthetic.customer.001288@example.invalid,,Synthetic Customer 001288,!SYNTHETIC-NO-LOGIN!,+959000001288,,CUSTOMER,2026-03-13 10:31:44
101288,1,"Synthetic Township 29, Myanmar",2025-06-16 20:59:56,synthetic.customer.001289@example.invalid,,Synthetic Customer 001289,!SYNTHETIC-NO-LOGIN!,+959000001289,,CUSTOMER,2025-10-11 20:59:56
101289,1,"Synthetic Township 30, Myanmar",2022-02-11 01:39:33,synthetic.customer.001290@example.invalid,,Synthetic Customer 001290,!SYNTHETIC-NO-LOGIN!,+959000001290,,CUSTOMER,2022-05-16 01:39:33
101290,1,"Synthetic Township 31, Myanmar",2026-07-31 19:23:46,synthetic.customer.001291@example.invalid,,Synthetic Customer 001291,!SYNTHETIC-NO-LOGIN!,+959000001291,,CUSTOMER,2026-08-22 19:23:46
101291,1,"Synthetic Township 32, Myanmar",2025-04-12 21:02:42,synthetic.customer.001292@example.invalid,,Synthetic Customer 001292,!SYNTHETIC-NO-LOGIN!,+959000001292,,CUSTOMER,2025-07-05 21:02:42
101292,1,"Synthetic Township 33, Myanmar",2026-03-07 08:34:32,synthetic.customer.001293@example.invalid,,Synthetic Customer 001293,!SYNTHETIC-NO-LOGIN!,+959000001293,,CUSTOMER,2026-06-23 08:34:32
101293,1,"Synthetic Township 34, Myanmar",2023-07-14 16:01:10,synthetic.customer.001294@example.invalid,,Synthetic Customer 001294,!SYNTHETIC-NO-LOGIN!,+959000001294,,CUSTOMER,2023-11-01 16:01:10
101294,1,"Synthetic Township 35, Myanmar",2025-08-16 08:22:51,synthetic.customer.001295@example.invalid,,Synthetic Customer 001295,!SYNTHETIC-NO-LOGIN!,+959000001295,,CUSTOMER,2025-10-23 08:22:51
101295,0,"Synthetic Township 36, Myanmar",2024-06-02 18:53:46,synthetic.customer.001296@example.invalid,,Synthetic Customer 001296,!SYNTHETIC-NO-LOGIN!,+959000001296,,CUSTOMER,2024-06-16 18:53:46
101296,1,"Synthetic Township 37, Myanmar",2024-04-23 15:23:23,synthetic.customer.001297@example.invalid,,Synthetic Customer 001297,!SYNTHETIC-NO-LOGIN!,+959000001297,,CUSTOMER,2024-07-27 15:23:23
101297,1,"Synthetic Township 38, Myanmar",2022-10-12 04:44:12,synthetic.customer.001298@example.invalid,,Synthetic Customer 001298,!SYNTHETIC-NO-LOGIN!,+959000001298,,CUSTOMER,2022-10-23 04:44:12
101298,1,"Synthetic Township 39, Myanmar",2024-06-30 23:00:32,synthetic.customer.001299@example.invalid,,Synthetic Customer 001299,!SYNTHETIC-NO-LOGIN!,+959000001299,,CUSTOMER,2024-10-01 23:00:32
101299,1,"Synthetic Township 40, Myanmar",2025-07-22 02:31:44,synthetic.customer.001300@example.invalid,,Synthetic Customer 001300,!SYNTHETIC-NO-LOGIN!,+959000001300,,CUSTOMER,2025-11-05 02:31:44
101300,1,"Synthetic Township 41, Myanmar",2025-05-22 03:08:10,synthetic.customer.001301@example.invalid,,Synthetic Customer 001301,!SYNTHETIC-NO-LOGIN!,+959000001301,,CUSTOMER,2025-08-20 03:08:10
101301,1,"Synthetic Township 42, Myanmar",2024-05-09 19:50:04,synthetic.customer.001302@example.invalid,,Synthetic Customer 001302,!SYNTHETIC-NO-LOGIN!,+959000001302,,CUSTOMER,2024-08-18 19:50:04
101302,1,"Synthetic Township 43, Myanmar",2024-11-22 04:47:09,synthetic.customer.001303@example.invalid,,Synthetic Customer 001303,!SYNTHETIC-NO-LOGIN!,+959000001303,,CUSTOMER,2024-12-09 04:47:09
101303,1,"Synthetic Township 44, Myanmar",2025-05-16 04:24:21,synthetic.customer.001304@example.invalid,,Synthetic Customer 001304,!SYNTHETIC-NO-LOGIN!,+959000001304,,CUSTOMER,2025-09-12 04:24:21
101304,1,"Synthetic Township 45, Myanmar",2023-12-04 19:48:23,synthetic.customer.001305@example.invalid,,Synthetic Customer 001305,!SYNTHETIC-NO-LOGIN!,+959000001305,,CUSTOMER,2024-02-19 19:48:23
101305,1,"Synthetic Township 46, Myanmar",2023-01-19 05:29:13,synthetic.customer.001306@example.invalid,,Synthetic Customer 001306,!SYNTHETIC-NO-LOGIN!,+959000001306,,CUSTOMER,2023-02-09 05:29:13
101306,1,"Synthetic Township 47, Myanmar",2026-03-12 02:01:58,synthetic.customer.001307@example.invalid,,Synthetic Customer 001307,!SYNTHETIC-NO-LOGIN!,+959000001307,,CUSTOMER,2026-04-07 02:01:58
101307,1,"Synthetic Township 48, Myanmar",2025-12-20 10:37:54,synthetic.customer.001308@example.invalid,,Synthetic Customer 001308,!SYNTHETIC-NO-LOGIN!,+959000001308,,CUSTOMER,2026-03-04 10:37:54
101308,1,"Synthetic Township 49, Myanmar",2022-08-19 04:58:25,synthetic.customer.001309@example.invalid,,Synthetic Customer 001309,!SYNTHETIC-NO-LOGIN!,+959000001309,,CUSTOMER,2022-09-30 04:58:25
101309,1,"Synthetic Township 50, Myanmar",2025-10-23 17:31:46,synthetic.customer.001310@example.invalid,,Synthetic Customer 001310,!SYNTHETIC-NO-LOGIN!,+959000001310,,CUSTOMER,2025-11-06 17:31:46
101310,1,"Synthetic Township 51, Myanmar",2024-04-23 15:10:34,synthetic.customer.001311@example.invalid,,Synthetic Customer 001311,!SYNTHETIC-NO-LOGIN!,+959000001311,,CUSTOMER,2024-08-05 15:10:34
101311,1,"Synthetic Township 52, Myanmar",2022-11-22 13:27:21,synthetic.customer.001312@example.invalid,,Synthetic Customer 001312,!SYNTHETIC-NO-LOGIN!,+959000001312,,CUSTOMER,2022-12-31 13:27:21
101312,1,"Synthetic Township 53, Myanmar",2021-10-01 09:29:38,synthetic.customer.001313@example.invalid,,Synthetic Customer 001313,!SYNTHETIC-NO-LOGIN!,+959000001313,,CUSTOMER,2022-01-06 09:29:38
101313,1,"Synthetic Township 54, Myanmar",2026-07-28 03:13:18,synthetic.customer.001314@example.invalid,,Synthetic Customer 001314,!SYNTHETIC-NO-LOGIN!,+959000001314,,CUSTOMER,2026-08-05 03:13:18
101314,1,"Synthetic Township 55, Myanmar",2024-01-26 17:29:32,synthetic.customer.001315@example.invalid,,Synthetic Customer 001315,!SYNTHETIC-NO-LOGIN!,+959000001315,,CUSTOMER,2024-03-21 17:29:32
101315,1,"Synthetic Township 56, Myanmar",2022-06-07 23:19:03,synthetic.customer.001316@example.invalid,,Synthetic Customer 001316,!SYNTHETIC-NO-LOGIN!,+959000001316,,CUSTOMER,2022-07-24 23:19:03
101316,1,"Synthetic Township 57, Myanmar",2023-05-16 15:23:03,synthetic.customer.001317@example.invalid,,Synthetic Customer 001317,!SYNTHETIC-NO-LOGIN!,+959000001317,,CUSTOMER,2023-08-15 15:23:03
101317,1,"Synthetic Township 58, Myanmar",2023-08-07 10:59:11,synthetic.customer.001318@example.invalid,,Synthetic Customer 001318,!SYNTHETIC-NO-LOGIN!,+959000001318,,CUSTOMER,2023-09-16 10:59:11
101318,1,"Synthetic Township 59, Myanmar",2026-07-02 17:18:38,synthetic.customer.001319@example.invalid,,Synthetic Customer 001319,!SYNTHETIC-NO-LOGIN!,+959000001319,,CUSTOMER,2026-08-08 17:18:38
101319,1,"Synthetic Township 60, Myanmar",2025-03-20 02:39:04,synthetic.customer.001320@example.invalid,,Synthetic Customer 001320,!SYNTHETIC-NO-LOGIN!,+959000001320,,CUSTOMER,2025-05-23 02:39:04
101320,1,"Synthetic Township 1, Myanmar",2026-02-16 11:17:18,synthetic.customer.001321@example.invalid,,Synthetic Customer 001321,!SYNTHETIC-NO-LOGIN!,+959000001321,,CUSTOMER,2026-05-07 11:17:18
101321,1,"Synthetic Township 2, Myanmar",2022-11-20 15:06:23,synthetic.customer.001322@example.invalid,,Synthetic Customer 001322,!SYNTHETIC-NO-LOGIN!,+959000001322,,CUSTOMER,2023-01-13 15:06:23
101322,1,"Synthetic Township 3, Myanmar",2022-08-23 21:53:01,synthetic.customer.001323@example.invalid,,Synthetic Customer 001323,!SYNTHETIC-NO-LOGIN!,+959000001323,,CUSTOMER,2022-11-30 21:53:01
101323,1,"Synthetic Township 4, Myanmar",2023-05-28 23:36:56,synthetic.customer.001324@example.invalid,,Synthetic Customer 001324,!SYNTHETIC-NO-LOGIN!,+959000001324,,CUSTOMER,2023-09-25 23:36:56
101324,1,"Synthetic Township 5, Myanmar",2025-01-24 13:16:46,synthetic.customer.001325@example.invalid,,Synthetic Customer 001325,!SYNTHETIC-NO-LOGIN!,+959000001325,,CUSTOMER,2025-01-26 13:16:46
101325,1,"Synthetic Township 6, Myanmar",2022-03-06 04:03:27,synthetic.customer.001326@example.invalid,,Synthetic Customer 001326,!SYNTHETIC-NO-LOGIN!,+959000001326,,CUSTOMER,2022-05-26 04:03:27
101326,1,"Synthetic Township 7, Myanmar",2023-04-25 07:06:14,synthetic.customer.001327@example.invalid,,Synthetic Customer 001327,!SYNTHETIC-NO-LOGIN!,+959000001327,,CUSTOMER,2023-07-04 07:06:14
101327,1,"Synthetic Township 8, Myanmar",2022-08-02 01:23:58,synthetic.customer.001328@example.invalid,,Synthetic Customer 001328,!SYNTHETIC-NO-LOGIN!,+959000001328,,CUSTOMER,2022-09-05 01:23:58
101328,1,"Synthetic Township 9, Myanmar",2023-04-03 17:16:49,synthetic.customer.001329@example.invalid,,Synthetic Customer 001329,!SYNTHETIC-NO-LOGIN!,+959000001329,,CUSTOMER,2023-05-13 17:16:49
101329,1,"Synthetic Township 10, Myanmar",2025-08-10 01:44:07,synthetic.customer.001330@example.invalid,,Synthetic Customer 001330,!SYNTHETIC-NO-LOGIN!,+959000001330,,CUSTOMER,2025-11-28 01:44:07
101330,1,"Synthetic Township 11, Myanmar",2025-03-08 02:40:43,synthetic.customer.001331@example.invalid,,Synthetic Customer 001331,!SYNTHETIC-NO-LOGIN!,+959000001331,,CUSTOMER,2025-06-27 02:40:43
101331,1,"Synthetic Township 12, Myanmar",2022-12-06 05:21:05,synthetic.customer.001332@example.invalid,,Synthetic Customer 001332,!SYNTHETIC-NO-LOGIN!,+959000001332,,CUSTOMER,2023-02-04 05:21:05
101332,0,"Synthetic Township 13, Myanmar",2023-09-13 03:30:22,synthetic.customer.001333@example.invalid,,Synthetic Customer 001333,!SYNTHETIC-NO-LOGIN!,+959000001333,,CUSTOMER,2023-10-11 03:30:22
101333,1,"Synthetic Township 14, Myanmar",2023-10-26 07:05:10,synthetic.customer.001334@example.invalid,,Synthetic Customer 001334,!SYNTHETIC-NO-LOGIN!,+959000001334,,CUSTOMER,2023-12-19 07:05:10
101334,1,"Synthetic Township 15, Myanmar",2023-09-03 03:27:06,synthetic.customer.001335@example.invalid,,Synthetic Customer 001335,!SYNTHETIC-NO-LOGIN!,+959000001335,,CUSTOMER,2023-10-30 03:27:06
101335,1,"Synthetic Township 16, Myanmar",2024-11-03 10:08:43,synthetic.customer.001336@example.invalid,,Synthetic Customer 001336,!SYNTHETIC-NO-LOGIN!,+959000001336,,CUSTOMER,2025-01-09 10:08:43
101336,1,"Synthetic Township 17, Myanmar",2025-07-10 05:56:23,synthetic.customer.001337@example.invalid,,Synthetic Customer 001337,!SYNTHETIC-NO-LOGIN!,+959000001337,,CUSTOMER,2025-08-26 05:56:23
101337,1,"Synthetic Township 18, Myanmar",2024-10-18 08:00:37,synthetic.customer.001338@example.invalid,,Synthetic Customer 001338,!SYNTHETIC-NO-LOGIN!,+959000001338,,CUSTOMER,2024-11-11 08:00:37
101338,1,"Synthetic Township 19, Myanmar",2023-09-17 03:47:22,synthetic.customer.001339@example.invalid,,Synthetic Customer 001339,!SYNTHETIC-NO-LOGIN!,+959000001339,,CUSTOMER,2023-11-10 03:47:22
101339,1,"Synthetic Township 20, Myanmar",2024-07-02 15:13:34,synthetic.customer.001340@example.invalid,,Synthetic Customer 001340,!SYNTHETIC-NO-LOGIN!,+959000001340,,CUSTOMER,2024-09-29 15:13:34
101340,1,"Synthetic Township 21, Myanmar",2024-04-08 23:36:13,synthetic.customer.001341@example.invalid,,Synthetic Customer 001341,!SYNTHETIC-NO-LOGIN!,+959000001341,,CUSTOMER,2024-07-19 23:36:13
101341,1,"Synthetic Township 22, Myanmar",2025-08-19 22:41:19,synthetic.customer.001342@example.invalid,,Synthetic Customer 001342,!SYNTHETIC-NO-LOGIN!,+959000001342,,CUSTOMER,2025-09-09 22:41:19
101342,1,"Synthetic Township 23, Myanmar",2026-04-28 10:27:39,synthetic.customer.001343@example.invalid,,Synthetic Customer 001343,!SYNTHETIC-NO-LOGIN!,+959000001343,,CUSTOMER,2026-08-26 10:27:39
101343,1,"Synthetic Township 24, Myanmar",2026-06-02 06:00:21,synthetic.customer.001344@example.invalid,,Synthetic Customer 001344,!SYNTHETIC-NO-LOGIN!,+959000001344,,CUSTOMER,2026-08-05 06:00:21
101344,1,"Synthetic Township 25, Myanmar",2026-02-19 05:47:14,synthetic.customer.001345@example.invalid,,Synthetic Customer 001345,!SYNTHETIC-NO-LOGIN!,+959000001345,,CUSTOMER,2026-05-15 05:47:14
101345,1,"Synthetic Township 26, Myanmar",2025-03-01 16:51:15,synthetic.customer.001346@example.invalid,,Synthetic Customer 001346,!SYNTHETIC-NO-LOGIN!,+959000001346,,CUSTOMER,2025-03-30 16:51:15
101346,1,"Synthetic Township 27, Myanmar",2025-12-31 23:38:34,synthetic.customer.001347@example.invalid,,Synthetic Customer 001347,!SYNTHETIC-NO-LOGIN!,+959000001347,,CUSTOMER,2026-04-08 23:38:34
101347,1,"Synthetic Township 28, Myanmar",2021-12-14 11:09:28,synthetic.customer.001348@example.invalid,,Synthetic Customer 001348,!SYNTHETIC-NO-LOGIN!,+959000001348,,CUSTOMER,2022-04-12 11:09:28
101348,1,"Synthetic Township 29, Myanmar",2024-04-06 15:30:58,synthetic.customer.001349@example.invalid,,Synthetic Customer 001349,!SYNTHETIC-NO-LOGIN!,+959000001349,,CUSTOMER,2024-07-05 15:30:58
101349,1,"Synthetic Township 30, Myanmar",2025-01-10 21:40:35,synthetic.customer.001350@example.invalid,,Synthetic Customer 001350,!SYNTHETIC-NO-LOGIN!,+959000001350,,CUSTOMER,2025-03-26 21:40:35
101350,1,"Synthetic Township 31, Myanmar",2024-12-03 14:38:50,synthetic.customer.001351@example.invalid,,Synthetic Customer 001351,!SYNTHETIC-NO-LOGIN!,+959000001351,,CUSTOMER,2025-03-17 14:38:50
101351,1,"Synthetic Township 32, Myanmar",2021-09-06 11:31:07,synthetic.customer.001352@example.invalid,,Synthetic Customer 001352,!SYNTHETIC-NO-LOGIN!,+959000001352,,CUSTOMER,2021-09-19 11:31:07
101352,1,"Synthetic Township 33, Myanmar",2024-09-16 10:51:04,synthetic.customer.001353@example.invalid,,Synthetic Customer 001353,!SYNTHETIC-NO-LOGIN!,+959000001353,,CUSTOMER,2024-10-19 10:51:04
101353,1,"Synthetic Township 34, Myanmar",2022-05-04 07:05:13,synthetic.customer.001354@example.invalid,,Synthetic Customer 001354,!SYNTHETIC-NO-LOGIN!,+959000001354,,CUSTOMER,2022-07-20 07:05:13
101354,1,"Synthetic Township 35, Myanmar",2025-07-23 05:20:59,synthetic.customer.001355@example.invalid,,Synthetic Customer 001355,!SYNTHETIC-NO-LOGIN!,+959000001355,,CUSTOMER,2025-08-19 05:20:59
101355,1,"Synthetic Township 36, Myanmar",2021-10-14 14:03:21,synthetic.customer.001356@example.invalid,,Synthetic Customer 001356,!SYNTHETIC-NO-LOGIN!,+959000001356,,CUSTOMER,2021-12-11 14:03:21
101356,1,"Synthetic Township 37, Myanmar",2023-07-07 01:39:55,synthetic.customer.001357@example.invalid,,Synthetic Customer 001357,!SYNTHETIC-NO-LOGIN!,+959000001357,,CUSTOMER,2023-11-03 01:39:55
101357,1,"Synthetic Township 38, Myanmar",2023-09-03 17:05:39,synthetic.customer.001358@example.invalid,,Synthetic Customer 001358,!SYNTHETIC-NO-LOGIN!,+959000001358,,CUSTOMER,2023-09-10 17:05:39
101358,1,"Synthetic Township 39, Myanmar",2026-04-25 06:44:53,synthetic.customer.001359@example.invalid,,Synthetic Customer 001359,!SYNTHETIC-NO-LOGIN!,+959000001359,,CUSTOMER,2026-07-29 06:44:53
101359,1,"Synthetic Township 40, Myanmar",2024-07-14 00:14:30,synthetic.customer.001360@example.invalid,,Synthetic Customer 001360,!SYNTHETIC-NO-LOGIN!,+959000001360,,CUSTOMER,2024-10-18 00:14:30
101360,1,"Synthetic Township 41, Myanmar",2023-04-08 06:28:54,synthetic.customer.001361@example.invalid,,Synthetic Customer 001361,!SYNTHETIC-NO-LOGIN!,+959000001361,,CUSTOMER,2023-05-10 06:28:54
101361,1,"Synthetic Township 42, Myanmar",2025-02-26 01:32:22,synthetic.customer.001362@example.invalid,,Synthetic Customer 001362,!SYNTHETIC-NO-LOGIN!,+959000001362,,CUSTOMER,2025-04-28 01:32:22
101362,1,"Synthetic Township 43, Myanmar",2024-10-11 13:12:28,synthetic.customer.001363@example.invalid,,Synthetic Customer 001363,!SYNTHETIC-NO-LOGIN!,+959000001363,,CUSTOMER,2025-01-01 13:12:28
101363,1,"Synthetic Township 44, Myanmar",2024-03-21 18:06:10,synthetic.customer.001364@example.invalid,,Synthetic Customer 001364,!SYNTHETIC-NO-LOGIN!,+959000001364,,CUSTOMER,2024-03-22 18:06:10
101364,1,"Synthetic Township 45, Myanmar",2025-08-11 19:16:55,synthetic.customer.001365@example.invalid,,Synthetic Customer 001365,!SYNTHETIC-NO-LOGIN!,+959000001365,,CUSTOMER,2025-09-30 19:16:55
101365,1,"Synthetic Township 46, Myanmar",2025-06-29 19:35:03,synthetic.customer.001366@example.invalid,,Synthetic Customer 001366,!SYNTHETIC-NO-LOGIN!,+959000001366,,CUSTOMER,2025-08-13 19:35:03
101366,1,"Synthetic Township 47, Myanmar",2021-10-05 07:07:07,synthetic.customer.001367@example.invalid,,Synthetic Customer 001367,!SYNTHETIC-NO-LOGIN!,+959000001367,,CUSTOMER,2021-11-17 07:07:07
101367,1,"Synthetic Township 48, Myanmar",2024-08-09 14:21:20,synthetic.customer.001368@example.invalid,,Synthetic Customer 001368,!SYNTHETIC-NO-LOGIN!,+959000001368,,CUSTOMER,2024-11-24 14:21:20
101368,1,"Synthetic Township 49, Myanmar",2024-09-03 15:49:36,synthetic.customer.001369@example.invalid,,Synthetic Customer 001369,!SYNTHETIC-NO-LOGIN!,+959000001369,,CUSTOMER,2024-10-03 15:49:36
101369,0,"Synthetic Township 50, Myanmar",2025-04-13 19:42:39,synthetic.customer.001370@example.invalid,,Synthetic Customer 001370,!SYNTHETIC-NO-LOGIN!,+959000001370,,CUSTOMER,2025-07-23 19:42:39
101370,1,"Synthetic Township 51, Myanmar",2025-09-17 18:12:34,synthetic.customer.001371@example.invalid,,Synthetic Customer 001371,!SYNTHETIC-NO-LOGIN!,+959000001371,,CUSTOMER,2025-11-09 18:12:34
101371,1,"Synthetic Township 52, Myanmar",2026-01-15 00:54:14,synthetic.customer.001372@example.invalid,,Synthetic Customer 001372,!SYNTHETIC-NO-LOGIN!,+959000001372,,CUSTOMER,2026-02-04 00:54:14
101372,1,"Synthetic Township 53, Myanmar",2024-08-21 11:33:58,synthetic.customer.001373@example.invalid,,Synthetic Customer 001373,!SYNTHETIC-NO-LOGIN!,+959000001373,,CUSTOMER,2024-12-01 11:33:58
101373,1,"Synthetic Township 54, Myanmar",2024-02-19 10:31:21,synthetic.customer.001374@example.invalid,,Synthetic Customer 001374,!SYNTHETIC-NO-LOGIN!,+959000001374,,CUSTOMER,2024-03-29 10:31:21
101374,1,"Synthetic Township 55, Myanmar",2025-02-03 06:39:44,synthetic.customer.001375@example.invalid,,Synthetic Customer 001375,!SYNTHETIC-NO-LOGIN!,+959000001375,,CUSTOMER,2025-05-03 06:39:44
101375,1,"Synthetic Township 56, Myanmar",2021-10-05 17:58:36,synthetic.customer.001376@example.invalid,,Synthetic Customer 001376,!SYNTHETIC-NO-LOGIN!,+959000001376,,CUSTOMER,2021-11-07 17:58:36
101376,1,"Synthetic Township 57, Myanmar",2026-07-29 00:21:11,synthetic.customer.001377@example.invalid,,Synthetic Customer 001377,!SYNTHETIC-NO-LOGIN!,+959000001377,,CUSTOMER,2026-08-17 00:21:11
101377,1,"Synthetic Township 58, Myanmar",2023-10-30 23:41:51,synthetic.customer.001378@example.invalid,,Synthetic Customer 001378,!SYNTHETIC-NO-LOGIN!,+959000001378,,CUSTOMER,2023-12-20 23:41:51
101378,1,"Synthetic Township 59, Myanmar",2024-03-16 23:27:21,synthetic.customer.001379@example.invalid,,Synthetic Customer 001379,!SYNTHETIC-NO-LOGIN!,+959000001379,,CUSTOMER,2024-06-13 23:27:21
101379,1,"Synthetic Township 60, Myanmar",2023-01-20 03:22:43,synthetic.customer.001380@example.invalid,,Synthetic Customer 001380,!SYNTHETIC-NO-LOGIN!,+959000001380,,CUSTOMER,2023-03-17 03:22:43
101380,1,"Synthetic Township 1, Myanmar",2023-05-16 03:18:00,synthetic.customer.001381@example.invalid,,Synthetic Customer 001381,!SYNTHETIC-NO-LOGIN!,+959000001381,,CUSTOMER,2023-08-01 03:18:00
101381,1,"Synthetic Township 2, Myanmar",2023-11-20 01:42:11,synthetic.customer.001382@example.invalid,,Synthetic Customer 001382,!SYNTHETIC-NO-LOGIN!,+959000001382,,CUSTOMER,2024-03-05 01:42:11
101382,1,"Synthetic Township 3, Myanmar",2023-07-07 03:23:43,synthetic.customer.001383@example.invalid,,Synthetic Customer 001383,!SYNTHETIC-NO-LOGIN!,+959000001383,,CUSTOMER,2023-08-29 03:23:43
101383,1,"Synthetic Township 4, Myanmar",2023-08-17 19:13:53,synthetic.customer.001384@example.invalid,,Synthetic Customer 001384,!SYNTHETIC-NO-LOGIN!,+959000001384,,CUSTOMER,2023-11-14 19:13:53
101384,1,"Synthetic Township 5, Myanmar",2024-09-12 03:16:51,synthetic.customer.001385@example.invalid,,Synthetic Customer 001385,!SYNTHETIC-NO-LOGIN!,+959000001385,,CUSTOMER,2024-12-15 03:16:51
101385,1,"Synthetic Township 6, Myanmar",2022-07-09 13:12:47,synthetic.customer.001386@example.invalid,,Synthetic Customer 001386,!SYNTHETIC-NO-LOGIN!,+959000001386,,CUSTOMER,2022-08-22 13:12:47
101386,1,"Synthetic Township 7, Myanmar",2023-07-24 00:08:14,synthetic.customer.001387@example.invalid,,Synthetic Customer 001387,!SYNTHETIC-NO-LOGIN!,+959000001387,,CUSTOMER,2023-10-25 00:08:14
101387,1,"Synthetic Township 8, Myanmar",2023-04-22 20:42:30,synthetic.customer.001388@example.invalid,,Synthetic Customer 001388,!SYNTHETIC-NO-LOGIN!,+959000001388,,CUSTOMER,2023-08-08 20:42:30
101388,1,"Synthetic Township 9, Myanmar",2023-09-16 03:35:51,synthetic.customer.001389@example.invalid,,Synthetic Customer 001389,!SYNTHETIC-NO-LOGIN!,+959000001389,,CUSTOMER,2023-10-22 03:35:51
101389,1,"Synthetic Township 10, Myanmar",2022-01-13 04:32:11,synthetic.customer.001390@example.invalid,,Synthetic Customer 001390,!SYNTHETIC-NO-LOGIN!,+959000001390,,CUSTOMER,2022-02-13 04:32:11
101390,1,"Synthetic Township 11, Myanmar",2026-08-08 19:28:15,synthetic.customer.001391@example.invalid,,Synthetic Customer 001391,!SYNTHETIC-NO-LOGIN!,+959000001391,,CUSTOMER,2026-10-02 19:28:15
101391,1,"Synthetic Township 12, Myanmar",2025-10-29 06:27:21,synthetic.customer.001392@example.invalid,,Synthetic Customer 001392,!SYNTHETIC-NO-LOGIN!,+959000001392,,CUSTOMER,2025-11-20 06:27:21
101392,1,"Synthetic Township 13, Myanmar",2024-04-01 22:41:35,synthetic.customer.001393@example.invalid,,Synthetic Customer 001393,!SYNTHETIC-NO-LOGIN!,+959000001393,,CUSTOMER,2024-06-11 22:41:35
101393,1,"Synthetic Township 14, Myanmar",2022-05-21 19:23:45,synthetic.customer.001394@example.invalid,,Synthetic Customer 001394,!SYNTHETIC-NO-LOGIN!,+959000001394,,CUSTOMER,2022-06-04 19:23:45
101394,1,"Synthetic Township 15, Myanmar",2023-04-24 06:21:40,synthetic.customer.001395@example.invalid,,Synthetic Customer 001395,!SYNTHETIC-NO-LOGIN!,+959000001395,,CUSTOMER,2023-06-30 06:21:40
101395,1,"Synthetic Township 16, Myanmar",2025-11-29 17:37:22,synthetic.customer.001396@example.invalid,,Synthetic Customer 001396,!SYNTHETIC-NO-LOGIN!,+959000001396,,CUSTOMER,2026-02-23 17:37:22
101396,1,"Synthetic Township 17, Myanmar",2022-03-06 04:17:56,synthetic.customer.001397@example.invalid,,Synthetic Customer 001397,!SYNTHETIC-NO-LOGIN!,+959000001397,,CUSTOMER,2022-04-15 04:17:56
101397,1,"Synthetic Township 18, Myanmar",2022-10-22 22:34:33,synthetic.customer.001398@example.invalid,,Synthetic Customer 001398,!SYNTHETIC-NO-LOGIN!,+959000001398,,CUSTOMER,2023-02-04 22:34:33
101398,1,"Synthetic Township 19, Myanmar",2023-05-31 05:27:02,synthetic.customer.001399@example.invalid,,Synthetic Customer 001399,!SYNTHETIC-NO-LOGIN!,+959000001399,,CUSTOMER,2023-09-01 05:27:02
101399,1,"Synthetic Township 20, Myanmar",2024-10-01 20:06:52,synthetic.customer.001400@example.invalid,,Synthetic Customer 001400,!SYNTHETIC-NO-LOGIN!,+959000001400,,CUSTOMER,2024-12-22 20:06:52
101400,1,"Synthetic Township 21, Myanmar",2026-05-25 10:44:53,synthetic.customer.001401@example.invalid,,Synthetic Customer 001401,!SYNTHETIC-NO-LOGIN!,+959000001401,,CUSTOMER,2026-09-20 10:44:53
101401,1,"Synthetic Township 22, Myanmar",2023-04-27 16:40:13,synthetic.customer.001402@example.invalid,,Synthetic Customer 001402,!SYNTHETIC-NO-LOGIN!,+959000001402,,CUSTOMER,2023-06-24 16:40:13
101402,1,"Synthetic Township 23, Myanmar",2024-07-10 19:09:14,synthetic.customer.001403@example.invalid,,Synthetic Customer 001403,!SYNTHETIC-NO-LOGIN!,+959000001403,,CUSTOMER,2024-10-29 19:09:14
101403,1,"Synthetic Township 24, Myanmar",2023-09-04 01:07:49,synthetic.customer.001404@example.invalid,,Synthetic Customer 001404,!SYNTHETIC-NO-LOGIN!,+959000001404,,CUSTOMER,2023-09-06 01:07:49
101404,1,"Synthetic Township 25, Myanmar",2024-02-08 05:39:11,synthetic.customer.001405@example.invalid,,Synthetic Customer 001405,!SYNTHETIC-NO-LOGIN!,+959000001405,,CUSTOMER,2024-04-27 05:39:11
101405,1,"Synthetic Township 26, Myanmar",2023-11-16 09:28:19,synthetic.customer.001406@example.invalid,,Synthetic Customer 001406,!SYNTHETIC-NO-LOGIN!,+959000001406,,CUSTOMER,2024-01-23 09:28:19
101406,0,"Synthetic Township 27, Myanmar",2024-11-05 09:45:22,synthetic.customer.001407@example.invalid,,Synthetic Customer 001407,!SYNTHETIC-NO-LOGIN!,+959000001407,,CUSTOMER,2024-11-08 09:45:22
101407,1,"Synthetic Township 28, Myanmar",2023-11-10 00:16:43,synthetic.customer.001408@example.invalid,,Synthetic Customer 001408,!SYNTHETIC-NO-LOGIN!,+959000001408,,CUSTOMER,2024-02-17 00:16:43
101408,1,"Synthetic Township 29, Myanmar",2022-08-19 14:06:44,synthetic.customer.001409@example.invalid,,Synthetic Customer 001409,!SYNTHETIC-NO-LOGIN!,+959000001409,,CUSTOMER,2022-11-15 14:06:44
101409,1,"Synthetic Township 30, Myanmar",2024-07-12 14:25:21,synthetic.customer.001410@example.invalid,,Synthetic Customer 001410,!SYNTHETIC-NO-LOGIN!,+959000001410,,CUSTOMER,2024-10-31 14:25:21
101410,1,"Synthetic Township 31, Myanmar",2024-06-09 19:04:34,synthetic.customer.001411@example.invalid,,Synthetic Customer 001411,!SYNTHETIC-NO-LOGIN!,+959000001411,,CUSTOMER,2024-08-22 19:04:34
101411,1,"Synthetic Township 32, Myanmar",2025-02-17 07:56:17,synthetic.customer.001412@example.invalid,,Synthetic Customer 001412,!SYNTHETIC-NO-LOGIN!,+959000001412,,CUSTOMER,2025-06-06 07:56:17
101412,1,"Synthetic Township 33, Myanmar",2023-07-26 17:16:15,synthetic.customer.001413@example.invalid,,Synthetic Customer 001413,!SYNTHETIC-NO-LOGIN!,+959000001413,,CUSTOMER,2023-09-13 17:16:15
101413,1,"Synthetic Township 34, Myanmar",2022-06-25 01:04:34,synthetic.customer.001414@example.invalid,,Synthetic Customer 001414,!SYNTHETIC-NO-LOGIN!,+959000001414,,CUSTOMER,2022-09-03 01:04:34
101414,1,"Synthetic Township 35, Myanmar",2025-10-04 05:55:22,synthetic.customer.001415@example.invalid,,Synthetic Customer 001415,!SYNTHETIC-NO-LOGIN!,+959000001415,,CUSTOMER,2026-01-24 05:55:22
101415,1,"Synthetic Township 36, Myanmar",2024-08-03 18:59:06,synthetic.customer.001416@example.invalid,,Synthetic Customer 001416,!SYNTHETIC-NO-LOGIN!,+959000001416,,CUSTOMER,2024-11-27 18:59:06
101416,1,"Synthetic Township 37, Myanmar",2025-06-04 03:17:47,synthetic.customer.001417@example.invalid,,Synthetic Customer 001417,!SYNTHETIC-NO-LOGIN!,+959000001417,,CUSTOMER,2025-08-22 03:17:47
101417,1,"Synthetic Township 38, Myanmar",2026-04-07 16:52:50,synthetic.customer.001418@example.invalid,,Synthetic Customer 001418,!SYNTHETIC-NO-LOGIN!,+959000001418,,CUSTOMER,2026-08-01 16:52:50
101418,1,"Synthetic Township 39, Myanmar",2026-01-09 14:22:29,synthetic.customer.001419@example.invalid,,Synthetic Customer 001419,!SYNTHETIC-NO-LOGIN!,+959000001419,,CUSTOMER,2026-02-20 14:22:29
101419,1,"Synthetic Township 40, Myanmar",2026-07-09 17:03:49,synthetic.customer.001420@example.invalid,,Synthetic Customer 001420,!SYNTHETIC-NO-LOGIN!,+959000001420,,CUSTOMER,2026-10-19 17:03:49
101420,1,"Synthetic Township 41, Myanmar",2025-02-02 18:30:05,synthetic.customer.001421@example.invalid,,Synthetic Customer 001421,!SYNTHETIC-NO-LOGIN!,+959000001421,,CUSTOMER,2025-05-04 18:30:05
101421,1,"Synthetic Township 42, Myanmar",2023-06-06 21:42:57,synthetic.customer.001422@example.invalid,,Synthetic Customer 001422,!SYNTHETIC-NO-LOGIN!,+959000001422,,CUSTOMER,2023-09-21 21:42:57
101422,1,"Synthetic Township 43, Myanmar",2024-04-23 21:56:31,synthetic.customer.001423@example.invalid,,Synthetic Customer 001423,!SYNTHETIC-NO-LOGIN!,+959000001423,,CUSTOMER,2024-07-31 21:56:31
101423,1,"Synthetic Township 44, Myanmar",2025-04-19 21:42:20,synthetic.customer.001424@example.invalid,,Synthetic Customer 001424,!SYNTHETIC-NO-LOGIN!,+959000001424,,CUSTOMER,2025-06-22 21:42:20
101424,1,"Synthetic Township 45, Myanmar",2026-03-31 02:05:03,synthetic.customer.001425@example.invalid,,Synthetic Customer 001425,!SYNTHETIC-NO-LOGIN!,+959000001425,,CUSTOMER,2026-06-12 02:05:03
101425,1,"Synthetic Township 46, Myanmar",2025-08-17 13:25:10,synthetic.customer.001426@example.invalid,,Synthetic Customer 001426,!SYNTHETIC-NO-LOGIN!,+959000001426,,CUSTOMER,2025-09-10 13:25:10
101426,1,"Synthetic Township 47, Myanmar",2025-06-26 17:07:32,synthetic.customer.001427@example.invalid,,Synthetic Customer 001427,!SYNTHETIC-NO-LOGIN!,+959000001427,,CUSTOMER,2025-10-16 17:07:32
101427,1,"Synthetic Township 48, Myanmar",2023-09-06 10:11:59,synthetic.customer.001428@example.invalid,,Synthetic Customer 001428,!SYNTHETIC-NO-LOGIN!,+959000001428,,CUSTOMER,2023-09-27 10:11:59
101428,1,"Synthetic Township 49, Myanmar",2021-11-08 21:23:59,synthetic.customer.001429@example.invalid,,Synthetic Customer 001429,!SYNTHETIC-NO-LOGIN!,+959000001429,,CUSTOMER,2021-12-24 21:23:59
101429,1,"Synthetic Township 50, Myanmar",2023-01-20 19:00:19,synthetic.customer.001430@example.invalid,,Synthetic Customer 001430,!SYNTHETIC-NO-LOGIN!,+959000001430,,CUSTOMER,2023-02-01 19:00:19
101430,1,"Synthetic Township 51, Myanmar",2022-10-25 10:54:44,synthetic.customer.001431@example.invalid,,Synthetic Customer 001431,!SYNTHETIC-NO-LOGIN!,+959000001431,,CUSTOMER,2023-01-22 10:54:44
101431,1,"Synthetic Township 52, Myanmar",2023-03-31 14:48:06,synthetic.customer.001432@example.invalid,,Synthetic Customer 001432,!SYNTHETIC-NO-LOGIN!,+959000001432,,CUSTOMER,2023-04-04 14:48:06
101432,1,"Synthetic Township 53, Myanmar",2024-07-01 12:12:09,synthetic.customer.001433@example.invalid,,Synthetic Customer 001433,!SYNTHETIC-NO-LOGIN!,+959000001433,,CUSTOMER,2024-09-07 12:12:09
101433,1,"Synthetic Township 54, Myanmar",2024-03-16 07:43:49,synthetic.customer.001434@example.invalid,,Synthetic Customer 001434,!SYNTHETIC-NO-LOGIN!,+959000001434,,CUSTOMER,2024-06-09 07:43:49
101434,1,"Synthetic Township 55, Myanmar",2023-10-10 19:18:09,synthetic.customer.001435@example.invalid,,Synthetic Customer 001435,!SYNTHETIC-NO-LOGIN!,+959000001435,,CUSTOMER,2023-12-25 19:18:09
101435,1,"Synthetic Township 56, Myanmar",2025-07-14 10:20:25,synthetic.customer.001436@example.invalid,,Synthetic Customer 001436,!SYNTHETIC-NO-LOGIN!,+959000001436,,CUSTOMER,2025-09-08 10:20:25
101436,1,"Synthetic Township 57, Myanmar",2024-10-25 19:39:13,synthetic.customer.001437@example.invalid,,Synthetic Customer 001437,!SYNTHETIC-NO-LOGIN!,+959000001437,,CUSTOMER,2024-11-26 19:39:13
101437,1,"Synthetic Township 58, Myanmar",2022-03-14 16:04:20,synthetic.customer.001438@example.invalid,,Synthetic Customer 001438,!SYNTHETIC-NO-LOGIN!,+959000001438,,CUSTOMER,2022-04-27 16:04:20
101438,1,"Synthetic Township 59, Myanmar",2023-10-13 12:37:28,synthetic.customer.001439@example.invalid,,Synthetic Customer 001439,!SYNTHETIC-NO-LOGIN!,+959000001439,,CUSTOMER,2024-01-25 12:37:28
101439,1,"Synthetic Township 60, Myanmar",2026-08-16 13:11:24,synthetic.customer.001440@example.invalid,,Synthetic Customer 001440,!SYNTHETIC-NO-LOGIN!,+959000001440,,CUSTOMER,2026-12-04 13:11:24
101440,1,"Synthetic Township 1, Myanmar",2024-12-27 05:20:05,synthetic.customer.001441@example.invalid,,Synthetic Customer 001441,!SYNTHETIC-NO-LOGIN!,+959000001441,,CUSTOMER,2024-12-29 05:20:05
101441,1,"Synthetic Township 2, Myanmar",2022-05-16 15:20:46,synthetic.customer.001442@example.invalid,,Synthetic Customer 001442,!SYNTHETIC-NO-LOGIN!,+959000001442,,CUSTOMER,2022-06-19 15:20:46
101442,1,"Synthetic Township 3, Myanmar",2022-08-14 18:35:11,synthetic.customer.001443@example.invalid,,Synthetic Customer 001443,!SYNTHETIC-NO-LOGIN!,+959000001443,,CUSTOMER,2022-09-12 18:35:11
101443,0,"Synthetic Township 4, Myanmar",2022-01-27 13:39:39,synthetic.customer.001444@example.invalid,,Synthetic Customer 001444,!SYNTHETIC-NO-LOGIN!,+959000001444,,CUSTOMER,2022-02-22 13:39:39
101444,1,"Synthetic Township 5, Myanmar",2022-02-10 19:31:31,synthetic.customer.001445@example.invalid,,Synthetic Customer 001445,!SYNTHETIC-NO-LOGIN!,+959000001445,,CUSTOMER,2022-02-10 19:31:31
101445,1,"Synthetic Township 6, Myanmar",2025-06-14 07:51:12,synthetic.customer.001446@example.invalid,,Synthetic Customer 001446,!SYNTHETIC-NO-LOGIN!,+959000001446,,CUSTOMER,2025-09-23 07:51:12
101446,1,"Synthetic Township 7, Myanmar",2023-06-14 20:20:55,synthetic.customer.001447@example.invalid,,Synthetic Customer 001447,!SYNTHETIC-NO-LOGIN!,+959000001447,,CUSTOMER,2023-06-26 20:20:55
101447,1,"Synthetic Township 8, Myanmar",2023-03-12 16:13:37,synthetic.customer.001448@example.invalid,,Synthetic Customer 001448,!SYNTHETIC-NO-LOGIN!,+959000001448,,CUSTOMER,2023-04-24 16:13:37
101448,1,"Synthetic Township 9, Myanmar",2022-01-28 23:39:05,synthetic.customer.001449@example.invalid,,Synthetic Customer 001449,!SYNTHETIC-NO-LOGIN!,+959000001449,,CUSTOMER,2022-05-01 23:39:05
101449,1,"Synthetic Township 10, Myanmar",2026-08-12 07:49:34,synthetic.customer.001450@example.invalid,,Synthetic Customer 001450,!SYNTHETIC-NO-LOGIN!,+959000001450,,CUSTOMER,2026-09-02 07:49:34
101450,1,"Synthetic Township 11, Myanmar",2026-01-12 02:42:39,synthetic.customer.001451@example.invalid,,Synthetic Customer 001451,!SYNTHETIC-NO-LOGIN!,+959000001451,,CUSTOMER,2026-01-16 02:42:39
101451,1,"Synthetic Township 12, Myanmar",2023-09-30 22:50:48,synthetic.customer.001452@example.invalid,,Synthetic Customer 001452,!SYNTHETIC-NO-LOGIN!,+959000001452,,CUSTOMER,2023-11-10 22:50:48
101452,1,"Synthetic Township 13, Myanmar",2026-02-18 13:33:44,synthetic.customer.001453@example.invalid,,Synthetic Customer 001453,!SYNTHETIC-NO-LOGIN!,+959000001453,,CUSTOMER,2026-04-10 13:33:44
101453,1,"Synthetic Township 14, Myanmar",2023-09-17 20:11:00,synthetic.customer.001454@example.invalid,,Synthetic Customer 001454,!SYNTHETIC-NO-LOGIN!,+959000001454,,CUSTOMER,2023-09-27 20:11:00
101454,1,"Synthetic Township 15, Myanmar",2023-12-06 08:48:35,synthetic.customer.001455@example.invalid,,Synthetic Customer 001455,!SYNTHETIC-NO-LOGIN!,+959000001455,,CUSTOMER,2024-02-07 08:48:35
101455,1,"Synthetic Township 16, Myanmar",2025-02-07 04:37:25,synthetic.customer.001456@example.invalid,,Synthetic Customer 001456,!SYNTHETIC-NO-LOGIN!,+959000001456,,CUSTOMER,2025-04-27 04:37:25
101456,1,"Synthetic Township 17, Myanmar",2024-03-23 04:55:35,synthetic.customer.001457@example.invalid,,Synthetic Customer 001457,!SYNTHETIC-NO-LOGIN!,+959000001457,,CUSTOMER,2024-05-30 04:55:35
101457,1,"Synthetic Township 18, Myanmar",2023-11-06 06:46:48,synthetic.customer.001458@example.invalid,,Synthetic Customer 001458,!SYNTHETIC-NO-LOGIN!,+959000001458,,CUSTOMER,2024-02-22 06:46:48
101458,1,"Synthetic Township 19, Myanmar",2025-10-01 16:04:03,synthetic.customer.001459@example.invalid,,Synthetic Customer 001459,!SYNTHETIC-NO-LOGIN!,+959000001459,,CUSTOMER,2025-10-18 16:04:03
101459,1,"Synthetic Township 20, Myanmar",2026-05-09 04:29:47,synthetic.customer.001460@example.invalid,,Synthetic Customer 001460,!SYNTHETIC-NO-LOGIN!,+959000001460,,CUSTOMER,2026-08-07 04:29:47
101460,1,"Synthetic Township 21, Myanmar",2022-04-26 06:20:33,synthetic.customer.001461@example.invalid,,Synthetic Customer 001461,!SYNTHETIC-NO-LOGIN!,+959000001461,,CUSTOMER,2022-05-08 06:20:33
101461,1,"Synthetic Township 22, Myanmar",2023-05-16 08:09:42,synthetic.customer.001462@example.invalid,,Synthetic Customer 001462,!SYNTHETIC-NO-LOGIN!,+959000001462,,CUSTOMER,2023-07-03 08:09:42
101462,1,"Synthetic Township 23, Myanmar",2024-07-16 02:13:40,synthetic.customer.001463@example.invalid,,Synthetic Customer 001463,!SYNTHETIC-NO-LOGIN!,+959000001463,,CUSTOMER,2024-10-13 02:13:40
101463,1,"Synthetic Township 24, Myanmar",2025-10-18 14:45:28,synthetic.customer.001464@example.invalid,,Synthetic Customer 001464,!SYNTHETIC-NO-LOGIN!,+959000001464,,CUSTOMER,2025-11-29 14:45:28
101464,1,"Synthetic Township 25, Myanmar",2022-02-15 10:15:05,synthetic.customer.001465@example.invalid,,Synthetic Customer 001465,!SYNTHETIC-NO-LOGIN!,+959000001465,,CUSTOMER,2022-06-05 10:15:05
101465,1,"Synthetic Township 26, Myanmar",2026-06-21 21:21:42,synthetic.customer.001466@example.invalid,,Synthetic Customer 001466,!SYNTHETIC-NO-LOGIN!,+959000001466,,CUSTOMER,2026-07-02 21:21:42
101466,1,"Synthetic Township 27, Myanmar",2021-10-21 18:26:36,synthetic.customer.001467@example.invalid,,Synthetic Customer 001467,!SYNTHETIC-NO-LOGIN!,+959000001467,,CUSTOMER,2022-02-08 18:26:36
101467,1,"Synthetic Township 28, Myanmar",2024-07-04 03:07:01,synthetic.customer.001468@example.invalid,,Synthetic Customer 001468,!SYNTHETIC-NO-LOGIN!,+959000001468,,CUSTOMER,2024-10-23 03:07:01
101468,1,"Synthetic Township 29, Myanmar",2024-11-02 18:35:20,synthetic.customer.001469@example.invalid,,Synthetic Customer 001469,!SYNTHETIC-NO-LOGIN!,+959000001469,,CUSTOMER,2024-12-08 18:35:20
101469,1,"Synthetic Township 30, Myanmar",2025-05-01 21:39:28,synthetic.customer.001470@example.invalid,,Synthetic Customer 001470,!SYNTHETIC-NO-LOGIN!,+959000001470,,CUSTOMER,2025-05-16 21:39:28
101470,1,"Synthetic Township 31, Myanmar",2021-09-01 02:42:18,synthetic.customer.001471@example.invalid,,Synthetic Customer 001471,!SYNTHETIC-NO-LOGIN!,+959000001471,,CUSTOMER,2021-11-14 02:42:18
101471,1,"Synthetic Township 32, Myanmar",2023-03-22 03:33:01,synthetic.customer.001472@example.invalid,,Synthetic Customer 001472,!SYNTHETIC-NO-LOGIN!,+959000001472,,CUSTOMER,2023-03-28 03:33:01
101472,1,"Synthetic Township 33, Myanmar",2023-01-15 00:21:10,synthetic.customer.001473@example.invalid,,Synthetic Customer 001473,!SYNTHETIC-NO-LOGIN!,+959000001473,,CUSTOMER,2023-04-07 00:21:10
101473,1,"Synthetic Township 34, Myanmar",2023-07-30 14:48:18,synthetic.customer.001474@example.invalid,,Synthetic Customer 001474,!SYNTHETIC-NO-LOGIN!,+959000001474,,CUSTOMER,2023-10-04 14:48:18
101474,1,"Synthetic Township 35, Myanmar",2025-05-14 17:12:47,synthetic.customer.001475@example.invalid,,Synthetic Customer 001475,!SYNTHETIC-NO-LOGIN!,+959000001475,,CUSTOMER,2025-06-09 17:12:47
101475,1,"Synthetic Township 36, Myanmar",2025-01-25 20:03:28,synthetic.customer.001476@example.invalid,,Synthetic Customer 001476,!SYNTHETIC-NO-LOGIN!,+959000001476,,CUSTOMER,2025-04-22 20:03:28
101476,1,"Synthetic Township 37, Myanmar",2024-07-17 17:47:52,synthetic.customer.001477@example.invalid,,Synthetic Customer 001477,!SYNTHETIC-NO-LOGIN!,+959000001477,,CUSTOMER,2024-11-09 17:47:52
101477,1,"Synthetic Township 38, Myanmar",2021-10-07 16:49:44,synthetic.customer.001478@example.invalid,,Synthetic Customer 001478,!SYNTHETIC-NO-LOGIN!,+959000001478,,CUSTOMER,2021-11-10 16:49:44
101478,1,"Synthetic Township 39, Myanmar",2024-11-28 19:40:37,synthetic.customer.001479@example.invalid,,Synthetic Customer 001479,!SYNTHETIC-NO-LOGIN!,+959000001479,,CUSTOMER,2025-03-12 19:40:37
101479,1,"Synthetic Township 40, Myanmar",2023-12-19 13:56:02,synthetic.customer.001480@example.invalid,,Synthetic Customer 001480,!SYNTHETIC-NO-LOGIN!,+959000001480,,CUSTOMER,2024-02-12 13:56:02
101480,0,"Synthetic Township 41, Myanmar",2026-05-13 14:21:12,synthetic.customer.001481@example.invalid,,Synthetic Customer 001481,!SYNTHETIC-NO-LOGIN!,+959000001481,,CUSTOMER,2026-07-04 14:21:12
101481,1,"Synthetic Township 42, Myanmar",2026-08-16 09:23:49,synthetic.customer.001482@example.invalid,,Synthetic Customer 001482,!SYNTHETIC-NO-LOGIN!,+959000001482,,CUSTOMER,2026-10-29 09:23:49
101482,1,"Synthetic Township 43, Myanmar",2024-01-13 01:47:30,synthetic.customer.001483@example.invalid,,Synthetic Customer 001483,!SYNTHETIC-NO-LOGIN!,+959000001483,,CUSTOMER,2024-03-27 01:47:30
101483,1,"Synthetic Township 44, Myanmar",2025-05-26 14:39:14,synthetic.customer.001484@example.invalid,,Synthetic Customer 001484,!SYNTHETIC-NO-LOGIN!,+959000001484,,CUSTOMER,2025-06-10 14:39:14
101484,1,"Synthetic Township 45, Myanmar",2024-10-11 14:16:18,synthetic.customer.001485@example.invalid,,Synthetic Customer 001485,!SYNTHETIC-NO-LOGIN!,+959000001485,,CUSTOMER,2024-11-26 14:16:18
101485,1,"Synthetic Township 46, Myanmar",2022-05-08 12:28:32,synthetic.customer.001486@example.invalid,,Synthetic Customer 001486,!SYNTHETIC-NO-LOGIN!,+959000001486,,CUSTOMER,2022-06-01 12:28:32
101486,1,"Synthetic Township 47, Myanmar",2025-04-28 17:37:10,synthetic.customer.001487@example.invalid,,Synthetic Customer 001487,!SYNTHETIC-NO-LOGIN!,+959000001487,,CUSTOMER,2025-07-20 17:37:10
101487,1,"Synthetic Township 48, Myanmar",2024-08-12 20:40:14,synthetic.customer.001488@example.invalid,,Synthetic Customer 001488,!SYNTHETIC-NO-LOGIN!,+959000001488,,CUSTOMER,2024-08-28 20:40:14
101488,1,"Synthetic Township 49, Myanmar",2022-11-03 17:08:27,synthetic.customer.001489@example.invalid,,Synthetic Customer 001489,!SYNTHETIC-NO-LOGIN!,+959000001489,,CUSTOMER,2023-01-30 17:08:27
101489,1,"Synthetic Township 50, Myanmar",2024-05-13 20:15:19,synthetic.customer.001490@example.invalid,,Synthetic Customer 001490,!SYNTHETIC-NO-LOGIN!,+959000001490,,CUSTOMER,2024-08-17 20:15:19
101490,1,"Synthetic Township 51, Myanmar",2023-10-07 15:03:23,synthetic.customer.001491@example.invalid,,Synthetic Customer 001491,!SYNTHETIC-NO-LOGIN!,+959000001491,,CUSTOMER,2023-12-21 15:03:23
101491,1,"Synthetic Township 52, Myanmar",2021-11-11 07:35:45,synthetic.customer.001492@example.invalid,,Synthetic Customer 001492,!SYNTHETIC-NO-LOGIN!,+959000001492,,CUSTOMER,2021-12-26 07:35:45
101492,1,"Synthetic Township 53, Myanmar",2022-11-24 23:26:33,synthetic.customer.001493@example.invalid,,Synthetic Customer 001493,!SYNTHETIC-NO-LOGIN!,+959000001493,,CUSTOMER,2022-12-20 23:26:33
101493,1,"Synthetic Township 54, Myanmar",2021-09-16 02:44:27,synthetic.customer.001494@example.invalid,,Synthetic Customer 001494,!SYNTHETIC-NO-LOGIN!,+959000001494,,CUSTOMER,2022-01-07 02:44:27
101494,1,"Synthetic Township 55, Myanmar",2025-09-13 16:03:51,synthetic.customer.001495@example.invalid,,Synthetic Customer 001495,!SYNTHETIC-NO-LOGIN!,+959000001495,,CUSTOMER,2025-10-08 16:03:51
101495,1,"Synthetic Township 56, Myanmar",2025-10-07 20:46:10,synthetic.customer.001496@example.invalid,,Synthetic Customer 001496,!SYNTHETIC-NO-LOGIN!,+959000001496,,CUSTOMER,2025-12-16 20:46:10
101496,1,"Synthetic Township 57, Myanmar",2025-03-30 16:20:33,synthetic.customer.001497@example.invalid,,Synthetic Customer 001497,!SYNTHETIC-NO-LOGIN!,+959000001497,,CUSTOMER,2025-05-16 16:20:33
101497,1,"Synthetic Township 58, Myanmar",2022-10-05 04:44:39,synthetic.customer.001498@example.invalid,,Synthetic Customer 001498,!SYNTHETIC-NO-LOGIN!,+959000001498,,CUSTOMER,2023-01-27 04:44:39
101498,1,"Synthetic Township 59, Myanmar",2026-05-26 05:08:29,synthetic.customer.001499@example.invalid,,Synthetic Customer 001499,!SYNTHETIC-NO-LOGIN!,+959000001499,,CUSTOMER,2026-07-28 05:08:29
101499,1,"Synthetic Township 60, Myanmar",2023-09-02 13:33:30,synthetic.customer.001500@example.invalid,,Synthetic Customer 001500,!SYNTHETIC-NO-LOGIN!,+959000001500,,CUSTOMER,2023-11-17 13:33:30
101500,1,"Synthetic Township 1, Myanmar",2025-02-15 19:36:54,synthetic.customer.001501@example.invalid,,Synthetic Customer 001501,!SYNTHETIC-NO-LOGIN!,+959000001501,,CUSTOMER,2025-03-20 19:36:54
101501,1,"Synthetic Township 2, Myanmar",2024-07-02 19:24:40,synthetic.customer.001502@example.invalid,,Synthetic Customer 001502,!SYNTHETIC-NO-LOGIN!,+959000001502,,CUSTOMER,2024-09-23 19:24:40
101502,1,"Synthetic Township 3, Myanmar",2022-05-15 02:13:46,synthetic.customer.001503@example.invalid,,Synthetic Customer 001503,!SYNTHETIC-NO-LOGIN!,+959000001503,,CUSTOMER,2022-08-19 02:13:46
101503,1,"Synthetic Township 4, Myanmar",2026-04-11 02:23:33,synthetic.customer.001504@example.invalid,,Synthetic Customer 001504,!SYNTHETIC-NO-LOGIN!,+959000001504,,CUSTOMER,2026-04-25 02:23:33
101504,1,"Synthetic Township 5, Myanmar",2025-05-18 05:15:19,synthetic.customer.001505@example.invalid,,Synthetic Customer 001505,!SYNTHETIC-NO-LOGIN!,+959000001505,,CUSTOMER,2025-07-02 05:15:19
101505,1,"Synthetic Township 6, Myanmar",2022-06-06 23:40:09,synthetic.customer.001506@example.invalid,,Synthetic Customer 001506,!SYNTHETIC-NO-LOGIN!,+959000001506,,CUSTOMER,2022-07-10 23:40:09
101506,1,"Synthetic Township 7, Myanmar",2022-09-14 22:52:39,synthetic.customer.001507@example.invalid,,Synthetic Customer 001507,!SYNTHETIC-NO-LOGIN!,+959000001507,,CUSTOMER,2022-11-09 22:52:39
101507,1,"Synthetic Township 8, Myanmar",2025-05-23 11:40:35,synthetic.customer.001508@example.invalid,,Synthetic Customer 001508,!SYNTHETIC-NO-LOGIN!,+959000001508,,CUSTOMER,2025-09-07 11:40:35
101508,1,"Synthetic Township 9, Myanmar",2022-03-26 01:35:13,synthetic.customer.001509@example.invalid,,Synthetic Customer 001509,!SYNTHETIC-NO-LOGIN!,+959000001509,,CUSTOMER,2022-07-13 01:35:13
101509,1,"Synthetic Township 10, Myanmar",2023-08-12 19:35:40,synthetic.customer.001510@example.invalid,,Synthetic Customer 001510,!SYNTHETIC-NO-LOGIN!,+959000001510,,CUSTOMER,2023-11-09 19:35:40
101510,1,"Synthetic Township 11, Myanmar",2025-09-28 10:48:33,synthetic.customer.001511@example.invalid,,Synthetic Customer 001511,!SYNTHETIC-NO-LOGIN!,+959000001511,,CUSTOMER,2025-12-10 10:48:33
101511,1,"Synthetic Township 12, Myanmar",2024-05-03 07:04:58,synthetic.customer.001512@example.invalid,,Synthetic Customer 001512,!SYNTHETIC-NO-LOGIN!,+959000001512,,CUSTOMER,2024-07-07 07:04:58
101512,1,"Synthetic Township 13, Myanmar",2024-06-06 17:12:24,synthetic.customer.001513@example.invalid,,Synthetic Customer 001513,!SYNTHETIC-NO-LOGIN!,+959000001513,,CUSTOMER,2024-07-14 17:12:24
101513,1,"Synthetic Township 14, Myanmar",2025-08-11 08:09:07,synthetic.customer.001514@example.invalid,,Synthetic Customer 001514,!SYNTHETIC-NO-LOGIN!,+959000001514,,CUSTOMER,2025-08-29 08:09:07
101514,1,"Synthetic Township 15, Myanmar",2022-07-01 02:48:04,synthetic.customer.001515@example.invalid,,Synthetic Customer 001515,!SYNTHETIC-NO-LOGIN!,+959000001515,,CUSTOMER,2022-07-02 02:48:04
101515,1,"Synthetic Township 16, Myanmar",2025-06-23 12:43:10,synthetic.customer.001516@example.invalid,,Synthetic Customer 001516,!SYNTHETIC-NO-LOGIN!,+959000001516,,CUSTOMER,2025-09-27 12:43:10
101516,1,"Synthetic Township 17, Myanmar",2021-12-17 21:52:12,synthetic.customer.001517@example.invalid,,Synthetic Customer 001517,!SYNTHETIC-NO-LOGIN!,+959000001517,,CUSTOMER,2022-03-24 21:52:12
101517,0,"Synthetic Township 18, Myanmar",2026-02-06 10:02:23,synthetic.customer.001518@example.invalid,,Synthetic Customer 001518,!SYNTHETIC-NO-LOGIN!,+959000001518,,CUSTOMER,2026-05-27 10:02:23
101518,1,"Synthetic Township 19, Myanmar",2022-11-14 11:15:56,synthetic.customer.001519@example.invalid,,Synthetic Customer 001519,!SYNTHETIC-NO-LOGIN!,+959000001519,,CUSTOMER,2023-01-08 11:15:56
101519,1,"Synthetic Township 20, Myanmar",2021-09-13 08:49:40,synthetic.customer.001520@example.invalid,,Synthetic Customer 001520,!SYNTHETIC-NO-LOGIN!,+959000001520,,CUSTOMER,2021-12-27 08:49:40
101520,1,"Synthetic Township 21, Myanmar",2025-01-30 15:27:28,synthetic.customer.001521@example.invalid,,Synthetic Customer 001521,!SYNTHETIC-NO-LOGIN!,+959000001521,,CUSTOMER,2025-05-27 15:27:28
101521,1,"Synthetic Township 22, Myanmar",2026-07-15 07:19:37,synthetic.customer.001522@example.invalid,,Synthetic Customer 001522,!SYNTHETIC-NO-LOGIN!,+959000001522,,CUSTOMER,2026-09-04 07:19:37
101522,1,"Synthetic Township 23, Myanmar",2023-12-31 23:03:56,synthetic.customer.001523@example.invalid,,Synthetic Customer 001523,!SYNTHETIC-NO-LOGIN!,+959000001523,,CUSTOMER,2024-03-15 23:03:56
101523,1,"Synthetic Township 24, Myanmar",2025-11-14 07:40:46,synthetic.customer.001524@example.invalid,,Synthetic Customer 001524,!SYNTHETIC-NO-LOGIN!,+959000001524,,CUSTOMER,2026-02-10 07:40:46
101524,1,"Synthetic Township 25, Myanmar",2022-09-01 06:13:43,synthetic.customer.001525@example.invalid,,Synthetic Customer 001525,!SYNTHETIC-NO-LOGIN!,+959000001525,,CUSTOMER,2022-10-08 06:13:43
101525,1,"Synthetic Township 26, Myanmar",2025-10-10 23:04:00,synthetic.customer.001526@example.invalid,,Synthetic Customer 001526,!SYNTHETIC-NO-LOGIN!,+959000001526,,CUSTOMER,2025-10-24 23:04:00
101526,1,"Synthetic Township 27, Myanmar",2025-01-27 10:28:00,synthetic.customer.001527@example.invalid,,Synthetic Customer 001527,!SYNTHETIC-NO-LOGIN!,+959000001527,,CUSTOMER,2025-02-17 10:28:00
101527,1,"Synthetic Township 28, Myanmar",2026-06-22 15:23:21,synthetic.customer.001528@example.invalid,,Synthetic Customer 001528,!SYNTHETIC-NO-LOGIN!,+959000001528,,CUSTOMER,2026-09-30 15:23:21
101528,1,"Synthetic Township 29, Myanmar",2022-07-22 21:22:05,synthetic.customer.001529@example.invalid,,Synthetic Customer 001529,!SYNTHETIC-NO-LOGIN!,+959000001529,,CUSTOMER,2022-09-27 21:22:05
101529,1,"Synthetic Township 30, Myanmar",2022-01-14 16:54:24,synthetic.customer.001530@example.invalid,,Synthetic Customer 001530,!SYNTHETIC-NO-LOGIN!,+959000001530,,CUSTOMER,2022-05-10 16:54:24
101530,1,"Synthetic Township 31, Myanmar",2022-12-24 21:56:55,synthetic.customer.001531@example.invalid,,Synthetic Customer 001531,!SYNTHETIC-NO-LOGIN!,+959000001531,,CUSTOMER,2023-02-18 21:56:55
101531,1,"Synthetic Township 32, Myanmar",2024-12-31 19:36:27,synthetic.customer.001532@example.invalid,,Synthetic Customer 001532,!SYNTHETIC-NO-LOGIN!,+959000001532,,CUSTOMER,2025-04-29 19:36:27
101532,1,"Synthetic Township 33, Myanmar",2022-09-09 14:53:00,synthetic.customer.001533@example.invalid,,Synthetic Customer 001533,!SYNTHETIC-NO-LOGIN!,+959000001533,,CUSTOMER,2022-12-11 14:53:00
101533,1,"Synthetic Township 34, Myanmar",2021-10-08 13:48:51,synthetic.customer.001534@example.invalid,,Synthetic Customer 001534,!SYNTHETIC-NO-LOGIN!,+959000001534,,CUSTOMER,2021-11-04 13:48:51
101534,1,"Synthetic Township 35, Myanmar",2024-07-11 09:12:38,synthetic.customer.001535@example.invalid,,Synthetic Customer 001535,!SYNTHETIC-NO-LOGIN!,+959000001535,,CUSTOMER,2024-11-06 09:12:38
101535,1,"Synthetic Township 36, Myanmar",2025-11-04 14:01:48,synthetic.customer.001536@example.invalid,,Synthetic Customer 001536,!SYNTHETIC-NO-LOGIN!,+959000001536,,CUSTOMER,2026-02-26 14:01:48
101536,1,"Synthetic Township 37, Myanmar",2022-03-09 11:43:53,synthetic.customer.001537@example.invalid,,Synthetic Customer 001537,!SYNTHETIC-NO-LOGIN!,+959000001537,,CUSTOMER,2022-03-15 11:43:53
101537,1,"Synthetic Township 38, Myanmar",2024-08-26 00:28:25,synthetic.customer.001538@example.invalid,,Synthetic Customer 001538,!SYNTHETIC-NO-LOGIN!,+959000001538,,CUSTOMER,2024-11-21 00:28:25
101538,1,"Synthetic Township 39, Myanmar",2023-09-21 13:39:23,synthetic.customer.001539@example.invalid,,Synthetic Customer 001539,!SYNTHETIC-NO-LOGIN!,+959000001539,,CUSTOMER,2023-10-06 13:39:23
101539,1,"Synthetic Township 40, Myanmar",2023-02-12 07:46:41,synthetic.customer.001540@example.invalid,,Synthetic Customer 001540,!SYNTHETIC-NO-LOGIN!,+959000001540,,CUSTOMER,2023-06-05 07:46:41
101540,1,"Synthetic Township 41, Myanmar",2025-12-02 03:13:24,synthetic.customer.001541@example.invalid,,Synthetic Customer 001541,!SYNTHETIC-NO-LOGIN!,+959000001541,,CUSTOMER,2026-03-31 03:13:24
101541,1,"Synthetic Township 42, Myanmar",2023-08-31 08:51:00,synthetic.customer.001542@example.invalid,,Synthetic Customer 001542,!SYNTHETIC-NO-LOGIN!,+959000001542,,CUSTOMER,2023-09-08 08:51:00
101542,1,"Synthetic Township 43, Myanmar",2022-03-03 03:07:28,synthetic.customer.001543@example.invalid,,Synthetic Customer 001543,!SYNTHETIC-NO-LOGIN!,+959000001543,,CUSTOMER,2022-04-28 03:07:28
101543,1,"Synthetic Township 44, Myanmar",2025-03-22 14:30:56,synthetic.customer.001544@example.invalid,,Synthetic Customer 001544,!SYNTHETIC-NO-LOGIN!,+959000001544,,CUSTOMER,2025-05-01 14:30:56
101544,1,"Synthetic Township 45, Myanmar",2026-01-01 17:03:58,synthetic.customer.001545@example.invalid,,Synthetic Customer 001545,!SYNTHETIC-NO-LOGIN!,+959000001545,,CUSTOMER,2026-02-27 17:03:58
101545,1,"Synthetic Township 46, Myanmar",2022-12-04 21:41:50,synthetic.customer.001546@example.invalid,,Synthetic Customer 001546,!SYNTHETIC-NO-LOGIN!,+959000001546,,CUSTOMER,2023-03-16 21:41:50
101546,1,"Synthetic Township 47, Myanmar",2022-12-18 17:27:37,synthetic.customer.001547@example.invalid,,Synthetic Customer 001547,!SYNTHETIC-NO-LOGIN!,+959000001547,,CUSTOMER,2023-03-11 17:27:37
101547,1,"Synthetic Township 48, Myanmar",2026-06-02 08:41:07,synthetic.customer.001548@example.invalid,,Synthetic Customer 001548,!SYNTHETIC-NO-LOGIN!,+959000001548,,CUSTOMER,2026-08-11 08:41:07
101548,1,"Synthetic Township 49, Myanmar",2024-11-29 07:57:07,synthetic.customer.001549@example.invalid,,Synthetic Customer 001549,!SYNTHETIC-NO-LOGIN!,+959000001549,,CUSTOMER,2025-01-21 07:57:07
101549,1,"Synthetic Township 50, Myanmar",2025-02-26 21:57:54,synthetic.customer.001550@example.invalid,,Synthetic Customer 001550,!SYNTHETIC-NO-LOGIN!,+959000001550,,CUSTOMER,2025-04-21 21:57:54
101550,1,"Synthetic Township 51, Myanmar",2022-11-29 23:12:26,synthetic.customer.001551@example.invalid,,Synthetic Customer 001551,!SYNTHETIC-NO-LOGIN!,+959000001551,,CUSTOMER,2023-01-23 23:12:26
101551,1,"Synthetic Township 52, Myanmar",2023-09-06 23:45:27,synthetic.customer.001552@example.invalid,,Synthetic Customer 001552,!SYNTHETIC-NO-LOGIN!,+959000001552,,CUSTOMER,2023-11-28 23:45:27
101552,1,"Synthetic Township 53, Myanmar",2024-06-24 01:32:06,synthetic.customer.001553@example.invalid,,Synthetic Customer 001553,!SYNTHETIC-NO-LOGIN!,+959000001553,,CUSTOMER,2024-07-25 01:32:06
101553,1,"Synthetic Township 54, Myanmar",2022-03-17 13:19:19,synthetic.customer.001554@example.invalid,,Synthetic Customer 001554,!SYNTHETIC-NO-LOGIN!,+959000001554,,CUSTOMER,2022-03-20 13:19:19
101554,0,"Synthetic Township 55, Myanmar",2023-11-07 12:15:39,synthetic.customer.001555@example.invalid,,Synthetic Customer 001555,!SYNTHETIC-NO-LOGIN!,+959000001555,,CUSTOMER,2023-12-05 12:15:39
101555,1,"Synthetic Township 56, Myanmar",2024-08-04 08:02:22,synthetic.customer.001556@example.invalid,,Synthetic Customer 001556,!SYNTHETIC-NO-LOGIN!,+959000001556,,CUSTOMER,2024-08-13 08:02:22
101556,1,"Synthetic Township 57, Myanmar",2026-06-14 04:25:00,synthetic.customer.001557@example.invalid,,Synthetic Customer 001557,!SYNTHETIC-NO-LOGIN!,+959000001557,,CUSTOMER,2026-10-03 04:25:00
101557,1,"Synthetic Township 58, Myanmar",2024-01-01 22:32:28,synthetic.customer.001558@example.invalid,,Synthetic Customer 001558,!SYNTHETIC-NO-LOGIN!,+959000001558,,CUSTOMER,2024-02-16 22:32:28
101558,1,"Synthetic Township 59, Myanmar",2024-06-30 20:43:30,synthetic.customer.001559@example.invalid,,Synthetic Customer 001559,!SYNTHETIC-NO-LOGIN!,+959000001559,,CUSTOMER,2024-07-09 20:43:30
101559,1,"Synthetic Township 60, Myanmar",2025-11-21 01:14:20,synthetic.customer.001560@example.invalid,,Synthetic Customer 001560,!SYNTHETIC-NO-LOGIN!,+959000001560,,CUSTOMER,2026-02-23 01:14:20
101560,1,"Synthetic Township 1, Myanmar",2026-01-17 12:55:51,synthetic.customer.001561@example.invalid,,Synthetic Customer 001561,!SYNTHETIC-NO-LOGIN!,+959000001561,,CUSTOMER,2026-02-24 12:55:51
101561,1,"Synthetic Township 2, Myanmar",2024-11-19 07:35:34,synthetic.customer.001562@example.invalid,,Synthetic Customer 001562,!SYNTHETIC-NO-LOGIN!,+959000001562,,CUSTOMER,2025-01-07 07:35:34
101562,1,"Synthetic Township 3, Myanmar",2023-01-04 14:58:31,synthetic.customer.001563@example.invalid,,Synthetic Customer 001563,!SYNTHETIC-NO-LOGIN!,+959000001563,,CUSTOMER,2023-02-12 14:58:31
101563,1,"Synthetic Township 4, Myanmar",2022-09-21 06:32:07,synthetic.customer.001564@example.invalid,,Synthetic Customer 001564,!SYNTHETIC-NO-LOGIN!,+959000001564,,CUSTOMER,2022-11-14 06:32:07
101564,1,"Synthetic Township 5, Myanmar",2025-12-09 22:54:25,synthetic.customer.001565@example.invalid,,Synthetic Customer 001565,!SYNTHETIC-NO-LOGIN!,+959000001565,,CUSTOMER,2026-02-07 22:54:25
101565,1,"Synthetic Township 6, Myanmar",2024-02-19 01:32:29,synthetic.customer.001566@example.invalid,,Synthetic Customer 001566,!SYNTHETIC-NO-LOGIN!,+959000001566,,CUSTOMER,2024-03-27 01:32:29
101566,1,"Synthetic Township 7, Myanmar",2022-08-08 04:03:42,synthetic.customer.001567@example.invalid,,Synthetic Customer 001567,!SYNTHETIC-NO-LOGIN!,+959000001567,,CUSTOMER,2022-09-05 04:03:42
101567,1,"Synthetic Township 8, Myanmar",2022-11-16 20:18:06,synthetic.customer.001568@example.invalid,,Synthetic Customer 001568,!SYNTHETIC-NO-LOGIN!,+959000001568,,CUSTOMER,2022-12-09 20:18:06
101568,1,"Synthetic Township 9, Myanmar",2025-06-16 18:46:09,synthetic.customer.001569@example.invalid,,Synthetic Customer 001569,!SYNTHETIC-NO-LOGIN!,+959000001569,,CUSTOMER,2025-07-24 18:46:09
101569,1,"Synthetic Township 10, Myanmar",2025-11-27 17:24:00,synthetic.customer.001570@example.invalid,,Synthetic Customer 001570,!SYNTHETIC-NO-LOGIN!,+959000001570,,CUSTOMER,2026-01-20 17:24:00
101570,1,"Synthetic Township 11, Myanmar",2022-02-24 21:19:17,synthetic.customer.001571@example.invalid,,Synthetic Customer 001571,!SYNTHETIC-NO-LOGIN!,+959000001571,,CUSTOMER,2022-05-16 21:19:17
101571,1,"Synthetic Township 12, Myanmar",2024-05-17 00:56:35,synthetic.customer.001572@example.invalid,,Synthetic Customer 001572,!SYNTHETIC-NO-LOGIN!,+959000001572,,CUSTOMER,2024-07-10 00:56:35
101572,1,"Synthetic Township 13, Myanmar",2024-09-20 23:38:40,synthetic.customer.001573@example.invalid,,Synthetic Customer 001573,!SYNTHETIC-NO-LOGIN!,+959000001573,,CUSTOMER,2024-12-09 23:38:40
101573,1,"Synthetic Township 14, Myanmar",2023-06-06 05:21:53,synthetic.customer.001574@example.invalid,,Synthetic Customer 001574,!SYNTHETIC-NO-LOGIN!,+959000001574,,CUSTOMER,2023-08-30 05:21:53
101574,1,"Synthetic Township 15, Myanmar",2022-07-05 11:08:30,synthetic.customer.001575@example.invalid,,Synthetic Customer 001575,!SYNTHETIC-NO-LOGIN!,+959000001575,,CUSTOMER,2022-10-17 11:08:30
101575,1,"Synthetic Township 16, Myanmar",2022-08-07 11:45:24,synthetic.customer.001576@example.invalid,,Synthetic Customer 001576,!SYNTHETIC-NO-LOGIN!,+959000001576,,CUSTOMER,2022-09-23 11:45:24
101576,1,"Synthetic Township 17, Myanmar",2023-11-29 21:23:50,synthetic.customer.001577@example.invalid,,Synthetic Customer 001577,!SYNTHETIC-NO-LOGIN!,+959000001577,,CUSTOMER,2024-02-23 21:23:50
101577,1,"Synthetic Township 18, Myanmar",2022-04-15 14:04:13,synthetic.customer.001578@example.invalid,,Synthetic Customer 001578,!SYNTHETIC-NO-LOGIN!,+959000001578,,CUSTOMER,2022-04-23 14:04:13
101578,1,"Synthetic Township 19, Myanmar",2026-04-21 09:00:00,synthetic.customer.001579@example.invalid,,Synthetic Customer 001579,!SYNTHETIC-NO-LOGIN!,+959000001579,,CUSTOMER,2026-05-31 09:00:00
101579,1,"Synthetic Township 20, Myanmar",2021-09-24 15:23:01,synthetic.customer.001580@example.invalid,,Synthetic Customer 001580,!SYNTHETIC-NO-LOGIN!,+959000001580,,CUSTOMER,2021-11-27 15:23:01
101580,1,"Synthetic Township 21, Myanmar",2025-09-06 05:36:01,synthetic.customer.001581@example.invalid,,Synthetic Customer 001581,!SYNTHETIC-NO-LOGIN!,+959000001581,,CUSTOMER,2025-10-28 05:36:01
101581,1,"Synthetic Township 22, Myanmar",2021-11-23 02:50:04,synthetic.customer.001582@example.invalid,,Synthetic Customer 001582,!SYNTHETIC-NO-LOGIN!,+959000001582,,CUSTOMER,2022-01-23 02:50:04
101582,1,"Synthetic Township 23, Myanmar",2026-07-18 17:17:50,synthetic.customer.001583@example.invalid,,Synthetic Customer 001583,!SYNTHETIC-NO-LOGIN!,+959000001583,,CUSTOMER,2026-08-01 17:17:50
101583,1,"Synthetic Township 24, Myanmar",2021-10-02 04:30:49,synthetic.customer.001584@example.invalid,,Synthetic Customer 001584,!SYNTHETIC-NO-LOGIN!,+959000001584,,CUSTOMER,2021-12-27 04:30:49
101584,1,"Synthetic Township 25, Myanmar",2022-07-30 10:53:10,synthetic.customer.001585@example.invalid,,Synthetic Customer 001585,!SYNTHETIC-NO-LOGIN!,+959000001585,,CUSTOMER,2022-08-27 10:53:10
101585,1,"Synthetic Township 26, Myanmar",2022-01-11 15:30:35,synthetic.customer.001586@example.invalid,,Synthetic Customer 001586,!SYNTHETIC-NO-LOGIN!,+959000001586,,CUSTOMER,2022-01-14 15:30:35
101586,1,"Synthetic Township 27, Myanmar",2022-01-08 01:49:07,synthetic.customer.001587@example.invalid,,Synthetic Customer 001587,!SYNTHETIC-NO-LOGIN!,+959000001587,,CUSTOMER,2022-04-12 01:49:07
101587,1,"Synthetic Township 28, Myanmar",2025-11-07 09:51:33,synthetic.customer.001588@example.invalid,,Synthetic Customer 001588,!SYNTHETIC-NO-LOGIN!,+959000001588,,CUSTOMER,2025-11-29 09:51:33
101588,1,"Synthetic Township 29, Myanmar",2022-12-02 02:06:36,synthetic.customer.001589@example.invalid,,Synthetic Customer 001589,!SYNTHETIC-NO-LOGIN!,+959000001589,,CUSTOMER,2023-01-03 02:06:36
101589,1,"Synthetic Township 30, Myanmar",2023-08-12 11:13:46,synthetic.customer.001590@example.invalid,,Synthetic Customer 001590,!SYNTHETIC-NO-LOGIN!,+959000001590,,CUSTOMER,2023-11-29 11:13:46
101590,1,"Synthetic Township 31, Myanmar",2025-05-20 02:37:19,synthetic.customer.001591@example.invalid,,Synthetic Customer 001591,!SYNTHETIC-NO-LOGIN!,+959000001591,,CUSTOMER,2025-05-29 02:37:19
101591,0,"Synthetic Township 32, Myanmar",2021-10-02 18:12:29,synthetic.customer.001592@example.invalid,,Synthetic Customer 001592,!SYNTHETIC-NO-LOGIN!,+959000001592,,CUSTOMER,2022-01-06 18:12:29
101592,1,"Synthetic Township 33, Myanmar",2022-11-19 11:46:02,synthetic.customer.001593@example.invalid,,Synthetic Customer 001593,!SYNTHETIC-NO-LOGIN!,+959000001593,,CUSTOMER,2023-01-12 11:46:02
101593,1,"Synthetic Township 34, Myanmar",2026-08-31 02:56:31,synthetic.customer.001594@example.invalid,,Synthetic Customer 001594,!SYNTHETIC-NO-LOGIN!,+959000001594,,CUSTOMER,2026-12-19 02:56:31
101594,1,"Synthetic Township 35, Myanmar",2023-09-11 16:33:00,synthetic.customer.001595@example.invalid,,Synthetic Customer 001595,!SYNTHETIC-NO-LOGIN!,+959000001595,,CUSTOMER,2023-12-10 16:33:00
101595,1,"Synthetic Township 36, Myanmar",2021-10-27 06:17:28,synthetic.customer.001596@example.invalid,,Synthetic Customer 001596,!SYNTHETIC-NO-LOGIN!,+959000001596,,CUSTOMER,2021-11-24 06:17:28
101596,1,"Synthetic Township 37, Myanmar",2026-06-07 07:07:28,synthetic.customer.001597@example.invalid,,Synthetic Customer 001597,!SYNTHETIC-NO-LOGIN!,+959000001597,,CUSTOMER,2026-07-03 07:07:28
101597,1,"Synthetic Township 38, Myanmar",2024-07-29 14:09:58,synthetic.customer.001598@example.invalid,,Synthetic Customer 001598,!SYNTHETIC-NO-LOGIN!,+959000001598,,CUSTOMER,2024-08-04 14:09:58
101598,1,"Synthetic Township 39, Myanmar",2026-07-17 08:04:49,synthetic.customer.001599@example.invalid,,Synthetic Customer 001599,!SYNTHETIC-NO-LOGIN!,+959000001599,,CUSTOMER,2026-10-27 08:04:49
101599,1,"Synthetic Township 40, Myanmar",2021-11-13 21:05:24,synthetic.customer.001600@example.invalid,,Synthetic Customer 001600,!SYNTHETIC-NO-LOGIN!,+959000001600,,CUSTOMER,2022-01-01 21:05:24
101600,1,"Synthetic Township 41, Myanmar",2024-04-28 06:25:40,synthetic.customer.001601@example.invalid,,Synthetic Customer 001601,!SYNTHETIC-NO-LOGIN!,+959000001601,,CUSTOMER,2024-08-10 06:25:40
101601,1,"Synthetic Township 42, Myanmar",2022-12-25 21:58:35,synthetic.customer.001602@example.invalid,,Synthetic Customer 001602,!SYNTHETIC-NO-LOGIN!,+959000001602,,CUSTOMER,2023-03-21 21:58:35
101602,1,"Synthetic Township 43, Myanmar",2026-07-30 13:51:43,synthetic.customer.001603@example.invalid,,Synthetic Customer 001603,!SYNTHETIC-NO-LOGIN!,+959000001603,,CUSTOMER,2026-08-22 13:51:43
101603,1,"Synthetic Township 44, Myanmar",2025-03-11 19:51:23,synthetic.customer.001604@example.invalid,,Synthetic Customer 001604,!SYNTHETIC-NO-LOGIN!,+959000001604,,CUSTOMER,2025-06-14 19:51:23
101604,1,"Synthetic Township 45, Myanmar",2025-10-06 13:49:48,synthetic.customer.001605@example.invalid,,Synthetic Customer 001605,!SYNTHETIC-NO-LOGIN!,+959000001605,,CUSTOMER,2025-12-22 13:49:48
101605,1,"Synthetic Township 46, Myanmar",2022-10-12 14:31:04,synthetic.customer.001606@example.invalid,,Synthetic Customer 001606,!SYNTHETIC-NO-LOGIN!,+959000001606,,CUSTOMER,2022-11-16 14:31:04
101606,1,"Synthetic Township 47, Myanmar",2026-01-24 19:48:36,synthetic.customer.001607@example.invalid,,Synthetic Customer 001607,!SYNTHETIC-NO-LOGIN!,+959000001607,,CUSTOMER,2026-02-12 19:48:36
101607,1,"Synthetic Township 48, Myanmar",2025-02-28 01:22:59,synthetic.customer.001608@example.invalid,,Synthetic Customer 001608,!SYNTHETIC-NO-LOGIN!,+959000001608,,CUSTOMER,2025-06-09 01:22:59
101608,1,"Synthetic Township 49, Myanmar",2025-11-23 19:09:07,synthetic.customer.001609@example.invalid,,Synthetic Customer 001609,!SYNTHETIC-NO-LOGIN!,+959000001609,,CUSTOMER,2026-01-30 19:09:07
101609,1,"Synthetic Township 50, Myanmar",2025-09-02 23:19:37,synthetic.customer.001610@example.invalid,,Synthetic Customer 001610,!SYNTHETIC-NO-LOGIN!,+959000001610,,CUSTOMER,2025-09-19 23:19:37
101610,1,"Synthetic Township 51, Myanmar",2022-02-20 17:06:23,synthetic.customer.001611@example.invalid,,Synthetic Customer 001611,!SYNTHETIC-NO-LOGIN!,+959000001611,,CUSTOMER,2022-03-30 17:06:23
101611,1,"Synthetic Township 52, Myanmar",2024-09-05 08:43:17,synthetic.customer.001612@example.invalid,,Synthetic Customer 001612,!SYNTHETIC-NO-LOGIN!,+959000001612,,CUSTOMER,2024-10-03 08:43:17
101612,1,"Synthetic Township 53, Myanmar",2022-05-10 22:22:36,synthetic.customer.001613@example.invalid,,Synthetic Customer 001613,!SYNTHETIC-NO-LOGIN!,+959000001613,,CUSTOMER,2022-08-01 22:22:36
101613,1,"Synthetic Township 54, Myanmar",2023-10-18 09:47:12,synthetic.customer.001614@example.invalid,,Synthetic Customer 001614,!SYNTHETIC-NO-LOGIN!,+959000001614,,CUSTOMER,2024-02-15 09:47:12
101614,1,"Synthetic Township 55, Myanmar",2022-08-24 15:56:04,synthetic.customer.001615@example.invalid,,Synthetic Customer 001615,!SYNTHETIC-NO-LOGIN!,+959000001615,,CUSTOMER,2022-08-27 15:56:04
101615,1,"Synthetic Township 56, Myanmar",2021-09-11 14:16:46,synthetic.customer.001616@example.invalid,,Synthetic Customer 001616,!SYNTHETIC-NO-LOGIN!,+959000001616,,CUSTOMER,2021-10-18 14:16:46
101616,1,"Synthetic Township 57, Myanmar",2023-08-27 09:45:45,synthetic.customer.001617@example.invalid,,Synthetic Customer 001617,!SYNTHETIC-NO-LOGIN!,+959000001617,,CUSTOMER,2023-12-01 09:45:45
101617,1,"Synthetic Township 58, Myanmar",2022-11-25 21:56:56,synthetic.customer.001618@example.invalid,,Synthetic Customer 001618,!SYNTHETIC-NO-LOGIN!,+959000001618,,CUSTOMER,2023-02-13 21:56:56
101618,1,"Synthetic Township 59, Myanmar",2025-01-27 19:09:13,synthetic.customer.001619@example.invalid,,Synthetic Customer 001619,!SYNTHETIC-NO-LOGIN!,+959000001619,,CUSTOMER,2025-05-12 19:09:13
101619,1,"Synthetic Township 60, Myanmar",2024-09-13 07:06:12,synthetic.customer.001620@example.invalid,,Synthetic Customer 001620,!SYNTHETIC-NO-LOGIN!,+959000001620,,CUSTOMER,2024-10-14 07:06:12
101620,1,"Synthetic Township 1, Myanmar",2023-02-09 03:18:47,synthetic.customer.001621@example.invalid,,Synthetic Customer 001621,!SYNTHETIC-NO-LOGIN!,+959000001621,,CUSTOMER,2023-05-14 03:18:47
101621,1,"Synthetic Township 2, Myanmar",2024-09-25 19:21:07,synthetic.customer.001622@example.invalid,,Synthetic Customer 001622,!SYNTHETIC-NO-LOGIN!,+959000001622,,CUSTOMER,2024-10-30 19:21:07
101622,1,"Synthetic Township 3, Myanmar",2024-06-22 21:09:17,synthetic.customer.001623@example.invalid,,Synthetic Customer 001623,!SYNTHETIC-NO-LOGIN!,+959000001623,,CUSTOMER,2024-08-17 21:09:17
101623,1,"Synthetic Township 4, Myanmar",2021-09-13 06:28:13,synthetic.customer.001624@example.invalid,,Synthetic Customer 001624,!SYNTHETIC-NO-LOGIN!,+959000001624,,CUSTOMER,2021-11-05 06:28:13
101624,1,"Synthetic Township 5, Myanmar",2021-10-06 04:24:19,synthetic.customer.001625@example.invalid,,Synthetic Customer 001625,!SYNTHETIC-NO-LOGIN!,+959000001625,,CUSTOMER,2022-01-18 04:24:19
101625,1,"Synthetic Township 6, Myanmar",2023-08-18 06:27:49,synthetic.customer.001626@example.invalid,,Synthetic Customer 001626,!SYNTHETIC-NO-LOGIN!,+959000001626,,CUSTOMER,2023-10-15 06:27:49
101626,1,"Synthetic Township 7, Myanmar",2022-11-16 16:12:46,synthetic.customer.001627@example.invalid,,Synthetic Customer 001627,!SYNTHETIC-NO-LOGIN!,+959000001627,,CUSTOMER,2022-12-11 16:12:46
101627,1,"Synthetic Township 8, Myanmar",2026-08-28 00:49:37,synthetic.customer.001628@example.invalid,,Synthetic Customer 001628,!SYNTHETIC-NO-LOGIN!,+959000001628,,CUSTOMER,2026-12-24 00:49:37
101628,0,"Synthetic Township 9, Myanmar",2024-10-02 03:43:06,synthetic.customer.001629@example.invalid,,Synthetic Customer 001629,!SYNTHETIC-NO-LOGIN!,+959000001629,,CUSTOMER,2024-10-07 03:43:06
101629,1,"Synthetic Township 10, Myanmar",2025-02-07 22:13:01,synthetic.customer.001630@example.invalid,,Synthetic Customer 001630,!SYNTHETIC-NO-LOGIN!,+959000001630,,CUSTOMER,2025-04-22 22:13:01
101630,1,"Synthetic Township 11, Myanmar",2023-06-03 09:30:33,synthetic.customer.001631@example.invalid,,Synthetic Customer 001631,!SYNTHETIC-NO-LOGIN!,+959000001631,,CUSTOMER,2023-08-19 09:30:33
101631,1,"Synthetic Township 12, Myanmar",2024-12-18 01:12:27,synthetic.customer.001632@example.invalid,,Synthetic Customer 001632,!SYNTHETIC-NO-LOGIN!,+959000001632,,CUSTOMER,2025-02-23 01:12:27
101632,1,"Synthetic Township 13, Myanmar",2024-10-26 15:22:31,synthetic.customer.001633@example.invalid,,Synthetic Customer 001633,!SYNTHETIC-NO-LOGIN!,+959000001633,,CUSTOMER,2024-12-25 15:22:31
101633,1,"Synthetic Township 14, Myanmar",2025-11-04 18:44:33,synthetic.customer.001634@example.invalid,,Synthetic Customer 001634,!SYNTHETIC-NO-LOGIN!,+959000001634,,CUSTOMER,2025-12-01 18:44:33
101634,1,"Synthetic Township 15, Myanmar",2022-10-29 23:07:46,synthetic.customer.001635@example.invalid,,Synthetic Customer 001635,!SYNTHETIC-NO-LOGIN!,+959000001635,,CUSTOMER,2023-02-14 23:07:46
101635,1,"Synthetic Township 16, Myanmar",2026-02-22 16:00:27,synthetic.customer.001636@example.invalid,,Synthetic Customer 001636,!SYNTHETIC-NO-LOGIN!,+959000001636,,CUSTOMER,2026-03-02 16:00:27
101636,1,"Synthetic Township 17, Myanmar",2024-09-12 21:24:31,synthetic.customer.001637@example.invalid,,Synthetic Customer 001637,!SYNTHETIC-NO-LOGIN!,+959000001637,,CUSTOMER,2024-11-28 21:24:31
101637,1,"Synthetic Township 18, Myanmar",2023-10-21 05:15:12,synthetic.customer.001638@example.invalid,,Synthetic Customer 001638,!SYNTHETIC-NO-LOGIN!,+959000001638,,CUSTOMER,2024-02-16 05:15:12
101638,1,"Synthetic Township 19, Myanmar",2022-05-10 10:55:19,synthetic.customer.001639@example.invalid,,Synthetic Customer 001639,!SYNTHETIC-NO-LOGIN!,+959000001639,,CUSTOMER,2022-07-19 10:55:19
101639,1,"Synthetic Township 20, Myanmar",2025-10-02 07:33:33,synthetic.customer.001640@example.invalid,,Synthetic Customer 001640,!SYNTHETIC-NO-LOGIN!,+959000001640,,CUSTOMER,2025-12-02 07:33:33
101640,1,"Synthetic Township 21, Myanmar",2026-07-15 21:15:07,synthetic.customer.001641@example.invalid,,Synthetic Customer 001641,!SYNTHETIC-NO-LOGIN!,+959000001641,,CUSTOMER,2026-09-27 21:15:07
101641,1,"Synthetic Township 22, Myanmar",2022-02-26 03:25:31,synthetic.customer.001642@example.invalid,,Synthetic Customer 001642,!SYNTHETIC-NO-LOGIN!,+959000001642,,CUSTOMER,2022-03-19 03:25:31
101642,1,"Synthetic Township 23, Myanmar",2022-11-20 20:24:35,synthetic.customer.001643@example.invalid,,Synthetic Customer 001643,!SYNTHETIC-NO-LOGIN!,+959000001643,,CUSTOMER,2022-12-04 20:24:35
101643,1,"Synthetic Township 24, Myanmar",2026-04-28 22:21:13,synthetic.customer.001644@example.invalid,,Synthetic Customer 001644,!SYNTHETIC-NO-LOGIN!,+959000001644,,CUSTOMER,2026-08-08 22:21:13
101644,1,"Synthetic Township 25, Myanmar",2026-01-01 06:14:58,synthetic.customer.001645@example.invalid,,Synthetic Customer 001645,!SYNTHETIC-NO-LOGIN!,+959000001645,,CUSTOMER,2026-03-17 06:14:58
101645,1,"Synthetic Township 26, Myanmar",2026-02-04 14:26:38,synthetic.customer.001646@example.invalid,,Synthetic Customer 001646,!SYNTHETIC-NO-LOGIN!,+959000001646,,CUSTOMER,2026-04-29 14:26:38
101646,1,"Synthetic Township 27, Myanmar",2024-11-14 04:11:15,synthetic.customer.001647@example.invalid,,Synthetic Customer 001647,!SYNTHETIC-NO-LOGIN!,+959000001647,,CUSTOMER,2025-02-18 04:11:15
101647,1,"Synthetic Township 28, Myanmar",2025-11-12 12:14:49,synthetic.customer.001648@example.invalid,,Synthetic Customer 001648,!SYNTHETIC-NO-LOGIN!,+959000001648,,CUSTOMER,2025-12-07 12:14:49
101648,1,"Synthetic Township 29, Myanmar",2023-11-30 07:49:37,synthetic.customer.001649@example.invalid,,Synthetic Customer 001649,!SYNTHETIC-NO-LOGIN!,+959000001649,,CUSTOMER,2024-02-10 07:49:37
101649,1,"Synthetic Township 30, Myanmar",2021-09-20 09:53:33,synthetic.customer.001650@example.invalid,,Synthetic Customer 001650,!SYNTHETIC-NO-LOGIN!,+959000001650,,CUSTOMER,2021-11-15 09:53:33
101650,1,"Synthetic Township 31, Myanmar",2022-05-03 12:17:07,synthetic.customer.001651@example.invalid,,Synthetic Customer 001651,!SYNTHETIC-NO-LOGIN!,+959000001651,,CUSTOMER,2022-08-28 12:17:07
101651,1,"Synthetic Township 32, Myanmar",2022-10-21 20:02:24,synthetic.customer.001652@example.invalid,,Synthetic Customer 001652,!SYNTHETIC-NO-LOGIN!,+959000001652,,CUSTOMER,2022-10-25 20:02:24
101652,1,"Synthetic Township 33, Myanmar",2025-04-03 11:27:51,synthetic.customer.001653@example.invalid,,Synthetic Customer 001653,!SYNTHETIC-NO-LOGIN!,+959000001653,,CUSTOMER,2025-05-29 11:27:51
101653,1,"Synthetic Township 34, Myanmar",2023-09-30 20:48:58,synthetic.customer.001654@example.invalid,,Synthetic Customer 001654,!SYNTHETIC-NO-LOGIN!,+959000001654,,CUSTOMER,2024-01-15 20:48:58
101654,1,"Synthetic Township 35, Myanmar",2022-03-28 21:39:07,synthetic.customer.001655@example.invalid,,Synthetic Customer 001655,!SYNTHETIC-NO-LOGIN!,+959000001655,,CUSTOMER,2022-06-03 21:39:07
101655,1,"Synthetic Township 36, Myanmar",2023-09-24 03:50:46,synthetic.customer.001656@example.invalid,,Synthetic Customer 001656,!SYNTHETIC-NO-LOGIN!,+959000001656,,CUSTOMER,2023-10-25 03:50:46
101656,1,"Synthetic Township 37, Myanmar",2024-04-20 17:51:22,synthetic.customer.001657@example.invalid,,Synthetic Customer 001657,!SYNTHETIC-NO-LOGIN!,+959000001657,,CUSTOMER,2024-05-30 17:51:22
101657,1,"Synthetic Township 38, Myanmar",2023-04-27 11:43:33,synthetic.customer.001658@example.invalid,,Synthetic Customer 001658,!SYNTHETIC-NO-LOGIN!,+959000001658,,CUSTOMER,2023-06-30 11:43:33
101658,1,"Synthetic Township 39, Myanmar",2024-03-31 00:07:38,synthetic.customer.001659@example.invalid,,Synthetic Customer 001659,!SYNTHETIC-NO-LOGIN!,+959000001659,,CUSTOMER,2024-04-19 00:07:38
101659,1,"Synthetic Township 40, Myanmar",2025-08-16 20:04:43,synthetic.customer.001660@example.invalid,,Synthetic Customer 001660,!SYNTHETIC-NO-LOGIN!,+959000001660,,CUSTOMER,2025-09-02 20:04:43
101660,1,"Synthetic Township 41, Myanmar",2021-11-24 17:42:20,synthetic.customer.001661@example.invalid,,Synthetic Customer 001661,!SYNTHETIC-NO-LOGIN!,+959000001661,,CUSTOMER,2021-12-25 17:42:20
101661,1,"Synthetic Township 42, Myanmar",2022-11-01 06:26:40,synthetic.customer.001662@example.invalid,,Synthetic Customer 001662,!SYNTHETIC-NO-LOGIN!,+959000001662,,CUSTOMER,2023-01-30 06:26:40
101662,1,"Synthetic Township 43, Myanmar",2022-02-05 07:55:29,synthetic.customer.001663@example.invalid,,Synthetic Customer 001663,!SYNTHETIC-NO-LOGIN!,+959000001663,,CUSTOMER,2022-04-10 07:55:29
101663,1,"Synthetic Township 44, Myanmar",2021-10-12 16:25:51,synthetic.customer.001664@example.invalid,,Synthetic Customer 001664,!SYNTHETIC-NO-LOGIN!,+959000001664,,CUSTOMER,2021-11-29 16:25:51
101664,1,"Synthetic Township 45, Myanmar",2024-10-17 01:37:15,synthetic.customer.001665@example.invalid,,Synthetic Customer 001665,!SYNTHETIC-NO-LOGIN!,+959000001665,,CUSTOMER,2024-12-06 01:37:15
101665,0,"Synthetic Township 46, Myanmar",2022-11-11 18:44:54,synthetic.customer.001666@example.invalid,,Synthetic Customer 001666,!SYNTHETIC-NO-LOGIN!,+959000001666,,CUSTOMER,2022-12-31 18:44:54
101666,1,"Synthetic Township 47, Myanmar",2021-12-30 23:56:16,synthetic.customer.001667@example.invalid,,Synthetic Customer 001667,!SYNTHETIC-NO-LOGIN!,+959000001667,,CUSTOMER,2022-04-13 23:56:16
101667,1,"Synthetic Township 48, Myanmar",2022-01-01 06:15:01,synthetic.customer.001668@example.invalid,,Synthetic Customer 001668,!SYNTHETIC-NO-LOGIN!,+959000001668,,CUSTOMER,2022-01-24 06:15:01
101668,1,"Synthetic Township 49, Myanmar",2024-01-04 01:32:17,synthetic.customer.001669@example.invalid,,Synthetic Customer 001669,!SYNTHETIC-NO-LOGIN!,+959000001669,,CUSTOMER,2024-02-13 01:32:17
101669,1,"Synthetic Township 50, Myanmar",2026-01-27 20:43:05,synthetic.customer.001670@example.invalid,,Synthetic Customer 001670,!SYNTHETIC-NO-LOGIN!,+959000001670,,CUSTOMER,2026-03-08 20:43:05
101670,1,"Synthetic Township 51, Myanmar",2024-08-03 18:54:45,synthetic.customer.001671@example.invalid,,Synthetic Customer 001671,!SYNTHETIC-NO-LOGIN!,+959000001671,,CUSTOMER,2024-10-09 18:54:45
101671,1,"Synthetic Township 52, Myanmar",2026-03-07 03:36:34,synthetic.customer.001672@example.invalid,,Synthetic Customer 001672,!SYNTHETIC-NO-LOGIN!,+959000001672,,CUSTOMER,2026-05-30 03:36:34
101672,1,"Synthetic Township 53, Myanmar",2025-12-01 02:14:37,synthetic.customer.001673@example.invalid,,Synthetic Customer 001673,!SYNTHETIC-NO-LOGIN!,+959000001673,,CUSTOMER,2026-01-21 02:14:37
101673,1,"Synthetic Township 54, Myanmar",2024-03-23 17:23:57,synthetic.customer.001674@example.invalid,,Synthetic Customer 001674,!SYNTHETIC-NO-LOGIN!,+959000001674,,CUSTOMER,2024-05-08 17:23:57
101674,1,"Synthetic Township 55, Myanmar",2024-07-05 06:21:14,synthetic.customer.001675@example.invalid,,Synthetic Customer 001675,!SYNTHETIC-NO-LOGIN!,+959000001675,,CUSTOMER,2024-07-29 06:21:14
101675,1,"Synthetic Township 56, Myanmar",2023-08-26 11:05:24,synthetic.customer.001676@example.invalid,,Synthetic Customer 001676,!SYNTHETIC-NO-LOGIN!,+959000001676,,CUSTOMER,2023-11-03 11:05:24
101676,1,"Synthetic Township 57, Myanmar",2022-07-05 20:20:03,synthetic.customer.001677@example.invalid,,Synthetic Customer 001677,!SYNTHETIC-NO-LOGIN!,+959000001677,,CUSTOMER,2022-07-24 20:20:03
101677,1,"Synthetic Township 58, Myanmar",2024-01-05 09:12:10,synthetic.customer.001678@example.invalid,,Synthetic Customer 001678,!SYNTHETIC-NO-LOGIN!,+959000001678,,CUSTOMER,2024-01-05 09:12:10
101678,1,"Synthetic Township 59, Myanmar",2026-03-18 14:46:46,synthetic.customer.001679@example.invalid,,Synthetic Customer 001679,!SYNTHETIC-NO-LOGIN!,+959000001679,,CUSTOMER,2026-06-28 14:46:46
101679,1,"Synthetic Township 60, Myanmar",2024-06-22 11:48:43,synthetic.customer.001680@example.invalid,,Synthetic Customer 001680,!SYNTHETIC-NO-LOGIN!,+959000001680,,CUSTOMER,2024-06-26 11:48:43
101680,1,"Synthetic Township 1, Myanmar",2024-03-23 16:12:55,synthetic.customer.001681@example.invalid,,Synthetic Customer 001681,!SYNTHETIC-NO-LOGIN!,+959000001681,,CUSTOMER,2024-03-31 16:12:55
101681,1,"Synthetic Township 2, Myanmar",2023-04-11 22:33:08,synthetic.customer.001682@example.invalid,,Synthetic Customer 001682,!SYNTHETIC-NO-LOGIN!,+959000001682,,CUSTOMER,2023-04-15 22:33:08
101682,1,"Synthetic Township 3, Myanmar",2021-11-01 18:47:47,synthetic.customer.001683@example.invalid,,Synthetic Customer 001683,!SYNTHETIC-NO-LOGIN!,+959000001683,,CUSTOMER,2022-02-20 18:47:47
101683,1,"Synthetic Township 4, Myanmar",2022-06-01 11:02:18,synthetic.customer.001684@example.invalid,,Synthetic Customer 001684,!SYNTHETIC-NO-LOGIN!,+959000001684,,CUSTOMER,2022-09-03 11:02:18
101684,1,"Synthetic Township 5, Myanmar",2024-12-27 07:09:26,synthetic.customer.001685@example.invalid,,Synthetic Customer 001685,!SYNTHETIC-NO-LOGIN!,+959000001685,,CUSTOMER,2025-03-04 07:09:26
101685,1,"Synthetic Township 6, Myanmar",2022-01-14 14:03:11,synthetic.customer.001686@example.invalid,,Synthetic Customer 001686,!SYNTHETIC-NO-LOGIN!,+959000001686,,CUSTOMER,2022-02-06 14:03:11
101686,1,"Synthetic Township 7, Myanmar",2024-07-22 09:56:25,synthetic.customer.001687@example.invalid,,Synthetic Customer 001687,!SYNTHETIC-NO-LOGIN!,+959000001687,,CUSTOMER,2024-09-03 09:56:25
101687,1,"Synthetic Township 8, Myanmar",2022-03-27 18:31:17,synthetic.customer.001688@example.invalid,,Synthetic Customer 001688,!SYNTHETIC-NO-LOGIN!,+959000001688,,CUSTOMER,2022-06-11 18:31:17
101688,1,"Synthetic Township 9, Myanmar",2024-12-17 21:48:17,synthetic.customer.001689@example.invalid,,Synthetic Customer 001689,!SYNTHETIC-NO-LOGIN!,+959000001689,,CUSTOMER,2024-12-22 21:48:17
101689,1,"Synthetic Township 10, Myanmar",2026-07-26 09:10:50,synthetic.customer.001690@example.invalid,,Synthetic Customer 001690,!SYNTHETIC-NO-LOGIN!,+959000001690,,CUSTOMER,2026-08-27 09:10:50
101690,1,"Synthetic Township 11, Myanmar",2024-07-02 15:06:52,synthetic.customer.001691@example.invalid,,Synthetic Customer 001691,!SYNTHETIC-NO-LOGIN!,+959000001691,,CUSTOMER,2024-08-21 15:06:52
101691,1,"Synthetic Township 12, Myanmar",2025-11-08 15:11:45,synthetic.customer.001692@example.invalid,,Synthetic Customer 001692,!SYNTHETIC-NO-LOGIN!,+959000001692,,CUSTOMER,2026-02-21 15:11:45
101692,1,"Synthetic Township 13, Myanmar",2024-08-22 20:40:53,synthetic.customer.001693@example.invalid,,Synthetic Customer 001693,!SYNTHETIC-NO-LOGIN!,+959000001693,,CUSTOMER,2024-09-07 20:40:53
101693,1,"Synthetic Township 14, Myanmar",2022-01-30 07:08:28,synthetic.customer.001694@example.invalid,,Synthetic Customer 001694,!SYNTHETIC-NO-LOGIN!,+959000001694,,CUSTOMER,2022-03-09 07:08:28
101694,1,"Synthetic Township 15, Myanmar",2022-04-18 18:28:57,synthetic.customer.001695@example.invalid,,Synthetic Customer 001695,!SYNTHETIC-NO-LOGIN!,+959000001695,,CUSTOMER,2022-07-25 18:28:57
101695,1,"Synthetic Township 16, Myanmar",2023-10-28 15:16:37,synthetic.customer.001696@example.invalid,,Synthetic Customer 001696,!SYNTHETIC-NO-LOGIN!,+959000001696,,CUSTOMER,2024-01-03 15:16:37
101696,1,"Synthetic Township 17, Myanmar",2022-04-20 00:03:40,synthetic.customer.001697@example.invalid,,Synthetic Customer 001697,!SYNTHETIC-NO-LOGIN!,+959000001697,,CUSTOMER,2022-07-22 00:03:40
101697,1,"Synthetic Township 18, Myanmar",2023-12-22 20:13:07,synthetic.customer.001698@example.invalid,,Synthetic Customer 001698,!SYNTHETIC-NO-LOGIN!,+959000001698,,CUSTOMER,2024-02-26 20:13:07
101698,1,"Synthetic Township 19, Myanmar",2022-01-09 21:59:06,synthetic.customer.001699@example.invalid,,Synthetic Customer 001699,!SYNTHETIC-NO-LOGIN!,+959000001699,,CUSTOMER,2022-04-20 21:59:06
101699,1,"Synthetic Township 20, Myanmar",2026-06-19 20:42:55,synthetic.customer.001700@example.invalid,,Synthetic Customer 001700,!SYNTHETIC-NO-LOGIN!,+959000001700,,CUSTOMER,2026-06-19 20:42:55
101700,1,"Synthetic Township 21, Myanmar",2026-01-13 23:24:46,synthetic.customer.001701@example.invalid,,Synthetic Customer 001701,!SYNTHETIC-NO-LOGIN!,+959000001701,,CUSTOMER,2026-05-11 23:24:46
101701,1,"Synthetic Township 22, Myanmar",2023-03-14 09:09:55,synthetic.customer.001702@example.invalid,,Synthetic Customer 001702,!SYNTHETIC-NO-LOGIN!,+959000001702,,CUSTOMER,2023-06-17 09:09:55
101702,0,"Synthetic Township 23, Myanmar",2025-06-11 21:27:46,synthetic.customer.001703@example.invalid,,Synthetic Customer 001703,!SYNTHETIC-NO-LOGIN!,+959000001703,,CUSTOMER,2025-10-02 21:27:46
101703,1,"Synthetic Township 24, Myanmar",2025-01-27 08:38:10,synthetic.customer.001704@example.invalid,,Synthetic Customer 001704,!SYNTHETIC-NO-LOGIN!,+959000001704,,CUSTOMER,2025-03-12 08:38:10
101704,1,"Synthetic Township 25, Myanmar",2022-03-29 16:46:03,synthetic.customer.001705@example.invalid,,Synthetic Customer 001705,!SYNTHETIC-NO-LOGIN!,+959000001705,,CUSTOMER,2022-07-06 16:46:03
101705,1,"Synthetic Township 26, Myanmar",2022-08-09 14:16:12,synthetic.customer.001706@example.invalid,,Synthetic Customer 001706,!SYNTHETIC-NO-LOGIN!,+959000001706,,CUSTOMER,2022-10-25 14:16:12
101706,1,"Synthetic Township 27, Myanmar",2025-01-16 01:17:38,synthetic.customer.001707@example.invalid,,Synthetic Customer 001707,!SYNTHETIC-NO-LOGIN!,+959000001707,,CUSTOMER,2025-02-14 01:17:38
101707,1,"Synthetic Township 28, Myanmar",2026-04-16 12:43:50,synthetic.customer.001708@example.invalid,,Synthetic Customer 001708,!SYNTHETIC-NO-LOGIN!,+959000001708,,CUSTOMER,2026-07-24 12:43:50
101708,1,"Synthetic Township 29, Myanmar",2026-01-25 08:03:37,synthetic.customer.001709@example.invalid,,Synthetic Customer 001709,!SYNTHETIC-NO-LOGIN!,+959000001709,,CUSTOMER,2026-05-19 08:03:37
101709,1,"Synthetic Township 30, Myanmar",2026-06-10 10:50:10,synthetic.customer.001710@example.invalid,,Synthetic Customer 001710,!SYNTHETIC-NO-LOGIN!,+959000001710,,CUSTOMER,2026-10-05 10:50:10
101710,1,"Synthetic Township 31, Myanmar",2022-05-26 12:53:58,synthetic.customer.001711@example.invalid,,Synthetic Customer 001711,!SYNTHETIC-NO-LOGIN!,+959000001711,,CUSTOMER,2022-09-22 12:53:58
101711,1,"Synthetic Township 32, Myanmar",2026-06-04 21:30:13,synthetic.customer.001712@example.invalid,,Synthetic Customer 001712,!SYNTHETIC-NO-LOGIN!,+959000001712,,CUSTOMER,2026-06-24 21:30:13
101712,1,"Synthetic Township 33, Myanmar",2024-08-28 03:13:44,synthetic.customer.001713@example.invalid,,Synthetic Customer 001713,!SYNTHETIC-NO-LOGIN!,+959000001713,,CUSTOMER,2024-11-28 03:13:44
101713,1,"Synthetic Township 34, Myanmar",2024-10-19 23:45:44,synthetic.customer.001714@example.invalid,,Synthetic Customer 001714,!SYNTHETIC-NO-LOGIN!,+959000001714,,CUSTOMER,2024-11-11 23:45:44
101714,1,"Synthetic Township 35, Myanmar",2022-05-26 19:04:24,synthetic.customer.001715@example.invalid,,Synthetic Customer 001715,!SYNTHETIC-NO-LOGIN!,+959000001715,,CUSTOMER,2022-06-05 19:04:24
101715,1,"Synthetic Township 36, Myanmar",2025-12-16 07:03:50,synthetic.customer.001716@example.invalid,,Synthetic Customer 001716,!SYNTHETIC-NO-LOGIN!,+959000001716,,CUSTOMER,2026-01-08 07:03:50
101716,1,"Synthetic Township 37, Myanmar",2022-05-19 04:51:23,synthetic.customer.001717@example.invalid,,Synthetic Customer 001717,!SYNTHETIC-NO-LOGIN!,+959000001717,,CUSTOMER,2022-08-27 04:51:23
101717,1,"Synthetic Township 38, Myanmar",2024-11-14 06:25:34,synthetic.customer.001718@example.invalid,,Synthetic Customer 001718,!SYNTHETIC-NO-LOGIN!,+959000001718,,CUSTOMER,2025-01-15 06:25:34
101718,1,"Synthetic Township 39, Myanmar",2024-08-07 13:30:48,synthetic.customer.001719@example.invalid,,Synthetic Customer 001719,!SYNTHETIC-NO-LOGIN!,+959000001719,,CUSTOMER,2024-10-02 13:30:48
101719,1,"Synthetic Township 40, Myanmar",2026-06-28 01:26:15,synthetic.customer.001720@example.invalid,,Synthetic Customer 001720,!SYNTHETIC-NO-LOGIN!,+959000001720,,CUSTOMER,2026-10-02 01:26:15
101720,1,"Synthetic Township 41, Myanmar",2022-07-07 16:27:57,synthetic.customer.001721@example.invalid,,Synthetic Customer 001721,!SYNTHETIC-NO-LOGIN!,+959000001721,,CUSTOMER,2022-09-21 16:27:57
101721,1,"Synthetic Township 42, Myanmar",2025-04-30 07:58:32,synthetic.customer.001722@example.invalid,,Synthetic Customer 001722,!SYNTHETIC-NO-LOGIN!,+959000001722,,CUSTOMER,2025-05-06 07:58:32
101722,1,"Synthetic Township 43, Myanmar",2025-05-26 02:59:34,synthetic.customer.001723@example.invalid,,Synthetic Customer 001723,!SYNTHETIC-NO-LOGIN!,+959000001723,,CUSTOMER,2025-09-20 02:59:34
101723,1,"Synthetic Township 44, Myanmar",2025-03-11 15:50:31,synthetic.customer.001724@example.invalid,,Synthetic Customer 001724,!SYNTHETIC-NO-LOGIN!,+959000001724,,CUSTOMER,2025-04-11 15:50:31
101724,1,"Synthetic Township 45, Myanmar",2024-05-07 07:31:00,synthetic.customer.001725@example.invalid,,Synthetic Customer 001725,!SYNTHETIC-NO-LOGIN!,+959000001725,,CUSTOMER,2024-06-19 07:31:00
101725,1,"Synthetic Township 46, Myanmar",2025-08-28 01:13:32,synthetic.customer.001726@example.invalid,,Synthetic Customer 001726,!SYNTHETIC-NO-LOGIN!,+959000001726,,CUSTOMER,2025-10-30 01:13:32
101726,1,"Synthetic Township 47, Myanmar",2022-09-07 17:58:53,synthetic.customer.001727@example.invalid,,Synthetic Customer 001727,!SYNTHETIC-NO-LOGIN!,+959000001727,,CUSTOMER,2022-12-29 17:58:53
101727,1,"Synthetic Township 48, Myanmar",2026-08-03 16:57:02,synthetic.customer.001728@example.invalid,,Synthetic Customer 001728,!SYNTHETIC-NO-LOGIN!,+959000001728,,CUSTOMER,2026-09-21 16:57:02
101728,1,"Synthetic Township 49, Myanmar",2026-03-05 05:15:35,synthetic.customer.001729@example.invalid,,Synthetic Customer 001729,!SYNTHETIC-NO-LOGIN!,+959000001729,,CUSTOMER,2026-06-06 05:15:35
101729,1,"Synthetic Township 50, Myanmar",2023-09-10 18:32:58,synthetic.customer.001730@example.invalid,,Synthetic Customer 001730,!SYNTHETIC-NO-LOGIN!,+959000001730,,CUSTOMER,2023-10-10 18:32:58
101730,1,"Synthetic Township 51, Myanmar",2026-08-03 23:12:45,synthetic.customer.001731@example.invalid,,Synthetic Customer 001731,!SYNTHETIC-NO-LOGIN!,+959000001731,,CUSTOMER,2026-11-08 23:12:45
101731,1,"Synthetic Township 52, Myanmar",2023-09-28 17:32:07,synthetic.customer.001732@example.invalid,,Synthetic Customer 001732,!SYNTHETIC-NO-LOGIN!,+959000001732,,CUSTOMER,2023-10-23 17:32:07
101732,1,"Synthetic Township 53, Myanmar",2023-06-09 21:31:56,synthetic.customer.001733@example.invalid,,Synthetic Customer 001733,!SYNTHETIC-NO-LOGIN!,+959000001733,,CUSTOMER,2023-07-20 21:31:56
101733,1,"Synthetic Township 54, Myanmar",2026-07-25 21:30:16,synthetic.customer.001734@example.invalid,,Synthetic Customer 001734,!SYNTHETIC-NO-LOGIN!,+959000001734,,CUSTOMER,2026-11-11 21:30:16
101734,1,"Synthetic Township 55, Myanmar",2025-03-15 04:30:14,synthetic.customer.001735@example.invalid,,Synthetic Customer 001735,!SYNTHETIC-NO-LOGIN!,+959000001735,,CUSTOMER,2025-06-03 04:30:14
101735,1,"Synthetic Township 56, Myanmar",2025-02-08 14:49:45,synthetic.customer.001736@example.invalid,,Synthetic Customer 001736,!SYNTHETIC-NO-LOGIN!,+959000001736,,CUSTOMER,2025-02-19 14:49:45
101736,1,"Synthetic Township 57, Myanmar",2026-05-05 22:40:55,synthetic.customer.001737@example.invalid,,Synthetic Customer 001737,!SYNTHETIC-NO-LOGIN!,+959000001737,,CUSTOMER,2026-05-27 22:40:55
101737,1,"Synthetic Township 58, Myanmar",2021-11-24 20:21:26,synthetic.customer.001738@example.invalid,,Synthetic Customer 001738,!SYNTHETIC-NO-LOGIN!,+959000001738,,CUSTOMER,2021-12-24 20:21:26
101738,1,"Synthetic Township 59, Myanmar",2024-11-29 04:11:49,synthetic.customer.001739@example.invalid,,Synthetic Customer 001739,!SYNTHETIC-NO-LOGIN!,+959000001739,,CUSTOMER,2025-03-13 04:11:49
101739,0,"Synthetic Township 60, Myanmar",2025-05-07 23:00:34,synthetic.customer.001740@example.invalid,,Synthetic Customer 001740,!SYNTHETIC-NO-LOGIN!,+959000001740,,CUSTOMER,2025-08-21 23:00:34
101740,1,"Synthetic Township 1, Myanmar",2022-09-14 17:02:37,synthetic.customer.001741@example.invalid,,Synthetic Customer 001741,!SYNTHETIC-NO-LOGIN!,+959000001741,,CUSTOMER,2022-11-06 17:02:37
101741,1,"Synthetic Township 2, Myanmar",2025-03-06 21:29:58,synthetic.customer.001742@example.invalid,,Synthetic Customer 001742,!SYNTHETIC-NO-LOGIN!,+959000001742,,CUSTOMER,2025-05-03 21:29:58
101742,1,"Synthetic Township 3, Myanmar",2024-02-06 21:20:44,synthetic.customer.001743@example.invalid,,Synthetic Customer 001743,!SYNTHETIC-NO-LOGIN!,+959000001743,,CUSTOMER,2024-06-01 21:20:44
101743,1,"Synthetic Township 4, Myanmar",2025-10-07 07:01:44,synthetic.customer.001744@example.invalid,,Synthetic Customer 001744,!SYNTHETIC-NO-LOGIN!,+959000001744,,CUSTOMER,2025-10-26 07:01:44
101744,1,"Synthetic Township 5, Myanmar",2023-01-06 23:17:26,synthetic.customer.001745@example.invalid,,Synthetic Customer 001745,!SYNTHETIC-NO-LOGIN!,+959000001745,,CUSTOMER,2023-01-15 23:17:26
101745,1,"Synthetic Township 6, Myanmar",2021-12-08 15:00:32,synthetic.customer.001746@example.invalid,,Synthetic Customer 001746,!SYNTHETIC-NO-LOGIN!,+959000001746,,CUSTOMER,2021-12-23 15:00:32
101746,1,"Synthetic Township 7, Myanmar",2024-02-09 13:21:28,synthetic.customer.001747@example.invalid,,Synthetic Customer 001747,!SYNTHETIC-NO-LOGIN!,+959000001747,,CUSTOMER,2024-05-19 13:21:28
101747,1,"Synthetic Township 8, Myanmar",2024-07-29 22:25:07,synthetic.customer.001748@example.invalid,,Synthetic Customer 001748,!SYNTHETIC-NO-LOGIN!,+959000001748,,CUSTOMER,2024-08-09 22:25:07
101748,1,"Synthetic Township 9, Myanmar",2024-11-30 19:25:32,synthetic.customer.001749@example.invalid,,Synthetic Customer 001749,!SYNTHETIC-NO-LOGIN!,+959000001749,,CUSTOMER,2025-03-26 19:25:32
101749,1,"Synthetic Township 10, Myanmar",2022-05-13 05:16:40,synthetic.customer.001750@example.invalid,,Synthetic Customer 001750,!SYNTHETIC-NO-LOGIN!,+959000001750,,CUSTOMER,2022-08-04 05:16:40
101750,1,"Synthetic Township 11, Myanmar",2024-03-31 18:23:35,synthetic.customer.001751@example.invalid,,Synthetic Customer 001751,!SYNTHETIC-NO-LOGIN!,+959000001751,,CUSTOMER,2024-04-04 18:23:35
101751,1,"Synthetic Township 12, Myanmar",2026-05-15 00:29:32,synthetic.customer.001752@example.invalid,,Synthetic Customer 001752,!SYNTHETIC-NO-LOGIN!,+959000001752,,CUSTOMER,2026-06-04 00:29:32
101752,1,"Synthetic Township 13, Myanmar",2026-05-20 07:52:37,synthetic.customer.001753@example.invalid,,Synthetic Customer 001753,!SYNTHETIC-NO-LOGIN!,+959000001753,,CUSTOMER,2026-06-04 07:52:37
101753,1,"Synthetic Township 14, Myanmar",2021-12-12 02:17:17,synthetic.customer.001754@example.invalid,,Synthetic Customer 001754,!SYNTHETIC-NO-LOGIN!,+959000001754,,CUSTOMER,2022-01-13 02:17:17
101754,1,"Synthetic Township 15, Myanmar",2023-02-03 02:44:07,synthetic.customer.001755@example.invalid,,Synthetic Customer 001755,!SYNTHETIC-NO-LOGIN!,+959000001755,,CUSTOMER,2023-02-21 02:44:07
101755,1,"Synthetic Township 16, Myanmar",2022-06-01 00:01:49,synthetic.customer.001756@example.invalid,,Synthetic Customer 001756,!SYNTHETIC-NO-LOGIN!,+959000001756,,CUSTOMER,2022-06-24 00:01:49
101756,1,"Synthetic Township 17, Myanmar",2025-01-16 13:13:18,synthetic.customer.001757@example.invalid,,Synthetic Customer 001757,!SYNTHETIC-NO-LOGIN!,+959000001757,,CUSTOMER,2025-02-18 13:13:18
101757,1,"Synthetic Township 18, Myanmar",2025-09-28 20:05:27,synthetic.customer.001758@example.invalid,,Synthetic Customer 001758,!SYNTHETIC-NO-LOGIN!,+959000001758,,CUSTOMER,2025-11-07 20:05:27
101758,1,"Synthetic Township 19, Myanmar",2023-02-09 11:02:29,synthetic.customer.001759@example.invalid,,Synthetic Customer 001759,!SYNTHETIC-NO-LOGIN!,+959000001759,,CUSTOMER,2023-06-06 11:02:29
101759,1,"Synthetic Township 20, Myanmar",2025-06-24 13:49:13,synthetic.customer.001760@example.invalid,,Synthetic Customer 001760,!SYNTHETIC-NO-LOGIN!,+959000001760,,CUSTOMER,2025-07-06 13:49:13
101760,1,"Synthetic Township 21, Myanmar",2025-07-16 12:27:51,synthetic.customer.001761@example.invalid,,Synthetic Customer 001761,!SYNTHETIC-NO-LOGIN!,+959000001761,,CUSTOMER,2025-10-14 12:27:51
101761,1,"Synthetic Township 22, Myanmar",2023-12-02 15:55:31,synthetic.customer.001762@example.invalid,,Synthetic Customer 001762,!SYNTHETIC-NO-LOGIN!,+959000001762,,CUSTOMER,2024-01-07 15:55:31
101762,1,"Synthetic Township 23, Myanmar",2022-04-14 20:23:37,synthetic.customer.001763@example.invalid,,Synthetic Customer 001763,!SYNTHETIC-NO-LOGIN!,+959000001763,,CUSTOMER,2022-04-30 20:23:37
101763,1,"Synthetic Township 24, Myanmar",2026-06-26 16:41:39,synthetic.customer.001764@example.invalid,,Synthetic Customer 001764,!SYNTHETIC-NO-LOGIN!,+959000001764,,CUSTOMER,2026-07-04 16:41:39
101764,1,"Synthetic Township 25, Myanmar",2025-01-10 13:16:02,synthetic.customer.001765@example.invalid,,Synthetic Customer 001765,!SYNTHETIC-NO-LOGIN!,+959000001765,,CUSTOMER,2025-01-11 13:16:02
101765,1,"Synthetic Township 26, Myanmar",2024-01-27 01:39:23,synthetic.customer.001766@example.invalid,,Synthetic Customer 001766,!SYNTHETIC-NO-LOGIN!,+959000001766,,CUSTOMER,2024-02-07 01:39:23
101766,1,"Synthetic Township 27, Myanmar",2026-01-13 22:51:29,synthetic.customer.001767@example.invalid,,Synthetic Customer 001767,!SYNTHETIC-NO-LOGIN!,+959000001767,,CUSTOMER,2026-04-28 22:51:29
101767,1,"Synthetic Township 28, Myanmar",2022-08-01 19:27:34,synthetic.customer.001768@example.invalid,,Synthetic Customer 001768,!SYNTHETIC-NO-LOGIN!,+959000001768,,CUSTOMER,2022-11-07 19:27:34
101768,1,"Synthetic Township 29, Myanmar",2025-10-24 05:39:02,synthetic.customer.001769@example.invalid,,Synthetic Customer 001769,!SYNTHETIC-NO-LOGIN!,+959000001769,,CUSTOMER,2026-01-25 05:39:02
101769,1,"Synthetic Township 30, Myanmar",2024-02-28 21:00:33,synthetic.customer.001770@example.invalid,,Synthetic Customer 001770,!SYNTHETIC-NO-LOGIN!,+959000001770,,CUSTOMER,2024-03-07 21:00:33
101770,1,"Synthetic Township 31, Myanmar",2025-10-27 03:06:25,synthetic.customer.001771@example.invalid,,Synthetic Customer 001771,!SYNTHETIC-NO-LOGIN!,+959000001771,,CUSTOMER,2025-11-28 03:06:25
101771,1,"Synthetic Township 32, Myanmar",2026-06-16 09:17:43,synthetic.customer.001772@example.invalid,,Synthetic Customer 001772,!SYNTHETIC-NO-LOGIN!,+959000001772,,CUSTOMER,2026-08-05 09:17:43
101772,1,"Synthetic Township 33, Myanmar",2023-10-27 12:56:41,synthetic.customer.001773@example.invalid,,Synthetic Customer 001773,!SYNTHETIC-NO-LOGIN!,+959000001773,,CUSTOMER,2023-12-03 12:56:41
101773,1,"Synthetic Township 34, Myanmar",2023-07-02 14:09:49,synthetic.customer.001774@example.invalid,,Synthetic Customer 001774,!SYNTHETIC-NO-LOGIN!,+959000001774,,CUSTOMER,2023-08-27 14:09:49
101774,1,"Synthetic Township 35, Myanmar",2025-12-08 10:39:57,synthetic.customer.001775@example.invalid,,Synthetic Customer 001775,!SYNTHETIC-NO-LOGIN!,+959000001775,,CUSTOMER,2026-01-20 10:39:57
101775,1,"Synthetic Township 36, Myanmar",2024-12-17 00:26:22,synthetic.customer.001776@example.invalid,,Synthetic Customer 001776,!SYNTHETIC-NO-LOGIN!,+959000001776,,CUSTOMER,2025-02-12 00:26:22
101776,0,"Synthetic Township 37, Myanmar",2023-12-22 05:13:57,synthetic.customer.001777@example.invalid,,Synthetic Customer 001777,!SYNTHETIC-NO-LOGIN!,+959000001777,,CUSTOMER,2024-03-18 05:13:57
101777,1,"Synthetic Township 38, Myanmar",2026-02-03 14:30:21,synthetic.customer.001778@example.invalid,,Synthetic Customer 001778,!SYNTHETIC-NO-LOGIN!,+959000001778,,CUSTOMER,2026-05-12 14:30:21
101778,1,"Synthetic Township 39, Myanmar",2025-03-26 14:34:36,synthetic.customer.001779@example.invalid,,Synthetic Customer 001779,!SYNTHETIC-NO-LOGIN!,+959000001779,,CUSTOMER,2025-04-13 14:34:36
101779,1,"Synthetic Township 40, Myanmar",2025-06-29 18:37:29,synthetic.customer.001780@example.invalid,,Synthetic Customer 001780,!SYNTHETIC-NO-LOGIN!,+959000001780,,CUSTOMER,2025-08-17 18:37:29
101780,1,"Synthetic Township 41, Myanmar",2023-12-13 04:38:19,synthetic.customer.001781@example.invalid,,Synthetic Customer 001781,!SYNTHETIC-NO-LOGIN!,+959000001781,,CUSTOMER,2024-02-23 04:38:19
101781,1,"Synthetic Township 42, Myanmar",2024-03-03 09:48:01,synthetic.customer.001782@example.invalid,,Synthetic Customer 001782,!SYNTHETIC-NO-LOGIN!,+959000001782,,CUSTOMER,2024-04-04 09:48:01
101782,1,"Synthetic Township 43, Myanmar",2022-04-01 05:25:27,synthetic.customer.001783@example.invalid,,Synthetic Customer 001783,!SYNTHETIC-NO-LOGIN!,+959000001783,,CUSTOMER,2022-04-06 05:25:27
101783,1,"Synthetic Township 44, Myanmar",2024-11-15 02:43:26,synthetic.customer.001784@example.invalid,,Synthetic Customer 001784,!SYNTHETIC-NO-LOGIN!,+959000001784,,CUSTOMER,2024-12-16 02:43:26
101784,1,"Synthetic Township 45, Myanmar",2024-10-10 11:15:57,synthetic.customer.001785@example.invalid,,Synthetic Customer 001785,!SYNTHETIC-NO-LOGIN!,+959000001785,,CUSTOMER,2025-01-06 11:15:57
101785,1,"Synthetic Township 46, Myanmar",2025-01-19 23:21:02,synthetic.customer.001786@example.invalid,,Synthetic Customer 001786,!SYNTHETIC-NO-LOGIN!,+959000001786,,CUSTOMER,2025-01-22 23:21:02
101786,1,"Synthetic Township 47, Myanmar",2025-03-15 21:53:57,synthetic.customer.001787@example.invalid,,Synthetic Customer 001787,!SYNTHETIC-NO-LOGIN!,+959000001787,,CUSTOMER,2025-07-13 21:53:57
101787,1,"Synthetic Township 48, Myanmar",2025-05-21 04:42:26,synthetic.customer.001788@example.invalid,,Synthetic Customer 001788,!SYNTHETIC-NO-LOGIN!,+959000001788,,CUSTOMER,2025-08-31 04:42:26
101788,1,"Synthetic Township 49, Myanmar",2021-11-03 07:26:57,synthetic.customer.001789@example.invalid,,Synthetic Customer 001789,!SYNTHETIC-NO-LOGIN!,+959000001789,,CUSTOMER,2021-11-25 07:26:57
101789,1,"Synthetic Township 50, Myanmar",2025-11-23 06:53:04,synthetic.customer.001790@example.invalid,,Synthetic Customer 001790,!SYNTHETIC-NO-LOGIN!,+959000001790,,CUSTOMER,2026-03-18 06:53:04
101790,1,"Synthetic Township 51, Myanmar",2023-07-13 19:01:51,synthetic.customer.001791@example.invalid,,Synthetic Customer 001791,!SYNTHETIC-NO-LOGIN!,+959000001791,,CUSTOMER,2023-08-15 19:01:51
101791,1,"Synthetic Township 52, Myanmar",2025-10-21 23:56:41,synthetic.customer.001792@example.invalid,,Synthetic Customer 001792,!SYNTHETIC-NO-LOGIN!,+959000001792,,CUSTOMER,2026-02-06 23:56:41
101792,1,"Synthetic Township 53, Myanmar",2026-06-11 19:19:09,synthetic.customer.001793@example.invalid,,Synthetic Customer 001793,!SYNTHETIC-NO-LOGIN!,+959000001793,,CUSTOMER,2026-09-22 19:19:09
101793,1,"Synthetic Township 54, Myanmar",2022-02-09 01:10:58,synthetic.customer.001794@example.invalid,,Synthetic Customer 001794,!SYNTHETIC-NO-LOGIN!,+959000001794,,CUSTOMER,2022-04-19 01:10:58
101794,1,"Synthetic Township 55, Myanmar",2025-12-08 03:25:10,synthetic.customer.001795@example.invalid,,Synthetic Customer 001795,!SYNTHETIC-NO-LOGIN!,+959000001795,,CUSTOMER,2026-04-01 03:25:10
101795,1,"Synthetic Township 56, Myanmar",2024-06-25 10:12:38,synthetic.customer.001796@example.invalid,,Synthetic Customer 001796,!SYNTHETIC-NO-LOGIN!,+959000001796,,CUSTOMER,2024-07-07 10:12:38
101796,1,"Synthetic Township 57, Myanmar",2022-09-16 06:05:56,synthetic.customer.001797@example.invalid,,Synthetic Customer 001797,!SYNTHETIC-NO-LOGIN!,+959000001797,,CUSTOMER,2022-10-02 06:05:56
101797,1,"Synthetic Township 58, Myanmar",2022-04-12 03:27:55,synthetic.customer.001798@example.invalid,,Synthetic Customer 001798,!SYNTHETIC-NO-LOGIN!,+959000001798,,CUSTOMER,2022-05-23 03:27:55
101798,1,"Synthetic Township 59, Myanmar",2022-08-01 13:52:23,synthetic.customer.001799@example.invalid,,Synthetic Customer 001799,!SYNTHETIC-NO-LOGIN!,+959000001799,,CUSTOMER,2022-10-31 13:52:23
101799,1,"Synthetic Township 60, Myanmar",2024-06-07 21:24:44,synthetic.customer.001800@example.invalid,,Synthetic Customer 001800,!SYNTHETIC-NO-LOGIN!,+959000001800,,CUSTOMER,2024-08-08 21:24:44
101800,1,"Synthetic Township 1, Myanmar",2023-06-12 08:47:55,synthetic.customer.001801@example.invalid,,Synthetic Customer 001801,!SYNTHETIC-NO-LOGIN!,+959000001801,,CUSTOMER,2023-06-20 08:47:55
101801,1,"Synthetic Township 2, Myanmar",2024-10-15 20:00:20,synthetic.customer.001802@example.invalid,,Synthetic Customer 001802,!SYNTHETIC-NO-LOGIN!,+959000001802,,CUSTOMER,2024-11-24 20:00:20
101802,1,"Synthetic Township 3, Myanmar",2022-09-21 07:00:21,synthetic.customer.001803@example.invalid,,Synthetic Customer 001803,!SYNTHETIC-NO-LOGIN!,+959000001803,,CUSTOMER,2022-11-29 07:00:21
101803,1,"Synthetic Township 4, Myanmar",2022-03-16 20:07:16,synthetic.customer.001804@example.invalid,,Synthetic Customer 001804,!SYNTHETIC-NO-LOGIN!,+959000001804,,CUSTOMER,2022-04-07 20:07:16
101804,1,"Synthetic Township 5, Myanmar",2022-07-09 00:16:27,synthetic.customer.001805@example.invalid,,Synthetic Customer 001805,!SYNTHETIC-NO-LOGIN!,+959000001805,,CUSTOMER,2022-08-28 00:16:27
101805,1,"Synthetic Township 6, Myanmar",2022-02-02 04:24:17,synthetic.customer.001806@example.invalid,,Synthetic Customer 001806,!SYNTHETIC-NO-LOGIN!,+959000001806,,CUSTOMER,2022-04-18 04:24:17
101806,1,"Synthetic Township 7, Myanmar",2024-06-28 22:04:23,synthetic.customer.001807@example.invalid,,Synthetic Customer 001807,!SYNTHETIC-NO-LOGIN!,+959000001807,,CUSTOMER,2024-09-13 22:04:23
101807,1,"Synthetic Township 8, Myanmar",2026-05-16 06:06:42,synthetic.customer.001808@example.invalid,,Synthetic Customer 001808,!SYNTHETIC-NO-LOGIN!,+959000001808,,CUSTOMER,2026-08-30 06:06:42
101808,1,"Synthetic Township 9, Myanmar",2026-07-20 16:34:42,synthetic.customer.001809@example.invalid,,Synthetic Customer 001809,!SYNTHETIC-NO-LOGIN!,+959000001809,,CUSTOMER,2026-09-20 16:34:42
101809,1,"Synthetic Township 10, Myanmar",2023-05-19 23:37:31,synthetic.customer.001810@example.invalid,,Synthetic Customer 001810,!SYNTHETIC-NO-LOGIN!,+959000001810,,CUSTOMER,2023-07-23 23:37:31
101810,1,"Synthetic Township 11, Myanmar",2023-02-21 18:35:22,synthetic.customer.001811@example.invalid,,Synthetic Customer 001811,!SYNTHETIC-NO-LOGIN!,+959000001811,,CUSTOMER,2023-04-27 18:35:22
101811,1,"Synthetic Township 12, Myanmar",2025-07-27 10:58:58,synthetic.customer.001812@example.invalid,,Synthetic Customer 001812,!SYNTHETIC-NO-LOGIN!,+959000001812,,CUSTOMER,2025-09-14 10:58:58
101812,1,"Synthetic Township 13, Myanmar",2024-01-10 09:36:02,synthetic.customer.001813@example.invalid,,Synthetic Customer 001813,!SYNTHETIC-NO-LOGIN!,+959000001813,,CUSTOMER,2024-05-08 09:36:02
101813,0,"Synthetic Township 14, Myanmar",2024-08-21 00:06:58,synthetic.customer.001814@example.invalid,,Synthetic Customer 001814,!SYNTHETIC-NO-LOGIN!,+959000001814,,CUSTOMER,2024-12-17 00:06:58
101814,1,"Synthetic Township 15, Myanmar",2026-08-12 06:53:16,synthetic.customer.001815@example.invalid,,Synthetic Customer 001815,!SYNTHETIC-NO-LOGIN!,+959000001815,,CUSTOMER,2026-09-09 06:53:16
101815,1,"Synthetic Township 16, Myanmar",2023-03-25 01:10:31,synthetic.customer.001816@example.invalid,,Synthetic Customer 001816,!SYNTHETIC-NO-LOGIN!,+959000001816,,CUSTOMER,2023-05-31 01:10:31
101816,1,"Synthetic Township 17, Myanmar",2025-02-26 08:48:41,synthetic.customer.001817@example.invalid,,Synthetic Customer 001817,!SYNTHETIC-NO-LOGIN!,+959000001817,,CUSTOMER,2025-05-06 08:48:41
101817,1,"Synthetic Township 18, Myanmar",2024-10-31 06:17:13,synthetic.customer.001818@example.invalid,,Synthetic Customer 001818,!SYNTHETIC-NO-LOGIN!,+959000001818,,CUSTOMER,2024-12-27 06:17:13
101818,1,"Synthetic Township 19, Myanmar",2021-12-23 01:58:48,synthetic.customer.001819@example.invalid,,Synthetic Customer 001819,!SYNTHETIC-NO-LOGIN!,+959000001819,,CUSTOMER,2022-02-26 01:58:48
101819,1,"Synthetic Township 20, Myanmar",2021-11-09 16:49:27,synthetic.customer.001820@example.invalid,,Synthetic Customer 001820,!SYNTHETIC-NO-LOGIN!,+959000001820,,CUSTOMER,2021-12-19 16:49:27
101820,1,"Synthetic Township 21, Myanmar",2024-10-14 01:17:37,synthetic.customer.001821@example.invalid,,Synthetic Customer 001821,!SYNTHETIC-NO-LOGIN!,+959000001821,,CUSTOMER,2025-01-29 01:17:37
101821,1,"Synthetic Township 22, Myanmar",2025-10-24 16:49:23,synthetic.customer.001822@example.invalid,,Synthetic Customer 001822,!SYNTHETIC-NO-LOGIN!,+959000001822,,CUSTOMER,2025-12-07 16:49:23
101822,1,"Synthetic Township 23, Myanmar",2025-09-19 12:33:02,synthetic.customer.001823@example.invalid,,Synthetic Customer 001823,!SYNTHETIC-NO-LOGIN!,+959000001823,,CUSTOMER,2025-11-03 12:33:02
101823,1,"Synthetic Township 24, Myanmar",2024-12-08 17:10:53,synthetic.customer.001824@example.invalid,,Synthetic Customer 001824,!SYNTHETIC-NO-LOGIN!,+959000001824,,CUSTOMER,2025-01-25 17:10:53
101824,1,"Synthetic Township 25, Myanmar",2023-11-17 05:41:48,synthetic.customer.001825@example.invalid,,Synthetic Customer 001825,!SYNTHETIC-NO-LOGIN!,+959000001825,,CUSTOMER,2024-01-12 05:41:48
101825,1,"Synthetic Township 26, Myanmar",2022-10-26 14:02:43,synthetic.customer.001826@example.invalid,,Synthetic Customer 001826,!SYNTHETIC-NO-LOGIN!,+959000001826,,CUSTOMER,2022-12-02 14:02:43
101826,1,"Synthetic Township 27, Myanmar",2025-05-11 04:42:03,synthetic.customer.001827@example.invalid,,Synthetic Customer 001827,!SYNTHETIC-NO-LOGIN!,+959000001827,,CUSTOMER,2025-07-27 04:42:03
101827,1,"Synthetic Township 28, Myanmar",2026-02-26 22:41:56,synthetic.customer.001828@example.invalid,,Synthetic Customer 001828,!SYNTHETIC-NO-LOGIN!,+959000001828,,CUSTOMER,2026-06-23 22:41:56
101828,1,"Synthetic Township 29, Myanmar",2026-05-09 16:51:26,synthetic.customer.001829@example.invalid,,Synthetic Customer 001829,!SYNTHETIC-NO-LOGIN!,+959000001829,,CUSTOMER,2026-07-11 16:51:26
101829,1,"Synthetic Township 30, Myanmar",2026-05-21 01:22:47,synthetic.customer.001830@example.invalid,,Synthetic Customer 001830,!SYNTHETIC-NO-LOGIN!,+959000001830,,CUSTOMER,2026-08-13 01:22:47
101830,1,"Synthetic Township 31, Myanmar",2022-02-11 23:57:52,synthetic.customer.001831@example.invalid,,Synthetic Customer 001831,!SYNTHETIC-NO-LOGIN!,+959000001831,,CUSTOMER,2022-06-07 23:57:52
101831,1,"Synthetic Township 32, Myanmar",2025-10-07 10:22:43,synthetic.customer.001832@example.invalid,,Synthetic Customer 001832,!SYNTHETIC-NO-LOGIN!,+959000001832,,CUSTOMER,2025-11-22 10:22:43
101832,1,"Synthetic Township 33, Myanmar",2022-03-12 08:35:39,synthetic.customer.001833@example.invalid,,Synthetic Customer 001833,!SYNTHETIC-NO-LOGIN!,+959000001833,,CUSTOMER,2022-06-14 08:35:39
101833,1,"Synthetic Township 34, Myanmar",2023-10-24 10:19:30,synthetic.customer.001834@example.invalid,,Synthetic Customer 001834,!SYNTHETIC-NO-LOGIN!,+959000001834,,CUSTOMER,2024-01-28 10:19:30
101834,1,"Synthetic Township 35, Myanmar",2025-09-02 02:27:28,synthetic.customer.001835@example.invalid,,Synthetic Customer 001835,!SYNTHETIC-NO-LOGIN!,+959000001835,,CUSTOMER,2025-10-11 02:27:28
101835,1,"Synthetic Township 36, Myanmar",2024-02-18 06:38:06,synthetic.customer.001836@example.invalid,,Synthetic Customer 001836,!SYNTHETIC-NO-LOGIN!,+959000001836,,CUSTOMER,2024-03-08 06:38:06
101836,1,"Synthetic Township 37, Myanmar",2024-12-04 19:37:34,synthetic.customer.001837@example.invalid,,Synthetic Customer 001837,!SYNTHETIC-NO-LOGIN!,+959000001837,,CUSTOMER,2025-03-09 19:37:34
101837,1,"Synthetic Township 38, Myanmar",2025-06-16 05:37:04,synthetic.customer.001838@example.invalid,,Synthetic Customer 001838,!SYNTHETIC-NO-LOGIN!,+959000001838,,CUSTOMER,2025-07-03 05:37:04
101838,1,"Synthetic Township 39, Myanmar",2024-08-25 11:42:13,synthetic.customer.001839@example.invalid,,Synthetic Customer 001839,!SYNTHETIC-NO-LOGIN!,+959000001839,,CUSTOMER,2024-11-28 11:42:13
101839,1,"Synthetic Township 40, Myanmar",2024-08-30 23:55:52,synthetic.customer.001840@example.invalid,,Synthetic Customer 001840,!SYNTHETIC-NO-LOGIN!,+959000001840,,CUSTOMER,2024-10-31 23:55:52
101840,1,"Synthetic Township 41, Myanmar",2022-05-06 08:09:51,synthetic.customer.001841@example.invalid,,Synthetic Customer 001841,!SYNTHETIC-NO-LOGIN!,+959000001841,,CUSTOMER,2022-05-27 08:09:51
101841,1,"Synthetic Township 42, Myanmar",2026-04-06 11:23:56,synthetic.customer.001842@example.invalid,,Synthetic Customer 001842,!SYNTHETIC-NO-LOGIN!,+959000001842,,CUSTOMER,2026-04-15 11:23:56
101842,1,"Synthetic Township 43, Myanmar",2022-11-01 06:41:51,synthetic.customer.001843@example.invalid,,Synthetic Customer 001843,!SYNTHETIC-NO-LOGIN!,+959000001843,,CUSTOMER,2022-11-18 06:41:51
101843,1,"Synthetic Township 44, Myanmar",2023-07-04 01:27:08,synthetic.customer.001844@example.invalid,,Synthetic Customer 001844,!SYNTHETIC-NO-LOGIN!,+959000001844,,CUSTOMER,2023-10-02 01:27:08
101844,1,"Synthetic Township 45, Myanmar",2025-03-09 06:17:56,synthetic.customer.001845@example.invalid,,Synthetic Customer 001845,!SYNTHETIC-NO-LOGIN!,+959000001845,,CUSTOMER,2025-06-04 06:17:56
101845,1,"Synthetic Township 46, Myanmar",2024-04-11 04:24:28,synthetic.customer.001846@example.invalid,,Synthetic Customer 001846,!SYNTHETIC-NO-LOGIN!,+959000001846,,CUSTOMER,2024-04-25 04:24:28
101846,1,"Synthetic Township 47, Myanmar",2025-05-19 18:35:02,synthetic.customer.001847@example.invalid,,Synthetic Customer 001847,!SYNTHETIC-NO-LOGIN!,+959000001847,,CUSTOMER,2025-06-18 18:35:02
101847,1,"Synthetic Township 48, Myanmar",2025-08-08 00:19:08,synthetic.customer.001848@example.invalid,,Synthetic Customer 001848,!SYNTHETIC-NO-LOGIN!,+959000001848,,CUSTOMER,2025-08-25 00:19:08
101848,1,"Synthetic Township 49, Myanmar",2023-11-20 02:29:33,synthetic.customer.001849@example.invalid,,Synthetic Customer 001849,!SYNTHETIC-NO-LOGIN!,+959000001849,,CUSTOMER,2024-02-14 02:29:33
101849,1,"Synthetic Township 50, Myanmar",2025-07-26 13:57:10,synthetic.customer.001850@example.invalid,,Synthetic Customer 001850,!SYNTHETIC-NO-LOGIN!,+959000001850,,CUSTOMER,2025-09-28 13:57:10
101850,0,"Synthetic Township 51, Myanmar",2022-03-12 11:23:02,synthetic.customer.001851@example.invalid,,Synthetic Customer 001851,!SYNTHETIC-NO-LOGIN!,+959000001851,,CUSTOMER,2022-03-30 11:23:02
101851,1,"Synthetic Township 52, Myanmar",2025-08-15 05:25:30,synthetic.customer.001852@example.invalid,,Synthetic Customer 001852,!SYNTHETIC-NO-LOGIN!,+959000001852,,CUSTOMER,2025-08-21 05:25:30
101852,1,"Synthetic Township 53, Myanmar",2023-06-24 22:47:18,synthetic.customer.001853@example.invalid,,Synthetic Customer 001853,!SYNTHETIC-NO-LOGIN!,+959000001853,,CUSTOMER,2023-09-30 22:47:18
101853,1,"Synthetic Township 54, Myanmar",2023-07-05 14:42:54,synthetic.customer.001854@example.invalid,,Synthetic Customer 001854,!SYNTHETIC-NO-LOGIN!,+959000001854,,CUSTOMER,2023-10-17 14:42:54
101854,1,"Synthetic Township 55, Myanmar",2023-01-08 21:52:59,synthetic.customer.001855@example.invalid,,Synthetic Customer 001855,!SYNTHETIC-NO-LOGIN!,+959000001855,,CUSTOMER,2023-04-26 21:52:59
101855,1,"Synthetic Township 56, Myanmar",2024-10-03 04:16:39,synthetic.customer.001856@example.invalid,,Synthetic Customer 001856,!SYNTHETIC-NO-LOGIN!,+959000001856,,CUSTOMER,2024-11-07 04:16:39
101856,1,"Synthetic Township 57, Myanmar",2026-07-03 05:10:57,synthetic.customer.001857@example.invalid,,Synthetic Customer 001857,!SYNTHETIC-NO-LOGIN!,+959000001857,,CUSTOMER,2026-10-01 05:10:57
101857,1,"Synthetic Township 58, Myanmar",2021-12-29 20:43:45,synthetic.customer.001858@example.invalid,,Synthetic Customer 001858,!SYNTHETIC-NO-LOGIN!,+959000001858,,CUSTOMER,2022-03-10 20:43:45
101858,1,"Synthetic Township 59, Myanmar",2023-02-10 11:48:26,synthetic.customer.001859@example.invalid,,Synthetic Customer 001859,!SYNTHETIC-NO-LOGIN!,+959000001859,,CUSTOMER,2023-03-31 11:48:26
101859,1,"Synthetic Township 60, Myanmar",2021-09-09 09:07:19,synthetic.customer.001860@example.invalid,,Synthetic Customer 001860,!SYNTHETIC-NO-LOGIN!,+959000001860,,CUSTOMER,2021-12-04 09:07:19
101860,1,"Synthetic Township 1, Myanmar",2025-02-02 12:52:12,synthetic.customer.001861@example.invalid,,Synthetic Customer 001861,!SYNTHETIC-NO-LOGIN!,+959000001861,,CUSTOMER,2025-05-21 12:52:12
101861,1,"Synthetic Township 2, Myanmar",2026-04-28 00:46:13,synthetic.customer.001862@example.invalid,,Synthetic Customer 001862,!SYNTHETIC-NO-LOGIN!,+959000001862,,CUSTOMER,2026-05-02 00:46:13
101862,1,"Synthetic Township 3, Myanmar",2023-08-01 11:26:12,synthetic.customer.001863@example.invalid,,Synthetic Customer 001863,!SYNTHETIC-NO-LOGIN!,+959000001863,,CUSTOMER,2023-11-10 11:26:12
101863,1,"Synthetic Township 4, Myanmar",2023-08-24 05:02:04,synthetic.customer.001864@example.invalid,,Synthetic Customer 001864,!SYNTHETIC-NO-LOGIN!,+959000001864,,CUSTOMER,2023-10-01 05:02:04
101864,1,"Synthetic Township 5, Myanmar",2024-05-24 12:45:35,synthetic.customer.001865@example.invalid,,Synthetic Customer 001865,!SYNTHETIC-NO-LOGIN!,+959000001865,,CUSTOMER,2024-09-16 12:45:35
101865,1,"Synthetic Township 6, Myanmar",2024-10-11 23:28:35,synthetic.customer.001866@example.invalid,,Synthetic Customer 001866,!SYNTHETIC-NO-LOGIN!,+959000001866,,CUSTOMER,2024-10-30 23:28:35
101866,1,"Synthetic Township 7, Myanmar",2025-05-15 10:36:07,synthetic.customer.001867@example.invalid,,Synthetic Customer 001867,!SYNTHETIC-NO-LOGIN!,+959000001867,,CUSTOMER,2025-06-21 10:36:07
101867,1,"Synthetic Township 8, Myanmar",2022-07-13 15:43:04,synthetic.customer.001868@example.invalid,,Synthetic Customer 001868,!SYNTHETIC-NO-LOGIN!,+959000001868,,CUSTOMER,2022-07-14 15:43:04
101868,1,"Synthetic Township 9, Myanmar",2021-09-01 14:25:26,synthetic.customer.001869@example.invalid,,Synthetic Customer 001869,!SYNTHETIC-NO-LOGIN!,+959000001869,,CUSTOMER,2021-10-09 14:25:26
101869,1,"Synthetic Township 10, Myanmar",2024-07-14 04:07:04,synthetic.customer.001870@example.invalid,,Synthetic Customer 001870,!SYNTHETIC-NO-LOGIN!,+959000001870,,CUSTOMER,2024-09-19 04:07:04
101870,1,"Synthetic Township 11, Myanmar",2022-09-05 08:26:34,synthetic.customer.001871@example.invalid,,Synthetic Customer 001871,!SYNTHETIC-NO-LOGIN!,+959000001871,,CUSTOMER,2022-09-26 08:26:34
101871,1,"Synthetic Township 12, Myanmar",2023-11-04 09:18:30,synthetic.customer.001872@example.invalid,,Synthetic Customer 001872,!SYNTHETIC-NO-LOGIN!,+959000001872,,CUSTOMER,2023-11-26 09:18:30
101872,1,"Synthetic Township 13, Myanmar",2026-05-06 19:35:43,synthetic.customer.001873@example.invalid,,Synthetic Customer 001873,!SYNTHETIC-NO-LOGIN!,+959000001873,,CUSTOMER,2026-05-27 19:35:43
101873,1,"Synthetic Township 14, Myanmar",2025-06-04 22:26:33,synthetic.customer.001874@example.invalid,,Synthetic Customer 001874,!SYNTHETIC-NO-LOGIN!,+959000001874,,CUSTOMER,2025-07-27 22:26:33
101874,1,"Synthetic Township 15, Myanmar",2025-07-29 05:57:27,synthetic.customer.001875@example.invalid,,Synthetic Customer 001875,!SYNTHETIC-NO-LOGIN!,+959000001875,,CUSTOMER,2025-08-24 05:57:27
101875,1,"Synthetic Township 16, Myanmar",2025-11-22 10:31:20,synthetic.customer.001876@example.invalid,,Synthetic Customer 001876,!SYNTHETIC-NO-LOGIN!,+959000001876,,CUSTOMER,2026-02-21 10:31:20
101876,1,"Synthetic Township 17, Myanmar",2025-09-28 14:30:22,synthetic.customer.001877@example.invalid,,Synthetic Customer 001877,!SYNTHETIC-NO-LOGIN!,+959000001877,,CUSTOMER,2025-11-10 14:30:22
101877,1,"Synthetic Township 18, Myanmar",2023-02-01 04:55:13,synthetic.customer.001878@example.invalid,,Synthetic Customer 001878,!SYNTHETIC-NO-LOGIN!,+959000001878,,CUSTOMER,2023-05-22 04:55:13
101878,1,"Synthetic Township 19, Myanmar",2022-05-12 18:21:03,synthetic.customer.001879@example.invalid,,Synthetic Customer 001879,!SYNTHETIC-NO-LOGIN!,+959000001879,,CUSTOMER,2022-08-29 18:21:03
101879,1,"Synthetic Township 20, Myanmar",2025-11-12 07:08:33,synthetic.customer.001880@example.invalid,,Synthetic Customer 001880,!SYNTHETIC-NO-LOGIN!,+959000001880,,CUSTOMER,2025-12-12 07:08:33
101880,1,"Synthetic Township 21, Myanmar",2025-11-02 05:01:46,synthetic.customer.001881@example.invalid,,Synthetic Customer 001881,!SYNTHETIC-NO-LOGIN!,+959000001881,,CUSTOMER,2026-01-03 05:01:46
101881,1,"Synthetic Township 22, Myanmar",2022-01-24 15:30:39,synthetic.customer.001882@example.invalid,,Synthetic Customer 001882,!SYNTHETIC-NO-LOGIN!,+959000001882,,CUSTOMER,2022-02-19 15:30:39
101882,1,"Synthetic Township 23, Myanmar",2025-11-04 14:02:59,synthetic.customer.001883@example.invalid,,Synthetic Customer 001883,!SYNTHETIC-NO-LOGIN!,+959000001883,,CUSTOMER,2025-12-30 14:02:59
101883,1,"Synthetic Township 24, Myanmar",2025-12-13 14:30:08,synthetic.customer.001884@example.invalid,,Synthetic Customer 001884,!SYNTHETIC-NO-LOGIN!,+959000001884,,CUSTOMER,2026-03-28 14:30:08
101884,1,"Synthetic Township 25, Myanmar",2026-02-24 15:28:16,synthetic.customer.001885@example.invalid,,Synthetic Customer 001885,!SYNTHETIC-NO-LOGIN!,+959000001885,,CUSTOMER,2026-04-12 15:28:16
101885,1,"Synthetic Township 26, Myanmar",2021-09-14 02:26:32,synthetic.customer.001886@example.invalid,,Synthetic Customer 001886,!SYNTHETIC-NO-LOGIN!,+959000001886,,CUSTOMER,2021-11-04 02:26:32
101886,1,"Synthetic Township 27, Myanmar",2021-11-28 00:23:31,synthetic.customer.001887@example.invalid,,Synthetic Customer 001887,!SYNTHETIC-NO-LOGIN!,+959000001887,,CUSTOMER,2021-12-06 00:23:31
101887,0,"Synthetic Township 28, Myanmar",2023-11-02 12:17:36,synthetic.customer.001888@example.invalid,,Synthetic Customer 001888,!SYNTHETIC-NO-LOGIN!,+959000001888,,CUSTOMER,2024-02-21 12:17:36
101888,1,"Synthetic Township 29, Myanmar",2026-07-29 06:14:57,synthetic.customer.001889@example.invalid,,Synthetic Customer 001889,!SYNTHETIC-NO-LOGIN!,+959000001889,,CUSTOMER,2026-10-31 06:14:57
101889,1,"Synthetic Township 30, Myanmar",2025-12-13 19:17:20,synthetic.customer.001890@example.invalid,,Synthetic Customer 001890,!SYNTHETIC-NO-LOGIN!,+959000001890,,CUSTOMER,2026-02-05 19:17:20
101890,1,"Synthetic Township 31, Myanmar",2024-02-11 11:59:30,synthetic.customer.001891@example.invalid,,Synthetic Customer 001891,!SYNTHETIC-NO-LOGIN!,+959000001891,,CUSTOMER,2024-05-10 11:59:30
101891,1,"Synthetic Township 32, Myanmar",2026-08-30 14:29:53,synthetic.customer.001892@example.invalid,,Synthetic Customer 001892,!SYNTHETIC-NO-LOGIN!,+959000001892,,CUSTOMER,2026-10-24 14:29:53
101892,1,"Synthetic Township 33, Myanmar",2023-12-07 23:20:05,synthetic.customer.001893@example.invalid,,Synthetic Customer 001893,!SYNTHETIC-NO-LOGIN!,+959000001893,,CUSTOMER,2024-01-10 23:20:05
101893,1,"Synthetic Township 34, Myanmar",2023-07-26 00:44:14,synthetic.customer.001894@example.invalid,,Synthetic Customer 001894,!SYNTHETIC-NO-LOGIN!,+959000001894,,CUSTOMER,2023-08-21 00:44:14
101894,1,"Synthetic Township 35, Myanmar",2024-10-29 05:54:33,synthetic.customer.001895@example.invalid,,Synthetic Customer 001895,!SYNTHETIC-NO-LOGIN!,+959000001895,,CUSTOMER,2025-01-04 05:54:33
101895,1,"Synthetic Township 36, Myanmar",2023-08-13 11:50:09,synthetic.customer.001896@example.invalid,,Synthetic Customer 001896,!SYNTHETIC-NO-LOGIN!,+959000001896,,CUSTOMER,2023-09-16 11:50:09
101896,1,"Synthetic Township 37, Myanmar",2022-04-01 17:08:35,synthetic.customer.001897@example.invalid,,Synthetic Customer 001897,!SYNTHETIC-NO-LOGIN!,+959000001897,,CUSTOMER,2022-04-20 17:08:35
101897,1,"Synthetic Township 38, Myanmar",2024-04-28 15:06:21,synthetic.customer.001898@example.invalid,,Synthetic Customer 001898,!SYNTHETIC-NO-LOGIN!,+959000001898,,CUSTOMER,2024-07-30 15:06:21
101898,1,"Synthetic Township 39, Myanmar",2024-06-28 03:57:28,synthetic.customer.001899@example.invalid,,Synthetic Customer 001899,!SYNTHETIC-NO-LOGIN!,+959000001899,,CUSTOMER,2024-09-17 03:57:28
101899,1,"Synthetic Township 40, Myanmar",2025-11-05 00:20:27,synthetic.customer.001900@example.invalid,,Synthetic Customer 001900,!SYNTHETIC-NO-LOGIN!,+959000001900,,CUSTOMER,2025-11-13 00:20:27
101900,1,"Synthetic Township 41, Myanmar",2025-06-13 09:49:11,synthetic.customer.001901@example.invalid,,Synthetic Customer 001901,!SYNTHETIC-NO-LOGIN!,+959000001901,,CUSTOMER,2025-07-06 09:49:11
101901,1,"Synthetic Township 42, Myanmar",2022-09-01 02:28:08,synthetic.customer.001902@example.invalid,,Synthetic Customer 001902,!SYNTHETIC-NO-LOGIN!,+959000001902,,CUSTOMER,2022-12-18 02:28:08
101902,1,"Synthetic Township 43, Myanmar",2022-07-15 14:44:01,synthetic.customer.001903@example.invalid,,Synthetic Customer 001903,!SYNTHETIC-NO-LOGIN!,+959000001903,,CUSTOMER,2022-08-08 14:44:01
101903,1,"Synthetic Township 44, Myanmar",2022-03-09 00:28:28,synthetic.customer.001904@example.invalid,,Synthetic Customer 001904,!SYNTHETIC-NO-LOGIN!,+959000001904,,CUSTOMER,2022-06-12 00:28:28
101904,1,"Synthetic Township 45, Myanmar",2022-07-22 03:41:56,synthetic.customer.001905@example.invalid,,Synthetic Customer 001905,!SYNTHETIC-NO-LOGIN!,+959000001905,,CUSTOMER,2022-09-13 03:41:56
101905,1,"Synthetic Township 46, Myanmar",2024-03-04 03:27:10,synthetic.customer.001906@example.invalid,,Synthetic Customer 001906,!SYNTHETIC-NO-LOGIN!,+959000001906,,CUSTOMER,2024-04-30 03:27:10
101906,1,"Synthetic Township 47, Myanmar",2023-04-23 03:02:36,synthetic.customer.001907@example.invalid,,Synthetic Customer 001907,!SYNTHETIC-NO-LOGIN!,+959000001907,,CUSTOMER,2023-06-22 03:02:36
101907,1,"Synthetic Township 48, Myanmar",2026-03-07 23:26:53,synthetic.customer.001908@example.invalid,,Synthetic Customer 001908,!SYNTHETIC-NO-LOGIN!,+959000001908,,CUSTOMER,2026-04-18 23:26:53
101908,1,"Synthetic Township 49, Myanmar",2025-05-23 20:46:11,synthetic.customer.001909@example.invalid,,Synthetic Customer 001909,!SYNTHETIC-NO-LOGIN!,+959000001909,,CUSTOMER,2025-07-24 20:46:11
101909,1,"Synthetic Township 50, Myanmar",2022-03-07 18:14:00,synthetic.customer.001910@example.invalid,,Synthetic Customer 001910,!SYNTHETIC-NO-LOGIN!,+959000001910,,CUSTOMER,2022-03-12 18:14:00
101910,1,"Synthetic Township 51, Myanmar",2025-06-06 18:21:46,synthetic.customer.001911@example.invalid,,Synthetic Customer 001911,!SYNTHETIC-NO-LOGIN!,+959000001911,,CUSTOMER,2025-06-28 18:21:46
101911,1,"Synthetic Township 52, Myanmar",2026-08-24 00:31:13,synthetic.customer.001912@example.invalid,,Synthetic Customer 001912,!SYNTHETIC-NO-LOGIN!,+959000001912,,CUSTOMER,2026-09-26 00:31:13
101912,1,"Synthetic Township 53, Myanmar",2023-11-29 09:18:29,synthetic.customer.001913@example.invalid,,Synthetic Customer 001913,!SYNTHETIC-NO-LOGIN!,+959000001913,,CUSTOMER,2023-12-15 09:18:29
101913,1,"Synthetic Township 54, Myanmar",2025-10-13 09:15:04,synthetic.customer.001914@example.invalid,,Synthetic Customer 001914,!SYNTHETIC-NO-LOGIN!,+959000001914,,CUSTOMER,2025-11-09 09:15:04
101914,1,"Synthetic Township 55, Myanmar",2022-07-02 13:17:08,synthetic.customer.001915@example.invalid,,Synthetic Customer 001915,!SYNTHETIC-NO-LOGIN!,+959000001915,,CUSTOMER,2022-10-18 13:17:08
101915,1,"Synthetic Township 56, Myanmar",2024-02-18 04:40:18,synthetic.customer.001916@example.invalid,,Synthetic Customer 001916,!SYNTHETIC-NO-LOGIN!,+959000001916,,CUSTOMER,2024-04-18 04:40:18
101916,1,"Synthetic Township 57, Myanmar",2024-11-30 08:44:41,synthetic.customer.001917@example.invalid,,Synthetic Customer 001917,!SYNTHETIC-NO-LOGIN!,+959000001917,,CUSTOMER,2025-01-17 08:44:41
101917,1,"Synthetic Township 58, Myanmar",2022-01-05 22:50:31,synthetic.customer.001918@example.invalid,,Synthetic Customer 001918,!SYNTHETIC-NO-LOGIN!,+959000001918,,CUSTOMER,2022-03-22 22:50:31
101918,1,"Synthetic Township 59, Myanmar",2023-03-15 03:04:41,synthetic.customer.001919@example.invalid,,Synthetic Customer 001919,!SYNTHETIC-NO-LOGIN!,+959000001919,,CUSTOMER,2023-05-21 03:04:41
101919,1,"Synthetic Township 60, Myanmar",2025-09-15 00:33:45,synthetic.customer.001920@example.invalid,,Synthetic Customer 001920,!SYNTHETIC-NO-LOGIN!,+959000001920,,CUSTOMER,2025-11-13 00:33:45
101920,1,"Synthetic Township 1, Myanmar",2025-03-05 01:48:25,synthetic.customer.001921@example.invalid,,Synthetic Customer 001921,!SYNTHETIC-NO-LOGIN!,+959000001921,,CUSTOMER,2025-04-14 01:48:25
101921,1,"Synthetic Township 2, Myanmar",2022-03-01 22:53:02,synthetic.customer.001922@example.invalid,,Synthetic Customer 001922,!SYNTHETIC-NO-LOGIN!,+959000001922,,CUSTOMER,2022-05-05 22:53:02
101922,1,"Synthetic Township 3, Myanmar",2026-02-16 16:45:38,synthetic.customer.001923@example.invalid,,Synthetic Customer 001923,!SYNTHETIC-NO-LOGIN!,+959000001923,,CUSTOMER,2026-05-26 16:45:38
101923,1,"Synthetic Township 4, Myanmar",2024-06-17 16:49:47,synthetic.customer.001924@example.invalid,,Synthetic Customer 001924,!SYNTHETIC-NO-LOGIN!,+959000001924,,CUSTOMER,2024-07-13 16:49:47
101924,0,"Synthetic Township 5, Myanmar",2023-11-16 04:05:53,synthetic.customer.001925@example.invalid,,Synthetic Customer 001925,!SYNTHETIC-NO-LOGIN!,+959000001925,,CUSTOMER,2024-02-07 04:05:53
101925,1,"Synthetic Township 6, Myanmar",2024-04-08 13:25:14,synthetic.customer.001926@example.invalid,,Synthetic Customer 001926,!SYNTHETIC-NO-LOGIN!,+959000001926,,CUSTOMER,2024-07-09 13:25:14
101926,1,"Synthetic Township 7, Myanmar",2026-04-08 14:09:03,synthetic.customer.001927@example.invalid,,Synthetic Customer 001927,!SYNTHETIC-NO-LOGIN!,+959000001927,,CUSTOMER,2026-07-26 14:09:03
101927,1,"Synthetic Township 8, Myanmar",2025-05-28 18:28:21,synthetic.customer.001928@example.invalid,,Synthetic Customer 001928,!SYNTHETIC-NO-LOGIN!,+959000001928,,CUSTOMER,2025-06-15 18:28:21
101928,1,"Synthetic Township 9, Myanmar",2023-12-14 07:53:32,synthetic.customer.001929@example.invalid,,Synthetic Customer 001929,!SYNTHETIC-NO-LOGIN!,+959000001929,,CUSTOMER,2024-03-25 07:53:32
101929,1,"Synthetic Township 10, Myanmar",2021-10-05 07:10:57,synthetic.customer.001930@example.invalid,,Synthetic Customer 001930,!SYNTHETIC-NO-LOGIN!,+959000001930,,CUSTOMER,2021-11-14 07:10:57
101930,1,"Synthetic Township 11, Myanmar",2024-09-07 02:33:23,synthetic.customer.001931@example.invalid,,Synthetic Customer 001931,!SYNTHETIC-NO-LOGIN!,+959000001931,,CUSTOMER,2024-09-29 02:33:23
101931,1,"Synthetic Township 12, Myanmar",2026-01-01 17:14:00,synthetic.customer.001932@example.invalid,,Synthetic Customer 001932,!SYNTHETIC-NO-LOGIN!,+959000001932,,CUSTOMER,2026-03-25 17:14:00
101932,1,"Synthetic Township 13, Myanmar",2024-11-11 08:00:19,synthetic.customer.001933@example.invalid,,Synthetic Customer 001933,!SYNTHETIC-NO-LOGIN!,+959000001933,,CUSTOMER,2024-11-19 08:00:19
101933,1,"Synthetic Township 14, Myanmar",2026-08-14 00:30:52,synthetic.customer.001934@example.invalid,,Synthetic Customer 001934,!SYNTHETIC-NO-LOGIN!,+959000001934,,CUSTOMER,2026-10-31 00:30:52
101934,1,"Synthetic Township 15, Myanmar",2022-02-08 13:10:36,synthetic.customer.001935@example.invalid,,Synthetic Customer 001935,!SYNTHETIC-NO-LOGIN!,+959000001935,,CUSTOMER,2022-02-24 13:10:36
101935,1,"Synthetic Township 16, Myanmar",2025-01-27 07:45:11,synthetic.customer.001936@example.invalid,,Synthetic Customer 001936,!SYNTHETIC-NO-LOGIN!,+959000001936,,CUSTOMER,2025-03-29 07:45:11
101936,1,"Synthetic Township 17, Myanmar",2023-07-09 01:07:29,synthetic.customer.001937@example.invalid,,Synthetic Customer 001937,!SYNTHETIC-NO-LOGIN!,+959000001937,,CUSTOMER,2023-08-21 01:07:29
101937,1,"Synthetic Township 18, Myanmar",2022-01-31 21:10:35,synthetic.customer.001938@example.invalid,,Synthetic Customer 001938,!SYNTHETIC-NO-LOGIN!,+959000001938,,CUSTOMER,2022-04-25 21:10:35
101938,1,"Synthetic Township 19, Myanmar",2026-03-24 14:04:01,synthetic.customer.001939@example.invalid,,Synthetic Customer 001939,!SYNTHETIC-NO-LOGIN!,+959000001939,,CUSTOMER,2026-06-30 14:04:01
101939,1,"Synthetic Township 20, Myanmar",2023-10-14 04:06:23,synthetic.customer.001940@example.invalid,,Synthetic Customer 001940,!SYNTHETIC-NO-LOGIN!,+959000001940,,CUSTOMER,2024-01-23 04:06:23
101940,1,"Synthetic Township 21, Myanmar",2025-11-26 11:12:01,synthetic.customer.001941@example.invalid,,Synthetic Customer 001941,!SYNTHETIC-NO-LOGIN!,+959000001941,,CUSTOMER,2026-03-13 11:12:01
101941,1,"Synthetic Township 22, Myanmar",2021-10-02 18:39:00,synthetic.customer.001942@example.invalid,,Synthetic Customer 001942,!SYNTHETIC-NO-LOGIN!,+959000001942,,CUSTOMER,2021-12-10 18:39:00
101942,1,"Synthetic Township 23, Myanmar",2025-02-28 18:58:21,synthetic.customer.001943@example.invalid,,Synthetic Customer 001943,!SYNTHETIC-NO-LOGIN!,+959000001943,,CUSTOMER,2025-05-07 18:58:21
101943,1,"Synthetic Township 24, Myanmar",2026-04-05 13:12:57,synthetic.customer.001944@example.invalid,,Synthetic Customer 001944,!SYNTHETIC-NO-LOGIN!,+959000001944,,CUSTOMER,2026-05-10 13:12:57
101944,1,"Synthetic Township 25, Myanmar",2024-12-19 07:33:00,synthetic.customer.001945@example.invalid,,Synthetic Customer 001945,!SYNTHETIC-NO-LOGIN!,+959000001945,,CUSTOMER,2025-01-12 07:33:00
101945,1,"Synthetic Township 26, Myanmar",2024-07-15 19:04:31,synthetic.customer.001946@example.invalid,,Synthetic Customer 001946,!SYNTHETIC-NO-LOGIN!,+959000001946,,CUSTOMER,2024-08-16 19:04:31
101946,1,"Synthetic Township 27, Myanmar",2024-06-11 19:55:44,synthetic.customer.001947@example.invalid,,Synthetic Customer 001947,!SYNTHETIC-NO-LOGIN!,+959000001947,,CUSTOMER,2024-09-22 19:55:44
101947,1,"Synthetic Township 28, Myanmar",2024-01-10 06:56:58,synthetic.customer.001948@example.invalid,,Synthetic Customer 001948,!SYNTHETIC-NO-LOGIN!,+959000001948,,CUSTOMER,2024-03-02 06:56:58
101948,1,"Synthetic Township 29, Myanmar",2023-04-08 18:22:28,synthetic.customer.001949@example.invalid,,Synthetic Customer 001949,!SYNTHETIC-NO-LOGIN!,+959000001949,,CUSTOMER,2023-04-29 18:22:28
101949,1,"Synthetic Township 30, Myanmar",2024-09-01 06:51:59,synthetic.customer.001950@example.invalid,,Synthetic Customer 001950,!SYNTHETIC-NO-LOGIN!,+959000001950,,CUSTOMER,2024-09-30 06:51:59
101950,1,"Synthetic Township 31, Myanmar",2024-09-27 16:24:51,synthetic.customer.001951@example.invalid,,Synthetic Customer 001951,!SYNTHETIC-NO-LOGIN!,+959000001951,,CUSTOMER,2024-11-21 16:24:51
101951,1,"Synthetic Township 32, Myanmar",2026-08-01 22:35:48,synthetic.customer.001952@example.invalid,,Synthetic Customer 001952,!SYNTHETIC-NO-LOGIN!,+959000001952,,CUSTOMER,2026-08-02 22:35:48
101952,1,"Synthetic Township 33, Myanmar",2025-03-31 19:14:21,synthetic.customer.001953@example.invalid,,Synthetic Customer 001953,!SYNTHETIC-NO-LOGIN!,+959000001953,,CUSTOMER,2025-05-16 19:14:21
101953,1,"Synthetic Township 34, Myanmar",2025-02-01 00:28:12,synthetic.customer.001954@example.invalid,,Synthetic Customer 001954,!SYNTHETIC-NO-LOGIN!,+959000001954,,CUSTOMER,2025-02-19 00:28:12
101954,1,"Synthetic Township 35, Myanmar",2023-03-15 22:18:28,synthetic.customer.001955@example.invalid,,Synthetic Customer 001955,!SYNTHETIC-NO-LOGIN!,+959000001955,,CUSTOMER,2023-04-12 22:18:28
101955,1,"Synthetic Township 36, Myanmar",2024-11-11 00:58:55,synthetic.customer.001956@example.invalid,,Synthetic Customer 001956,!SYNTHETIC-NO-LOGIN!,+959000001956,,CUSTOMER,2024-12-16 00:58:55
101956,1,"Synthetic Township 37, Myanmar",2026-02-27 19:25:50,synthetic.customer.001957@example.invalid,,Synthetic Customer 001957,!SYNTHETIC-NO-LOGIN!,+959000001957,,CUSTOMER,2026-03-02 19:25:50
101957,1,"Synthetic Township 38, Myanmar",2025-12-30 21:03:40,synthetic.customer.001958@example.invalid,,Synthetic Customer 001958,!SYNTHETIC-NO-LOGIN!,+959000001958,,CUSTOMER,2026-04-28 21:03:40
101958,1,"Synthetic Township 39, Myanmar",2025-05-23 23:59:45,synthetic.customer.001959@example.invalid,,Synthetic Customer 001959,!SYNTHETIC-NO-LOGIN!,+959000001959,,CUSTOMER,2025-08-13 23:59:45
101959,1,"Synthetic Township 40, Myanmar",2023-01-13 01:08:49,synthetic.customer.001960@example.invalid,,Synthetic Customer 001960,!SYNTHETIC-NO-LOGIN!,+959000001960,,CUSTOMER,2023-02-21 01:08:49
101960,1,"Synthetic Township 41, Myanmar",2021-10-11 11:32:23,synthetic.customer.001961@example.invalid,,Synthetic Customer 001961,!SYNTHETIC-NO-LOGIN!,+959000001961,,CUSTOMER,2021-10-23 11:32:23
101961,0,"Synthetic Township 42, Myanmar",2022-11-03 03:56:23,synthetic.customer.001962@example.invalid,,Synthetic Customer 001962,!SYNTHETIC-NO-LOGIN!,+959000001962,,CUSTOMER,2023-01-24 03:56:23
101962,1,"Synthetic Township 43, Myanmar",2022-10-09 23:20:33,synthetic.customer.001963@example.invalid,,Synthetic Customer 001963,!SYNTHETIC-NO-LOGIN!,+959000001963,,CUSTOMER,2022-12-09 23:20:33
101963,1,"Synthetic Township 44, Myanmar",2026-03-13 05:42:47,synthetic.customer.001964@example.invalid,,Synthetic Customer 001964,!SYNTHETIC-NO-LOGIN!,+959000001964,,CUSTOMER,2026-04-30 05:42:47
101964,1,"Synthetic Township 45, Myanmar",2024-02-03 03:36:50,synthetic.customer.001965@example.invalid,,Synthetic Customer 001965,!SYNTHETIC-NO-LOGIN!,+959000001965,,CUSTOMER,2024-04-24 03:36:50
101965,1,"Synthetic Township 46, Myanmar",2022-12-24 22:46:54,synthetic.customer.001966@example.invalid,,Synthetic Customer 001966,!SYNTHETIC-NO-LOGIN!,+959000001966,,CUSTOMER,2023-01-04 22:46:54
101966,1,"Synthetic Township 47, Myanmar",2023-02-06 17:31:26,synthetic.customer.001967@example.invalid,,Synthetic Customer 001967,!SYNTHETIC-NO-LOGIN!,+959000001967,,CUSTOMER,2023-02-17 17:31:26
101967,1,"Synthetic Township 48, Myanmar",2022-02-25 12:19:10,synthetic.customer.001968@example.invalid,,Synthetic Customer 001968,!SYNTHETIC-NO-LOGIN!,+959000001968,,CUSTOMER,2022-05-09 12:19:10
101968,1,"Synthetic Township 49, Myanmar",2026-04-06 22:30:29,synthetic.customer.001969@example.invalid,,Synthetic Customer 001969,!SYNTHETIC-NO-LOGIN!,+959000001969,,CUSTOMER,2026-05-19 22:30:29
101969,1,"Synthetic Township 50, Myanmar",2024-07-21 23:09:54,synthetic.customer.001970@example.invalid,,Synthetic Customer 001970,!SYNTHETIC-NO-LOGIN!,+959000001970,,CUSTOMER,2024-07-23 23:09:54
101970,1,"Synthetic Township 51, Myanmar",2023-10-15 18:54:33,synthetic.customer.001971@example.invalid,,Synthetic Customer 001971,!SYNTHETIC-NO-LOGIN!,+959000001971,,CUSTOMER,2023-11-08 18:54:33
101971,1,"Synthetic Township 52, Myanmar",2023-10-23 12:44:54,synthetic.customer.001972@example.invalid,,Synthetic Customer 001972,!SYNTHETIC-NO-LOGIN!,+959000001972,,CUSTOMER,2023-12-22 12:44:54
101972,1,"Synthetic Township 53, Myanmar",2023-02-25 22:54:02,synthetic.customer.001973@example.invalid,,Synthetic Customer 001973,!SYNTHETIC-NO-LOGIN!,+959000001973,,CUSTOMER,2023-03-09 22:54:02
101973,1,"Synthetic Township 54, Myanmar",2023-10-29 08:36:26,synthetic.customer.001974@example.invalid,,Synthetic Customer 001974,!SYNTHETIC-NO-LOGIN!,+959000001974,,CUSTOMER,2024-01-20 08:36:26
101974,1,"Synthetic Township 55, Myanmar",2026-01-22 19:42:28,synthetic.customer.001975@example.invalid,,Synthetic Customer 001975,!SYNTHETIC-NO-LOGIN!,+959000001975,,CUSTOMER,2026-03-17 19:42:28
101975,1,"Synthetic Township 56, Myanmar",2026-02-27 07:25:18,synthetic.customer.001976@example.invalid,,Synthetic Customer 001976,!SYNTHETIC-NO-LOGIN!,+959000001976,,CUSTOMER,2026-04-29 07:25:18
101976,1,"Synthetic Township 57, Myanmar",2024-09-20 02:58:37,synthetic.customer.001977@example.invalid,,Synthetic Customer 001977,!SYNTHETIC-NO-LOGIN!,+959000001977,,CUSTOMER,2024-09-25 02:58:37
101977,1,"Synthetic Township 58, Myanmar",2024-07-21 22:42:17,synthetic.customer.001978@example.invalid,,Synthetic Customer 001978,!SYNTHETIC-NO-LOGIN!,+959000001978,,CUSTOMER,2024-11-10 22:42:17
101978,1,"Synthetic Township 59, Myanmar",2022-12-21 16:22:52,synthetic.customer.001979@example.invalid,,Synthetic Customer 001979,!SYNTHETIC-NO-LOGIN!,+959000001979,,CUSTOMER,2023-01-24 16:22:52
101979,1,"Synthetic Township 60, Myanmar",2023-10-23 16:13:05,synthetic.customer.001980@example.invalid,,Synthetic Customer 001980,!SYNTHETIC-NO-LOGIN!,+959000001980,,CUSTOMER,2024-01-22 16:13:05
101980,1,"Synthetic Township 1, Myanmar",2024-01-30 11:29:50,synthetic.customer.001981@example.invalid,,Synthetic Customer 001981,!SYNTHETIC-NO-LOGIN!,+959000001981,,CUSTOMER,2024-03-09 11:29:50
101981,1,"Synthetic Township 2, Myanmar",2023-09-24 23:24:01,synthetic.customer.001982@example.invalid,,Synthetic Customer 001982,!SYNTHETIC-NO-LOGIN!,+959000001982,,CUSTOMER,2023-11-04 23:24:01
101982,1,"Synthetic Township 3, Myanmar",2025-08-12 20:22:26,synthetic.customer.001983@example.invalid,,Synthetic Customer 001983,!SYNTHETIC-NO-LOGIN!,+959000001983,,CUSTOMER,2025-10-23 20:22:26
101983,1,"Synthetic Township 4, Myanmar",2026-01-11 07:42:50,synthetic.customer.001984@example.invalid,,Synthetic Customer 001984,!SYNTHETIC-NO-LOGIN!,+959000001984,,CUSTOMER,2026-02-17 07:42:50
101984,1,"Synthetic Township 5, Myanmar",2022-09-09 23:54:54,synthetic.customer.001985@example.invalid,,Synthetic Customer 001985,!SYNTHETIC-NO-LOGIN!,+959000001985,,CUSTOMER,2022-11-11 23:54:54
101985,1,"Synthetic Township 6, Myanmar",2025-01-10 22:23:34,synthetic.customer.001986@example.invalid,,Synthetic Customer 001986,!SYNTHETIC-NO-LOGIN!,+959000001986,,CUSTOMER,2025-02-03 22:23:34
101986,1,"Synthetic Township 7, Myanmar",2026-06-05 16:53:45,synthetic.customer.001987@example.invalid,,Synthetic Customer 001987,!SYNTHETIC-NO-LOGIN!,+959000001987,,CUSTOMER,2026-06-05 16:53:45
101987,1,"Synthetic Township 8, Myanmar",2024-03-22 08:00:25,synthetic.customer.001988@example.invalid,,Synthetic Customer 001988,!SYNTHETIC-NO-LOGIN!,+959000001988,,CUSTOMER,2024-05-21 08:00:25
101988,1,"Synthetic Township 9, Myanmar",2025-02-14 21:13:45,synthetic.customer.001989@example.invalid,,Synthetic Customer 001989,!SYNTHETIC-NO-LOGIN!,+959000001989,,CUSTOMER,2025-03-31 21:13:45
101989,1,"Synthetic Township 10, Myanmar",2023-11-19 06:00:02,synthetic.customer.001990@example.invalid,,Synthetic Customer 001990,!SYNTHETIC-NO-LOGIN!,+959000001990,,CUSTOMER,2023-12-05 06:00:02
101990,1,"Synthetic Township 11, Myanmar",2025-03-30 04:04:48,synthetic.customer.001991@example.invalid,,Synthetic Customer 001991,!SYNTHETIC-NO-LOGIN!,+959000001991,,CUSTOMER,2025-06-16 04:04:48
101991,1,"Synthetic Township 12, Myanmar",2021-09-25 12:47:43,synthetic.customer.001992@example.invalid,,Synthetic Customer 001992,!SYNTHETIC-NO-LOGIN!,+959000001992,,CUSTOMER,2021-11-11 12:47:43
101992,1,"Synthetic Township 13, Myanmar",2022-08-02 12:16:10,synthetic.customer.001993@example.invalid,,Synthetic Customer 001993,!SYNTHETIC-NO-LOGIN!,+959000001993,,CUSTOMER,2022-11-11 12:16:10
101993,1,"Synthetic Township 14, Myanmar",2022-02-06 18:58:48,synthetic.customer.001994@example.invalid,,Synthetic Customer 001994,!SYNTHETIC-NO-LOGIN!,+959000001994,,CUSTOMER,2022-02-26 18:58:48
101994,1,"Synthetic Township 15, Myanmar",2025-08-07 02:42:30,synthetic.customer.001995@example.invalid,,Synthetic Customer 001995,!SYNTHETIC-NO-LOGIN!,+959000001995,,CUSTOMER,2025-11-09 02:42:30
101995,1,"Synthetic Township 16, Myanmar",2024-02-21 15:15:41,synthetic.customer.001996@example.invalid,,Synthetic Customer 001996,!SYNTHETIC-NO-LOGIN!,+959000001996,,CUSTOMER,2024-03-02 15:15:41
101996,1,"Synthetic Township 17, Myanmar",2022-11-24 18:39:28,synthetic.customer.001997@example.invalid,,Synthetic Customer 001997,!SYNTHETIC-NO-LOGIN!,+959000001997,,CUSTOMER,2023-01-18 18:39:28
101997,1,"Synthetic Township 18, Myanmar",2024-12-20 05:23:30,synthetic.customer.001998@example.invalid,,Synthetic Customer 001998,!SYNTHETIC-NO-LOGIN!,+959000001998,,CUSTOMER,2025-02-27 05:23:30
101998,0,"Synthetic Township 19, Myanmar",2024-01-25 12:50:50,synthetic.customer.001999@example.invalid,,Synthetic Customer 001999,!SYNTHETIC-NO-LOGIN!,+959000001999,,CUSTOMER,2024-01-31 12:50:50
101999,1,"Synthetic Township 20, Myanmar",2024-07-14 23:19:38,synthetic.customer.002000@example.invalid,,Synthetic Customer 002000,!SYNTHETIC-NO-LOGIN!,+959000002000,,CUSTOMER,2024-07-18 23:19:38
102000,1,"Synthetic Township 21, Myanmar",2022-11-05 16:11:37,synthetic.customer.002001@example.invalid,,Synthetic Customer 002001,!SYNTHETIC-NO-LOGIN!,+959000002001,,CUSTOMER,2022-11-25 16:11:37
102001,1,"Synthetic Township 22, Myanmar",2025-04-08 01:03:46,synthetic.customer.002002@example.invalid,,Synthetic Customer 002002,!SYNTHETIC-NO-LOGIN!,+959000002002,,CUSTOMER,2025-06-24 01:03:46
102002,1,"Synthetic Township 23, Myanmar",2023-12-01 07:11:34,synthetic.customer.002003@example.invalid,,Synthetic Customer 002003,!SYNTHETIC-NO-LOGIN!,+959000002003,,CUSTOMER,2023-12-10 07:11:34
102003,1,"Synthetic Township 24, Myanmar",2026-08-22 16:33:15,synthetic.customer.002004@example.invalid,,Synthetic Customer 002004,!SYNTHETIC-NO-LOGIN!,+959000002004,,CUSTOMER,2026-10-01 16:33:15
102004,1,"Synthetic Township 25, Myanmar",2025-10-04 18:49:24,synthetic.customer.002005@example.invalid,,Synthetic Customer 002005,!SYNTHETIC-NO-LOGIN!,+959000002005,,CUSTOMER,2025-10-05 18:49:24
102005,1,"Synthetic Township 26, Myanmar",2025-08-08 13:39:10,synthetic.customer.002006@example.invalid,,Synthetic Customer 002006,!SYNTHETIC-NO-LOGIN!,+959000002006,,CUSTOMER,2025-08-11 13:39:10
102006,1,"Synthetic Township 27, Myanmar",2023-06-11 01:12:15,synthetic.customer.002007@example.invalid,,Synthetic Customer 002007,!SYNTHETIC-NO-LOGIN!,+959000002007,,CUSTOMER,2023-09-16 01:12:15
102007,1,"Synthetic Township 28, Myanmar",2024-02-03 16:01:48,synthetic.customer.002008@example.invalid,,Synthetic Customer 002008,!SYNTHETIC-NO-LOGIN!,+959000002008,,CUSTOMER,2024-05-14 16:01:48
102008,1,"Synthetic Township 29, Myanmar",2023-03-06 17:32:38,synthetic.customer.002009@example.invalid,,Synthetic Customer 002009,!SYNTHETIC-NO-LOGIN!,+959000002009,,CUSTOMER,2023-06-13 17:32:38
102009,1,"Synthetic Township 30, Myanmar",2025-09-07 18:17:18,synthetic.customer.002010@example.invalid,,Synthetic Customer 002010,!SYNTHETIC-NO-LOGIN!,+959000002010,,CUSTOMER,2025-10-22 18:17:18
102010,1,"Synthetic Township 31, Myanmar",2021-09-30 03:35:35,synthetic.customer.002011@example.invalid,,Synthetic Customer 002011,!SYNTHETIC-NO-LOGIN!,+959000002011,,CUSTOMER,2021-10-18 03:35:35
102011,1,"Synthetic Township 32, Myanmar",2022-02-22 16:27:55,synthetic.customer.002012@example.invalid,,Synthetic Customer 002012,!SYNTHETIC-NO-LOGIN!,+959000002012,,CUSTOMER,2022-05-18 16:27:55
102012,1,"Synthetic Township 33, Myanmar",2026-08-20 13:49:32,synthetic.customer.002013@example.invalid,,Synthetic Customer 002013,!SYNTHETIC-NO-LOGIN!,+959000002013,,CUSTOMER,2026-11-04 13:49:32
102013,1,"Synthetic Township 34, Myanmar",2026-05-11 02:53:57,synthetic.customer.002014@example.invalid,,Synthetic Customer 002014,!SYNTHETIC-NO-LOGIN!,+959000002014,,CUSTOMER,2026-08-29 02:53:57
102014,1,"Synthetic Township 35, Myanmar",2026-04-19 09:55:46,synthetic.customer.002015@example.invalid,,Synthetic Customer 002015,!SYNTHETIC-NO-LOGIN!,+959000002015,,CUSTOMER,2026-07-23 09:55:46
102015,1,"Synthetic Township 36, Myanmar",2022-03-09 10:27:15,synthetic.customer.002016@example.invalid,,Synthetic Customer 002016,!SYNTHETIC-NO-LOGIN!,+959000002016,,CUSTOMER,2022-05-08 10:27:15
102016,1,"Synthetic Township 37, Myanmar",2025-09-09 15:07:27,synthetic.customer.002017@example.invalid,,Synthetic Customer 002017,!SYNTHETIC-NO-LOGIN!,+959000002017,,CUSTOMER,2025-10-22 15:07:27
102017,1,"Synthetic Township 38, Myanmar",2024-04-20 08:13:12,synthetic.customer.002018@example.invalid,,Synthetic Customer 002018,!SYNTHETIC-NO-LOGIN!,+959000002018,,CUSTOMER,2024-07-29 08:13:12
102018,1,"Synthetic Township 39, Myanmar",2025-03-24 19:04:57,synthetic.customer.002019@example.invalid,,Synthetic Customer 002019,!SYNTHETIC-NO-LOGIN!,+959000002019,,CUSTOMER,2025-07-19 19:04:57
102019,1,"Synthetic Township 40, Myanmar",2024-06-13 12:51:41,synthetic.customer.002020@example.invalid,,Synthetic Customer 002020,!SYNTHETIC-NO-LOGIN!,+959000002020,,CUSTOMER,2024-07-10 12:51:41
102020,1,"Synthetic Township 41, Myanmar",2023-04-08 09:59:47,synthetic.customer.002021@example.invalid,,Synthetic Customer 002021,!SYNTHETIC-NO-LOGIN!,+959000002021,,CUSTOMER,2023-07-23 09:59:47
102021,1,"Synthetic Township 42, Myanmar",2022-02-16 00:39:49,synthetic.customer.002022@example.invalid,,Synthetic Customer 002022,!SYNTHETIC-NO-LOGIN!,+959000002022,,CUSTOMER,2022-05-18 00:39:49
102022,1,"Synthetic Township 43, Myanmar",2022-09-02 13:29:43,synthetic.customer.002023@example.invalid,,Synthetic Customer 002023,!SYNTHETIC-NO-LOGIN!,+959000002023,,CUSTOMER,2022-09-02 13:29:43
102023,1,"Synthetic Township 44, Myanmar",2024-08-19 06:21:44,synthetic.customer.002024@example.invalid,,Synthetic Customer 002024,!SYNTHETIC-NO-LOGIN!,+959000002024,,CUSTOMER,2024-10-18 06:21:44
102024,1,"Synthetic Township 45, Myanmar",2022-02-15 07:58:49,synthetic.customer.002025@example.invalid,,Synthetic Customer 002025,!SYNTHETIC-NO-LOGIN!,+959000002025,,CUSTOMER,2022-05-21 07:58:49
102025,1,"Synthetic Township 46, Myanmar",2021-12-16 23:46:47,synthetic.customer.002026@example.invalid,,Synthetic Customer 002026,!SYNTHETIC-NO-LOGIN!,+959000002026,,CUSTOMER,2022-03-26 23:46:47
102026,1,"Synthetic Township 47, Myanmar",2021-09-09 11:42:20,synthetic.customer.002027@example.invalid,,Synthetic Customer 002027,!SYNTHETIC-NO-LOGIN!,+959000002027,,CUSTOMER,2021-10-17 11:42:20
102027,1,"Synthetic Township 48, Myanmar",2024-03-25 12:19:41,synthetic.customer.002028@example.invalid,,Synthetic Customer 002028,!SYNTHETIC-NO-LOGIN!,+959000002028,,CUSTOMER,2024-05-07 12:19:41
102028,1,"Synthetic Township 49, Myanmar",2024-02-19 23:52:21,synthetic.customer.002029@example.invalid,,Synthetic Customer 002029,!SYNTHETIC-NO-LOGIN!,+959000002029,,CUSTOMER,2024-04-01 23:52:21
102029,1,"Synthetic Township 50, Myanmar",2026-02-05 18:08:58,synthetic.customer.002030@example.invalid,,Synthetic Customer 002030,!SYNTHETIC-NO-LOGIN!,+959000002030,,CUSTOMER,2026-04-30 18:08:58
102030,1,"Synthetic Township 51, Myanmar",2025-02-22 20:58:19,synthetic.customer.002031@example.invalid,,Synthetic Customer 002031,!SYNTHETIC-NO-LOGIN!,+959000002031,,CUSTOMER,2025-03-28 20:58:19
102031,1,"Synthetic Township 52, Myanmar",2024-05-21 22:58:11,synthetic.customer.002032@example.invalid,,Synthetic Customer 002032,!SYNTHETIC-NO-LOGIN!,+959000002032,,CUSTOMER,2024-06-11 22:58:11
102032,1,"Synthetic Township 53, Myanmar",2024-05-17 01:25:02,synthetic.customer.002033@example.invalid,,Synthetic Customer 002033,!SYNTHETIC-NO-LOGIN!,+959000002033,,CUSTOMER,2024-07-01 01:25:02
102033,1,"Synthetic Township 54, Myanmar",2024-10-16 08:41:21,synthetic.customer.002034@example.invalid,,Synthetic Customer 002034,!SYNTHETIC-NO-LOGIN!,+959000002034,,CUSTOMER,2024-11-09 08:41:21
102034,1,"Synthetic Township 55, Myanmar",2023-12-08 05:52:21,synthetic.customer.002035@example.invalid,,Synthetic Customer 002035,!SYNTHETIC-NO-LOGIN!,+959000002035,,CUSTOMER,2024-02-11 05:52:21
102035,0,"Synthetic Township 56, Myanmar",2021-11-18 20:58:45,synthetic.customer.002036@example.invalid,,Synthetic Customer 002036,!SYNTHETIC-NO-LOGIN!,+959000002036,,CUSTOMER,2022-02-15 20:58:45
102036,1,"Synthetic Township 57, Myanmar",2025-02-10 18:22:33,synthetic.customer.002037@example.invalid,,Synthetic Customer 002037,!SYNTHETIC-NO-LOGIN!,+959000002037,,CUSTOMER,2025-03-19 18:22:33
102037,1,"Synthetic Township 58, Myanmar",2022-04-22 21:37:16,synthetic.customer.002038@example.invalid,,Synthetic Customer 002038,!SYNTHETIC-NO-LOGIN!,+959000002038,,CUSTOMER,2022-05-11 21:37:16
102038,1,"Synthetic Township 59, Myanmar",2024-12-01 11:09:31,synthetic.customer.002039@example.invalid,,Synthetic Customer 002039,!SYNTHETIC-NO-LOGIN!,+959000002039,,CUSTOMER,2024-12-14 11:09:31
102039,1,"Synthetic Township 60, Myanmar",2023-11-19 11:20:56,synthetic.customer.002040@example.invalid,,Synthetic Customer 002040,!SYNTHETIC-NO-LOGIN!,+959000002040,,CUSTOMER,2023-12-04 11:20:56
102040,1,"Synthetic Township 1, Myanmar",2023-08-12 14:28:40,synthetic.customer.002041@example.invalid,,Synthetic Customer 002041,!SYNTHETIC-NO-LOGIN!,+959000002041,,CUSTOMER,2023-09-19 14:28:40
102041,1,"Synthetic Township 2, Myanmar",2023-09-09 11:12:54,synthetic.customer.002042@example.invalid,,Synthetic Customer 002042,!SYNTHETIC-NO-LOGIN!,+959000002042,,CUSTOMER,2024-01-01 11:12:54
102042,1,"Synthetic Township 3, Myanmar",2022-11-01 06:10:55,synthetic.customer.002043@example.invalid,,Synthetic Customer 002043,!SYNTHETIC-NO-LOGIN!,+959000002043,,CUSTOMER,2023-02-04 06:10:55
102043,1,"Synthetic Township 4, Myanmar",2025-05-05 15:22:55,synthetic.customer.002044@example.invalid,,Synthetic Customer 002044,!SYNTHETIC-NO-LOGIN!,+959000002044,,CUSTOMER,2025-08-27 15:22:55
102044,1,"Synthetic Township 5, Myanmar",2024-11-23 08:06:57,synthetic.customer.002045@example.invalid,,Synthetic Customer 002045,!SYNTHETIC-NO-LOGIN!,+959000002045,,CUSTOMER,2024-12-17 08:06:57
102045,1,"Synthetic Township 6, Myanmar",2025-06-09 22:31:36,synthetic.customer.002046@example.invalid,,Synthetic Customer 002046,!SYNTHETIC-NO-LOGIN!,+959000002046,,CUSTOMER,2025-08-28 22:31:36
102046,1,"Synthetic Township 7, Myanmar",2023-10-31 14:07:06,synthetic.customer.002047@example.invalid,,Synthetic Customer 002047,!SYNTHETIC-NO-LOGIN!,+959000002047,,CUSTOMER,2023-12-08 14:07:06
102047,1,"Synthetic Township 8, Myanmar",2026-07-30 08:58:43,synthetic.customer.002048@example.invalid,,Synthetic Customer 002048,!SYNTHETIC-NO-LOGIN!,+959000002048,,CUSTOMER,2026-08-11 08:58:43
102048,1,"Synthetic Township 9, Myanmar",2024-02-21 02:12:43,synthetic.customer.002049@example.invalid,,Synthetic Customer 002049,!SYNTHETIC-NO-LOGIN!,+959000002049,,CUSTOMER,2024-06-04 02:12:43
102049,1,"Synthetic Township 10, Myanmar",2025-12-02 12:03:06,synthetic.customer.002050@example.invalid,,Synthetic Customer 002050,!SYNTHETIC-NO-LOGIN!,+959000002050,,CUSTOMER,2026-01-23 12:03:06
102050,1,"Synthetic Township 11, Myanmar",2025-03-11 20:56:24,synthetic.customer.002051@example.invalid,,Synthetic Customer 002051,!SYNTHETIC-NO-LOGIN!,+959000002051,,CUSTOMER,2025-06-12 20:56:24
102051,1,"Synthetic Township 12, Myanmar",2023-04-20 10:06:58,synthetic.customer.002052@example.invalid,,Synthetic Customer 002052,!SYNTHETIC-NO-LOGIN!,+959000002052,,CUSTOMER,2023-05-20 10:06:58
102052,1,"Synthetic Township 13, Myanmar",2021-11-04 13:17:21,synthetic.customer.002053@example.invalid,,Synthetic Customer 002053,!SYNTHETIC-NO-LOGIN!,+959000002053,,CUSTOMER,2022-02-18 13:17:21
102053,1,"Synthetic Township 14, Myanmar",2023-10-06 10:19:35,synthetic.customer.002054@example.invalid,,Synthetic Customer 002054,!SYNTHETIC-NO-LOGIN!,+959000002054,,CUSTOMER,2023-10-14 10:19:35
102054,1,"Synthetic Township 15, Myanmar",2024-05-23 08:33:33,synthetic.customer.002055@example.invalid,,Synthetic Customer 002055,!SYNTHETIC-NO-LOGIN!,+959000002055,,CUSTOMER,2024-06-13 08:33:33
102055,1,"Synthetic Township 16, Myanmar",2023-07-25 14:00:44,synthetic.customer.002056@example.invalid,,Synthetic Customer 002056,!SYNTHETIC-NO-LOGIN!,+959000002056,,CUSTOMER,2023-08-11 14:00:44
102056,1,"Synthetic Township 17, Myanmar",2022-11-07 14:54:02,synthetic.customer.002057@example.invalid,,Synthetic Customer 002057,!SYNTHETIC-NO-LOGIN!,+959000002057,,CUSTOMER,2022-11-18 14:54:02
102057,1,"Synthetic Township 18, Myanmar",2023-12-28 04:06:06,synthetic.customer.002058@example.invalid,,Synthetic Customer 002058,!SYNTHETIC-NO-LOGIN!,+959000002058,,CUSTOMER,2024-02-01 04:06:06
102058,1,"Synthetic Township 19, Myanmar",2025-10-27 21:28:37,synthetic.customer.002059@example.invalid,,Synthetic Customer 002059,!SYNTHETIC-NO-LOGIN!,+959000002059,,CUSTOMER,2026-01-30 21:28:37
102059,1,"Synthetic Township 20, Myanmar",2025-09-01 06:50:00,synthetic.customer.002060@example.invalid,,Synthetic Customer 002060,!SYNTHETIC-NO-LOGIN!,+959000002060,,CUSTOMER,2025-09-01 06:50:00
102060,1,"Synthetic Township 21, Myanmar",2023-11-07 19:37:55,synthetic.customer.002061@example.invalid,,Synthetic Customer 002061,!SYNTHETIC-NO-LOGIN!,+959000002061,,CUSTOMER,2023-12-01 19:37:55
102061,1,"Synthetic Township 22, Myanmar",2022-12-01 11:21:06,synthetic.customer.002062@example.invalid,,Synthetic Customer 002062,!SYNTHETIC-NO-LOGIN!,+959000002062,,CUSTOMER,2023-03-24 11:21:06
102062,1,"Synthetic Township 23, Myanmar",2022-10-04 07:04:31,synthetic.customer.002063@example.invalid,,Synthetic Customer 002063,!SYNTHETIC-NO-LOGIN!,+959000002063,,CUSTOMER,2023-01-26 07:04:31
102063,1,"Synthetic Township 24, Myanmar",2022-09-01 22:24:52,synthetic.customer.002064@example.invalid,,Synthetic Customer 002064,!SYNTHETIC-NO-LOGIN!,+959000002064,,CUSTOMER,2022-11-13 22:24:52
102064,1,"Synthetic Township 25, Myanmar",2022-11-26 07:38:35,synthetic.customer.002065@example.invalid,,Synthetic Customer 002065,!SYNTHETIC-NO-LOGIN!,+959000002065,,CUSTOMER,2023-01-01 07:38:35
102065,1,"Synthetic Township 26, Myanmar",2022-03-08 21:27:49,synthetic.customer.002066@example.invalid,,Synthetic Customer 002066,!SYNTHETIC-NO-LOGIN!,+959000002066,,CUSTOMER,2022-04-07 21:27:49
102066,1,"Synthetic Township 27, Myanmar",2025-12-26 03:24:56,synthetic.customer.002067@example.invalid,,Synthetic Customer 002067,!SYNTHETIC-NO-LOGIN!,+959000002067,,CUSTOMER,2026-02-05 03:24:56
102067,1,"Synthetic Township 28, Myanmar",2023-03-29 13:45:31,synthetic.customer.002068@example.invalid,,Synthetic Customer 002068,!SYNTHETIC-NO-LOGIN!,+959000002068,,CUSTOMER,2023-06-21 13:45:31
102068,1,"Synthetic Township 29, Myanmar",2026-03-24 04:06:49,synthetic.customer.002069@example.invalid,,Synthetic Customer 002069,!SYNTHETIC-NO-LOGIN!,+959000002069,,CUSTOMER,2026-05-11 04:06:49
102069,1,"Synthetic Township 30, Myanmar",2026-06-29 00:11:34,synthetic.customer.002070@example.invalid,,Synthetic Customer 002070,!SYNTHETIC-NO-LOGIN!,+959000002070,,CUSTOMER,2026-08-27 00:11:34
102070,1,"Synthetic Township 31, Myanmar",2023-12-31 06:52:16,synthetic.customer.002071@example.invalid,,Synthetic Customer 002071,!SYNTHETIC-NO-LOGIN!,+959000002071,,CUSTOMER,2024-02-06 06:52:16
102071,1,"Synthetic Township 32, Myanmar",2024-02-18 10:54:45,synthetic.customer.002072@example.invalid,,Synthetic Customer 002072,!SYNTHETIC-NO-LOGIN!,+959000002072,,CUSTOMER,2024-05-05 10:54:45
102072,0,"Synthetic Township 33, Myanmar",2026-03-24 17:58:17,synthetic.customer.002073@example.invalid,,Synthetic Customer 002073,!SYNTHETIC-NO-LOGIN!,+959000002073,,CUSTOMER,2026-04-25 17:58:17
102073,1,"Synthetic Township 34, Myanmar",2024-11-22 21:13:13,synthetic.customer.002074@example.invalid,,Synthetic Customer 002074,!SYNTHETIC-NO-LOGIN!,+959000002074,,CUSTOMER,2024-12-25 21:13:13
102074,1,"Synthetic Township 35, Myanmar",2026-01-27 16:01:33,synthetic.customer.002075@example.invalid,,Synthetic Customer 002075,!SYNTHETIC-NO-LOGIN!,+959000002075,,CUSTOMER,2026-04-26 16:01:33
102075,1,"Synthetic Township 36, Myanmar",2022-12-25 20:51:37,synthetic.customer.002076@example.invalid,,Synthetic Customer 002076,!SYNTHETIC-NO-LOGIN!,+959000002076,,CUSTOMER,2023-03-12 20:51:37
102076,1,"Synthetic Township 37, Myanmar",2022-03-04 17:09:58,synthetic.customer.002077@example.invalid,,Synthetic Customer 002077,!SYNTHETIC-NO-LOGIN!,+959000002077,,CUSTOMER,2022-05-18 17:09:58
102077,1,"Synthetic Township 38, Myanmar",2021-11-10 19:33:01,synthetic.customer.002078@example.invalid,,Synthetic Customer 002078,!SYNTHETIC-NO-LOGIN!,+959000002078,,CUSTOMER,2021-11-21 19:33:01
102078,1,"Synthetic Township 39, Myanmar",2024-05-01 09:43:32,synthetic.customer.002079@example.invalid,,Synthetic Customer 002079,!SYNTHETIC-NO-LOGIN!,+959000002079,,CUSTOMER,2024-06-07 09:43:32
102079,1,"Synthetic Township 40, Myanmar",2025-08-09 06:24:38,synthetic.customer.002080@example.invalid,,Synthetic Customer 002080,!SYNTHETIC-NO-LOGIN!,+959000002080,,CUSTOMER,2025-12-04 06:24:38
102080,1,"Synthetic Township 41, Myanmar",2025-08-31 10:41:36,synthetic.customer.002081@example.invalid,,Synthetic Customer 002081,!SYNTHETIC-NO-LOGIN!,+959000002081,,CUSTOMER,2025-09-02 10:41:36
102081,1,"Synthetic Township 42, Myanmar",2025-09-11 11:58:26,synthetic.customer.002082@example.invalid,,Synthetic Customer 002082,!SYNTHETIC-NO-LOGIN!,+959000002082,,CUSTOMER,2025-10-16 11:58:26
102082,1,"Synthetic Township 43, Myanmar",2026-03-23 15:54:00,synthetic.customer.002083@example.invalid,,Synthetic Customer 002083,!SYNTHETIC-NO-LOGIN!,+959000002083,,CUSTOMER,2026-05-01 15:54:00
102083,1,"Synthetic Township 44, Myanmar",2024-04-22 09:57:27,synthetic.customer.002084@example.invalid,,Synthetic Customer 002084,!SYNTHETIC-NO-LOGIN!,+959000002084,,CUSTOMER,2024-06-17 09:57:27
102084,1,"Synthetic Township 45, Myanmar",2024-10-17 11:44:35,synthetic.customer.002085@example.invalid,,Synthetic Customer 002085,!SYNTHETIC-NO-LOGIN!,+959000002085,,CUSTOMER,2024-11-27 11:44:35
102085,1,"Synthetic Township 46, Myanmar",2025-04-11 23:37:13,synthetic.customer.002086@example.invalid,,Synthetic Customer 002086,!SYNTHETIC-NO-LOGIN!,+959000002086,,CUSTOMER,2025-08-02 23:37:13
102086,1,"Synthetic Township 47, Myanmar",2023-06-18 00:54:31,synthetic.customer.002087@example.invalid,,Synthetic Customer 002087,!SYNTHETIC-NO-LOGIN!,+959000002087,,CUSTOMER,2023-09-24 00:54:31
102087,1,"Synthetic Township 48, Myanmar",2026-02-13 13:07:07,synthetic.customer.002088@example.invalid,,Synthetic Customer 002088,!SYNTHETIC-NO-LOGIN!,+959000002088,,CUSTOMER,2026-04-22 13:07:07
102088,1,"Synthetic Township 49, Myanmar",2026-02-25 03:08:07,synthetic.customer.002089@example.invalid,,Synthetic Customer 002089,!SYNTHETIC-NO-LOGIN!,+959000002089,,CUSTOMER,2026-03-12 03:08:07
102089,1,"Synthetic Township 50, Myanmar",2024-06-06 13:07:50,synthetic.customer.002090@example.invalid,,Synthetic Customer 002090,!SYNTHETIC-NO-LOGIN!,+959000002090,,CUSTOMER,2024-06-20 13:07:50
102090,1,"Synthetic Township 51, Myanmar",2025-02-06 11:54:07,synthetic.customer.002091@example.invalid,,Synthetic Customer 002091,!SYNTHETIC-NO-LOGIN!,+959000002091,,CUSTOMER,2025-04-03 11:54:07
102091,1,"Synthetic Township 52, Myanmar",2021-09-19 10:39:26,synthetic.customer.002092@example.invalid,,Synthetic Customer 002092,!SYNTHETIC-NO-LOGIN!,+959000002092,,CUSTOMER,2021-11-05 10:39:26
102092,1,"Synthetic Township 53, Myanmar",2025-10-30 08:47:21,synthetic.customer.002093@example.invalid,,Synthetic Customer 002093,!SYNTHETIC-NO-LOGIN!,+959000002093,,CUSTOMER,2026-02-09 08:47:21
102093,1,"Synthetic Township 54, Myanmar",2025-02-13 19:15:03,synthetic.customer.002094@example.invalid,,Synthetic Customer 002094,!SYNTHETIC-NO-LOGIN!,+959000002094,,CUSTOMER,2025-04-04 19:15:03
102094,1,"Synthetic Township 55, Myanmar",2024-09-13 17:34:54,synthetic.customer.002095@example.invalid,,Synthetic Customer 002095,!SYNTHETIC-NO-LOGIN!,+959000002095,,CUSTOMER,2024-10-12 17:34:54
102095,1,"Synthetic Township 56, Myanmar",2022-01-19 06:17:19,synthetic.customer.002096@example.invalid,,Synthetic Customer 002096,!SYNTHETIC-NO-LOGIN!,+959000002096,,CUSTOMER,2022-05-14 06:17:19
102096,1,"Synthetic Township 57, Myanmar",2025-08-04 08:14:04,synthetic.customer.002097@example.invalid,,Synthetic Customer 002097,!SYNTHETIC-NO-LOGIN!,+959000002097,,CUSTOMER,2025-10-05 08:14:04
102097,1,"Synthetic Township 58, Myanmar",2021-12-20 12:44:41,synthetic.customer.002098@example.invalid,,Synthetic Customer 002098,!SYNTHETIC-NO-LOGIN!,+959000002098,,CUSTOMER,2022-01-14 12:44:41
102098,1,"Synthetic Township 59, Myanmar",2026-08-16 13:22:08,synthetic.customer.002099@example.invalid,,Synthetic Customer 002099,!SYNTHETIC-NO-LOGIN!,+959000002099,,CUSTOMER,2026-10-10 13:22:08
102099,1,"Synthetic Township 60, Myanmar",2026-02-04 03:06:57,synthetic.customer.002100@example.invalid,,Synthetic Customer 002100,!SYNTHETIC-NO-LOGIN!,+959000002100,,CUSTOMER,2026-03-23 03:06:57
102100,1,"Synthetic Township 1, Myanmar",2024-09-29 16:35:54,synthetic.customer.002101@example.invalid,,Synthetic Customer 002101,!SYNTHETIC-NO-LOGIN!,+959000002101,,CUSTOMER,2024-12-25 16:35:54
102101,1,"Synthetic Township 2, Myanmar",2024-10-19 11:43:40,synthetic.customer.002102@example.invalid,,Synthetic Customer 002102,!SYNTHETIC-NO-LOGIN!,+959000002102,,CUSTOMER,2025-01-21 11:43:40
102102,1,"Synthetic Township 3, Myanmar",2025-11-28 00:08:49,synthetic.customer.002103@example.invalid,,Synthetic Customer 002103,!SYNTHETIC-NO-LOGIN!,+959000002103,,CUSTOMER,2026-03-26 00:08:49
102103,1,"Synthetic Township 4, Myanmar",2025-11-18 16:05:48,synthetic.customer.002104@example.invalid,,Synthetic Customer 002104,!SYNTHETIC-NO-LOGIN!,+959000002104,,CUSTOMER,2026-01-28 16:05:48
102104,1,"Synthetic Township 5, Myanmar",2021-09-12 18:33:50,synthetic.customer.002105@example.invalid,,Synthetic Customer 002105,!SYNTHETIC-NO-LOGIN!,+959000002105,,CUSTOMER,2021-09-28 18:33:50
102105,1,"Synthetic Township 6, Myanmar",2024-09-19 16:56:06,synthetic.customer.002106@example.invalid,,Synthetic Customer 002106,!SYNTHETIC-NO-LOGIN!,+959000002106,,CUSTOMER,2024-12-12 16:56:06
102106,1,"Synthetic Township 7, Myanmar",2023-11-19 03:04:36,synthetic.customer.002107@example.invalid,,Synthetic Customer 002107,!SYNTHETIC-NO-LOGIN!,+959000002107,,CUSTOMER,2024-02-28 03:04:36
102107,1,"Synthetic Township 8, Myanmar",2024-01-14 22:26:40,synthetic.customer.002108@example.invalid,,Synthetic Customer 002108,!SYNTHETIC-NO-LOGIN!,+959000002108,,CUSTOMER,2024-03-06 22:26:40
102108,1,"Synthetic Township 9, Myanmar",2026-03-31 20:54:01,synthetic.customer.002109@example.invalid,,Synthetic Customer 002109,!SYNTHETIC-NO-LOGIN!,+959000002109,,CUSTOMER,2026-06-11 20:54:01
102109,0,"Synthetic Township 10, Myanmar",2025-05-21 07:12:40,synthetic.customer.002110@example.invalid,,Synthetic Customer 002110,!SYNTHETIC-NO-LOGIN!,+959000002110,,CUSTOMER,2025-05-29 07:12:40
102110,1,"Synthetic Township 11, Myanmar",2024-11-02 01:30:28,synthetic.customer.002111@example.invalid,,Synthetic Customer 002111,!SYNTHETIC-NO-LOGIN!,+959000002111,,CUSTOMER,2024-11-29 01:30:28
102111,1,"Synthetic Township 12, Myanmar",2024-10-11 15:19:06,synthetic.customer.002112@example.invalid,,Synthetic Customer 002112,!SYNTHETIC-NO-LOGIN!,+959000002112,,CUSTOMER,2024-11-04 15:19:06
102112,1,"Synthetic Township 13, Myanmar",2021-09-18 06:13:12,synthetic.customer.002113@example.invalid,,Synthetic Customer 002113,!SYNTHETIC-NO-LOGIN!,+959000002113,,CUSTOMER,2021-10-08 06:13:12
102113,1,"Synthetic Township 14, Myanmar",2025-01-18 10:39:45,synthetic.customer.002114@example.invalid,,Synthetic Customer 002114,!SYNTHETIC-NO-LOGIN!,+959000002114,,CUSTOMER,2025-03-15 10:39:45
102114,1,"Synthetic Township 15, Myanmar",2023-06-10 10:54:29,synthetic.customer.002115@example.invalid,,Synthetic Customer 002115,!SYNTHETIC-NO-LOGIN!,+959000002115,,CUSTOMER,2023-09-27 10:54:29
102115,1,"Synthetic Township 16, Myanmar",2026-01-13 22:04:05,synthetic.customer.002116@example.invalid,,Synthetic Customer 002116,!SYNTHETIC-NO-LOGIN!,+959000002116,,CUSTOMER,2026-04-26 22:04:05
102116,1,"Synthetic Township 17, Myanmar",2023-03-11 05:23:55,synthetic.customer.002117@example.invalid,,Synthetic Customer 002117,!SYNTHETIC-NO-LOGIN!,+959000002117,,CUSTOMER,2023-03-25 05:23:55
102117,1,"Synthetic Township 18, Myanmar",2026-05-17 14:18:56,synthetic.customer.002118@example.invalid,,Synthetic Customer 002118,!SYNTHETIC-NO-LOGIN!,+959000002118,,CUSTOMER,2026-07-23 14:18:56
102118,1,"Synthetic Township 19, Myanmar",2022-06-10 02:07:22,synthetic.customer.002119@example.invalid,,Synthetic Customer 002119,!SYNTHETIC-NO-LOGIN!,+959000002119,,CUSTOMER,2022-08-28 02:07:22
102119,1,"Synthetic Township 20, Myanmar",2022-12-01 16:57:35,synthetic.customer.002120@example.invalid,,Synthetic Customer 002120,!SYNTHETIC-NO-LOGIN!,+959000002120,,CUSTOMER,2022-12-19 16:57:35
102120,1,"Synthetic Township 21, Myanmar",2026-05-17 11:06:17,synthetic.customer.002121@example.invalid,,Synthetic Customer 002121,!SYNTHETIC-NO-LOGIN!,+959000002121,,CUSTOMER,2026-08-01 11:06:17
102121,1,"Synthetic Township 22, Myanmar",2023-07-10 00:02:21,synthetic.customer.002122@example.invalid,,Synthetic Customer 002122,!SYNTHETIC-NO-LOGIN!,+959000002122,,CUSTOMER,2023-09-13 00:02:21
102122,1,"Synthetic Township 23, Myanmar",2024-06-18 06:47:13,synthetic.customer.002123@example.invalid,,Synthetic Customer 002123,!SYNTHETIC-NO-LOGIN!,+959000002123,,CUSTOMER,2024-07-16 06:47:13
102123,1,"Synthetic Township 24, Myanmar",2024-12-06 04:00:10,synthetic.customer.002124@example.invalid,,Synthetic Customer 002124,!SYNTHETIC-NO-LOGIN!,+959000002124,,CUSTOMER,2025-03-30 04:00:10
102124,1,"Synthetic Township 25, Myanmar",2022-11-21 13:41:33,synthetic.customer.002125@example.invalid,,Synthetic Customer 002125,!SYNTHETIC-NO-LOGIN!,+959000002125,,CUSTOMER,2022-12-04 13:41:33
102125,1,"Synthetic Township 26, Myanmar",2024-02-22 19:08:45,synthetic.customer.002126@example.invalid,,Synthetic Customer 002126,!SYNTHETIC-NO-LOGIN!,+959000002126,,CUSTOMER,2024-03-11 19:08:45
102126,1,"Synthetic Township 27, Myanmar",2025-09-22 10:26:51,synthetic.customer.002127@example.invalid,,Synthetic Customer 002127,!SYNTHETIC-NO-LOGIN!,+959000002127,,CUSTOMER,2025-10-14 10:26:51
102127,1,"Synthetic Township 28, Myanmar",2022-08-03 15:22:31,synthetic.customer.002128@example.invalid,,Synthetic Customer 002128,!SYNTHETIC-NO-LOGIN!,+959000002128,,CUSTOMER,2022-08-28 15:22:31
102128,1,"Synthetic Township 29, Myanmar",2026-05-28 20:15:50,synthetic.customer.002129@example.invalid,,Synthetic Customer 002129,!SYNTHETIC-NO-LOGIN!,+959000002129,,CUSTOMER,2026-06-23 20:15:50
102129,1,"Synthetic Township 30, Myanmar",2024-05-29 14:14:51,synthetic.customer.002130@example.invalid,,Synthetic Customer 002130,!SYNTHETIC-NO-LOGIN!,+959000002130,,CUSTOMER,2024-06-20 14:14:51
102130,1,"Synthetic Township 31, Myanmar",2025-05-13 21:01:47,synthetic.customer.002131@example.invalid,,Synthetic Customer 002131,!SYNTHETIC-NO-LOGIN!,+959000002131,,CUSTOMER,2025-05-22 21:01:47
102131,1,"Synthetic Township 32, Myanmar",2022-06-10 16:08:26,synthetic.customer.002132@example.invalid,,Synthetic Customer 002132,!SYNTHETIC-NO-LOGIN!,+959000002132,,CUSTOMER,2022-09-01 16:08:26
102132,1,"Synthetic Township 33, Myanmar",2021-12-07 20:31:43,synthetic.customer.002133@example.invalid,,Synthetic Customer 002133,!SYNTHETIC-NO-LOGIN!,+959000002133,,CUSTOMER,2022-02-18 20:31:43
102133,1,"Synthetic Township 34, Myanmar",2026-05-19 07:37:21,synthetic.customer.002134@example.invalid,,Synthetic Customer 002134,!SYNTHETIC-NO-LOGIN!,+959000002134,,CUSTOMER,2026-09-16 07:37:21
102134,1,"Synthetic Township 35, Myanmar",2023-12-19 21:46:51,synthetic.customer.002135@example.invalid,,Synthetic Customer 002135,!SYNTHETIC-NO-LOGIN!,+959000002135,,CUSTOMER,2024-01-13 21:46:51
102135,1,"Synthetic Township 36, Myanmar",2025-03-26 09:52:05,synthetic.customer.002136@example.invalid,,Synthetic Customer 002136,!SYNTHETIC-NO-LOGIN!,+959000002136,,CUSTOMER,2025-06-19 09:52:05
102136,1,"Synthetic Township 37, Myanmar",2026-08-18 12:03:47,synthetic.customer.002137@example.invalid,,Synthetic Customer 002137,!SYNTHETIC-NO-LOGIN!,+959000002137,,CUSTOMER,2026-09-15 12:03:47
102137,1,"Synthetic Township 38, Myanmar",2024-08-19 10:31:10,synthetic.customer.002138@example.invalid,,Synthetic Customer 002138,!SYNTHETIC-NO-LOGIN!,+959000002138,,CUSTOMER,2024-08-28 10:31:10
102138,1,"Synthetic Township 39, Myanmar",2021-10-23 14:55:29,synthetic.customer.002139@example.invalid,,Synthetic Customer 002139,!SYNTHETIC-NO-LOGIN!,+959000002139,,CUSTOMER,2022-02-01 14:55:29
102139,1,"Synthetic Township 40, Myanmar",2022-07-01 09:04:10,synthetic.customer.002140@example.invalid,,Synthetic Customer 002140,!SYNTHETIC-NO-LOGIN!,+959000002140,,CUSTOMER,2022-09-14 09:04:10
102140,1,"Synthetic Township 41, Myanmar",2023-01-18 15:24:31,synthetic.customer.002141@example.invalid,,Synthetic Customer 002141,!SYNTHETIC-NO-LOGIN!,+959000002141,,CUSTOMER,2023-02-05 15:24:31
102141,1,"Synthetic Township 42, Myanmar",2025-03-19 06:13:52,synthetic.customer.002142@example.invalid,,Synthetic Customer 002142,!SYNTHETIC-NO-LOGIN!,+959000002142,,CUSTOMER,2025-07-17 06:13:52
102142,1,"Synthetic Township 43, Myanmar",2024-08-01 14:33:07,synthetic.customer.002143@example.invalid,,Synthetic Customer 002143,!SYNTHETIC-NO-LOGIN!,+959000002143,,CUSTOMER,2024-11-27 14:33:07
102143,1,"Synthetic Township 44, Myanmar",2024-12-05 20:08:24,synthetic.customer.002144@example.invalid,,Synthetic Customer 002144,!SYNTHETIC-NO-LOGIN!,+959000002144,,CUSTOMER,2025-01-16 20:08:24
102144,1,"Synthetic Township 45, Myanmar",2026-01-18 05:43:00,synthetic.customer.002145@example.invalid,,Synthetic Customer 002145,!SYNTHETIC-NO-LOGIN!,+959000002145,,CUSTOMER,2026-04-12 05:43:00
102145,1,"Synthetic Township 46, Myanmar",2025-11-17 16:39:31,synthetic.customer.002146@example.invalid,,Synthetic Customer 002146,!SYNTHETIC-NO-LOGIN!,+959000002146,,CUSTOMER,2026-03-03 16:39:31
102146,0,"Synthetic Township 47, Myanmar",2021-12-06 18:54:40,synthetic.customer.002147@example.invalid,,Synthetic Customer 002147,!SYNTHETIC-NO-LOGIN!,+959000002147,,CUSTOMER,2021-12-06 18:54:40
102147,1,"Synthetic Township 48, Myanmar",2023-05-25 18:45:02,synthetic.customer.002148@example.invalid,,Synthetic Customer 002148,!SYNTHETIC-NO-LOGIN!,+959000002148,,CUSTOMER,2023-06-27 18:45:02
102148,1,"Synthetic Township 49, Myanmar",2022-04-02 16:18:49,synthetic.customer.002149@example.invalid,,Synthetic Customer 002149,!SYNTHETIC-NO-LOGIN!,+959000002149,,CUSTOMER,2022-07-14 16:18:49
102149,1,"Synthetic Township 50, Myanmar",2024-09-21 00:21:14,synthetic.customer.002150@example.invalid,,Synthetic Customer 002150,!SYNTHETIC-NO-LOGIN!,+959000002150,,CUSTOMER,2024-12-06 00:21:14
102150,1,"Synthetic Township 51, Myanmar",2026-05-25 07:13:03,synthetic.customer.002151@example.invalid,,Synthetic Customer 002151,!SYNTHETIC-NO-LOGIN!,+959000002151,,CUSTOMER,2026-08-12 07:13:03
102151,1,"Synthetic Township 52, Myanmar",2021-10-10 17:15:07,synthetic.customer.002152@example.invalid,,Synthetic Customer 002152,!SYNTHETIC-NO-LOGIN!,+959000002152,,CUSTOMER,2021-11-30 17:15:07
102152,1,"Synthetic Township 53, Myanmar",2022-09-12 09:37:58,synthetic.customer.002153@example.invalid,,Synthetic Customer 002153,!SYNTHETIC-NO-LOGIN!,+959000002153,,CUSTOMER,2022-11-28 09:37:58
102153,1,"Synthetic Township 54, Myanmar",2023-09-17 13:51:46,synthetic.customer.002154@example.invalid,,Synthetic Customer 002154,!SYNTHETIC-NO-LOGIN!,+959000002154,,CUSTOMER,2023-11-02 13:51:46
102154,1,"Synthetic Township 55, Myanmar",2022-09-16 16:38:28,synthetic.customer.002155@example.invalid,,Synthetic Customer 002155,!SYNTHETIC-NO-LOGIN!,+959000002155,,CUSTOMER,2022-12-29 16:38:28
102155,1,"Synthetic Township 56, Myanmar",2024-01-01 12:33:08,synthetic.customer.002156@example.invalid,,Synthetic Customer 002156,!SYNTHETIC-NO-LOGIN!,+959000002156,,CUSTOMER,2024-03-05 12:33:08
102156,1,"Synthetic Township 57, Myanmar",2023-09-30 16:46:02,synthetic.customer.002157@example.invalid,,Synthetic Customer 002157,!SYNTHETIC-NO-LOGIN!,+959000002157,,CUSTOMER,2023-11-22 16:46:02
102157,1,"Synthetic Township 58, Myanmar",2023-11-17 06:01:30,synthetic.customer.002158@example.invalid,,Synthetic Customer 002158,!SYNTHETIC-NO-LOGIN!,+959000002158,,CUSTOMER,2024-01-10 06:01:30
102158,1,"Synthetic Township 59, Myanmar",2026-07-10 14:41:16,synthetic.customer.002159@example.invalid,,Synthetic Customer 002159,!SYNTHETIC-NO-LOGIN!,+959000002159,,CUSTOMER,2026-10-22 14:41:16
102159,1,"Synthetic Township 60, Myanmar",2026-07-14 02:37:26,synthetic.customer.002160@example.invalid,,Synthetic Customer 002160,!SYNTHETIC-NO-LOGIN!,+959000002160,,CUSTOMER,2026-10-05 02:37:26
102160,1,"Synthetic Township 1, Myanmar",2024-10-28 02:53:13,synthetic.customer.002161@example.invalid,,Synthetic Customer 002161,!SYNTHETIC-NO-LOGIN!,+959000002161,,CUSTOMER,2024-11-28 02:53:13
102161,1,"Synthetic Township 2, Myanmar",2023-12-01 05:06:10,synthetic.customer.002162@example.invalid,,Synthetic Customer 002162,!SYNTHETIC-NO-LOGIN!,+959000002162,,CUSTOMER,2024-02-21 05:06:10
102162,1,"Synthetic Township 3, Myanmar",2022-05-31 02:13:46,synthetic.customer.002163@example.invalid,,Synthetic Customer 002163,!SYNTHETIC-NO-LOGIN!,+959000002163,,CUSTOMER,2022-08-24 02:13:46
102163,1,"Synthetic Township 4, Myanmar",2021-09-18 11:53:08,synthetic.customer.002164@example.invalid,,Synthetic Customer 002164,!SYNTHETIC-NO-LOGIN!,+959000002164,,CUSTOMER,2021-10-21 11:53:08
102164,1,"Synthetic Township 5, Myanmar",2026-05-07 08:59:40,synthetic.customer.002165@example.invalid,,Synthetic Customer 002165,!SYNTHETIC-NO-LOGIN!,+959000002165,,CUSTOMER,2026-08-16 08:59:40
102165,1,"Synthetic Township 6, Myanmar",2025-02-12 21:59:57,synthetic.customer.002166@example.invalid,,Synthetic Customer 002166,!SYNTHETIC-NO-LOGIN!,+959000002166,,CUSTOMER,2025-05-20 21:59:57
102166,1,"Synthetic Township 7, Myanmar",2023-04-09 05:57:09,synthetic.customer.002167@example.invalid,,Synthetic Customer 002167,!SYNTHETIC-NO-LOGIN!,+959000002167,,CUSTOMER,2023-05-05 05:57:09
102167,1,"Synthetic Township 8, Myanmar",2025-07-09 14:50:05,synthetic.customer.002168@example.invalid,,Synthetic Customer 002168,!SYNTHETIC-NO-LOGIN!,+959000002168,,CUSTOMER,2025-08-06 14:50:05
102168,1,"Synthetic Township 9, Myanmar",2022-07-12 05:29:46,synthetic.customer.002169@example.invalid,,Synthetic Customer 002169,!SYNTHETIC-NO-LOGIN!,+959000002169,,CUSTOMER,2022-08-28 05:29:46
102169,1,"Synthetic Township 10, Myanmar",2022-06-22 00:56:13,synthetic.customer.002170@example.invalid,,Synthetic Customer 002170,!SYNTHETIC-NO-LOGIN!,+959000002170,,CUSTOMER,2022-10-14 00:56:13
102170,1,"Synthetic Township 11, Myanmar",2023-06-29 12:57:42,synthetic.customer.002171@example.invalid,,Synthetic Customer 002171,!SYNTHETIC-NO-LOGIN!,+959000002171,,CUSTOMER,2023-10-21 12:57:42
102171,1,"Synthetic Township 12, Myanmar",2022-11-10 12:38:02,synthetic.customer.002172@example.invalid,,Synthetic Customer 002172,!SYNTHETIC-NO-LOGIN!,+959000002172,,CUSTOMER,2022-12-14 12:38:02
102172,1,"Synthetic Township 13, Myanmar",2023-10-30 15:00:14,synthetic.customer.002173@example.invalid,,Synthetic Customer 002173,!SYNTHETIC-NO-LOGIN!,+959000002173,,CUSTOMER,2023-12-31 15:00:14
102173,1,"Synthetic Township 14, Myanmar",2025-06-23 21:57:46,synthetic.customer.002174@example.invalid,,Synthetic Customer 002174,!SYNTHETIC-NO-LOGIN!,+959000002174,,CUSTOMER,2025-10-20 21:57:46
102174,1,"Synthetic Township 15, Myanmar",2022-04-10 09:10:11,synthetic.customer.002175@example.invalid,,Synthetic Customer 002175,!SYNTHETIC-NO-LOGIN!,+959000002175,,CUSTOMER,2022-06-05 09:10:11
102175,1,"Synthetic Township 16, Myanmar",2023-12-28 01:49:19,synthetic.customer.002176@example.invalid,,Synthetic Customer 002176,!SYNTHETIC-NO-LOGIN!,+959000002176,,CUSTOMER,2024-02-03 01:49:19
102176,1,"Synthetic Township 17, Myanmar",2023-03-19 22:40:59,synthetic.customer.002177@example.invalid,,Synthetic Customer 002177,!SYNTHETIC-NO-LOGIN!,+959000002177,,CUSTOMER,2023-04-02 22:40:59
102177,1,"Synthetic Township 18, Myanmar",2026-02-17 13:54:51,synthetic.customer.002178@example.invalid,,Synthetic Customer 002178,!SYNTHETIC-NO-LOGIN!,+959000002178,,CUSTOMER,2026-05-19 13:54:51
102178,1,"Synthetic Township 19, Myanmar",2023-06-07 01:51:37,synthetic.customer.002179@example.invalid,,Synthetic Customer 002179,!SYNTHETIC-NO-LOGIN!,+959000002179,,CUSTOMER,2023-08-20 01:51:37
102179,1,"Synthetic Township 20, Myanmar",2024-10-09 21:49:03,synthetic.customer.002180@example.invalid,,Synthetic Customer 002180,!SYNTHETIC-NO-LOGIN!,+959000002180,,CUSTOMER,2025-01-14 21:49:03
102180,1,"Synthetic Township 21, Myanmar",2022-05-15 19:38:41,synthetic.customer.002181@example.invalid,,Synthetic Customer 002181,!SYNTHETIC-NO-LOGIN!,+959000002181,,CUSTOMER,2022-07-29 19:38:41
102181,1,"Synthetic Township 22, Myanmar",2025-11-03 07:17:23,synthetic.customer.002182@example.invalid,,Synthetic Customer 002182,!SYNTHETIC-NO-LOGIN!,+959000002182,,CUSTOMER,2026-02-24 07:17:23
102182,1,"Synthetic Township 23, Myanmar",2026-04-08 11:46:51,synthetic.customer.002183@example.invalid,,Synthetic Customer 002183,!SYNTHETIC-NO-LOGIN!,+959000002183,,CUSTOMER,2026-04-08 11:46:51
102183,0,"Synthetic Township 24, Myanmar",2024-03-04 16:12:15,synthetic.customer.002184@example.invalid,,Synthetic Customer 002184,!SYNTHETIC-NO-LOGIN!,+959000002184,,CUSTOMER,2024-04-05 16:12:15
102184,1,"Synthetic Township 25, Myanmar",2026-05-19 07:40:37,synthetic.customer.002185@example.invalid,,Synthetic Customer 002185,!SYNTHETIC-NO-LOGIN!,+959000002185,,CUSTOMER,2026-08-23 07:40:37
102185,1,"Synthetic Township 26, Myanmar",2023-06-21 17:44:32,synthetic.customer.002186@example.invalid,,Synthetic Customer 002186,!SYNTHETIC-NO-LOGIN!,+959000002186,,CUSTOMER,2023-10-10 17:44:32
102186,1,"Synthetic Township 27, Myanmar",2025-04-15 08:49:23,synthetic.customer.002187@example.invalid,,Synthetic Customer 002187,!SYNTHETIC-NO-LOGIN!,+959000002187,,CUSTOMER,2025-07-14 08:49:23
102187,1,"Synthetic Township 28, Myanmar",2023-05-14 14:51:32,synthetic.customer.002188@example.invalid,,Synthetic Customer 002188,!SYNTHETIC-NO-LOGIN!,+959000002188,,CUSTOMER,2023-06-06 14:51:32
102188,1,"Synthetic Township 29, Myanmar",2021-09-29 15:08:42,synthetic.customer.002189@example.invalid,,Synthetic Customer 002189,!SYNTHETIC-NO-LOGIN!,+959000002189,,CUSTOMER,2021-11-03 15:08:42
102189,1,"Synthetic Township 30, Myanmar",2025-09-08 05:47:59,synthetic.customer.002190@example.invalid,,Synthetic Customer 002190,!SYNTHETIC-NO-LOGIN!,+959000002190,,CUSTOMER,2025-09-22 05:47:59
102190,1,"Synthetic Township 31, Myanmar",2024-08-22 08:31:29,synthetic.customer.002191@example.invalid,,Synthetic Customer 002191,!SYNTHETIC-NO-LOGIN!,+959000002191,,CUSTOMER,2024-08-24 08:31:29
102191,1,"Synthetic Township 32, Myanmar",2023-07-16 05:37:00,synthetic.customer.002192@example.invalid,,Synthetic Customer 002192,!SYNTHETIC-NO-LOGIN!,+959000002192,,CUSTOMER,2023-10-18 05:37:00
102192,1,"Synthetic Township 33, Myanmar",2024-10-01 05:23:11,synthetic.customer.002193@example.invalid,,Synthetic Customer 002193,!SYNTHETIC-NO-LOGIN!,+959000002193,,CUSTOMER,2024-12-30 05:23:11
102193,1,"Synthetic Township 34, Myanmar",2023-11-25 06:54:23,synthetic.customer.002194@example.invalid,,Synthetic Customer 002194,!SYNTHETIC-NO-LOGIN!,+959000002194,,CUSTOMER,2023-12-12 06:54:23
102194,1,"Synthetic Township 35, Myanmar",2024-04-06 20:23:14,synthetic.customer.002195@example.invalid,,Synthetic Customer 002195,!SYNTHETIC-NO-LOGIN!,+959000002195,,CUSTOMER,2024-04-09 20:23:14
102195,1,"Synthetic Township 36, Myanmar",2021-12-09 11:12:53,synthetic.customer.002196@example.invalid,,Synthetic Customer 002196,!SYNTHETIC-NO-LOGIN!,+959000002196,,CUSTOMER,2022-04-08 11:12:53
102196,1,"Synthetic Township 37, Myanmar",2023-05-05 03:19:15,synthetic.customer.002197@example.invalid,,Synthetic Customer 002197,!SYNTHETIC-NO-LOGIN!,+959000002197,,CUSTOMER,2023-07-27 03:19:15
102197,1,"Synthetic Township 38, Myanmar",2024-08-19 05:30:11,synthetic.customer.002198@example.invalid,,Synthetic Customer 002198,!SYNTHETIC-NO-LOGIN!,+959000002198,,CUSTOMER,2024-12-06 05:30:11
102198,1,"Synthetic Township 39, Myanmar",2022-01-21 11:26:35,synthetic.customer.002199@example.invalid,,Synthetic Customer 002199,!SYNTHETIC-NO-LOGIN!,+959000002199,,CUSTOMER,2022-04-28 11:26:35
102199,1,"Synthetic Township 40, Myanmar",2024-08-17 14:46:25,synthetic.customer.002200@example.invalid,,Synthetic Customer 002200,!SYNTHETIC-NO-LOGIN!,+959000002200,,CUSTOMER,2024-11-27 14:46:25
102200,1,"Synthetic Township 41, Myanmar",2021-09-28 12:03:57,synthetic.customer.002201@example.invalid,,Synthetic Customer 002201,!SYNTHETIC-NO-LOGIN!,+959000002201,,CUSTOMER,2021-11-02 12:03:57
102201,1,"Synthetic Township 42, Myanmar",2023-05-24 14:37:18,synthetic.customer.002202@example.invalid,,Synthetic Customer 002202,!SYNTHETIC-NO-LOGIN!,+959000002202,,CUSTOMER,2023-06-24 14:37:18
102202,1,"Synthetic Township 43, Myanmar",2026-02-20 19:16:08,synthetic.customer.002203@example.invalid,,Synthetic Customer 002203,!SYNTHETIC-NO-LOGIN!,+959000002203,,CUSTOMER,2026-05-01 19:16:08
102203,1,"Synthetic Township 44, Myanmar",2026-02-18 08:58:16,synthetic.customer.002204@example.invalid,,Synthetic Customer 002204,!SYNTHETIC-NO-LOGIN!,+959000002204,,CUSTOMER,2026-04-07 08:58:16
102204,1,"Synthetic Township 45, Myanmar",2026-02-06 20:05:28,synthetic.customer.002205@example.invalid,,Synthetic Customer 002205,!SYNTHETIC-NO-LOGIN!,+959000002205,,CUSTOMER,2026-04-22 20:05:28
102205,1,"Synthetic Township 46, Myanmar",2021-11-13 05:09:25,synthetic.customer.002206@example.invalid,,Synthetic Customer 002206,!SYNTHETIC-NO-LOGIN!,+959000002206,,CUSTOMER,2022-02-10 05:09:25
102206,1,"Synthetic Township 47, Myanmar",2024-05-26 13:44:30,synthetic.customer.002207@example.invalid,,Synthetic Customer 002207,!SYNTHETIC-NO-LOGIN!,+959000002207,,CUSTOMER,2024-08-06 13:44:30
102207,1,"Synthetic Township 48, Myanmar",2025-06-02 01:26:49,synthetic.customer.002208@example.invalid,,Synthetic Customer 002208,!SYNTHETIC-NO-LOGIN!,+959000002208,,CUSTOMER,2025-09-06 01:26:49
102208,1,"Synthetic Township 49, Myanmar",2025-05-23 18:31:46,synthetic.customer.002209@example.invalid,,Synthetic Customer 002209,!SYNTHETIC-NO-LOGIN!,+959000002209,,CUSTOMER,2025-09-08 18:31:46
102209,1,"Synthetic Township 50, Myanmar",2023-01-19 06:56:25,synthetic.customer.002210@example.invalid,,Synthetic Customer 002210,!SYNTHETIC-NO-LOGIN!,+959000002210,,CUSTOMER,2023-01-22 06:56:25
102210,1,"Synthetic Township 51, Myanmar",2023-06-01 05:10:26,synthetic.customer.002211@example.invalid,,Synthetic Customer 002211,!SYNTHETIC-NO-LOGIN!,+959000002211,,CUSTOMER,2023-06-24 05:10:26
102211,1,"Synthetic Township 52, Myanmar",2025-01-19 10:29:48,synthetic.customer.002212@example.invalid,,Synthetic Customer 002212,!SYNTHETIC-NO-LOGIN!,+959000002212,,CUSTOMER,2025-04-11 10:29:48
102212,1,"Synthetic Township 53, Myanmar",2025-04-18 21:15:03,synthetic.customer.002213@example.invalid,,Synthetic Customer 002213,!SYNTHETIC-NO-LOGIN!,+959000002213,,CUSTOMER,2025-07-19 21:15:03
102213,1,"Synthetic Township 54, Myanmar",2023-03-02 20:55:46,synthetic.customer.002214@example.invalid,,Synthetic Customer 002214,!SYNTHETIC-NO-LOGIN!,+959000002214,,CUSTOMER,2023-03-16 20:55:46
102214,1,"Synthetic Township 55, Myanmar",2023-06-12 07:53:41,synthetic.customer.002215@example.invalid,,Synthetic Customer 002215,!SYNTHETIC-NO-LOGIN!,+959000002215,,CUSTOMER,2023-08-15 07:53:41
102215,1,"Synthetic Township 56, Myanmar",2023-11-22 13:07:02,synthetic.customer.002216@example.invalid,,Synthetic Customer 002216,!SYNTHETIC-NO-LOGIN!,+959000002216,,CUSTOMER,2024-01-06 13:07:02
102216,1,"Synthetic Township 57, Myanmar",2024-07-13 10:05:02,synthetic.customer.002217@example.invalid,,Synthetic Customer 002217,!SYNTHETIC-NO-LOGIN!,+959000002217,,CUSTOMER,2024-11-01 10:05:02
102217,1,"Synthetic Township 58, Myanmar",2022-06-25 15:52:46,synthetic.customer.002218@example.invalid,,Synthetic Customer 002218,!SYNTHETIC-NO-LOGIN!,+959000002218,,CUSTOMER,2022-10-11 15:52:46
102218,1,"Synthetic Township 59, Myanmar",2023-12-17 03:14:25,synthetic.customer.002219@example.invalid,,Synthetic Customer 002219,!SYNTHETIC-NO-LOGIN!,+959000002219,,CUSTOMER,2023-12-29 03:14:25
102219,1,"Synthetic Township 60, Myanmar",2023-10-22 05:33:41,synthetic.customer.002220@example.invalid,,Synthetic Customer 002220,!SYNTHETIC-NO-LOGIN!,+959000002220,,CUSTOMER,2023-11-25 05:33:41
102220,0,"Synthetic Township 1, Myanmar",2024-12-20 06:02:18,synthetic.customer.002221@example.invalid,,Synthetic Customer 002221,!SYNTHETIC-NO-LOGIN!,+959000002221,,CUSTOMER,2025-01-24 06:02:18
102221,1,"Synthetic Township 2, Myanmar",2026-04-01 00:49:35,synthetic.customer.002222@example.invalid,,Synthetic Customer 002222,!SYNTHETIC-NO-LOGIN!,+959000002222,,CUSTOMER,2026-07-13 00:49:35
102222,1,"Synthetic Township 3, Myanmar",2024-10-05 14:58:46,synthetic.customer.002223@example.invalid,,Synthetic Customer 002223,!SYNTHETIC-NO-LOGIN!,+959000002223,,CUSTOMER,2025-01-09 14:58:46
102223,1,"Synthetic Township 4, Myanmar",2025-07-02 10:36:36,synthetic.customer.002224@example.invalid,,Synthetic Customer 002224,!SYNTHETIC-NO-LOGIN!,+959000002224,,CUSTOMER,2025-09-22 10:36:36
102224,1,"Synthetic Township 5, Myanmar",2026-06-22 18:34:47,synthetic.customer.002225@example.invalid,,Synthetic Customer 002225,!SYNTHETIC-NO-LOGIN!,+959000002225,,CUSTOMER,2026-08-27 18:34:47
102225,1,"Synthetic Township 6, Myanmar",2022-10-08 04:34:22,synthetic.customer.002226@example.invalid,,Synthetic Customer 002226,!SYNTHETIC-NO-LOGIN!,+959000002226,,CUSTOMER,2022-11-28 04:34:22
102226,1,"Synthetic Township 7, Myanmar",2025-01-26 21:19:37,synthetic.customer.002227@example.invalid,,Synthetic Customer 002227,!SYNTHETIC-NO-LOGIN!,+959000002227,,CUSTOMER,2025-04-26 21:19:37
102227,1,"Synthetic Township 8, Myanmar",2026-03-17 16:06:12,synthetic.customer.002228@example.invalid,,Synthetic Customer 002228,!SYNTHETIC-NO-LOGIN!,+959000002228,,CUSTOMER,2026-05-03 16:06:12
102228,1,"Synthetic Township 9, Myanmar",2023-08-11 15:19:33,synthetic.customer.002229@example.invalid,,Synthetic Customer 002229,!SYNTHETIC-NO-LOGIN!,+959000002229,,CUSTOMER,2023-09-24 15:19:33
102229,1,"Synthetic Township 10, Myanmar",2026-05-24 00:37:18,synthetic.customer.002230@example.invalid,,Synthetic Customer 002230,!SYNTHETIC-NO-LOGIN!,+959000002230,,CUSTOMER,2026-09-14 00:37:18
102230,1,"Synthetic Township 11, Myanmar",2026-05-19 14:05:10,synthetic.customer.002231@example.invalid,,Synthetic Customer 002231,!SYNTHETIC-NO-LOGIN!,+959000002231,,CUSTOMER,2026-07-20 14:05:10
102231,1,"Synthetic Township 12, Myanmar",2026-06-28 22:28:53,synthetic.customer.002232@example.invalid,,Synthetic Customer 002232,!SYNTHETIC-NO-LOGIN!,+959000002232,,CUSTOMER,2026-10-16 22:28:53
102232,1,"Synthetic Township 13, Myanmar",2022-11-14 12:51:17,synthetic.customer.002233@example.invalid,,Synthetic Customer 002233,!SYNTHETIC-NO-LOGIN!,+959000002233,,CUSTOMER,2023-02-07 12:51:17
102233,1,"Synthetic Township 14, Myanmar",2023-06-25 04:54:00,synthetic.customer.002234@example.invalid,,Synthetic Customer 002234,!SYNTHETIC-NO-LOGIN!,+959000002234,,CUSTOMER,2023-08-22 04:54:00
102234,1,"Synthetic Township 15, Myanmar",2022-04-20 17:40:28,synthetic.customer.002235@example.invalid,,Synthetic Customer 002235,!SYNTHETIC-NO-LOGIN!,+959000002235,,CUSTOMER,2022-05-22 17:40:28
102235,1,"Synthetic Township 16, Myanmar",2023-08-14 18:09:10,synthetic.customer.002236@example.invalid,,Synthetic Customer 002236,!SYNTHETIC-NO-LOGIN!,+959000002236,,CUSTOMER,2023-10-19 18:09:10
102236,1,"Synthetic Township 17, Myanmar",2025-06-05 20:57:07,synthetic.customer.002237@example.invalid,,Synthetic Customer 002237,!SYNTHETIC-NO-LOGIN!,+959000002237,,CUSTOMER,2025-09-11 20:57:07
102237,1,"Synthetic Township 18, Myanmar",2026-01-01 11:09:49,synthetic.customer.002238@example.invalid,,Synthetic Customer 002238,!SYNTHETIC-NO-LOGIN!,+959000002238,,CUSTOMER,2026-02-08 11:09:49
102238,1,"Synthetic Township 19, Myanmar",2023-10-14 21:47:39,synthetic.customer.002239@example.invalid,,Synthetic Customer 002239,!SYNTHETIC-NO-LOGIN!,+959000002239,,CUSTOMER,2023-11-17 21:47:39
102239,1,"Synthetic Township 20, Myanmar",2024-03-30 21:28:23,synthetic.customer.002240@example.invalid,,Synthetic Customer 002240,!SYNTHETIC-NO-LOGIN!,+959000002240,,CUSTOMER,2024-04-06 21:28:23
102240,1,"Synthetic Township 21, Myanmar",2023-11-30 06:11:59,synthetic.customer.002241@example.invalid,,Synthetic Customer 002241,!SYNTHETIC-NO-LOGIN!,+959000002241,,CUSTOMER,2024-01-22 06:11:59
102241,1,"Synthetic Township 22, Myanmar",2024-10-28 10:15:24,synthetic.customer.002242@example.invalid,,Synthetic Customer 002242,!SYNTHETIC-NO-LOGIN!,+959000002242,,CUSTOMER,2025-02-06 10:15:24
102242,1,"Synthetic Township 23, Myanmar",2025-11-19 07:43:33,synthetic.customer.002243@example.invalid,,Synthetic Customer 002243,!SYNTHETIC-NO-LOGIN!,+959000002243,,CUSTOMER,2026-02-16 07:43:33
102243,1,"Synthetic Township 24, Myanmar",2022-04-10 10:21:44,synthetic.customer.002244@example.invalid,,Synthetic Customer 002244,!SYNTHETIC-NO-LOGIN!,+959000002244,,CUSTOMER,2022-04-20 10:21:44
102244,1,"Synthetic Township 25, Myanmar",2021-11-05 23:50:13,synthetic.customer.002245@example.invalid,,Synthetic Customer 002245,!SYNTHETIC-NO-LOGIN!,+959000002245,,CUSTOMER,2022-01-17 23:50:13
102245,1,"Synthetic Township 26, Myanmar",2024-12-03 09:20:24,synthetic.customer.002246@example.invalid,,Synthetic Customer 002246,!SYNTHETIC-NO-LOGIN!,+959000002246,,CUSTOMER,2025-02-17 09:20:24
102246,1,"Synthetic Township 27, Myanmar",2025-12-03 15:50:55,synthetic.customer.002247@example.invalid,,Synthetic Customer 002247,!SYNTHETIC-NO-LOGIN!,+959000002247,,CUSTOMER,2026-03-11 15:50:55
102247,1,"Synthetic Township 28, Myanmar",2022-08-20 04:23:40,synthetic.customer.002248@example.invalid,,Synthetic Customer 002248,!SYNTHETIC-NO-LOGIN!,+959000002248,,CUSTOMER,2022-08-29 04:23:40
102248,1,"Synthetic Township 29, Myanmar",2026-08-12 05:28:43,synthetic.customer.002249@example.invalid,,Synthetic Customer 002249,!SYNTHETIC-NO-LOGIN!,+959000002249,,CUSTOMER,2026-10-03 05:28:43
102249,1,"Synthetic Township 30, Myanmar",2024-07-11 11:44:52,synthetic.customer.002250@example.invalid,,Synthetic Customer 002250,!SYNTHETIC-NO-LOGIN!,+959000002250,,CUSTOMER,2024-10-22 11:44:52
102250,1,"Synthetic Township 31, Myanmar",2025-11-12 21:21:20,synthetic.customer.002251@example.invalid,,Synthetic Customer 002251,!SYNTHETIC-NO-LOGIN!,+959000002251,,CUSTOMER,2025-12-13 21:21:20
102251,1,"Synthetic Township 32, Myanmar",2024-05-07 09:00:54,synthetic.customer.002252@example.invalid,,Synthetic Customer 002252,!SYNTHETIC-NO-LOGIN!,+959000002252,,CUSTOMER,2024-06-09 09:00:54
102252,1,"Synthetic Township 33, Myanmar",2024-03-03 02:41:16,synthetic.customer.002253@example.invalid,,Synthetic Customer 002253,!SYNTHETIC-NO-LOGIN!,+959000002253,,CUSTOMER,2024-05-13 02:41:16
102253,1,"Synthetic Township 34, Myanmar",2024-04-20 22:56:47,synthetic.customer.002254@example.invalid,,Synthetic Customer 002254,!SYNTHETIC-NO-LOGIN!,+959000002254,,CUSTOMER,2024-07-03 22:56:47
102254,1,"Synthetic Township 35, Myanmar",2022-06-19 22:51:51,synthetic.customer.002255@example.invalid,,Synthetic Customer 002255,!SYNTHETIC-NO-LOGIN!,+959000002255,,CUSTOMER,2022-06-20 22:51:51
102255,1,"Synthetic Township 36, Myanmar",2025-10-01 01:58:50,synthetic.customer.002256@example.invalid,,Synthetic Customer 002256,!SYNTHETIC-NO-LOGIN!,+959000002256,,CUSTOMER,2026-01-18 01:58:50
102256,1,"Synthetic Township 37, Myanmar",2023-09-11 11:43:03,synthetic.customer.002257@example.invalid,,Synthetic Customer 002257,!SYNTHETIC-NO-LOGIN!,+959000002257,,CUSTOMER,2023-12-13 11:43:03
102257,0,"Synthetic Township 38, Myanmar",2025-01-01 09:25:29,synthetic.customer.002258@example.invalid,,Synthetic Customer 002258,!SYNTHETIC-NO-LOGIN!,+959000002258,,CUSTOMER,2025-01-17 09:25:29
102258,1,"Synthetic Township 39, Myanmar",2025-09-24 23:54:30,synthetic.customer.002259@example.invalid,,Synthetic Customer 002259,!SYNTHETIC-NO-LOGIN!,+959000002259,,CUSTOMER,2025-12-28 23:54:30
102259,1,"Synthetic Township 40, Myanmar",2021-12-29 14:57:26,synthetic.customer.002260@example.invalid,,Synthetic Customer 002260,!SYNTHETIC-NO-LOGIN!,+959000002260,,CUSTOMER,2022-02-11 14:57:26
102260,1,"Synthetic Township 41, Myanmar",2023-01-31 13:05:46,synthetic.customer.002261@example.invalid,,Synthetic Customer 002261,!SYNTHETIC-NO-LOGIN!,+959000002261,,CUSTOMER,2023-04-06 13:05:46
102261,1,"Synthetic Township 42, Myanmar",2024-08-08 23:06:18,synthetic.customer.002262@example.invalid,,Synthetic Customer 002262,!SYNTHETIC-NO-LOGIN!,+959000002262,,CUSTOMER,2024-10-27 23:06:18
102262,1,"Synthetic Township 43, Myanmar",2023-04-06 02:17:49,synthetic.customer.002263@example.invalid,,Synthetic Customer 002263,!SYNTHETIC-NO-LOGIN!,+959000002263,,CUSTOMER,2023-06-19 02:17:49
102263,1,"Synthetic Township 44, Myanmar",2025-07-14 04:43:33,synthetic.customer.002264@example.invalid,,Synthetic Customer 002264,!SYNTHETIC-NO-LOGIN!,+959000002264,,CUSTOMER,2025-09-13 04:43:33
102264,1,"Synthetic Township 45, Myanmar",2024-10-03 01:21:58,synthetic.customer.002265@example.invalid,,Synthetic Customer 002265,!SYNTHETIC-NO-LOGIN!,+959000002265,,CUSTOMER,2024-12-30 01:21:58
102265,1,"Synthetic Township 46, Myanmar",2025-06-22 09:09:06,synthetic.customer.002266@example.invalid,,Synthetic Customer 002266,!SYNTHETIC-NO-LOGIN!,+959000002266,,CUSTOMER,2025-07-29 09:09:06
102266,1,"Synthetic Township 47, Myanmar",2023-11-10 05:00:19,synthetic.customer.002267@example.invalid,,Synthetic Customer 002267,!SYNTHETIC-NO-LOGIN!,+959000002267,,CUSTOMER,2023-12-15 05:00:19
102267,1,"Synthetic Township 48, Myanmar",2023-05-18 00:45:48,synthetic.customer.002268@example.invalid,,Synthetic Customer 002268,!SYNTHETIC-NO-LOGIN!,+959000002268,,CUSTOMER,2023-06-20 00:45:48
102268,1,"Synthetic Township 49, Myanmar",2025-05-29 00:07:12,synthetic.customer.002269@example.invalid,,Synthetic Customer 002269,!SYNTHETIC-NO-LOGIN!,+959000002269,,CUSTOMER,2025-06-23 00:07:12
102269,1,"Synthetic Township 50, Myanmar",2024-07-06 16:46:52,synthetic.customer.002270@example.invalid,,Synthetic Customer 002270,!SYNTHETIC-NO-LOGIN!,+959000002270,,CUSTOMER,2024-09-29 16:46:52
102270,1,"Synthetic Township 51, Myanmar",2024-01-20 18:11:28,synthetic.customer.002271@example.invalid,,Synthetic Customer 002271,!SYNTHETIC-NO-LOGIN!,+959000002271,,CUSTOMER,2024-03-12 18:11:28
102271,1,"Synthetic Township 52, Myanmar",2021-11-13 22:08:55,synthetic.customer.002272@example.invalid,,Synthetic Customer 002272,!SYNTHETIC-NO-LOGIN!,+959000002272,,CUSTOMER,2021-11-26 22:08:55
102272,1,"Synthetic Township 53, Myanmar",2022-06-03 03:42:38,synthetic.customer.002273@example.invalid,,Synthetic Customer 002273,!SYNTHETIC-NO-LOGIN!,+959000002273,,CUSTOMER,2022-08-06 03:42:38
102273,1,"Synthetic Township 54, Myanmar",2023-01-04 16:06:32,synthetic.customer.002274@example.invalid,,Synthetic Customer 002274,!SYNTHETIC-NO-LOGIN!,+959000002274,,CUSTOMER,2023-03-05 16:06:32
102274,1,"Synthetic Township 55, Myanmar",2023-05-05 23:27:19,synthetic.customer.002275@example.invalid,,Synthetic Customer 002275,!SYNTHETIC-NO-LOGIN!,+959000002275,,CUSTOMER,2023-06-09 23:27:19
102275,1,"Synthetic Township 56, Myanmar",2025-05-09 11:39:35,synthetic.customer.002276@example.invalid,,Synthetic Customer 002276,!SYNTHETIC-NO-LOGIN!,+959000002276,,CUSTOMER,2025-07-26 11:39:35
102276,1,"Synthetic Township 57, Myanmar",2024-09-03 07:27:22,synthetic.customer.002277@example.invalid,,Synthetic Customer 002277,!SYNTHETIC-NO-LOGIN!,+959000002277,,CUSTOMER,2024-09-21 07:27:22
102277,1,"Synthetic Township 58, Myanmar",2025-10-17 12:05:07,synthetic.customer.002278@example.invalid,,Synthetic Customer 002278,!SYNTHETIC-NO-LOGIN!,+959000002278,,CUSTOMER,2025-10-22 12:05:07
102278,1,"Synthetic Township 59, Myanmar",2026-04-27 22:28:59,synthetic.customer.002279@example.invalid,,Synthetic Customer 002279,!SYNTHETIC-NO-LOGIN!,+959000002279,,CUSTOMER,2026-08-03 22:28:59
102279,1,"Synthetic Township 60, Myanmar",2026-04-09 08:58:25,synthetic.customer.002280@example.invalid,,Synthetic Customer 002280,!SYNTHETIC-NO-LOGIN!,+959000002280,,CUSTOMER,2026-06-14 08:58:25
102280,1,"Synthetic Township 1, Myanmar",2023-02-02 05:05:07,synthetic.customer.002281@example.invalid,,Synthetic Customer 002281,!SYNTHETIC-NO-LOGIN!,+959000002281,,CUSTOMER,2023-02-28 05:05:07
102281,1,"Synthetic Township 2, Myanmar",2021-10-03 20:47:53,synthetic.customer.002282@example.invalid,,Synthetic Customer 002282,!SYNTHETIC-NO-LOGIN!,+959000002282,,CUSTOMER,2021-12-01 20:47:53
102282,1,"Synthetic Township 3, Myanmar",2024-10-20 10:03:09,synthetic.customer.002283@example.invalid,,Synthetic Customer 002283,!SYNTHETIC-NO-LOGIN!,+959000002283,,CUSTOMER,2025-02-02 10:03:09
102283,1,"Synthetic Township 4, Myanmar",2022-02-19 13:59:39,synthetic.customer.002284@example.invalid,,Synthetic Customer 002284,!SYNTHETIC-NO-LOGIN!,+959000002284,,CUSTOMER,2022-05-25 13:59:39
102284,1,"Synthetic Township 5, Myanmar",2022-11-18 23:37:14,synthetic.customer.002285@example.invalid,,Synthetic Customer 002285,!SYNTHETIC-NO-LOGIN!,+959000002285,,CUSTOMER,2023-01-06 23:37:14
102285,1,"Synthetic Township 6, Myanmar",2026-01-18 22:06:36,synthetic.customer.002286@example.invalid,,Synthetic Customer 002286,!SYNTHETIC-NO-LOGIN!,+959000002286,,CUSTOMER,2026-03-07 22:06:36
102286,1,"Synthetic Township 7, Myanmar",2021-12-28 01:02:48,synthetic.customer.002287@example.invalid,,Synthetic Customer 002287,!SYNTHETIC-NO-LOGIN!,+959000002287,,CUSTOMER,2022-02-20 01:02:48
102287,1,"Synthetic Township 8, Myanmar",2023-12-29 07:06:55,synthetic.customer.002288@example.invalid,,Synthetic Customer 002288,!SYNTHETIC-NO-LOGIN!,+959000002288,,CUSTOMER,2024-04-15 07:06:55
102288,1,"Synthetic Township 9, Myanmar",2025-02-18 16:20:57,synthetic.customer.002289@example.invalid,,Synthetic Customer 002289,!SYNTHETIC-NO-LOGIN!,+959000002289,,CUSTOMER,2025-06-11 16:20:57
102289,1,"Synthetic Township 10, Myanmar",2023-05-01 08:18:16,synthetic.customer.002290@example.invalid,,Synthetic Customer 002290,!SYNTHETIC-NO-LOGIN!,+959000002290,,CUSTOMER,2023-06-23 08:18:16
102290,1,"Synthetic Township 11, Myanmar",2021-11-27 04:55:13,synthetic.customer.002291@example.invalid,,Synthetic Customer 002291,!SYNTHETIC-NO-LOGIN!,+959000002291,,CUSTOMER,2022-02-06 04:55:13
102291,1,"Synthetic Township 12, Myanmar",2023-09-25 10:10:15,synthetic.customer.002292@example.invalid,,Synthetic Customer 002292,!SYNTHETIC-NO-LOGIN!,+959000002292,,CUSTOMER,2023-10-17 10:10:15
102292,1,"Synthetic Township 13, Myanmar",2023-01-05 01:46:46,synthetic.customer.002293@example.invalid,,Synthetic Customer 002293,!SYNTHETIC-NO-LOGIN!,+959000002293,,CUSTOMER,2023-01-17 01:46:46
102293,1,"Synthetic Township 14, Myanmar",2023-06-28 03:12:53,synthetic.customer.002294@example.invalid,,Synthetic Customer 002294,!SYNTHETIC-NO-LOGIN!,+959000002294,,CUSTOMER,2023-08-19 03:12:53
102294,0,"Synthetic Township 15, Myanmar",2024-09-30 16:51:57,synthetic.customer.002295@example.invalid,,Synthetic Customer 002295,!SYNTHETIC-NO-LOGIN!,+959000002295,,CUSTOMER,2024-12-19 16:51:57
102295,1,"Synthetic Township 16, Myanmar",2025-04-23 07:28:17,synthetic.customer.002296@example.invalid,,Synthetic Customer 002296,!SYNTHETIC-NO-LOGIN!,+959000002296,,CUSTOMER,2025-06-30 07:28:17
102296,1,"Synthetic Township 17, Myanmar",2025-03-25 20:27:25,synthetic.customer.002297@example.invalid,,Synthetic Customer 002297,!SYNTHETIC-NO-LOGIN!,+959000002297,,CUSTOMER,2025-04-13 20:27:25
102297,1,"Synthetic Township 18, Myanmar",2024-11-26 23:39:09,synthetic.customer.002298@example.invalid,,Synthetic Customer 002298,!SYNTHETIC-NO-LOGIN!,+959000002298,,CUSTOMER,2025-02-20 23:39:09
102298,1,"Synthetic Township 19, Myanmar",2024-05-29 04:30:28,synthetic.customer.002299@example.invalid,,Synthetic Customer 002299,!SYNTHETIC-NO-LOGIN!,+959000002299,,CUSTOMER,2024-07-02 04:30:28
102299,1,"Synthetic Township 20, Myanmar",2026-05-09 17:24:04,synthetic.customer.002300@example.invalid,,Synthetic Customer 002300,!SYNTHETIC-NO-LOGIN!,+959000002300,,CUSTOMER,2026-05-18 17:24:04
102300,1,"Synthetic Township 21, Myanmar",2025-09-14 19:55:03,synthetic.customer.002301@example.invalid,,Synthetic Customer 002301,!SYNTHETIC-NO-LOGIN!,+959000002301,,CUSTOMER,2025-10-04 19:55:03
102301,1,"Synthetic Township 22, Myanmar",2024-08-31 09:37:20,synthetic.customer.002302@example.invalid,,Synthetic Customer 002302,!SYNTHETIC-NO-LOGIN!,+959000002302,,CUSTOMER,2024-12-13 09:37:20
102302,1,"Synthetic Township 23, Myanmar",2021-10-18 06:26:29,synthetic.customer.002303@example.invalid,,Synthetic Customer 002303,!SYNTHETIC-NO-LOGIN!,+959000002303,,CUSTOMER,2021-11-28 06:26:29
102303,1,"Synthetic Township 24, Myanmar",2024-06-23 08:56:48,synthetic.customer.002304@example.invalid,,Synthetic Customer 002304,!SYNTHETIC-NO-LOGIN!,+959000002304,,CUSTOMER,2024-07-16 08:56:48
102304,1,"Synthetic Township 25, Myanmar",2026-07-30 08:39:22,synthetic.customer.002305@example.invalid,,Synthetic Customer 002305,!SYNTHETIC-NO-LOGIN!,+959000002305,,CUSTOMER,2026-11-10 08:39:22
102305,1,"Synthetic Township 26, Myanmar",2025-09-13 08:23:36,synthetic.customer.002306@example.invalid,,Synthetic Customer 002306,!SYNTHETIC-NO-LOGIN!,+959000002306,,CUSTOMER,2025-11-27 08:23:36
102306,1,"Synthetic Township 27, Myanmar",2024-04-05 12:36:42,synthetic.customer.002307@example.invalid,,Synthetic Customer 002307,!SYNTHETIC-NO-LOGIN!,+959000002307,,CUSTOMER,2024-04-21 12:36:42
102307,1,"Synthetic Township 28, Myanmar",2026-04-28 21:35:20,synthetic.customer.002308@example.invalid,,Synthetic Customer 002308,!SYNTHETIC-NO-LOGIN!,+959000002308,,CUSTOMER,2026-08-12 21:35:20
102308,1,"Synthetic Township 29, Myanmar",2026-01-16 06:54:12,synthetic.customer.002309@example.invalid,,Synthetic Customer 002309,!SYNTHETIC-NO-LOGIN!,+959000002309,,CUSTOMER,2026-05-07 06:54:12
102309,1,"Synthetic Township 30, Myanmar",2025-11-11 21:00:00,synthetic.customer.002310@example.invalid,,Synthetic Customer 002310,!SYNTHETIC-NO-LOGIN!,+959000002310,,CUSTOMER,2026-02-20 21:00:00
102310,1,"Synthetic Township 31, Myanmar",2026-03-04 22:06:41,synthetic.customer.002311@example.invalid,,Synthetic Customer 002311,!SYNTHETIC-NO-LOGIN!,+959000002311,,CUSTOMER,2026-06-04 22:06:41
102311,1,"Synthetic Township 32, Myanmar",2023-11-07 12:01:01,synthetic.customer.002312@example.invalid,,Synthetic Customer 002312,!SYNTHETIC-NO-LOGIN!,+959000002312,,CUSTOMER,2023-12-05 12:01:01
102312,1,"Synthetic Township 33, Myanmar",2025-02-03 07:52:43,synthetic.customer.002313@example.invalid,,Synthetic Customer 002313,!SYNTHETIC-NO-LOGIN!,+959000002313,,CUSTOMER,2025-02-23 07:52:43
102313,1,"Synthetic Township 34, Myanmar",2022-08-19 15:34:42,synthetic.customer.002314@example.invalid,,Synthetic Customer 002314,!SYNTHETIC-NO-LOGIN!,+959000002314,,CUSTOMER,2022-09-11 15:34:42
102314,1,"Synthetic Township 35, Myanmar",2025-06-12 18:17:52,synthetic.customer.002315@example.invalid,,Synthetic Customer 002315,!SYNTHETIC-NO-LOGIN!,+959000002315,,CUSTOMER,2025-08-30 18:17:52
102315,1,"Synthetic Township 36, Myanmar",2021-09-06 16:17:07,synthetic.customer.002316@example.invalid,,Synthetic Customer 002316,!SYNTHETIC-NO-LOGIN!,+959000002316,,CUSTOMER,2021-11-24 16:17:07
102316,1,"Synthetic Township 37, Myanmar",2022-07-18 12:51:05,synthetic.customer.002317@example.invalid,,Synthetic Customer 002317,!SYNTHETIC-NO-LOGIN!,+959000002317,,CUSTOMER,2022-07-31 12:51:05
102317,1,"Synthetic Township 38, Myanmar",2021-12-20 03:04:23,synthetic.customer.002318@example.invalid,,Synthetic Customer 002318,!SYNTHETIC-NO-LOGIN!,+959000002318,,CUSTOMER,2022-02-06 03:04:23
102318,1,"Synthetic Township 39, Myanmar",2023-10-22 16:59:20,synthetic.customer.002319@example.invalid,,Synthetic Customer 002319,!SYNTHETIC-NO-LOGIN!,+959000002319,,CUSTOMER,2024-01-27 16:59:20
102319,1,"Synthetic Township 40, Myanmar",2021-10-24 10:45:06,synthetic.customer.002320@example.invalid,,Synthetic Customer 002320,!SYNTHETIC-NO-LOGIN!,+959000002320,,CUSTOMER,2022-02-07 10:45:06
102320,1,"Synthetic Township 41, Myanmar",2023-03-03 12:09:58,synthetic.customer.002321@example.invalid,,Synthetic Customer 002321,!SYNTHETIC-NO-LOGIN!,+959000002321,,CUSTOMER,2023-05-16 12:09:58
102321,1,"Synthetic Township 42, Myanmar",2024-09-23 01:16:49,synthetic.customer.002322@example.invalid,,Synthetic Customer 002322,!SYNTHETIC-NO-LOGIN!,+959000002322,,CUSTOMER,2024-12-11 01:16:49
102322,1,"Synthetic Township 43, Myanmar",2023-02-09 14:42:43,synthetic.customer.002323@example.invalid,,Synthetic Customer 002323,!SYNTHETIC-NO-LOGIN!,+959000002323,,CUSTOMER,2023-05-06 14:42:43
102323,1,"Synthetic Township 44, Myanmar",2022-09-04 17:21:24,synthetic.customer.002324@example.invalid,,Synthetic Customer 002324,!SYNTHETIC-NO-LOGIN!,+959000002324,,CUSTOMER,2022-10-02 17:21:24
102324,1,"Synthetic Township 45, Myanmar",2022-03-09 23:46:19,synthetic.customer.002325@example.invalid,,Synthetic Customer 002325,!SYNTHETIC-NO-LOGIN!,+959000002325,,CUSTOMER,2022-05-07 23:46:19
102325,1,"Synthetic Township 46, Myanmar",2026-08-12 18:40:12,synthetic.customer.002326@example.invalid,,Synthetic Customer 002326,!SYNTHETIC-NO-LOGIN!,+959000002326,,CUSTOMER,2026-11-14 18:40:12
102326,1,"Synthetic Township 47, Myanmar",2025-09-20 23:35:25,synthetic.customer.002327@example.invalid,,Synthetic Customer 002327,!SYNTHETIC-NO-LOGIN!,+959000002327,,CUSTOMER,2025-10-18 23:35:25
102327,1,"Synthetic Township 48, Myanmar",2025-07-20 09:22:37,synthetic.customer.002328@example.invalid,,Synthetic Customer 002328,!SYNTHETIC-NO-LOGIN!,+959000002328,,CUSTOMER,2025-10-25 09:22:37
102328,1,"Synthetic Township 49, Myanmar",2025-12-20 15:35:57,synthetic.customer.002329@example.invalid,,Synthetic Customer 002329,!SYNTHETIC-NO-LOGIN!,+959000002329,,CUSTOMER,2025-12-26 15:35:57
102329,1,"Synthetic Township 50, Myanmar",2022-05-02 02:39:18,synthetic.customer.002330@example.invalid,,Synthetic Customer 002330,!SYNTHETIC-NO-LOGIN!,+959000002330,,CUSTOMER,2022-06-19 02:39:18
102330,1,"Synthetic Township 51, Myanmar",2025-03-24 11:02:52,synthetic.customer.002331@example.invalid,,Synthetic Customer 002331,!SYNTHETIC-NO-LOGIN!,+959000002331,,CUSTOMER,2025-04-11 11:02:52
102331,0,"Synthetic Township 52, Myanmar",2021-12-19 01:26:21,synthetic.customer.002332@example.invalid,,Synthetic Customer 002332,!SYNTHETIC-NO-LOGIN!,+959000002332,,CUSTOMER,2022-03-14 01:26:21
102332,1,"Synthetic Township 53, Myanmar",2025-02-11 00:19:16,synthetic.customer.002333@example.invalid,,Synthetic Customer 002333,!SYNTHETIC-NO-LOGIN!,+959000002333,,CUSTOMER,2025-05-05 00:19:16
102333,1,"Synthetic Township 54, Myanmar",2026-01-12 13:28:04,synthetic.customer.002334@example.invalid,,Synthetic Customer 002334,!SYNTHETIC-NO-LOGIN!,+959000002334,,CUSTOMER,2026-04-26 13:28:04
102334,1,"Synthetic Township 55, Myanmar",2026-04-15 20:08:16,synthetic.customer.002335@example.invalid,,Synthetic Customer 002335,!SYNTHETIC-NO-LOGIN!,+959000002335,,CUSTOMER,2026-04-29 20:08:16
102335,1,"Synthetic Township 56, Myanmar",2025-07-07 14:34:39,synthetic.customer.002336@example.invalid,,Synthetic Customer 002336,!SYNTHETIC-NO-LOGIN!,+959000002336,,CUSTOMER,2025-07-20 14:34:39
102336,1,"Synthetic Township 57, Myanmar",2022-08-07 21:30:35,synthetic.customer.002337@example.invalid,,Synthetic Customer 002337,!SYNTHETIC-NO-LOGIN!,+959000002337,,CUSTOMER,2022-10-30 21:30:35
102337,1,"Synthetic Township 58, Myanmar",2024-10-29 19:40:51,synthetic.customer.002338@example.invalid,,Synthetic Customer 002338,!SYNTHETIC-NO-LOGIN!,+959000002338,,CUSTOMER,2024-11-12 19:40:51
102338,1,"Synthetic Township 59, Myanmar",2024-01-28 12:57:33,synthetic.customer.002339@example.invalid,,Synthetic Customer 002339,!SYNTHETIC-NO-LOGIN!,+959000002339,,CUSTOMER,2024-04-03 12:57:33
102339,1,"Synthetic Township 60, Myanmar",2022-12-01 05:40:40,synthetic.customer.002340@example.invalid,,Synthetic Customer 002340,!SYNTHETIC-NO-LOGIN!,+959000002340,,CUSTOMER,2023-03-06 05:40:40
102340,1,"Synthetic Township 1, Myanmar",2024-12-07 15:18:16,synthetic.customer.002341@example.invalid,,Synthetic Customer 002341,!SYNTHETIC-NO-LOGIN!,+959000002341,,CUSTOMER,2024-12-07 15:18:16
102341,1,"Synthetic Township 2, Myanmar",2025-05-14 21:25:16,synthetic.customer.002342@example.invalid,,Synthetic Customer 002342,!SYNTHETIC-NO-LOGIN!,+959000002342,,CUSTOMER,2025-05-30 21:25:16
102342,1,"Synthetic Township 3, Myanmar",2022-03-09 08:56:32,synthetic.customer.002343@example.invalid,,Synthetic Customer 002343,!SYNTHETIC-NO-LOGIN!,+959000002343,,CUSTOMER,2022-03-30 08:56:32
102343,1,"Synthetic Township 4, Myanmar",2023-05-20 20:11:05,synthetic.customer.002344@example.invalid,,Synthetic Customer 002344,!SYNTHETIC-NO-LOGIN!,+959000002344,,CUSTOMER,2023-06-02 20:11:05
102344,1,"Synthetic Township 5, Myanmar",2024-11-04 12:14:43,synthetic.customer.002345@example.invalid,,Synthetic Customer 002345,!SYNTHETIC-NO-LOGIN!,+959000002345,,CUSTOMER,2024-11-13 12:14:43
102345,1,"Synthetic Township 6, Myanmar",2022-01-12 13:41:09,synthetic.customer.002346@example.invalid,,Synthetic Customer 002346,!SYNTHETIC-NO-LOGIN!,+959000002346,,CUSTOMER,2022-03-15 13:41:09
102346,1,"Synthetic Township 7, Myanmar",2023-04-08 06:41:45,synthetic.customer.002347@example.invalid,,Synthetic Customer 002347,!SYNTHETIC-NO-LOGIN!,+959000002347,,CUSTOMER,2023-07-30 06:41:45
102347,1,"Synthetic Township 8, Myanmar",2022-04-30 08:33:50,synthetic.customer.002348@example.invalid,,Synthetic Customer 002348,!SYNTHETIC-NO-LOGIN!,+959000002348,,CUSTOMER,2022-08-13 08:33:50
102348,1,"Synthetic Township 9, Myanmar",2024-03-13 23:34:28,synthetic.customer.002349@example.invalid,,Synthetic Customer 002349,!SYNTHETIC-NO-LOGIN!,+959000002349,,CUSTOMER,2024-03-16 23:34:28
102349,1,"Synthetic Township 10, Myanmar",2022-02-21 14:07:05,synthetic.customer.002350@example.invalid,,Synthetic Customer 002350,!SYNTHETIC-NO-LOGIN!,+959000002350,,CUSTOMER,2022-05-12 14:07:05
102350,1,"Synthetic Township 11, Myanmar",2021-12-13 14:55:10,synthetic.customer.002351@example.invalid,,Synthetic Customer 002351,!SYNTHETIC-NO-LOGIN!,+959000002351,,CUSTOMER,2021-12-14 14:55:10
102351,1,"Synthetic Township 12, Myanmar",2024-02-28 19:19:10,synthetic.customer.002352@example.invalid,,Synthetic Customer 002352,!SYNTHETIC-NO-LOGIN!,+959000002352,,CUSTOMER,2024-06-09 19:19:10
102352,1,"Synthetic Township 13, Myanmar",2025-12-22 11:18:34,synthetic.customer.002353@example.invalid,,Synthetic Customer 002353,!SYNTHETIC-NO-LOGIN!,+959000002353,,CUSTOMER,2026-01-06 11:18:34
102353,1,"Synthetic Township 14, Myanmar",2022-09-15 15:51:15,synthetic.customer.002354@example.invalid,,Synthetic Customer 002354,!SYNTHETIC-NO-LOGIN!,+959000002354,,CUSTOMER,2022-09-16 15:51:15
102354,1,"Synthetic Township 15, Myanmar",2023-12-09 15:27:24,synthetic.customer.002355@example.invalid,,Synthetic Customer 002355,!SYNTHETIC-NO-LOGIN!,+959000002355,,CUSTOMER,2023-12-30 15:27:24
102355,1,"Synthetic Township 16, Myanmar",2025-07-15 13:01:20,synthetic.customer.002356@example.invalid,,Synthetic Customer 002356,!SYNTHETIC-NO-LOGIN!,+959000002356,,CUSTOMER,2025-09-21 13:01:20
102356,1,"Synthetic Township 17, Myanmar",2022-01-23 13:03:48,synthetic.customer.002357@example.invalid,,Synthetic Customer 002357,!SYNTHETIC-NO-LOGIN!,+959000002357,,CUSTOMER,2022-02-11 13:03:48
102357,1,"Synthetic Township 18, Myanmar",2026-01-12 15:56:12,synthetic.customer.002358@example.invalid,,Synthetic Customer 002358,!SYNTHETIC-NO-LOGIN!,+959000002358,,CUSTOMER,2026-05-03 15:56:12
102358,1,"Synthetic Township 19, Myanmar",2023-08-05 14:29:52,synthetic.customer.002359@example.invalid,,Synthetic Customer 002359,!SYNTHETIC-NO-LOGIN!,+959000002359,,CUSTOMER,2023-11-25 14:29:52
102359,1,"Synthetic Township 20, Myanmar",2023-07-11 03:50:35,synthetic.customer.002360@example.invalid,,Synthetic Customer 002360,!SYNTHETIC-NO-LOGIN!,+959000002360,,CUSTOMER,2023-07-12 03:50:35
102360,1,"Synthetic Township 21, Myanmar",2025-08-16 03:50:27,synthetic.customer.002361@example.invalid,,Synthetic Customer 002361,!SYNTHETIC-NO-LOGIN!,+959000002361,,CUSTOMER,2025-08-29 03:50:27
102361,1,"Synthetic Township 22, Myanmar",2025-06-27 14:21:37,synthetic.customer.002362@example.invalid,,Synthetic Customer 002362,!SYNTHETIC-NO-LOGIN!,+959000002362,,CUSTOMER,2025-10-19 14:21:37
102362,1,"Synthetic Township 23, Myanmar",2021-12-05 10:01:47,synthetic.customer.002363@example.invalid,,Synthetic Customer 002363,!SYNTHETIC-NO-LOGIN!,+959000002363,,CUSTOMER,2022-02-17 10:01:47
102363,1,"Synthetic Township 24, Myanmar",2023-06-26 05:33:09,synthetic.customer.002364@example.invalid,,Synthetic Customer 002364,!SYNTHETIC-NO-LOGIN!,+959000002364,,CUSTOMER,2023-09-21 05:33:09
102364,1,"Synthetic Township 25, Myanmar",2023-06-05 22:55:35,synthetic.customer.002365@example.invalid,,Synthetic Customer 002365,!SYNTHETIC-NO-LOGIN!,+959000002365,,CUSTOMER,2023-09-24 22:55:35
102365,1,"Synthetic Township 26, Myanmar",2024-01-05 09:54:11,synthetic.customer.002366@example.invalid,,Synthetic Customer 002366,!SYNTHETIC-NO-LOGIN!,+959000002366,,CUSTOMER,2024-01-27 09:54:11
102366,1,"Synthetic Township 27, Myanmar",2021-10-29 22:14:04,synthetic.customer.002367@example.invalid,,Synthetic Customer 002367,!SYNTHETIC-NO-LOGIN!,+959000002367,,CUSTOMER,2021-12-26 22:14:04
102367,1,"Synthetic Township 28, Myanmar",2026-01-15 23:18:37,synthetic.customer.002368@example.invalid,,Synthetic Customer 002368,!SYNTHETIC-NO-LOGIN!,+959000002368,,CUSTOMER,2026-05-13 23:18:37
102368,0,"Synthetic Township 29, Myanmar",2025-11-12 17:29:30,synthetic.customer.002369@example.invalid,,Synthetic Customer 002369,!SYNTHETIC-NO-LOGIN!,+959000002369,,CUSTOMER,2025-11-15 17:29:30
102369,1,"Synthetic Township 30, Myanmar",2026-03-24 17:00:14,synthetic.customer.002370@example.invalid,,Synthetic Customer 002370,!SYNTHETIC-NO-LOGIN!,+959000002370,,CUSTOMER,2026-05-07 17:00:14
102370,1,"Synthetic Township 31, Myanmar",2025-05-30 06:46:29,synthetic.customer.002371@example.invalid,,Synthetic Customer 002371,!SYNTHETIC-NO-LOGIN!,+959000002371,,CUSTOMER,2025-06-20 06:46:29
102371,1,"Synthetic Township 32, Myanmar",2026-05-30 10:45:32,synthetic.customer.002372@example.invalid,,Synthetic Customer 002372,!SYNTHETIC-NO-LOGIN!,+959000002372,,CUSTOMER,2026-07-09 10:45:32
102372,1,"Synthetic Township 33, Myanmar",2023-02-17 12:09:32,synthetic.customer.002373@example.invalid,,Synthetic Customer 002373,!SYNTHETIC-NO-LOGIN!,+959000002373,,CUSTOMER,2023-03-13 12:09:32
102373,1,"Synthetic Township 34, Myanmar",2023-07-03 06:23:31,synthetic.customer.002374@example.invalid,,Synthetic Customer 002374,!SYNTHETIC-NO-LOGIN!,+959000002374,,CUSTOMER,2023-10-16 06:23:31
102374,1,"Synthetic Township 35, Myanmar",2022-03-16 17:20:56,synthetic.customer.002375@example.invalid,,Synthetic Customer 002375,!SYNTHETIC-NO-LOGIN!,+959000002375,,CUSTOMER,2022-03-22 17:20:56
102375,1,"Synthetic Township 36, Myanmar",2024-07-18 00:58:22,synthetic.customer.002376@example.invalid,,Synthetic Customer 002376,!SYNTHETIC-NO-LOGIN!,+959000002376,,CUSTOMER,2024-08-12 00:58:22
102376,1,"Synthetic Township 37, Myanmar",2024-12-31 12:00:55,synthetic.customer.002377@example.invalid,,Synthetic Customer 002377,!SYNTHETIC-NO-LOGIN!,+959000002377,,CUSTOMER,2025-03-20 12:00:55
102377,1,"Synthetic Township 38, Myanmar",2026-04-02 05:11:25,synthetic.customer.002378@example.invalid,,Synthetic Customer 002378,!SYNTHETIC-NO-LOGIN!,+959000002378,,CUSTOMER,2026-07-18 05:11:25
102378,1,"Synthetic Township 39, Myanmar",2021-12-21 18:08:08,synthetic.customer.002379@example.invalid,,Synthetic Customer 002379,!SYNTHETIC-NO-LOGIN!,+959000002379,,CUSTOMER,2022-03-18 18:08:08
102379,1,"Synthetic Township 40, Myanmar",2026-03-20 17:16:52,synthetic.customer.002380@example.invalid,,Synthetic Customer 002380,!SYNTHETIC-NO-LOGIN!,+959000002380,,CUSTOMER,2026-07-18 17:16:52
102380,1,"Synthetic Township 41, Myanmar",2024-06-14 07:56:24,synthetic.customer.002381@example.invalid,,Synthetic Customer 002381,!SYNTHETIC-NO-LOGIN!,+959000002381,,CUSTOMER,2024-08-21 07:56:24
102381,1,"Synthetic Township 42, Myanmar",2026-03-08 12:40:03,synthetic.customer.002382@example.invalid,,Synthetic Customer 002382,!SYNTHETIC-NO-LOGIN!,+959000002382,,CUSTOMER,2026-03-18 12:40:03
102382,1,"Synthetic Township 43, Myanmar",2023-03-04 01:36:39,synthetic.customer.002383@example.invalid,,Synthetic Customer 002383,!SYNTHETIC-NO-LOGIN!,+959000002383,,CUSTOMER,2023-06-18 01:36:39
102383,1,"Synthetic Township 44, Myanmar",2025-01-25 02:40:25,synthetic.customer.002384@example.invalid,,Synthetic Customer 002384,!SYNTHETIC-NO-LOGIN!,+959000002384,,CUSTOMER,2025-05-24 02:40:25
102384,1,"Synthetic Township 45, Myanmar",2025-02-08 18:14:20,synthetic.customer.002385@example.invalid,,Synthetic Customer 002385,!SYNTHETIC-NO-LOGIN!,+959000002385,,CUSTOMER,2025-02-08 18:14:20
102385,1,"Synthetic Township 46, Myanmar",2023-02-19 05:49:44,synthetic.customer.002386@example.invalid,,Synthetic Customer 002386,!SYNTHETIC-NO-LOGIN!,+959000002386,,CUSTOMER,2023-06-03 05:49:44
102386,1,"Synthetic Township 47, Myanmar",2022-12-14 16:44:43,synthetic.customer.002387@example.invalid,,Synthetic Customer 002387,!SYNTHETIC-NO-LOGIN!,+959000002387,,CUSTOMER,2023-02-06 16:44:43
102387,1,"Synthetic Township 48, Myanmar",2024-02-02 16:33:17,synthetic.customer.002388@example.invalid,,Synthetic Customer 002388,!SYNTHETIC-NO-LOGIN!,+959000002388,,CUSTOMER,2024-05-19 16:33:17
102388,1,"Synthetic Township 49, Myanmar",2023-12-31 08:05:58,synthetic.customer.002389@example.invalid,,Synthetic Customer 002389,!SYNTHETIC-NO-LOGIN!,+959000002389,,CUSTOMER,2024-01-27 08:05:58
102389,1,"Synthetic Township 50, Myanmar",2022-09-16 02:09:04,synthetic.customer.002390@example.invalid,,Synthetic Customer 002390,!SYNTHETIC-NO-LOGIN!,+959000002390,,CUSTOMER,2023-01-09 02:09:04
102390,1,"Synthetic Township 51, Myanmar",2026-01-13 19:36:04,synthetic.customer.002391@example.invalid,,Synthetic Customer 002391,!SYNTHETIC-NO-LOGIN!,+959000002391,,CUSTOMER,2026-04-23 19:36:04
102391,1,"Synthetic Township 52, Myanmar",2026-02-27 04:08:30,synthetic.customer.002392@example.invalid,,Synthetic Customer 002392,!SYNTHETIC-NO-LOGIN!,+959000002392,,CUSTOMER,2026-05-04 04:08:30
102392,1,"Synthetic Township 53, Myanmar",2024-02-16 14:55:54,synthetic.customer.002393@example.invalid,,Synthetic Customer 002393,!SYNTHETIC-NO-LOGIN!,+959000002393,,CUSTOMER,2024-03-23 14:55:54
102393,1,"Synthetic Township 54, Myanmar",2023-04-27 02:07:20,synthetic.customer.002394@example.invalid,,Synthetic Customer 002394,!SYNTHETIC-NO-LOGIN!,+959000002394,,CUSTOMER,2023-06-09 02:07:20
102394,1,"Synthetic Township 55, Myanmar",2024-02-19 14:21:10,synthetic.customer.002395@example.invalid,,Synthetic Customer 002395,!SYNTHETIC-NO-LOGIN!,+959000002395,,CUSTOMER,2024-05-01 14:21:10
102395,1,"Synthetic Township 56, Myanmar",2023-02-17 11:47:09,synthetic.customer.002396@example.invalid,,Synthetic Customer 002396,!SYNTHETIC-NO-LOGIN!,+959000002396,,CUSTOMER,2023-03-05 11:47:09
102396,1,"Synthetic Township 57, Myanmar",2023-12-23 07:31:10,synthetic.customer.002397@example.invalid,,Synthetic Customer 002397,!SYNTHETIC-NO-LOGIN!,+959000002397,,CUSTOMER,2024-02-29 07:31:10
102397,1,"Synthetic Township 58, Myanmar",2023-12-14 01:24:54,synthetic.customer.002398@example.invalid,,Synthetic Customer 002398,!SYNTHETIC-NO-LOGIN!,+959000002398,,CUSTOMER,2024-01-16 01:24:54
102398,1,"Synthetic Township 59, Myanmar",2022-01-22 18:47:38,synthetic.customer.002399@example.invalid,,Synthetic Customer 002399,!SYNTHETIC-NO-LOGIN!,+959000002399,,CUSTOMER,2022-01-22 18:47:38
102399,1,"Synthetic Township 60, Myanmar",2023-10-09 07:29:46,synthetic.customer.002400@example.invalid,,Synthetic Customer 002400,!SYNTHETIC-NO-LOGIN!,+959000002400,,CUSTOMER,2024-01-14 07:29:46
102400,1,"Synthetic Township 1, Myanmar",2023-03-12 19:17:08,synthetic.customer.002401@example.invalid,,Synthetic Customer 002401,!SYNTHETIC-NO-LOGIN!,+959000002401,,CUSTOMER,2023-07-05 19:17:08
102401,1,"Synthetic Township 2, Myanmar",2022-02-18 04:29:57,synthetic.customer.002402@example.invalid,,Synthetic Customer 002402,!SYNTHETIC-NO-LOGIN!,+959000002402,,CUSTOMER,2022-06-08 04:29:57
102402,1,"Synthetic Township 3, Myanmar",2024-02-23 00:20:19,synthetic.customer.002403@example.invalid,,Synthetic Customer 002403,!SYNTHETIC-NO-LOGIN!,+959000002403,,CUSTOMER,2024-04-11 00:20:19
102403,1,"Synthetic Township 4, Myanmar",2023-08-29 19:46:19,synthetic.customer.002404@example.invalid,,Synthetic Customer 002404,!SYNTHETIC-NO-LOGIN!,+959000002404,,CUSTOMER,2023-11-19 19:46:19
102404,1,"Synthetic Township 5, Myanmar",2026-07-17 10:30:00,synthetic.customer.002405@example.invalid,,Synthetic Customer 002405,!SYNTHETIC-NO-LOGIN!,+959000002405,,CUSTOMER,2026-07-26 10:30:00
102405,0,"Synthetic Township 6, Myanmar",2022-03-28 16:34:32,synthetic.customer.002406@example.invalid,,Synthetic Customer 002406,!SYNTHETIC-NO-LOGIN!,+959000002406,,CUSTOMER,2022-05-20 16:34:32
102406,1,"Synthetic Township 7, Myanmar",2022-05-05 21:35:40,synthetic.customer.002407@example.invalid,,Synthetic Customer 002407,!SYNTHETIC-NO-LOGIN!,+959000002407,,CUSTOMER,2022-05-27 21:35:40
102407,1,"Synthetic Township 8, Myanmar",2025-06-20 07:09:08,synthetic.customer.002408@example.invalid,,Synthetic Customer 002408,!SYNTHETIC-NO-LOGIN!,+959000002408,,CUSTOMER,2025-10-10 07:09:08
102408,1,"Synthetic Township 9, Myanmar",2022-08-06 00:39:58,synthetic.customer.002409@example.invalid,,Synthetic Customer 002409,!SYNTHETIC-NO-LOGIN!,+959000002409,,CUSTOMER,2022-09-02 00:39:58
102409,1,"Synthetic Township 10, Myanmar",2021-10-15 11:06:45,synthetic.customer.002410@example.invalid,,Synthetic Customer 002410,!SYNTHETIC-NO-LOGIN!,+959000002410,,CUSTOMER,2021-11-06 11:06:45
102410,1,"Synthetic Township 11, Myanmar",2025-09-30 08:53:00,synthetic.customer.002411@example.invalid,,Synthetic Customer 002411,!SYNTHETIC-NO-LOGIN!,+959000002411,,CUSTOMER,2025-12-22 08:53:00
102411,1,"Synthetic Township 12, Myanmar",2024-08-04 20:23:17,synthetic.customer.002412@example.invalid,,Synthetic Customer 002412,!SYNTHETIC-NO-LOGIN!,+959000002412,,CUSTOMER,2024-10-06 20:23:17
102412,1,"Synthetic Township 13, Myanmar",2022-09-03 08:18:50,synthetic.customer.002413@example.invalid,,Synthetic Customer 002413,!SYNTHETIC-NO-LOGIN!,+959000002413,,CUSTOMER,2022-09-26 08:18:50
102413,1,"Synthetic Township 14, Myanmar",2023-03-24 06:24:58,synthetic.customer.002414@example.invalid,,Synthetic Customer 002414,!SYNTHETIC-NO-LOGIN!,+959000002414,,CUSTOMER,2023-06-20 06:24:58
102414,1,"Synthetic Township 15, Myanmar",2021-09-03 19:48:50,synthetic.customer.002415@example.invalid,,Synthetic Customer 002415,!SYNTHETIC-NO-LOGIN!,+959000002415,,CUSTOMER,2021-11-24 19:48:50
102415,1,"Synthetic Township 16, Myanmar",2023-02-19 10:50:22,synthetic.customer.002416@example.invalid,,Synthetic Customer 002416,!SYNTHETIC-NO-LOGIN!,+959000002416,,CUSTOMER,2023-04-15 10:50:22
102416,1,"Synthetic Township 17, Myanmar",2021-12-20 02:31:48,synthetic.customer.002417@example.invalid,,Synthetic Customer 002417,!SYNTHETIC-NO-LOGIN!,+959000002417,,CUSTOMER,2021-12-28 02:31:48
102417,1,"Synthetic Township 18, Myanmar",2026-05-29 19:06:43,synthetic.customer.002418@example.invalid,,Synthetic Customer 002418,!SYNTHETIC-NO-LOGIN!,+959000002418,,CUSTOMER,2026-07-10 19:06:43
102418,1,"Synthetic Township 19, Myanmar",2025-02-17 11:01:23,synthetic.customer.002419@example.invalid,,Synthetic Customer 002419,!SYNTHETIC-NO-LOGIN!,+959000002419,,CUSTOMER,2025-04-25 11:01:23
102419,1,"Synthetic Township 20, Myanmar",2024-03-01 17:35:20,synthetic.customer.002420@example.invalid,,Synthetic Customer 002420,!SYNTHETIC-NO-LOGIN!,+959000002420,,CUSTOMER,2024-05-01 17:35:20
102420,1,"Synthetic Township 21, Myanmar",2023-01-29 18:09:11,synthetic.customer.002421@example.invalid,,Synthetic Customer 002421,!SYNTHETIC-NO-LOGIN!,+959000002421,,CUSTOMER,2023-03-31 18:09:11
102421,1,"Synthetic Township 22, Myanmar",2024-07-04 04:34:37,synthetic.customer.002422@example.invalid,,Synthetic Customer 002422,!SYNTHETIC-NO-LOGIN!,+959000002422,,CUSTOMER,2024-10-05 04:34:37
102422,1,"Synthetic Township 23, Myanmar",2024-02-10 23:17:47,synthetic.customer.002423@example.invalid,,Synthetic Customer 002423,!SYNTHETIC-NO-LOGIN!,+959000002423,,CUSTOMER,2024-03-26 23:17:47
102423,1,"Synthetic Township 24, Myanmar",2026-01-22 20:25:16,synthetic.customer.002424@example.invalid,,Synthetic Customer 002424,!SYNTHETIC-NO-LOGIN!,+959000002424,,CUSTOMER,2026-02-27 20:25:16
102424,1,"Synthetic Township 25, Myanmar",2025-02-09 21:21:52,synthetic.customer.002425@example.invalid,,Synthetic Customer 002425,!SYNTHETIC-NO-LOGIN!,+959000002425,,CUSTOMER,2025-06-07 21:21:52
102425,1,"Synthetic Township 26, Myanmar",2023-09-22 17:54:42,synthetic.customer.002426@example.invalid,,Synthetic Customer 002426,!SYNTHETIC-NO-LOGIN!,+959000002426,,CUSTOMER,2023-12-23 17:54:42
102426,1,"Synthetic Township 27, Myanmar",2022-09-14 15:57:34,synthetic.customer.002427@example.invalid,,Synthetic Customer 002427,!SYNTHETIC-NO-LOGIN!,+959000002427,,CUSTOMER,2022-11-30 15:57:34
102427,1,"Synthetic Township 28, Myanmar",2026-03-21 10:55:17,synthetic.customer.002428@example.invalid,,Synthetic Customer 002428,!SYNTHETIC-NO-LOGIN!,+959000002428,,CUSTOMER,2026-06-06 10:55:17
102428,1,"Synthetic Township 29, Myanmar",2025-05-23 11:09:17,synthetic.customer.002429@example.invalid,,Synthetic Customer 002429,!SYNTHETIC-NO-LOGIN!,+959000002429,,CUSTOMER,2025-08-11 11:09:17
102429,1,"Synthetic Township 30, Myanmar",2026-03-21 17:53:46,synthetic.customer.002430@example.invalid,,Synthetic Customer 002430,!SYNTHETIC-NO-LOGIN!,+959000002430,,CUSTOMER,2026-07-11 17:53:46
102430,1,"Synthetic Township 31, Myanmar",2022-11-30 10:50:52,synthetic.customer.002431@example.invalid,,Synthetic Customer 002431,!SYNTHETIC-NO-LOGIN!,+959000002431,,CUSTOMER,2023-02-04 10:50:52
102431,1,"Synthetic Township 32, Myanmar",2023-02-10 17:07:28,synthetic.customer.002432@example.invalid,,Synthetic Customer 002432,!SYNTHETIC-NO-LOGIN!,+959000002432,,CUSTOMER,2023-05-13 17:07:28
102432,1,"Synthetic Township 33, Myanmar",2023-04-09 18:10:40,synthetic.customer.002433@example.invalid,,Synthetic Customer 002433,!SYNTHETIC-NO-LOGIN!,+959000002433,,CUSTOMER,2023-08-04 18:10:40
102433,1,"Synthetic Township 34, Myanmar",2023-10-10 02:24:40,synthetic.customer.002434@example.invalid,,Synthetic Customer 002434,!SYNTHETIC-NO-LOGIN!,+959000002434,,CUSTOMER,2023-12-03 02:24:40
102434,1,"Synthetic Township 35, Myanmar",2026-01-26 08:30:19,synthetic.customer.002435@example.invalid,,Synthetic Customer 002435,!SYNTHETIC-NO-LOGIN!,+959000002435,,CUSTOMER,2026-04-02 08:30:19
102435,1,"Synthetic Township 36, Myanmar",2024-03-08 18:48:26,synthetic.customer.002436@example.invalid,,Synthetic Customer 002436,!SYNTHETIC-NO-LOGIN!,+959000002436,,CUSTOMER,2024-06-11 18:48:26
102436,1,"Synthetic Township 37, Myanmar",2024-10-11 02:13:22,synthetic.customer.002437@example.invalid,,Synthetic Customer 002437,!SYNTHETIC-NO-LOGIN!,+959000002437,,CUSTOMER,2024-12-06 02:13:22
102437,1,"Synthetic Township 38, Myanmar",2023-02-26 13:19:47,synthetic.customer.002438@example.invalid,,Synthetic Customer 002438,!SYNTHETIC-NO-LOGIN!,+959000002438,,CUSTOMER,2023-06-01 13:19:47
102438,1,"Synthetic Township 39, Myanmar",2026-02-19 08:49:15,synthetic.customer.002439@example.invalid,,Synthetic Customer 002439,!SYNTHETIC-NO-LOGIN!,+959000002439,,CUSTOMER,2026-05-05 08:49:15
102439,1,"Synthetic Township 40, Myanmar",2024-09-18 18:17:57,synthetic.customer.002440@example.invalid,,Synthetic Customer 002440,!SYNTHETIC-NO-LOGIN!,+959000002440,,CUSTOMER,2024-12-27 18:17:57
102440,1,"Synthetic Township 41, Myanmar",2022-08-30 22:11:09,synthetic.customer.002441@example.invalid,,Synthetic Customer 002441,!SYNTHETIC-NO-LOGIN!,+959000002441,,CUSTOMER,2022-12-18 22:11:09
102441,1,"Synthetic Township 42, Myanmar",2023-01-27 21:45:51,synthetic.customer.002442@example.invalid,,Synthetic Customer 002442,!SYNTHETIC-NO-LOGIN!,+959000002442,,CUSTOMER,2023-04-27 21:45:51
102442,0,"Synthetic Township 43, Myanmar",2024-01-26 00:24:38,synthetic.customer.002443@example.invalid,,Synthetic Customer 002443,!SYNTHETIC-NO-LOGIN!,+959000002443,,CUSTOMER,2024-02-22 00:24:38
102443,1,"Synthetic Township 44, Myanmar",2025-01-26 19:03:45,synthetic.customer.002444@example.invalid,,Synthetic Customer 002444,!SYNTHETIC-NO-LOGIN!,+959000002444,,CUSTOMER,2025-05-06 19:03:45
102444,1,"Synthetic Township 45, Myanmar",2025-06-26 03:11:17,synthetic.customer.002445@example.invalid,,Synthetic Customer 002445,!SYNTHETIC-NO-LOGIN!,+959000002445,,CUSTOMER,2025-08-31 03:11:17
102445,1,"Synthetic Township 46, Myanmar",2022-11-07 00:49:24,synthetic.customer.002446@example.invalid,,Synthetic Customer 002446,!SYNTHETIC-NO-LOGIN!,+959000002446,,CUSTOMER,2023-01-08 00:49:24
102446,1,"Synthetic Township 47, Myanmar",2024-05-05 01:45:51,synthetic.customer.002447@example.invalid,,Synthetic Customer 002447,!SYNTHETIC-NO-LOGIN!,+959000002447,,CUSTOMER,2024-05-29 01:45:51
102447,1,"Synthetic Township 48, Myanmar",2026-03-04 12:47:18,synthetic.customer.002448@example.invalid,,Synthetic Customer 002448,!SYNTHETIC-NO-LOGIN!,+959000002448,,CUSTOMER,2026-04-21 12:47:18
102448,1,"Synthetic Township 49, Myanmar",2024-03-30 04:07:34,synthetic.customer.002449@example.invalid,,Synthetic Customer 002449,!SYNTHETIC-NO-LOGIN!,+959000002449,,CUSTOMER,2024-04-16 04:07:34
102449,1,"Synthetic Township 50, Myanmar",2025-02-14 00:38:56,synthetic.customer.002450@example.invalid,,Synthetic Customer 002450,!SYNTHETIC-NO-LOGIN!,+959000002450,,CUSTOMER,2025-06-11 00:38:56
102450,1,"Synthetic Township 51, Myanmar",2021-10-06 03:27:59,synthetic.customer.002451@example.invalid,,Synthetic Customer 002451,!SYNTHETIC-NO-LOGIN!,+959000002451,,CUSTOMER,2021-11-23 03:27:59
102451,1,"Synthetic Township 52, Myanmar",2021-12-20 09:52:06,synthetic.customer.002452@example.invalid,,Synthetic Customer 002452,!SYNTHETIC-NO-LOGIN!,+959000002452,,CUSTOMER,2022-02-03 09:52:06
102452,1,"Synthetic Township 53, Myanmar",2022-01-07 08:11:20,synthetic.customer.002453@example.invalid,,Synthetic Customer 002453,!SYNTHETIC-NO-LOGIN!,+959000002453,,CUSTOMER,2022-02-06 08:11:20
102453,1,"Synthetic Township 54, Myanmar",2022-12-23 08:38:32,synthetic.customer.002454@example.invalid,,Synthetic Customer 002454,!SYNTHETIC-NO-LOGIN!,+959000002454,,CUSTOMER,2023-04-05 08:38:32
102454,1,"Synthetic Township 55, Myanmar",2025-12-21 01:10:47,synthetic.customer.002455@example.invalid,,Synthetic Customer 002455,!SYNTHETIC-NO-LOGIN!,+959000002455,,CUSTOMER,2026-03-10 01:10:47
102455,1,"Synthetic Township 56, Myanmar",2026-08-03 13:13:23,synthetic.customer.002456@example.invalid,,Synthetic Customer 002456,!SYNTHETIC-NO-LOGIN!,+959000002456,,CUSTOMER,2026-10-25 13:13:23
102456,1,"Synthetic Township 57, Myanmar",2025-02-15 06:04:33,synthetic.customer.002457@example.invalid,,Synthetic Customer 002457,!SYNTHETIC-NO-LOGIN!,+959000002457,,CUSTOMER,2025-03-21 06:04:33
102457,1,"Synthetic Township 58, Myanmar",2022-07-28 22:34:09,synthetic.customer.002458@example.invalid,,Synthetic Customer 002458,!SYNTHETIC-NO-LOGIN!,+959000002458,,CUSTOMER,2022-10-08 22:34:09
102458,1,"Synthetic Township 59, Myanmar",2024-01-22 17:37:49,synthetic.customer.002459@example.invalid,,Synthetic Customer 002459,!SYNTHETIC-NO-LOGIN!,+959000002459,,CUSTOMER,2024-05-09 17:37:49
102459,1,"Synthetic Township 60, Myanmar",2022-01-31 01:38:01,synthetic.customer.002460@example.invalid,,Synthetic Customer 002460,!SYNTHETIC-NO-LOGIN!,+959000002460,,CUSTOMER,2022-03-29 01:38:01
102460,1,"Synthetic Township 1, Myanmar",2024-03-18 14:29:36,synthetic.customer.002461@example.invalid,,Synthetic Customer 002461,!SYNTHETIC-NO-LOGIN!,+959000002461,,CUSTOMER,2024-06-20 14:29:36
102461,1,"Synthetic Township 2, Myanmar",2025-05-02 05:03:37,synthetic.customer.002462@example.invalid,,Synthetic Customer 002462,!SYNTHETIC-NO-LOGIN!,+959000002462,,CUSTOMER,2025-06-25 05:03:37
102462,1,"Synthetic Township 3, Myanmar",2023-10-20 03:26:34,synthetic.customer.002463@example.invalid,,Synthetic Customer 002463,!SYNTHETIC-NO-LOGIN!,+959000002463,,CUSTOMER,2023-12-26 03:26:34
102463,1,"Synthetic Township 4, Myanmar",2025-02-23 01:36:21,synthetic.customer.002464@example.invalid,,Synthetic Customer 002464,!SYNTHETIC-NO-LOGIN!,+959000002464,,CUSTOMER,2025-03-24 01:36:21
102464,1,"Synthetic Township 5, Myanmar",2024-08-31 13:30:55,synthetic.customer.002465@example.invalid,,Synthetic Customer 002465,!SYNTHETIC-NO-LOGIN!,+959000002465,,CUSTOMER,2024-10-27 13:30:55
102465,1,"Synthetic Township 6, Myanmar",2022-11-11 04:21:28,synthetic.customer.002466@example.invalid,,Synthetic Customer 002466,!SYNTHETIC-NO-LOGIN!,+959000002466,,CUSTOMER,2023-01-11 04:21:28
102466,1,"Synthetic Township 7, Myanmar",2022-02-25 14:13:53,synthetic.customer.002467@example.invalid,,Synthetic Customer 002467,!SYNTHETIC-NO-LOGIN!,+959000002467,,CUSTOMER,2022-03-25 14:13:53
102467,1,"Synthetic Township 8, Myanmar",2026-03-02 05:40:40,synthetic.customer.002468@example.invalid,,Synthetic Customer 002468,!SYNTHETIC-NO-LOGIN!,+959000002468,,CUSTOMER,2026-06-10 05:40:40
102468,1,"Synthetic Township 9, Myanmar",2021-12-20 20:02:48,synthetic.customer.002469@example.invalid,,Synthetic Customer 002469,!SYNTHETIC-NO-LOGIN!,+959000002469,,CUSTOMER,2022-03-20 20:02:48
102469,1,"Synthetic Township 10, Myanmar",2021-11-09 01:47:13,synthetic.customer.002470@example.invalid,,Synthetic Customer 002470,!SYNTHETIC-NO-LOGIN!,+959000002470,,CUSTOMER,2021-12-05 01:47:13
102470,1,"Synthetic Township 11, Myanmar",2024-05-03 04:11:20,synthetic.customer.002471@example.invalid,,Synthetic Customer 002471,!SYNTHETIC-NO-LOGIN!,+959000002471,,CUSTOMER,2024-08-28 04:11:20
102471,1,"Synthetic Township 12, Myanmar",2026-03-08 19:55:10,synthetic.customer.002472@example.invalid,,Synthetic Customer 002472,!SYNTHETIC-NO-LOGIN!,+959000002472,,CUSTOMER,2026-06-25 19:55:10
102472,1,"Synthetic Township 13, Myanmar",2026-02-26 19:39:09,synthetic.customer.002473@example.invalid,,Synthetic Customer 002473,!SYNTHETIC-NO-LOGIN!,+959000002473,,CUSTOMER,2026-06-12 19:39:09
102473,1,"Synthetic Township 14, Myanmar",2022-12-22 22:31:38,synthetic.customer.002474@example.invalid,,Synthetic Customer 002474,!SYNTHETIC-NO-LOGIN!,+959000002474,,CUSTOMER,2023-03-09 22:31:38
102474,1,"Synthetic Township 15, Myanmar",2025-08-28 04:19:11,synthetic.customer.002475@example.invalid,,Synthetic Customer 002475,!SYNTHETIC-NO-LOGIN!,+959000002475,,CUSTOMER,2025-09-08 04:19:11
102475,1,"Synthetic Township 16, Myanmar",2026-04-13 19:56:50,synthetic.customer.002476@example.invalid,,Synthetic Customer 002476,!SYNTHETIC-NO-LOGIN!,+959000002476,,CUSTOMER,2026-05-31 19:56:50
102476,1,"Synthetic Township 17, Myanmar",2024-09-19 18:08:42,synthetic.customer.002477@example.invalid,,Synthetic Customer 002477,!SYNTHETIC-NO-LOGIN!,+959000002477,,CUSTOMER,2024-11-30 18:08:42
102477,1,"Synthetic Township 18, Myanmar",2026-07-04 18:52:49,synthetic.customer.002478@example.invalid,,Synthetic Customer 002478,!SYNTHETIC-NO-LOGIN!,+959000002478,,CUSTOMER,2026-07-12 18:52:49
102478,1,"Synthetic Township 19, Myanmar",2025-02-23 04:35:29,synthetic.customer.002479@example.invalid,,Synthetic Customer 002479,!SYNTHETIC-NO-LOGIN!,+959000002479,,CUSTOMER,2025-06-03 04:35:29
102479,0,"Synthetic Township 20, Myanmar",2022-06-02 12:19:49,synthetic.customer.002480@example.invalid,,Synthetic Customer 002480,!SYNTHETIC-NO-LOGIN!,+959000002480,,CUSTOMER,2022-07-13 12:19:49
102480,1,"Synthetic Township 21, Myanmar",2021-12-12 18:06:53,synthetic.customer.002481@example.invalid,,Synthetic Customer 002481,!SYNTHETIC-NO-LOGIN!,+959000002481,,CUSTOMER,2022-01-05 18:06:53
102481,1,"Synthetic Township 22, Myanmar",2025-03-03 20:11:12,synthetic.customer.002482@example.invalid,,Synthetic Customer 002482,!SYNTHETIC-NO-LOGIN!,+959000002482,,CUSTOMER,2025-06-25 20:11:12
102482,1,"Synthetic Township 23, Myanmar",2025-03-05 10:57:18,synthetic.customer.002483@example.invalid,,Synthetic Customer 002483,!SYNTHETIC-NO-LOGIN!,+959000002483,,CUSTOMER,2025-04-16 10:57:18
102483,1,"Synthetic Township 24, Myanmar",2023-01-10 07:05:30,synthetic.customer.002484@example.invalid,,Synthetic Customer 002484,!SYNTHETIC-NO-LOGIN!,+959000002484,,CUSTOMER,2023-02-09 07:05:30
102484,1,"Synthetic Township 25, Myanmar",2026-08-11 00:19:08,synthetic.customer.002485@example.invalid,,Synthetic Customer 002485,!SYNTHETIC-NO-LOGIN!,+959000002485,,CUSTOMER,2026-10-18 00:19:08
102485,1,"Synthetic Township 26, Myanmar",2025-12-23 01:50:02,synthetic.customer.002486@example.invalid,,Synthetic Customer 002486,!SYNTHETIC-NO-LOGIN!,+959000002486,,CUSTOMER,2025-12-31 01:50:02
102486,1,"Synthetic Township 27, Myanmar",2025-10-29 08:31:16,synthetic.customer.002487@example.invalid,,Synthetic Customer 002487,!SYNTHETIC-NO-LOGIN!,+959000002487,,CUSTOMER,2026-02-15 08:31:16
102487,1,"Synthetic Township 28, Myanmar",2025-09-22 08:35:44,synthetic.customer.002488@example.invalid,,Synthetic Customer 002488,!SYNTHETIC-NO-LOGIN!,+959000002488,,CUSTOMER,2025-11-18 08:35:44
102488,1,"Synthetic Township 29, Myanmar",2026-01-04 18:27:38,synthetic.customer.002489@example.invalid,,Synthetic Customer 002489,!SYNTHETIC-NO-LOGIN!,+959000002489,,CUSTOMER,2026-01-12 18:27:38
102489,1,"Synthetic Township 30, Myanmar",2023-11-06 02:18:58,synthetic.customer.002490@example.invalid,,Synthetic Customer 002490,!SYNTHETIC-NO-LOGIN!,+959000002490,,CUSTOMER,2024-02-04 02:18:58
102490,1,"Synthetic Township 31, Myanmar",2026-07-09 11:16:35,synthetic.customer.002491@example.invalid,,Synthetic Customer 002491,!SYNTHETIC-NO-LOGIN!,+959000002491,,CUSTOMER,2026-11-06 11:16:35
102491,1,"Synthetic Township 32, Myanmar",2024-11-24 06:08:19,synthetic.customer.002492@example.invalid,,Synthetic Customer 002492,!SYNTHETIC-NO-LOGIN!,+959000002492,,CUSTOMER,2025-01-13 06:08:19
102492,1,"Synthetic Township 33, Myanmar",2023-11-18 16:53:22,synthetic.customer.002493@example.invalid,,Synthetic Customer 002493,!SYNTHETIC-NO-LOGIN!,+959000002493,,CUSTOMER,2023-12-04 16:53:22
102493,1,"Synthetic Township 34, Myanmar",2024-02-06 03:22:53,synthetic.customer.002494@example.invalid,,Synthetic Customer 002494,!SYNTHETIC-NO-LOGIN!,+959000002494,,CUSTOMER,2024-03-31 03:22:53
102494,1,"Synthetic Township 35, Myanmar",2026-01-15 11:50:55,synthetic.customer.002495@example.invalid,,Synthetic Customer 002495,!SYNTHETIC-NO-LOGIN!,+959000002495,,CUSTOMER,2026-01-22 11:50:55
102495,1,"Synthetic Township 36, Myanmar",2024-08-01 21:48:50,synthetic.customer.002496@example.invalid,,Synthetic Customer 002496,!SYNTHETIC-NO-LOGIN!,+959000002496,,CUSTOMER,2024-09-30 21:48:50
102496,1,"Synthetic Township 37, Myanmar",2025-03-18 00:49:42,synthetic.customer.002497@example.invalid,,Synthetic Customer 002497,!SYNTHETIC-NO-LOGIN!,+959000002497,,CUSTOMER,2025-06-24 00:49:42
102497,1,"Synthetic Township 38, Myanmar",2025-10-13 05:13:42,synthetic.customer.002498@example.invalid,,Synthetic Customer 002498,!SYNTHETIC-NO-LOGIN!,+959000002498,,CUSTOMER,2025-10-14 05:13:42
102498,1,"Synthetic Township 39, Myanmar",2024-08-02 06:14:31,synthetic.customer.002499@example.invalid,,Synthetic Customer 002499,!SYNTHETIC-NO-LOGIN!,+959000002499,,CUSTOMER,2024-09-13 06:14:31
102499,1,"Synthetic Township 40, Myanmar",2025-10-06 15:25:46,synthetic.customer.002500@example.invalid,,Synthetic Customer 002500,!SYNTHETIC-NO-LOGIN!,+959000002500,,CUSTOMER,2026-01-14 15:25:46
